142.8354492188,-221.4289703369,-6.8828027248
142.6113471985,-221.4283714294,-20.6485509872
142.4202575684,-221.4212112427,-34.4039268494
127.8021316528,-207.1454353333,-20.9865298271
127.2052040100,-207.1390495300,-34.9717049599
126.7769432068,-207.1400260925,-48.9285631180
126.6212368011,-207.1512565613,-62.8433237076
128.4911613464,-207.1447830200,-6.9954558611
143.0597381592,-206.9978981018,-6.8832323551
142.8097152710,-207.0035552979,-20.6413626671
142.5548515320,-207.0348014832,-34.3934993744
142.3625679016,-207.0706977844,-48.1360588074
142.2686500549,-207.1031837463,-61.8683643341
142.2795677185,-207.1288604736,-75.5837974548
142.3847465515,-207.1377410889,-89.2806148529
142.5206031799,-207.1396369934,-102.9654140472
142.6342926025,-207.1353683472,-116.6393127441
111.1733570099,-192.8620414734,-49.7936391830
110.9374904633,-192.8608970642,-63.9406957626
111.8786926270,-192.8622665405,-35.5642685890
97.9106216431,-192.8706092834,-21.6066236496
112.9682044983,-192.8686599731,-21.3227984905
128.6142616272,-192.8580665588,-20.9770483971
127.6328048706,-192.8453521729,-34.9676980972
126.8975563049,-192.8534088135,-48.9292039871
126.6792182922,-192.8530120850,-62.8319473267
126.8150043488,-192.8615875244,-76.6829624176
127.1792888641,-192.8673324585,-90.4777793884
127.5831451416,-192.8647384644,-104.2219924927
127.9109077454,-192.8544807434,-117.9360885620
128.1196975708,-192.8585357666,-131.6007633209
99.7185306549,-192.8575973511,-7.2067368031
114.2408504486,-192.8688850403,-7.1081149578
129.4331817627,-192.8712425232,-6.9909908772
144.6616630554,-192.7127151489,-6.8865556717
144.3292541504,-192.7063522339,-20.6469678879
143.7889671326,-192.7461891174,-34.3913731575
143.2545623779,-192.7397193909,-48.0993947983
142.8940238953,-192.6540184021,-61.8181495667
142.7122116089,-192.6344413757,-75.5638008118
142.7331771851,-192.6503677368,-89.2764472961
142.8073158264,-192.6743392944,-102.9534492493
142.8246765137,-192.7180061340,-116.6206970215
142.8007698059,-192.7804145813,-130.2875900269
142.7851905823,-192.8250541687,-143.9616127014
142.7857360840,-192.8399467468,-157.6386985779
142.7744026184,-192.8536643982,-171.3017425537
142.7721099854,-192.8596000671,-184.9723587036
95.3417892456,-178.5750617981,-50.7078218460
111.8409881592,-178.5489768982,-49.7700300217
111.1837444305,-178.5474624634,-63.9442844391
111.4245452881,-178.5657653809,-77.9620552063
112.0804824829,-178.5714759827,-91.8244037628
112.7681350708,-178.5782241821,-105.6070823669
113.3249969482,-178.5766029358,-119.3570652008
113.7031536102,-178.5801086426,-133.0908679962
96.4833507538,-178.5637702942,-36.1915683746
112.9113025665,-178.5481262207,-35.5577616692
98.5767707825,-178.5576858521,-21.6429078579
114.3227767944,-178.5471076965,-21.3332130909
128.2279510498,-178.5814666748,-48.9511699677
127.6293716431,-178.6029281616,-62.8743562698
127.7643356323,-178.6213417053,-76.7111034393
128.1638317108,-178.6178321838,-90.4811210632
128.5181026459,-178.6064834595,-104.2239933014
128.4151840210,-178.5664138794,-117.9513969421
128.2129650116,-178.5553054810,-131.6330375671
128.2984676361,-178.5709075928,-145.3363533020
128.3617877960,-178.5718116760,-159.0470657349
128.3700428009,-178.5713615417,-172.7237930298
100.8236446381,-178.5590515137,-7.1924288273
115.9607143402,-178.5588111877,-7.1064963341
144.3380584717,-178.4935646057,-48.1413640976
144.1699256897,-178.4348449707,-61.8639593124
144.1226081848,-178.4023666382,-75.5861835480
144.2001495361,-178.3987693787,-89.2851657867
144.2872085571,-178.4027137756,-102.9602603912
144.1258087158,-178.3894958496,-116.6194400787
143.7033386230,-178.3750419617,-130.2496910095
143.3360671997,-178.3689270020,-143.9274291992
143.1567001343,-178.3767585754,-157.6271820068
143.0678558350,-178.4019546509,-171.2991714478
142.9756011963,-178.4426422119,-184.9587593079
142.8959960938,-178.4925918579,-198.6256523132
142.8353538513,-178.5359725952,-212.2936248779
142.8079261780,-178.5590171814,-225.9508438110
142.8082847595,-178.5683860779,-239.6072769165
96.8181838989,-164.2733039856,-50.7283039093
96.2712574005,-164.2659645081,-65.2175855637
96.5583152771,-164.2836189270,-79.4546089172
97.3507556915,-164.2935752869,-93.4068412781
98.2673873901,-164.2979698181,-107.2048053741
98.8907852173,-164.2886085510,-120.9391841888
99.2919273376,-164.2899055481,-134.6609649658
113.1713275909,-164.2495918274,-49.7933807373
112.8466186523,-164.2642707825,-63.9528207779
112.8240299225,-164.2803153992,-77.9747905731
113.1046466827,-164.2763900757,-91.8494777679
113.6977405548,-164.2736892700,-105.6148109436
113.9039382935,-164.2674789429,-119.3471279144
113.8452472687,-164.2814140320,-133.0987396240
113.9441089630,-164.2918510437,-146.8149299622
114.0530815125,-164.2876701355,-160.5348091125
98.1670017242,-164.2714920044,-36.1584639549
113.9540309906,-164.2411003113,-35.5686354637
99.9384326935,-164.2594833374,-21.6475062370
115.0232467651,-164.2361946106,-21.3261442184
128.8708705902,-164.2284049988,-48.9344196320
128.7147350311,-164.2341995239,-62.8485851288
128.8493251801,-164.2397499084,-76.7019405365
129.1693630219,-164.2466888428,-90.4898662567
129.5169620514,-164.2657737732,-104.2252540588
129.3574676514,-164.2855453491,-117.9687385559
129.1147823334,-164.3116950989,-131.6887245178
129.2536945343,-164.3378410339,-145.3852729797
129.3235416412,-164.3496551514,-159.0658721924
129.1349945068,-164.3019523621,-172.7376136780
128.7321739197,-164.2281074524,-186.4043350220
128.4871616364,-164.2303924561,-200.1001586914
128.4356021881,-164.2712059021,-213.8207855225
128.4203224182,-164.2836303711,-227.5151290894
128.4341411591,-164.2864112854,-241.1794891357
128.4596366882,-164.2877044678,-254.8302001953
87.2347145081,-164.2800369263,-7.2382586002
101.8267822266,-164.2550849915,-7.2030847073
116.2332553864,-164.2320556641,-7.1052528620
144.3690261841,-164.2106513977,-48.1568031311
144.3091659546,-164.2145423889,-61.8891191483
144.3432312012,-164.2196426392,-75.6037216187
144.4498863220,-164.2266960144,-89.2999801636
144.5818557739,-164.2332725525,-102.9812831879
144.6772727966,-164.2298240662,-116.6519184113
144.6636581421,-164.1964263916,-130.2990970612
144.6030616760,-164.1512565613,-143.9726219177
144.5703811646,-164.1288566589,-157.6442298889
144.4695014954,-164.0935134888,-171.2883453369
144.1588439941,-164.0506324768,-184.9028663635
143.7200813293,-164.0592041016,-198.5532302856
143.3365173340,-164.0940628052,-212.2483062744
143.0871810913,-164.1299743652,-225.9269905090
142.9358367920,-164.1950988770,-239.5897254944
142.8540802002,-164.2535209656,-253.2524909973
142.8355979919,-164.2794799805,-266.9062194824
97.3379306793,-149.9822235107,-50.7101268768
97.1425857544,-149.9809188843,-65.1983423233
97.7445468903,-149.9814453125,-79.4510440826
98.7937335968,-150.0002288818,-93.4091777802
99.6550884247,-150.0194244385,-107.2387046814
100.0322227478,-150.0003051758,-120.9793090820
99.9068603516,-150.0061340332,-134.6699771881
99.6796455383,-150.0007514954,-148.3905639648
99.7776908875,-149.9997215271,-162.1009864807
113.3466911316,-149.9666557312,-77.9611244202
114.0833835602,-149.9699668884,-91.8312397003
114.7773590088,-149.9759979248,-105.6240901947
115.2257347107,-149.9799613953,-119.3688507080
115.1589908600,-149.9885330200,-133.1096458435
114.9105644226,-149.9903869629,-146.8319053650
114.8497924805,-150.0052413940,-160.5531349182
114.4974880219,-150.0031738281,-174.2891960144
114.1800956726,-149.9892654419,-188.0104522705
82.5875072479,-149.9892768860,-36.6084680557
98.3863010406,-149.9779853821,-36.1587357521
84.8855724335,-149.9895210266,-21.8515827656
129.6314754486,-149.9557991028,-104.2323398590
129.9562339783,-149.9598579407,-117.9519195557
130.1575374603,-149.9638099670,-131.6598663330
130.2403221130,-149.9713783264,-145.3629646301
130.2530269623,-149.9858131409,-159.0631484985
129.9673748016,-149.9937705994,-172.7785339355
129.5082416534,-149.9948196411,-186.5045166016
129.3417282104,-150.0363502502,-200.1978912354
129.2367439270,-150.0392532349,-213.8487052917
128.8420524597,-149.9506568909,-227.4742012024
128.5196647644,-149.9451980591,-241.1359024048
128.4757976532,-149.9895286560,-254.8214225769
128.4942550659,-149.9997138977,-268.4649047852
128.5461654663,-150.0012931824,-282.0801162720
87.3691158295,-149.9861335754,-7.2587095499
144.7415924072,-149.9459877014,-130.3290290833
144.7794342041,-149.9519004822,-143.9967308044
144.7946166992,-149.9592437744,-157.6661491394
144.7991867065,-149.9621086121,-171.3333473206
144.7554435730,-149.9441642761,-184.9886550903
144.6760101318,-149.9096527100,-198.6411819458
144.5640869141,-149.8606338501,-212.2905921936
144.2809638977,-149.7911758423,-225.8962364197
143.7740745544,-149.7834205627,-239.5177879333
143.2818984985,-149.8346366882,-253.1953468323
142.9944419861,-149.9027976990,-266.8669815063
142.8857650757,-149.9663772583,-280.5287933350
142.8767471313,-149.9951629639,-294.1696777344
80.8558273315,-135.7198715210,-66.6605901718
82.1014442444,-135.7308578491,-81.3516654968
84.1882610321,-135.7412872314,-95.3392581940
81.1303386688,-135.7065010071,-51.5789270401
97.8209609985,-135.6996994019,-79.4499320984
99.0371856689,-135.7006835938,-93.4094104767
100.1567020416,-135.7022171021,-107.2075958252
100.8511524200,-135.7073249817,-120.9538135529
101.1022472382,-135.7288436890,-134.6657733917
100.9042243958,-135.7216377258,-148.4095420837
100.6896686554,-135.7095489502,-162.1294555664
115.6647758484,-135.6933593750,-133.0977630615
115.8449764252,-135.6977233887,-146.8213768005
115.8806743622,-135.7038650513,-160.5510559082
115.5610790253,-135.7074928284,-174.3038139343
115.1384735107,-135.7242965698,-188.0477485657
114.8982887268,-135.7235298157,-201.7381896973
82.5901374817,-135.7086563110,-36.6238775253
130.3440151215,-135.6835975647,-159.0672683716
130.3707313538,-135.6875724792,-172.7756958008
130.3559360504,-135.6930999756,-186.4787673950
130.3006210327,-135.7061004639,-200.1674537659
130.0971088409,-135.7086868286,-213.8469848633
129.6248798370,-135.7177238464,-227.5540046692
129.2713756561,-135.7388343811,-241.2134437561
128.9237003326,-135.6863632202,-254.8224143982
128.5779609680,-135.6713676453,-268.4350051880
128.5575141907,-135.7023429871,-282.0672302246
128.6141128540,-135.7131538391,-295.6686859131
72.9197654724,-135.6893653870,-7.1629000902
144.9154930115,-135.6246528625,-6.9061318636
144.7850723267,-135.6749610901,-185.0054817200
144.7820091248,-135.6801528931,-198.6683273315
144.7780036926,-135.6848640442,-212.3292083740
144.7532348633,-135.6768989563,-225.9807662964
144.6456565857,-135.6326560974,-239.6124458313
144.3629341125,-135.5451660156,-253.2131729126
143.8351898193,-135.5174102783,-266.8134994507
143.2960357666,-135.5637435913,-280.4666976929
142.9932556152,-135.6406631470,-294.1278381348
142.9159278870,-135.6986770630,-307.7820281982
71.3106374741,-121.5010948181,-111.1200866699
71.6922492981,-121.4878501892,-124.4635696411
80.8823947906,-121.4233894348,-66.6528520584
82.1848258972,-121.4276733398,-81.3571166992
84.2754306793,-121.4388179779,-95.3444728851
85.8170661926,-121.4477233887,-109.0138950348
86.6271343231,-121.4566040039,-122.6797294617
86.7925739288,-121.4684391022,-136.3555297852
100.8689098358,-121.4218978882,-120.9513874054
101.2895355225,-121.4258651733,-134.6693210602
101.5107936859,-121.4296035767,-148.3852233887
101.5602416992,-121.4385299683,-162.1168479919
101.1993751526,-121.4374351501,-175.8707427979
100.7189331055,-121.4282417297,-189.6326828003
115.9545555115,-121.4142112732,-160.5508689880
115.9992599487,-121.4195175171,-174.2895965576
115.9663276672,-121.4314136505,-188.0318565369
115.7761993408,-121.4406604767,-201.7530937195
115.3843975067,-121.4293003082,-215.4607734680
114.8022994995,-121.4110984802,-229.1492271423
69.7283906937,-121.4238758087,-21.5820901394
130.3690986633,-121.4051513672,-186.4795303345
130.3753623962,-121.4085655212,-200.1720008850
130.3740692139,-121.4133186340,-213.8588485718
130.3207798004,-121.4242916107,-227.5422286987
130.1348781586,-121.4253597260,-241.1932754517
129.6808681488,-121.4280452728,-254.8619155884
129.2219963074,-121.4252872467,-268.4933776855
128.8713359833,-121.3837509155,-282.0621109009
128.6627044678,-121.4016094208,-295.6418991089
128.7032966614,-121.4280338287,-309.2272109985
128.8076133728,-121.4238510132,-322.7485198975
144.7588653564,-121.3998451233,-225.9942321777
144.7554855347,-121.4029712677,-239.6483955383
144.7412528992,-121.3976039886,-253.2929954529
144.6274261475,-121.3515262604,-266.9054641724
144.2647552490,-121.2652950287,-280.4750976562
143.6542015076,-121.2526016235,-294.0619583130
143.1297988892,-121.3262233734,-307.7249298096
142.9742469788,-121.3962535858,-321.3778457642
142.9803810120,-121.4256534576,-334.9876098633
71.9098129272,-107.1595630646,-111.1079502106
72.5776519775,-107.1759777069,-124.4926586151
72.4863071442,-107.1634483337,-138.0581512451
85.8000335693,-107.1473159790,-109.0163249969
86.6562919617,-107.1510009766,-122.6846866608
87.0810508728,-107.1607303619,-136.3554992676
87.2719135284,-107.1748371124,-150.0464897156
87.0571117401,-107.1613082886,-163.7567062378
101.5129852295,-107.1424713135,-148.3883285522
101.6370182037,-107.1487522125,-162.1211166382
101.6653690338,-107.1621875763,-175.8785629272
101.5447311401,-107.1688785553,-189.6395072937
101.1384563446,-107.1472797394,-203.3947944641
116.0087909698,-107.1357631683,-188.0280723572
116.0162544250,-107.1424045563,-201.7493705750
115.9706802368,-107.1526374817,-215.4643402100
115.5348148346,-107.1415672302,-229.1699180603
115.1370811462,-107.1329059601,-242.8365097046
130.3641548157,-107.1260662079,-213.8623542786
130.3696861267,-107.1292037964,-227.5417327881
130.3709144592,-107.1342258453,-241.2070617676
130.3281307220,-107.1423892975,-254.8601112366
130.0595130920,-107.1260852814,-268.4875717163
129.5839176178,-107.1272716522,-282.0981979370
129.0973682404,-107.1246623993,-295.6806182861
128.7985649109,-107.1108264923,-309.2068099976
128.8112545013,-107.1290454865,-322.7463684082
128.9445171356,-107.1398944855,-336.2274017334
144.7409553528,-107.1198348999,-253.3030166626
144.7444000244,-107.1218605042,-266.9464721680
144.7150306702,-107.1078414917,-280.5680694580
144.4998283386,-107.0354042053,-294.1347274780
143.9179306030,-106.9818859100,-307.6882019043
143.3173904419,-107.0222129822,-321.3161697388
143.0515136719,-107.0983524323,-334.9536132812
143.0408592224,-107.1380023956,-348.5618896484
70.1812219620,-92.8655796051,-97.9776210785
71.8997383118,-92.8667469025,-111.1106395721
72.7260551453,-92.8803386688,-124.4959621429
72.9795665741,-92.8904209137,-138.0563774109
72.8719635010,-92.8690853119,-151.6683197021
87.0724067688,-92.8688106537,-136.3528213501
87.2836666107,-92.8741455078,-150.0390853882
87.3484172821,-92.8907318115,-163.7625732422
87.3408927917,-92.8934402466,-177.5179138184
86.9651298523,-92.8773841858,-191.2320899963
101.6848583221,-92.8638458252,-175.8804321289
101.7014961243,-92.8728675842,-189.6477508545
101.6483879089,-92.8833522797,-203.4091186523
101.2929878235,-92.8738498688,-217.1403999329
116.0057525635,-92.8534507751,-201.7549095154
116.0162010193,-92.8578968048,-215.4653472900
115.9935607910,-92.8692779541,-229.1655616760
115.9064979553,-92.8748893738,-242.8421859741
115.5890731812,-92.8613834381,-256.5032615662
114.9777641296,-92.8516883850,-270.1292343140
114.5402126312,-92.8429641724,-283.7004699707
130.3647632599,-92.8464241028,-241.2106056213
130.3783950806,-92.8502635956,-254.8621978760
130.3730983734,-92.8566436768,-268.5016021729
130.2442970276,-92.8449153900,-282.1052169800
129.8403453827,-92.8358325958,-295.6959304810
129.3096809387,-92.8261280060,-309.2360763550
128.9868621826,-92.8177814484,-322.7383956909
128.9664268494,-92.8391380310,-336.2164230347
129.1175842285,-92.8572788239,-349.6528244019
144.7296371460,-92.8359603882,-266.9503402710
144.7369613647,-92.8390178680,-280.5862579346
144.7421493530,-92.8352794647,-294.2098236084
144.6062126160,-92.7850189209,-307.7758560181
144.1028823853,-92.7169246674,-321.3099212646
143.4562454224,-92.7366943359,-334.8909225464
143.1187095642,-92.8168945312,-348.5250625610
143.1020698547,-92.8533020020,-362.1299438477
71.9180679321,-78.5974540710,-111.0978717804
72.7173252106,-78.5978755951,-124.4972381592
73.0342350006,-78.5991821289,-138.0533218384
73.1904640198,-78.6127548218,-151.6904487610
87.2763862610,-78.5855579376,-150.0427627563
87.3907222748,-78.5882320404,-163.7618293762
87.4408912659,-78.5920810699,-177.5169792175
87.4066295624,-78.6057109833,-191.2797851562
101.6954536438,-78.5796966553,-189.6511611938
101.7093429565,-78.5828571320,-203.4040870667
101.6622257233,-78.5951042175,-217.1425018311
101.3517322540,-78.5918617249,-230.8653640747
116.0018157959,-78.5710182190,-215.4695663452
116.0160293579,-78.5753707886,-229.1657409668
116.0283088684,-78.5795364380,-242.8438301086
115.9904537201,-78.5858020782,-256.5055160522
115.6071319580,-78.5829658508,-270.1446990967
115.0040359497,-78.5715351105,-283.7272949219
114.6822566986,-78.5577888489,-297.2513885498
130.3651027679,-78.5633449554,-254.8659515381
130.3913879395,-78.5664024353,-268.5012207031
130.4186172485,-78.5688171387,-282.1159896851
130.3587093353,-78.5637874603,-295.6993408203
130.0121746063,-78.5435104370,-309.2516098022
129.4844760895,-78.5251827240,-322.7595901489
129.1509323120,-78.5264434814,-336.2123947144
129.1359233856,-78.5517978668,-349.6427612305
129.2912540436,-78.5721397400,-363.0479202271
116.1499118805,-78.5118484497,-7.1268215179
144.7365303040,-78.5553188324,-294.2171249390
144.7507324219,-78.5545101166,-307.8345718384
144.6409111023,-78.5144405365,-321.3916397095
144.1388816833,-78.4495582581,-334.8937683105
143.4506187439,-78.4749050140,-348.4667282104
143.1534729004,-78.5483150482,-362.1005935669
57.9087905884,-64.3278980255,-101.2754688263
58.8177223206,-64.3250513077,-113.1737480164
59.0913114548,-64.3230495453,-126.1543464661
59.0593748093,-64.3199138641,-139.6124687195
58.5557327271,-64.3043899536,-153.2698516846
57.9702444077,-64.2901639938,-166.9498214722
73.0264472961,-64.3171348572,-138.0556449890
73.1693878174,-64.3267641068,-151.6972503662
73.2306976318,-64.3272733688,-165.3974571228
87.3776168823,-64.3050813675,-163.7639427185
87.4317665100,-64.3089389801,-177.5183105469
87.4383983612,-64.3183517456,-191.2936859131
87.4125938416,-64.3201742172,-205.0820960999
101.6967906952,-64.2996339798,-203.4022560120
101.7093009949,-64.3036069870,-217.1380920410
101.6651344299,-64.3108940125,-230.8643379211
101.4455871582,-64.2955417633,-244.5694656372
116.0015659332,-64.2885189056,-229.1696701050
116.0216770172,-64.2929897308,-242.8481597900
116.0442695618,-64.2962884903,-256.5057296753
116.0283603668,-64.2989759445,-270.1413497925
115.6943759918,-64.2945108414,-283.7453918457
115.0965232849,-64.2819433212,-297.2819976807
114.7785320282,-64.2725715637,-310.7606887817
114.8205242157,-64.2800397873,-324.2006988525
115.0014400482,-64.2892017365,-337.5748519897
130.3770599365,-64.2803192139,-268.5039138794
130.4171485901,-64.2835559845,-282.1177368164
130.4632778168,-64.2850618362,-295.7082519531
130.4083557129,-64.2771511078,-309.2638168335
130.0583229065,-64.2485933304,-322.7792510986
129.5431575775,-64.2291526794,-336.2284393311
129.2551383972,-64.2284660339,-349.6259841919
129.3006706238,-64.2766008377,-363.0428314209
129.4131698608,-64.2865295410,-376.4326553345
101.7364883423,-64.2445907593,-7.2198576927
116.1341857910,-64.2293567657,-7.1311937571
144.7391967773,-64.2713432312,-307.8403549194
144.7554664612,-64.2694921494,-321.4423065186
144.6042823792,-64.2239656448,-334.9640350342
143.9865074158,-64.1704483032,-348.4472274780
143.3311462402,-64.2310829163,-362.0491867065
143.1496200562,-64.2782945633,-375.6852188110
57.8940963745,-50.0389108658,-101.2831306458
58.7885780334,-50.0377092361,-113.1747379303
59.0666809082,-50.0424537659,-126.1594257355
59.0957069397,-50.0434188843,-139.6093788147
58.9087944031,-50.0238485336,-153.2572708130
58.1080293655,-49.9948511124,-166.9445304871
73.1541004181,-50.0322380066,-151.6948280334
73.2208385468,-50.0370149612,-165.4004745483
73.1716289520,-50.0434236526,-179.1689376831
72.6728630066,-49.9994831085,-192.9064865112
87.4190826416,-50.0235710144,-177.5246429443
87.4367904663,-50.0344209671,-191.3005142212
87.4300498962,-50.0418252945,-205.0812377930
87.3340492249,-50.0174150467,-218.8636817932
101.6973762512,-50.0175809860,-217.1440010071
101.7111358643,-50.0201797485,-230.8657836914
101.6584644318,-50.0225315094,-244.5658493042
101.3103084564,-49.9869127274,-258.2419548035
116.0069866180,-50.0059461594,-242.8520927429
116.0357666016,-50.0107393265,-256.5098609924
116.0737400055,-50.0138559341,-270.1425704956
116.0537071228,-50.0116462708,-283.7468643188
115.6000518799,-49.9884252548,-297.2995605469
115.0821971893,-49.9815320969,-310.7782135010
114.8428001404,-49.9932050705,-324.1978454590
114.9678058624,-49.9980945587,-337.5741806030
115.2505264282,-50.0000057220,-350.8630981445
130.4033489227,-49.9971561432,-282.1200561523
130.4595718384,-50.0006723404,-295.7095947266
130.5120239258,-50.0003261566,-309.2716140747
130.4086189270,-49.9833288193,-322.7848129272
129.9868907928,-49.9487390518,-336.2540893555
129.5307865143,-49.9314088821,-349.6340179443
129.3433856964,-49.9704742432,-363.0228576660
129.4175319672,-49.9978876114,-376.4294052124
101.7240657806,-49.9598093033,-7.2252408266
144.7253990173,-49.9847278595,-307.8429489136
144.7479476929,-49.9866018295,-321.4500122070
144.7523193359,-49.9796409607,-335.0231475830
144.4399070740,-49.9212779999,-348.4868621826
143.6390075684,-49.9217405319,-362.0128784180
143.2068214417,-49.9813308716,-375.6576614380
58.7724037170,-35.7520699501,-113.1792049408
59.0526485443,-35.7557935715,-126.1622524261
59.0905971527,-35.7599592209,-139.6132850647
58.9833984375,-35.7608556747,-153.2439002991
58.2244644165,-35.6963524818,-166.9355468750
57.5972976685,-35.6838655472,-180.6394538879
73.1378993988,-35.7466793060,-151.6989822388
73.2050533295,-35.7504653931,-165.4019432068
73.1691589355,-35.7592210770,-179.1630401611
72.8473911285,-35.6745190620,-192.9965133667
87.4035758972,-35.7371134758,-177.5293807983
87.4282588959,-35.7403302193,-191.3089103699
87.4374275208,-35.7453618050,-205.0901298523
87.3380107880,-35.7511138916,-218.8602294922
86.7856502533,-35.7075481415,-232.5755538940
101.6821880341,-35.7309517860,-217.1485633850
101.6975784302,-35.7355465889,-230.8739814758
101.7067165375,-35.7364172935,-244.5699310303
101.5601215363,-35.7202496529,-258.2591781616
101.1758289337,-35.6909213066,-271.8607406616
116.0220527649,-35.7234177589,-256.5129470825
116.0636940002,-35.7275977135,-270.1502685547
116.0970211029,-35.7296690941,-283.7493591309
115.9227695465,-35.7023983002,-297.3169631958
115.4337081909,-35.6857929230,-310.7983245850
115.0401554108,-35.6932477951,-324.2052383423
115.0415191650,-35.7007765770,-337.5659866333
130.3873748779,-35.7113223076,-282.1230773926
130.4467983246,-35.7136807442,-295.7109832764
130.5163383484,-35.7156996727,-309.2745056152
130.5528221130,-35.7118387222,-322.7940139771
130.2803306580,-35.6635432243,-336.2599563599
129.8196334839,-35.6411390305,-349.6631164551
129.4382820129,-35.6492238045,-363.0023651123
129.4250564575,-35.7118053436,-376.4236984253
101.7112483978,-35.6746764183,-7.2288342714
144.7328720093,-35.7000679970,-321.4523849487
144.7671318054,-35.6995949745,-335.0403366089
144.6673049927,-35.6708450317,-348.5461578369
143.9635620117,-35.6311984062,-362.0033721924
143.2932777405,-35.6894717216,-375.6234970093
143.1374435425,-35.7092618942,-389.2493972778
58.7560005188,-21.4663851261,-113.1838436127
59.0363874435,-21.4701359272,-126.1666526794
59.0759449005,-21.4744095802,-139.6162300110
58.9976339340,-21.4676134586,-153.2422904968
58.5025882721,-21.3680546284,-166.9735679626
57.8349256516,-21.3512430191,-180.6935882568
57.2947330475,-21.3874452114,-194.4697456360
73.1213951111,-21.4610579014,-151.7033576965
73.1894798279,-21.4650452137,-165.4057044983
73.2138309479,-21.4654388428,-179.1627655029
73.0250587463,-21.4071528912,-193.0281257629
87.4126644135,-21.4541711807,-191.3117561340
87.4245243073,-21.4585697651,-205.0922660828
87.3377590179,-21.4606127739,-218.8695449829
86.9335498810,-21.3928985596,-232.5948982239
101.6656551361,-21.4453470707,-217.1525192261
101.6828060150,-21.4487030506,-230.8779754639
101.7029781342,-21.4516677856,-244.5768814087
101.6418762207,-21.4519939423,-258.2559509277
101.2755622864,-21.3995361328,-271.8718261719
116.0056381226,-21.4376599789,-256.5163383484
116.0492000580,-21.4398977757,-270.1541290283
116.1083908081,-21.4413862228,-283.7549438477
116.0816135406,-21.4358134270,-297.3200073242
115.6379718781,-21.3898053169,-310.8077545166
115.2275371552,-21.3829536438,-324.2091903687
115.1099338531,-21.4181017876,-337.5637130737
130.4309711456,-21.4278450012,-295.7136383057
130.5029678345,-21.4291002750,-309.2754058838
130.5742607117,-21.4252529144,-322.7957077026
130.4129619598,-21.3861000538,-336.2659378052
130.0243434906,-21.3328640461,-349.6773223877
129.6104164124,-21.3123881817,-363.0012130737
87.2643661499,-21.4028213024,-7.2832889557
101.6979484558,-21.3870573044,-7.2319074869
144.7179222107,-21.4138119221,-321.4541168213
144.7536697388,-21.4141438007,-335.0438766479
144.7444953918,-21.4043045044,-348.5896759033
144.2406501770,-21.3479125500,-362.0114440918
143.3860931396,-21.3972079754,-375.5913772583
143.1554832458,-21.4231693745,-389.2457046509
58.7467422485,-7.1805958012,-113.1879901886
59.0269899368,-7.1843954688,-126.1710586548
59.0662641525,-7.1866991504,-139.6203880310
59.0188989639,-7.1619692279,-153.2471885681
58.7195568085,-7.0045811470,-166.9730758667
58.0066108704,-7.0218747955,-180.7193336487
57.3297443390,-7.1264512963,-194.4908027649
73.1045036316,-7.1753746583,-151.7078285217
73.1739730835,-7.1794600007,-165.4092178345
73.2016239166,-7.1771459519,-179.1690979004
73.0528850555,-7.1316358480,-192.9830665588
72.4575195312,-7.1110741422,-206.7742156982
87.3967456818,-7.1697022822,-191.3143310547
87.4104404449,-7.1741515554,-205.0947227478
87.3391761780,-7.1691722982,-218.8833618164
86.9872264862,-7.0709017551,-232.6121559143
101.6484889984,-7.1595881686,-217.1567764282
101.6685600281,-7.1630944521,-230.8785438538
101.6914615631,-7.1638784010,-244.5783271790
101.6359901428,-7.1609740119,-258.2557754517
101.2557201385,-7.0849627036,-271.8812179565
115.9885311127,-7.1517188035,-256.5201759338
116.0344734192,-7.1536750643,-270.1546478271
116.0969161987,-7.1526650022,-283.7566223145
116.0889225006,-7.1476650474,-297.3136138916
115.6838588715,-7.0705182034,-310.8009490967
115.2857685089,-7.0540421020,-324.2072143555
115.0957317352,-7.1232296902,-337.5693435669
130.4144248962,-7.1417509958,-295.7163009644
130.4875946045,-7.1413798246,-309.2774734497
130.5683879852,-7.1348135942,-322.8003845215
130.5059738159,-7.0898096997,-336.2711257935
130.1830196381,-6.9807773544,-349.6821212769
129.8022441864,-6.9349094743,-363.0192031860
87.2520942688,-7.1135837277,-7.2870963812
101.6815204620,-7.1001032218,-7.2358112335
144.7026824951,-7.1274574059,-321.4552078247
144.7363052368,-7.1273084318,-335.0431823730
144.7651939392,-7.1143269395,-348.6126174927
144.4956512451,-7.0397290570,-362.0251922607
143.4872589111,-7.0899336631,-375.5611343384
143.1711578369,-7.1361705663,-389.2402114868
128.2604904175,-192.8531684875,-145.3014945984
95.1573734283,-178.5591316223,-65.1593942642
129.1074886322,-178.5485115051,-34.9742822647
128.3840045929,-178.5665664673,-186.4217948914
130.5794048309,-178.5130043030,-6.9968733788
84.0024604797,-164.2819328308,-108.9806423187
99.6186332703,-164.2852973938,-148.3710021973
114.1119880676,-164.2800292969,-174.2609977722
84.3780612946,-164.2772827148,-21.8402433395
83.3197593689,-149.9723434448,-95.3636569977
81.1040439606,-149.9981689453,-51.5530633926
114.2042293549,-149.9823074341,-201.7165527344
85.6512470245,-135.7519302368,-109.0137615204
100.3285140991,-135.7025108337,-175.8644599915
114.6007556915,-135.6921501160,-215.4261932373
69.8670511246,-135.6868438721,-21.5305700302
71.7070312500,-121.4516773224,-138.0203704834
86.6832275391,-121.4389495850,-150.0492362976
100.3341522217,-121.4219532013,-203.3804817200
114.4926929474,-121.3971385956,-242.8041419983
66.6704940796,-121.4265670776,-36.4789142609
70.2691926956,-107.1391448975,-98.0133819580
72.1000328064,-107.1743392944,-151.6626510620
86.6130142212,-107.1720466614,-177.5039901733
64.3111858368,-107.1360244751,-52.1659946442
100.6125640869,-107.1307811737,-217.1079025269
114.9264316559,-107.1268615723,-256.4660797119
114.4925174713,-107.1217670441,-283.7082824707
100.7579689026,-92.8515720367,-230.8358802795
114.4919700623,-92.8369617462,-297.2443847656
58.9465322495,-78.5936260223,-113.1719818115
73.1724014282,-78.5959625244,-165.3929290771
87.0528869629,-78.5832557678,-205.0667076111
100.9782447815,-78.5439682007,-244.5391807556
114.7153129578,-78.5475502014,-310.7432708740
115.0196018219,-78.5693836212,-337.5764846802
73.1309223175,-64.2861356735,-179.1737480164
87.1237106323,-64.2494850159,-218.8523597717
101.0396652222,-64.2434997559,-258.2125129700
115.2571792603,-64.2841606140,-350.8593826294
57.5395193100,-50.0159435272,-180.6293945312
72.0574474335,-50.0005521774,-206.6741333008
86.7322368622,-49.9818258286,-232.5793304443
100.9403648376,-49.9574604034,-271.8345260620
57.3261041641,-35.6600332260,-194.4361114502
115.2899169922,-35.7130312920,-350.8559799194
72.4181060791,-21.4057967663,-206.8139076233
129.4367961884,-21.4252254963,-376.4153060913
115.2984790802,-7.1397039349,-350.8526763916
33.2298054695,-16.7137851715,-56.3134355545
34.1435933113,-16.7110228539,-50.5896368027
35.0592813492,-16.7069747448,-44.8663034439
27.2257370949,-16.7014095783,-56.2262887955
28.6858115196,-16.7154808044,-51.1403236389
30.1166725159,-16.7137563229,-46.0554361343
20.8600533009,-16.5839493275,-56.1436357498
23.0970120430,-16.6426842213,-51.6969261169
25.1568794250,-16.7099034786,-47.2446041107
33.2443780899,-21.4771828651,-56.3228302002
34.1490592957,-21.4738874435,-50.5879735947
35.0536127090,-21.4704012871,-44.8526573181
27.2288918495,-21.4608130455,-56.2239704132
28.6914224625,-21.4786572456,-51.1372919083
30.1227617264,-21.4774584770,-46.0520477295
20.8365328312,-21.3259396553,-56.1308774948
23.0952320099,-21.3908939362,-51.6934452057
25.1729946136,-21.4723315239,-47.2527589798
33.2405624390,-26.2405042648,-56.3084678650
34.1548304558,-26.2364273071,-50.5843648911
35.0708446503,-26.2332396507,-44.8605871201
27.2254977226,-26.2145595551,-56.2220888138
28.6964616776,-26.2402768135,-51.1344003677
30.1288070679,-26.2402105331,-46.0488252640
20.8175721169,-26.0660333633,-56.1405296326
23.0813021660,-26.1332759857,-51.6896514893
25.1648182869,-26.2307033539,-47.2370824814
62.0051050186,-59.5186929703,-226.2280845642
61.9922523499,-59.5216331482,-221.6348075867
61.9897098541,-59.5187377930,-217.0391998291
57.2961416245,-59.5074300766,-222.1469535828
57.2560853958,-59.5189838409,-217.5777816772
61.9947719574,-64.2926273346,-226.2457084656
61.9788980484,-64.2950210571,-221.6425552368
61.9704475403,-64.2941312790,-217.0354614258
57.2534866333,-64.2850999832,-217.5775146484
61.9947710037,-69.0545368195,-226.2458114624
61.9813470840,-69.0562210083,-221.6421051025
61.9760990143,-69.0514602661,-217.0258941650
-10.3908395767,-30.9582371712,-19.4912285805
-14.0082311630,-30.9511036873,-17.7465908527
-17.6129858494,-30.9496335983,-15.9999682903
-11.8370492458,-30.9507598877,-23.0706028938
-15.4351320267,-30.9508757591,-21.7931933403
-19.0311303139,-30.9501681328,-20.5147504807
-13.2569966316,-30.9475665092,-26.6366238594
-16.8475408554,-30.9470896721,-25.8237605095
-20.4576311111,-30.9548234940,-25.0329465866
-10.3923321962,-35.7185182571,-19.4998393059
-14.0082685947,-35.7127838135,-17.7465350628
-17.6130909920,-35.7114868164,-15.9910006523
-11.8370018005,-35.7126646042,-23.0705814362
-15.4350872040,-35.7127580643,-21.7931647301
-19.0310859680,-35.7120552063,-20.5147099495
-13.2527823448,-35.7111854553,-26.6238894463
-16.8438172340,-35.7112703323,-25.8211216927
-20.4510550499,-35.7141571045,-25.0391254425
-10.3943468332,-40.4785776138,-19.4908008575
-14.0083577633,-40.4744272232,-17.7464678288
-17.6146082878,-40.4751396179,-16.0025870800
-11.8369286060,-40.4745302200,-23.0705723763
-15.4350380898,-40.4746026993,-21.7931427956
-19.0308103561,-40.4762792587,-20.5163979530
-13.2563006878,-40.4747171402,-26.6375050545
-16.8457682133,-40.4747581482,-25.8269262314
-20.4493989944,-40.4756422043,-25.0312809944
30.5928473473,-73.8455581665,-22.2352728844
27.1984405518,-73.8563423157,-20.9345145226
23.9192190170,-73.8596439362,-19.6090269089
28.9450783730,-73.8552055359,-25.1911282539
25.9757304192,-73.8581943512,-23.6443343163
23.0005698204,-73.8534603119,-22.1040158272
27.4105310440,-73.8561725616,-28.1226701736
24.7323036194,-73.8379650116,-26.3630671501
22.0213613510,-73.7831783295,-24.6211857796
30.5258903503,-78.6213722229,-22.2223486900
27.2034831047,-78.6183452606,-20.9343233109
23.9173617363,-78.6203308105,-19.6162748337
28.9500837326,-78.6173362732,-25.1908426285
25.9775609970,-78.6168975830,-23.6470375061
22.9756321907,-78.5809459686,-22.1260333061
27.3897061348,-78.5984687805,-28.1344571114
24.6832447052,-78.5466575623,-26.3862352371
21.9475827217,-78.4794521332,-24.6518101692
30.5294818878,-83.3782997131,-22.2042183876
27.2079539299,-83.3803043365,-20.9355382919
23.9100432396,-83.3599357605,-19.6334347725
28.9512162209,-83.3763313293,-25.1934289932
25.9502658844,-83.3463535309,-23.6672492027
22.9031224251,-83.2756309509,-22.1689085960
27.3327202797,-83.3009910583,-28.1566267014
24.5826969147,-83.2357807159,-26.4240975380
21.8203425407,-83.1972255707,-24.6939196587
-0.1403655298,-73.8035392761,-26.4346318245
-1.3774215691,-73.8065738678,-28.5187768936
-2.6104290783,-73.8071002960,-30.6040768623
1.6641537361,-73.8036174774,-27.8817434311
0.4520595185,-73.8065319061,-29.7385015488
-0.7463029660,-73.8071250916,-31.5985417366
3.4811805785,-73.8117980957,-29.3310871124
2.2830194384,-73.8055839539,-30.9587550163
1.1177726872,-73.8071880341,-32.5929889679
-0.1432018504,-78.5673999786,-26.4292154312
-1.3771617040,-78.5683155060,-28.5187487602
-2.6109048426,-78.5689353943,-30.6083436012
1.6513968706,-78.5672969818,-27.8787517548
0.4522248730,-78.5684814453,-29.7384796143
-0.7461288981,-78.5690097809,-31.5985059738
3.4487421811,-78.5661697388,-29.3291597366
2.2815303952,-78.5686626434,-30.9581542015
1.1186420210,-78.5690765381,-32.5886611938
-0.1436918750,-83.3293132782,-26.4334139824
-1.3769624308,-83.3302059174,-28.5186104774
-2.6100673378,-83.3308601379,-30.6038951874
1.6509021372,-83.3297157288,-27.8783745766
0.4524024613,-83.3304214478,-29.7383308411
-0.7459673285,-83.3309688568,-31.5983667374
3.4454198480,-83.3300628662,-29.3232817650
2.2817483544,-83.3306312561,-30.9580330849
1.1181180961,-83.3310813904,-32.5928282738
26.5669331551,-73.8086338043,-109.1415824890
26.1090421677,-73.8087062836,-113.8947334290
25.6511301994,-73.8087272644,-118.6477394104
31.2168340683,-73.8133831024,-109.2813434601
30.7590951920,-73.8090171814,-113.9362277985
30.3124284744,-73.8085918427,-118.5910758972
36.0432453156,-73.8695602417,-109.4258098602
35.4993028641,-73.8530673981,-113.9794425964
35.0058050156,-73.8301601410,-118.5344390869
26.5671958923,-78.5706024170,-109.1397323608
26.1090359688,-78.5706291199,-113.8947277069
25.6508927345,-78.5706367493,-118.6496009827
31.2044658661,-78.5708923340,-109.2812538147
30.7576789856,-78.5704898834,-113.9362220764
30.3123049736,-78.5706005096,-118.5911598206
35.9347324371,-78.6102275848,-109.4248123169
35.4401025772,-78.5867042542,-113.9778499603
34.9797496796,-78.5757770538,-118.5324497223
26.5669550896,-83.3325176239,-109.1416053772
26.1090426445,-83.3325290680,-113.8947086334
25.6511411667,-83.3325405121,-118.6477108002
31.2028856277,-83.3323841095,-109.2812500000
30.7575473785,-83.3324947357,-113.9362945557
30.3123316765,-83.3325366974,-118.5911712646
35.8705549240,-83.3436965942,-109.4210891724
35.4120759964,-83.3341617584,-113.9778308868
34.9740915298,-83.3324909210,-118.5344429016
-11.6888029575,-45.2352724075,-40.0381669998
-9.0938332081,-45.2368230820,-39.6613931656
-8.4212421179,-45.2368631363,-42.3653621674
-7.7486454248,-45.2369003296,-45.0693321228
-6.4959394932,-45.2367925644,-39.2784337997
-5.8759614229,-45.2368297577,-41.5324897766
-5.2559801340,-45.2368621826,-43.7865381241
-9.0938004255,-49.9987154007,-39.6613912582
-8.4212124348,-49.9987592697,-42.3653612137
-7.7486190796,-49.9988021851,-45.0693283081
-6.4949010611,-49.9986820221,-39.2870321274
-5.8759307861,-49.9987239838,-41.5324869156
-5.2569569945,-49.9987621307,-43.7779397964
-9.0937689543,-54.7606077194,-39.6613883972
-8.4211837053,-54.7606592178,-42.3653554916
-7.7485911846,-54.7607049942,-45.0693206787
-6.4958691597,-54.7605695724,-39.2784404755
-5.8758972883,-54.7606210709,-41.5324926376
-5.2559216022,-54.7606630325,-43.7865371704
26.5756564140,-59.5261592865,-109.1416511536
26.1098723412,-59.5231399536,-113.8945312500
25.6511282921,-59.5229225159,-118.6476802826
31.3721857071,-59.5845651627,-109.2857818604
30.8360700607,-59.5571241379,-113.9368114471
30.3366866112,-59.5331363678,-118.5910587311
36.5973987579,-59.4540977478,-109.4233894348
35.8673381805,-59.5502758026,-113.9815959930
35.2395954132,-59.5734338760,-118.5344486237
26.5689544678,-64.2853479385,-109.1396121979
26.1091661453,-64.2847747803,-113.8946151733
25.6508650780,-64.2848787308,-118.6496047974
31.3049535751,-64.3262224197,-109.2830448151
30.7947273254,-64.2999820709,-113.9363479614
30.3196043968,-64.2874002457,-118.5911941528
36.3779888153,-64.2901678085,-109.4248847961
35.7118053436,-64.3512248993,-113.9834442139
35.1366891861,-64.3425817490,-118.5371723175
26.5671830177,-69.0466747284,-109.1414794922
26.1090121269,-69.0467643738,-113.8947086334
25.6511335373,-69.0468254089,-118.6477470398
31.2509331703,-69.0657787323,-109.2815971375
30.7689447403,-69.0506477356,-113.9363269806
30.3134737015,-69.0470352173,-118.5910434723
36.1911630630,-69.0982093811,-109.4247760773
35.5863590240,-69.1187858582,-113.9811592102
35.0586929321,-69.0906333923,-118.5359878540
8.8100310564,-45.2372255325,-94.6300411224
8.2425111532,-45.2372503281,-99.6509246826
8.8117078543,-49.9991359711,-94.6298084259
8.8100589514,-54.7610445023,-94.6300067902
-24.3827800751,-16.6643404961,-2.1554715037
-29.0870313644,-16.6646525860,-2.1836408377
-23.2139959335,-16.6646804810,-6.4532479048
-28.2659940720,-16.6648879051,-6.5488270521
-22.0450191498,-16.6649005413,-10.7506430149
-27.4440574646,-16.6582775116,-10.9066114426
-24.3894553185,-21.4260559082,-2.1564153433
-29.0871171951,-21.4264578819,-2.1833624244
-23.2139606476,-21.4265537262,-6.4530984163
-28.2659735680,-21.4267792702,-6.5486817360
-22.0383381844,-21.4268193245,-10.7492525578
-27.4444017410,-21.4201698303,-10.9039015770
-24.3829927444,-26.1877694130,-2.1546470523
-29.0872941017,-26.1882996559,-2.1830537915
-23.2139358521,-26.1883769035,-6.4528796673
-28.2659826279,-26.1886577606,-6.5484894514
-22.0917363167,-26.1937065125,-10.7496783733
-27.4922189713,-26.1927719116,-10.9122278690
44.8164529800,-159.5228919983,-14.9303739071
43.4529380798,-159.5228958130,-19.2046875954
32.4373569489,-87.9889049530,-56.3276300430
33.7554526329,-87.9430866241,-50.6129770279
34.9377646446,-88.0106201172,-44.8720512390
25.5571279526,-88.1509819031,-56.2226228714
27.3679862022,-88.1145019531,-51.1566019058
29.3200354576,-88.0036983490,-46.0907163620
19.3677370548,-88.0964565277,-56.1204805374
21.3864130974,-88.1238193512,-51.6844272614
23.5841436386,-88.1767520905,-47.2659482956
32.0768775940,-92.8206768036,-56.3249540329
33.4321479797,-92.7454681396,-50.6027860641
34.7265486717,-92.7450942993,-44.8673677444
25.4267187119,-92.8876667023,-56.2163991928
27.0831851959,-92.9257907867,-51.1489648819
28.9474358559,-92.8844051361,-46.0887441635
19.3519856930,-92.8563861847,-56.1075038910
21.3248696327,-92.8637752533,-51.6760807037
23.4173507690,-92.9120063782,-47.2626590729
31.7347507477,-97.6319293976,-56.2986392975
33.0389661789,-97.6148338318,-50.5950460434
34.4236669540,-97.5528545380,-44.8962602615
25.3558087349,-97.6256942749,-56.2115793228
26.8996319771,-97.6644039154,-51.1370172501
28.6108059883,-97.7106113434,-46.0811052322
19.3609621525,-97.6181106567,-56.1197624207
21.3050150871,-97.6188526154,-51.6730937958
23.2960486412,-97.6362915039,-47.2339820862
76.2042579651,-73.8042888641,-238.3158035278
76.1858825684,-73.8030929565,-233.7274513245
76.2329025269,-73.7992591858,-229.1376304626
71.5177536011,-73.7918434143,-238.8523788452
71.5004291534,-73.7893562317,-234.2629508972
71.4556331635,-73.8056850433,-229.7177009583
66.7380371094,-73.8065147400,-230.2852668762
76.1963996887,-78.5782604218,-238.3164291382
76.1818618774,-78.5796852112,-233.7315826416
76.1697006226,-78.5759372711,-229.1458435059
71.4707927704,-78.5708274841,-234.3053932190
71.4554882050,-78.5708103180,-229.7157135010
76.2002906799,-83.3402900696,-238.3066215515
76.1843547821,-83.3448390961,-233.7332534790
76.1755142212,-83.3391628265,-229.1500511169
71.4555110931,-83.3327178955,-229.7156982422
7.0741420984,-2.4355462799,-41.0216579437
6.4286595583,-2.4357768400,-39.5800580978
5.7770330906,-2.4367458411,-38.1289625168
5.5668859482,-2.4282216663,-41.4261512756
5.1446580887,-2.4292232972,-40.1252517700
4.6857778430,-2.4306076560,-38.8124837875
4.0511309505,-2.4167331760,-41.8320407867
3.8392917514,-2.4196180687,-40.6480798721
3.5909072757,-2.4221129087,-39.4754972458
7.0194659233,-7.2448939085,-41.0538825989
6.3783373833,-7.2459903955,-39.6111650467
5.7240526676,-7.2480821609,-38.1502962112
5.4853423834,-7.2300838232,-41.4682006836
5.0846792459,-7.2327485085,-40.1703014374
4.6093100905,-7.2356338501,-38.8489751816
3.9830335975,-7.2063312531,-41.8709173203
3.7869971991,-7.2122031450,-40.6735172272
3.5194337964,-7.2171496153,-39.4979906082
7.0035793781,-12.0398619175,-41.0529165268
6.3648178577,-12.0422132015,-39.6114978790
5.7165824175,-12.0455248356,-38.1518869400
5.4622861147,-12.0210945606,-41.4615516663
5.0649784803,-12.0249314308,-40.1654090881
4.5952087045,-12.0291550159,-38.8459529877
3.9562333226,-11.9918301105,-41.8660736084
3.7622797489,-11.9990804195,-40.6683177948
3.4951927662,-12.0055251122,-39.4919500351
70.9011306763,-173.7993621826,-31.6862735748
65.6722326279,-173.8115882874,-31.4599947929
60.5063085556,-173.8118057251,-31.2357645035
69.9355182648,-173.8071403503,-36.7283906937
64.6210594177,-173.8026313782,-36.5573549271
69.0668239594,-173.7983360291,-41.7351140976
63.5571222305,-173.8004608154,-41.6631956100
70.8415889740,-178.5701713562,-31.6858577728
69.9446849823,-178.5701942444,-36.7293863297
69.0477561951,-178.5701980591,-41.7729034424
18.5437455177,-88.1976547241,-38.1262245178
16.2218809128,-88.1364955902,-38.7964477539
13.9837000370,-88.0953521729,-39.4753074646
19.4400181770,-88.1840305328,-41.0699996948
17.0244450569,-88.1290874481,-41.2392396927
14.6835114956,-88.0950469971,-41.4167613983
20.3431453705,-88.1700401306,-44.0156059265
17.8295159340,-88.1214885712,-43.6837148666
15.3852319717,-88.0956802368,-43.3588199615
18.3661761284,-92.9014167786,-38.0876150131
16.1248867512,-92.8584575653,-38.7746925354
13.9699909687,-92.8561763763,-39.4795188904
19.2858138084,-92.8916149139,-41.0451278687
16.9433226585,-92.8576564789,-41.2222614288
14.6705999374,-92.8562412262,-41.4127159119
20.2111549377,-92.8825359344,-44.0051136017
17.7645764351,-92.8579063416,-43.6707277298
15.3713567257,-92.8562870026,-43.3459692001
18.2616415024,-97.6205501556,-38.0727548599
16.1074678898,-97.6183013916,-38.7690038681
13.9669866562,-97.6183662415,-39.4693861008
19.2007651329,-97.6195793152,-41.0272226334
16.9310505390,-97.6182765961,-41.2186098099
14.6701269150,-97.6183528900,-41.4123935699
20.1442003250,-97.6197738647,-43.9827308655
17.7547941208,-97.6182537079,-43.6682491302
15.3732810020,-97.6183280945,-43.3554058075
-1.0803199708,-45.4092226028,-10.3067083359
-3.8126068115,-45.5274734497,-9.3724912405
-6.4389981031,-45.5748443604,-8.1987892389
-4.7969901562,-45.6023950577,-13.1546499729
-7.9274469614,-45.5288715363,-11.7842023373
-10.9470970631,-45.4172697067,-10.3155612946
-8.0862838030,-45.3691816330,-16.1689045429
-11.5758242607,-45.2792253494,-14.4075303078
-14.9975862503,-45.2414016724,-12.6146118641
-1.1150573194,-50.1988925934,-10.2917308807
-3.8309666514,-50.3117170334,-9.3529907465
-6.4439867139,-50.3555021286,-8.1922856569
-4.8252063096,-50.3652143478,-13.1440985203
-7.9339774847,-50.2820091248,-11.7645552158
-10.9454326630,-50.1677274704,-10.3057582378
-8.0908820629,-50.1074657440,-16.1739866734
-11.5802154541,-50.0309267044,-14.4047849178
-15.0083961487,-50.0017957687,-12.6066663265
-1.1509463787,-54.9981212616,-10.3074293137
-3.8826463521,-55.1067438126,-9.3679465055
-6.4888601303,-55.1420516968,-8.1919345856
-4.8730093837,-55.1130552292,-13.1452496052
-7.9669014215,-55.0211639404,-11.7766349316
-10.9574640989,-54.9101057053,-10.3101315498
-8.1197044849,-54.8414459229,-16.1687128544
-11.5878992081,-54.7819919586,-14.4078505039
-15.0004143715,-54.7617683411,-12.6143782139
2.2489143312,-59.5219678879,-39.5919685364
1.1489222795,-59.5222892761,-39.2185850143
-0.0013912194,-59.5223045349,-38.8421602249
2.3679835796,-59.5222749710,-40.7362155914
1.1966715902,-59.5223455429,-40.4211349487
0.0225391658,-59.5223321915,-40.0807390213
2.4763442576,-59.5225677490,-41.9299440384
1.2694986910,-59.5225830078,-41.6367521286
0.0987155279,-59.5223836899,-41.2924976349
2.2488153875,-64.2841396332,-39.5919361115
1.1491428167,-64.2841739655,-39.2195549011
-0.0008981914,-64.2841978073,-38.8432826996
2.3671393096,-64.2842102051,-40.7359180450
1.1966402978,-64.2842531204,-40.4212779999
0.0231174259,-64.2842636108,-40.0817718506
2.4761618078,-64.2842817307,-41.9291019440
1.2686367482,-64.2843170166,-41.6355752945
0.0972617380,-64.2843208313,-41.2920999527
2.2489866614,-69.0460853577,-39.5918998718
1.1490948200,-69.0460643768,-39.2186040878
-0.0012247706,-69.0460796356,-38.8421850204
2.3681512773,-69.0461177826,-40.7362241745
1.1968189776,-69.0461483002,-40.4211530685
0.0226857513,-69.0462036133,-40.0807580948
2.4764859378,-69.0460071564,-41.9299583435
1.2696261704,-69.0460472107,-41.6367683411
0.0988417268,-69.0462722778,-41.2925128937
149.6050262451,-45.1456441879,-6.9040832520
149.6320686340,-45.1441431046,-2.3400256634
144.8266983032,-45.1505727768,-6.9393728971
144.9081192017,-45.1490077972,-2.3484389186
140.0553054810,-45.1484212875,-6.9751152992
140.1880149841,-45.1503000259,-2.3571158648
149.6099205017,-49.9074802399,-6.9026800394
149.6359329224,-49.9059333801,-2.3392021656
144.8315734863,-49.9123811722,-6.9379568100
144.9130477905,-49.9107685089,-2.3470519781
140.0602264404,-49.9102125168,-6.9736946821
140.1940689087,-49.9119939804,-2.3551878929
149.6147994995,-54.6693239212,-6.9012266397
149.6418685913,-54.6677150726,-2.3372824192
144.8364753723,-54.6742029190,-6.9364961386
144.9179534912,-54.6725206375,-2.3456065059
140.0584106445,-54.6771965027,-6.9720131159
140.1946449280,-54.6763734818,-2.3535146117
76.3469371796,-16.6660945415,-265.7596359253
76.3171672821,-16.6661314964,-261.1930465698
76.3003787994,-16.6660935879,-256.6213035583
71.6371479034,-16.6661465168,-266.3658752441
71.6063327789,-16.6661288738,-261.7936935425
71.5755443573,-16.6661190987,-257.2215309143
76.3462619781,-21.4280395508,-265.7597961426
76.3171310425,-21.4280214310,-261.1930389404
76.3006134033,-21.4279885292,-256.6211395264
71.6371383667,-21.4280495644,-266.3658599854
71.6063385010,-21.4280352592,-261.7936859131
71.5755519867,-21.4280200005,-257.2215118408
76.3469257355,-26.1899380684,-265.7596511841
76.3172035217,-26.1899309158,-261.1930465698
76.2994174957,-26.1892094612,-256.6213569641
71.6063537598,-26.1899485588,-261.7936553955
71.5755615234,-26.1899352074,-257.2215080261
44.8217315674,-145.2344398499,-14.9267230034
40.3856840134,-145.2372322083,-14.1107358932
35.9548311234,-145.2372474670,-13.2910845280
43.4529619217,-145.2371406555,-19.2047123909
39.1179246902,-145.2372322083,-18.0367984772
34.7828502655,-145.2372398376,-16.8688592911
42.0894842148,-145.2372398376,-23.4790272713
37.8501567841,-145.2372436523,-21.9628329277
33.6108632088,-145.2372512817,-20.4466247559
44.8183050156,-149.9990921021,-14.9237082005
40.3856487274,-149.9991149902,-14.1107399464
35.9529962540,-149.9991340637,-13.2977292538
43.4529771805,-149.9991073608,-19.2047052383
39.1179046631,-149.9991226196,-18.0367832184
42.0876111984,-149.9991188049,-23.4856786728
37.8501472473,-149.9991340637,-21.9628162384
44.8164644241,-154.7610015869,-14.9303820133
40.3856439590,-154.7610130310,-14.1107289791
43.4529457092,-154.7610054016,-19.2046957016
42.0894250870,-154.7610054016,-23.4790105820
38.7466182709,-88.0944881439,-136.6118125916
38.6545944214,-88.0944995880,-141.1984024048
38.5625905991,-88.0945072174,-145.7850036621
43.3725233078,-88.0944843292,-136.2838706970
43.3032226562,-88.0943889618,-140.8428497314
43.2347269058,-88.0944843292,-145.4017486572
48.0722827911,-88.1128005981,-135.9524574280
47.9821481705,-88.0975093842,-140.4882698059
47.9203071594,-88.0909442902,-145.0184135437
38.7470464706,-92.8563823700,-136.6112403870
38.6545886993,-92.8563899994,-141.1983604431
38.5621433258,-92.8564033508,-145.7855224609
43.3717212677,-92.8563003540,-136.2839279175
43.3032360077,-92.8563671112,-140.8428840637
43.2347202301,-92.8563899994,-145.4017448425
48.0100564957,-92.8603363037,-135.9558792114
47.9534187317,-92.8564891815,-140.4871368408
47.9073390961,-92.8561878204,-145.0178794861
38.7466011047,-97.6182842255,-136.6117782593
38.6545972824,-97.6182994843,-141.1983680725
43.3717393875,-97.6182727814,-136.2839508057
43.3032207489,-97.6182842255,-140.8428802490
43.2347269058,-97.6182918549,-145.4017372131
47.9981813431,-97.6180992126,-135.9557495117
47.9518318176,-97.6181430817,-140.4872131348
47.9112758636,-97.6181373596,-145.0203933716
19.8963694572,-16.6659007072,-137.7459449768
19.7651586533,-16.6659176350,-142.4463806152
19.6339406967,-16.6659350395,-147.1468620300
19.8963842392,-21.4278039932,-137.7463493347
19.7651748657,-21.4278206825,-142.4463806152
19.8964009285,-26.1897177696,-137.7459182739
19.7651858330,-26.1897335052,-142.4463500977
12.1172928810,-2.3800745015,-109.3974456787
11.7190937996,-2.3801100093,-114.2724819183
11.3208999634,-2.3801407131,-119.1475238800
16.9705724716,-2.3797500238,-109.2703914642
16.5452678204,-2.3800456864,-114.1130790710
16.1204957962,-2.3800959280,-118.9554729462
21.8940124512,-2.3774871780,-109.1423892975
21.3858594894,-2.3765284821,-113.9524097443
20.9221987724,-2.3791875485,-118.7620449066
12.1164138317,-7.1419850588,-109.3962612152
11.7191309929,-7.1420203447,-114.2724552155
11.3218472004,-7.1420462132,-119.1486244202
16.9703760147,-7.1417822838,-109.2704982758
16.5453052521,-7.1419655085,-114.1130409241
16.1205346584,-7.1420084238,-118.9554481506
21.8774695396,-7.1436181068,-109.1529808044
21.3824076653,-7.1402376890,-113.9542789459
20.9206995964,-7.1414508820,-118.7614574432
12.1169536114,-11.9038941860,-109.3968601227
11.7191584110,-11.9039266109,-114.2724075317
11.3213541508,-11.9039511681,-119.1479530334
16.9702148438,-11.9037833214,-109.2705955505
16.5453417301,-11.9038853645,-114.1130161285
16.1205499172,-11.9039208889,-118.9554271698
21.8612389565,-11.9105324745,-109.1521568298
21.3778982162,-11.9039545059,-113.9547157288
20.9206047058,-11.9035952091,-118.7624015808
33.2046966553,-2.4260219517,-56.3131179810
34.1281933784,-2.4235101463,-50.6010780334
35.0501828194,-2.4176045638,-44.8888921738
27.1917595863,-2.3917601202,-56.2333555222
28.6636381149,-2.4206078476,-51.1516275406
30.1005473137,-2.4227979695,-46.0679216385
20.7626569271,-2.2982217581,-56.1446161270
23.0388021469,-2.3445991962,-51.6988906860
25.1081476212,-2.3936707126,-47.2471103668
33.2280168533,-7.1903059483,-56.3313636780
34.1333870888,-7.1859194040,-50.5971574783
35.0375194550,-7.1803967953,-44.8623113632
27.1976628304,-7.1669690609,-56.2339639664
28.6740603447,-7.1885167360,-51.1473112106
30.1064476967,-7.1866348982,-46.0626087189
20.8010005951,-7.0849918127,-56.1235246658
23.0564508438,-7.1248910427,-51.7007369995
25.1382012367,-7.1731729507,-47.2657737732
33.2243871689,-11.9537267685,-56.3162918091
34.1384792328,-11.9483098984,-50.5926074982
35.0538821220,-11.9432849884,-44.8692388535
27.2151980400,-11.9370644093,-56.2293033600
28.6804161072,-11.9516828060,-51.1435012817
30.1113500595,-11.9496273994,-46.0585708618
20.8495786190,-11.8386969566,-56.1406526566
23.0835270882,-11.8877990246,-51.6991577148
25.1470675468,-11.9434168339,-47.2486705780
75.9580078125,-145.2322235107,-155.6915588379
75.9150066376,-145.2314338684,-151.1320152283
75.8755893707,-145.2352180481,-146.5786132812
71.2046108246,-145.2342910767,-147.1232337952
75.8706588745,-150.0042419434,-146.5753135681
13.9176881313,-59.5229463577,-94.4874820709
13.2800686359,-59.5229673386,-99.4793987274
12.6424527168,-59.5229873657,-104.4713058472
18.9699802399,-59.5228433609,-94.5671100616
18.2550170422,-59.5229425430,-99.4801158905
17.5401220322,-59.5229797363,-104.3930511475
24.0558829308,-59.5376367569,-94.6467990875
23.2340645790,-59.5245313644,-99.4807338715
22.4380550385,-59.5228748322,-104.3145275116
13.9162290096,-64.2848577499,-94.4859504700
13.2800855637,-64.2848806381,-99.4793567657
18.9699153900,-64.2848005295,-94.5671520233
18.2550346851,-64.2848672867,-99.4800987244
17.5401277542,-64.2848825455,-104.3929824829
24.0353837013,-64.2892818451,-94.6483936310
23.2309017181,-64.2850408554,-99.4805545807
22.4363260269,-64.2847967148,-104.3130874634
13.9177143574,-69.0467758179,-94.4874420166
13.2800908089,-69.0467948914,-99.4793720245
18.9699406624,-69.0467529297,-94.5671787262
18.2550282478,-69.0467815399,-99.4801139832
17.5401408672,-69.0467967987,-104.3930168152
24.0246300697,-69.0474834442,-94.6467285156
23.2301082611,-69.0466556549,-99.4806842804
22.4378061295,-69.0467624664,-104.3146762848
76.3497314453,-45.2379503250,-265.7627487183
76.3171958923,-45.2375478745,-261.1930236816
76.3362045288,-45.2333583832,-256.6171722412
71.5755977631,-45.2375717163,-257.2214469910
76.3410339355,-50.0068960190,-265.7584915161
76.3120098114,-50.0083551407,-261.1922149658
76.2853107452,-50.0047168732,-256.6248168945
71.5755786896,-49.9994592667,-257.2214241028
76.3449115753,-54.7689523697,-265.7485504150
76.3145141602,-54.7735824585,-261.1937789917
76.2912311554,-54.7679634094,-256.6289863586
7.4357442856,-16.8153238297,-42.7296409607
5.6378337145,-16.7898774147,-43.0287847519
3.8864756227,-16.7467491627,-43.3501300812
7.7395941019,-16.8071286678,-44.6678705215
5.6297060251,-16.7718667984,-44.8948040009
3.5727859735,-16.7146711349,-45.1240434647
8.0453233719,-16.7989687920,-46.6064796448
5.6294974089,-16.7522799969,-46.7621555328
3.2798343599,-16.6849970818,-46.9209880829
7.4133795500,-21.5856933594,-42.7280454636
5.6243627071,-21.5584058762,-43.0273571014
3.8836047053,-21.5110664368,-43.3498487473
7.7232184410,-21.5766234398,-44.6676950455
5.6177394390,-21.5381383896,-44.8935747147
3.5653806329,-21.4755916595,-45.1228408813
8.0354696512,-21.5671954155,-46.6075763702
5.6191194057,-21.5159716606,-46.7611417770
3.2685414553,-21.4454555511,-46.9190130234
7.3988784552,-26.3492736816,-42.7285518646
5.6095525026,-26.3195581436,-43.0264301300
3.8671930432,-26.2683663368,-43.3473472595
7.7033301592,-26.3392205238,-44.6669940948
5.6047739983,-26.2974729538,-44.8927173615
3.5568045378,-26.2309980392,-45.1221065521
8.0105774403,-26.3286075592,-46.6056690216
5.6073986292,-26.2728624344,-46.7603416443
3.2690769732,-26.2032327652,-46.9200534821
37.3452577591,-130.9515113831,-56.5701656342
43.5458860397,-130.9516258240,-57.0884370804
49.9147424698,-130.9998207092,-57.5988159180
38.0415887833,-130.9514465332,-50.6463079453
44.2764263153,-130.9586677551,-51.3351278305
50.8566493988,-131.0282096863,-52.0129632950
38.7390747070,-130.9514350891,-44.7224292755
45.0649604797,-130.9861946106,-45.5826292038
52.0053491592,-130.9977455139,-46.3872013092
37.3454322815,-135.7134361267,-56.5734252930
43.5423488617,-135.7133140564,-57.0886316299
49.7663841248,-135.7241744995,-57.6021337509
38.0415925980,-135.7134208679,-50.6463308334
44.2502470016,-135.7132987976,-51.3360681534
50.5673141479,-135.7557945251,-52.0195255280
38.7377347946,-135.7133903503,-44.7192106247
44.9674396515,-135.7162551880,-45.5831165314
51.4709911346,-135.7814292908,-46.4407920837
37.3452291489,-140.4753303528,-56.5701341629
43.5423507690,-140.4752960205,-57.0886697769
49.7403278351,-140.4814529419,-57.6079950333
38.0415601730,-140.4753303528,-50.6463174820
44.2487783432,-140.4752502441,-51.3361530304
50.4649467468,-140.4889488220,-52.0261049271
38.7379131317,-140.4753341675,-44.7224969864
44.9555788040,-140.4751739502,-45.5836229324
51.2401685715,-140.4992485046,-46.4443292618
20.7398366928,-59.5418205261,-26.7096514702
19.0152287483,-59.4361982346,-28.4279508591
17.2309648991,-59.3746452332,-30.1448950768
23.1596188545,-59.5700969696,-28.5981788635
21.1512203217,-59.4804916382,-30.3893933296
19.0533261299,-59.3770971298,-32.1880807877
25.5664973259,-59.5723333359,-30.4946446419
23.2776870728,-59.5254373550,-32.3550224304
20.8756761551,-59.3951244354,-34.2323217392
20.6990065575,-64.2607803345,-26.7243757248
18.9500536919,-64.1586065292,-28.4459853172
17.1413388252,-64.1270189285,-30.1604986191
23.1451368332,-64.3102807999,-28.6033802032
21.0946574211,-64.1925306320,-30.4039583206
18.9633603096,-64.1168088913,-32.2040266991
25.5666141510,-64.3324956894,-30.4920940399
23.2327380180,-64.2391166687,-32.3657250404
20.7857823372,-64.1217889786,-34.2482795715
20.6474719048,-68.9680671692,-26.7440056801
18.8621573448,-68.8925399780,-28.4673314095
17.0044584274,-68.8994731903,-30.1802082062
23.1066303253,-69.0268058777,-28.6172194481
21.0148892403,-68.9071903229,-30.4239702225
18.8439464569,-68.8732223511,-32.2215232849
25.5468997955,-69.0744152069,-30.4983801842
23.1651096344,-68.9449844360,-32.3822913170
20.6806097031,-68.8629379272,-34.2635574341
48.5109796524,-130.9496421814,-109.9507026672
48.4137105942,-130.9541587830,-114.1018466949
-2.2817265093,-30.9510898590,-44.3106641769
-0.5039055310,-30.9510569572,-45.4008274078
1.2740463316,-30.9508018494,-46.4860172272
-1.2842408489,-30.9517407417,-43.3374710083
0.2456343290,-30.9512834549,-44.1085596085
1.7754468024,-30.9526286125,-44.8619289398
-0.3122497420,-30.9511222839,-42.3884992599
0.9682108168,-30.9533519745,-42.8655815125
2.2895827889,-30.9718379974,-43.2906103134
-2.2862725556,-35.7130184174,-44.3073730469
-0.5035740435,-35.7129936218,-45.4036960602
1.2785598263,-35.7128009796,-46.4921436310
-1.2866737316,-35.7129697800,-43.3336296082
0.2450811570,-35.7127647400,-44.1089982986
1.7726282775,-35.7125711441,-44.8661203384
-0.3121196511,-35.7126150131,-42.3872299194
0.9623678257,-35.7123756409,-42.8619203568
2.2761318386,-35.7237606049,-43.2878417969
-2.2816791236,-40.4749326706,-44.3106412888
-0.5038495772,-40.4749145508,-45.4007978439
1.2736187279,-40.4748497009,-46.4859609604
-1.2841765485,-40.4741716385,-43.3374481201
0.2451169477,-40.4742422104,-44.1084671021
1.7687392384,-40.4743137360,-44.8617973328
-0.3131428598,-40.4740676880,-42.3884105682
0.9605986574,-40.4733686447,-42.8654165268
2.2686122060,-40.4775133133,-43.2900400162
31.0215759277,-88.0919265747,-62.0104789734
24.3319368362,-88.1162300110,-61.6735057831
18.1306719780,-88.0942249298,-61.3374710083
29.8757729530,-88.1578693390,-67.7741146088
23.5929532051,-88.0965576172,-67.5093727112
17.5510907173,-88.0943317413,-67.2425251007
28.9032168388,-88.1220951080,-73.5439949036
22.8991541862,-88.0942668915,-73.3467826843
16.9716923237,-88.0943756104,-73.1474933624
30.7544155121,-92.8941307068,-62.0106363297
24.2873249054,-92.8608894348,-61.6719951630
18.1284234524,-92.8562126160,-61.3362407684
29.7319812775,-92.8930683136,-67.7741851807
23.5869288445,-92.8563060760,-67.5091075897
17.5511035919,-92.8562755585,-67.2425308228
28.8437194824,-92.8625164032,-73.5443725586
22.8987731934,-92.8561935425,-73.3468799591
16.9737443924,-92.8562831879,-73.1487560272
30.5752353668,-97.6380653381,-62.0014381409
24.2750949860,-97.6184940338,-61.6714115143
18.1305029392,-97.6181907654,-61.3375453949
29.6518397331,-97.6279563904,-67.7752685547
23.5860309601,-97.6180934906,-67.5091934204
17.5510904789,-97.6182003021,-67.2425003052
28.8281741142,-97.6185112000,-73.5460681915
22.8987951279,-97.6181755066,-73.3469104767
16.9716951847,-97.6181983948,-73.1474418640
5.7137045860,-31.1632766724,-30.7859444618
4.3428872228,-31.1631331444,-32.2410116196
3.0054476559,-31.1351127625,-33.6977882385
7.2411700487,-31.1402316093,-32.2272944450
5.8074240685,-31.1562123299,-33.5275850296
4.4082038403,-31.1422853470,-34.8278484344
8.7870560884,-31.1042790413,-33.6676044464
7.2800418139,-31.1425051689,-34.8131027222
5.8315173388,-31.1435952187,-35.9479827881
5.6730409861,-35.9267063141,-30.7802824974
4.3094395995,-35.9214420319,-32.2379984856
2.9794616103,-35.8876304626,-33.6980857849
7.1952520609,-35.9058446884,-32.2251229286
5.7694114447,-35.9162759781,-33.5250453949
4.3772538900,-35.8973550797,-34.8252706528
8.7305639982,-35.8748464584,-33.6682367325
7.2368184328,-35.9045886993,-34.8108501434
5.7948957682,-35.9010334015,-35.9427089691
5.6263427734,-40.6885318756,-30.7801260948
4.2689908147,-40.6758317947,-32.2347269058
2.9462565482,-40.6339759827,-33.6927156448
7.1413885355,-40.6706533432,-32.2226510048
5.7240709066,-40.6735668182,-33.5221357346
4.3398890495,-40.6476602554,-34.8224973679
8.6662425995,-40.6448402405,-33.6633510590
7.1858075857,-40.6649408340,-34.8083648682
5.7535411119,-40.6545934677,-35.9429931641
135.4218330383,-16.5878956318,-2.3763633966
130.6961364746,-16.5928773880,-2.3840638399
125.9710102081,-16.5976376534,-2.3907023668
135.2365226746,-16.5893971920,-7.0168962479
130.4500045776,-16.5944302082,-7.0499359369
125.6633358002,-16.5994346142,-7.0827916861
135.4256439209,-21.3497972488,-2.3756682873
130.7010955811,-21.3547677994,-2.3828937411
125.9770717621,-21.3595619202,-2.3889324665
135.2414855957,-21.3513031006,-7.0156275034
130.4549503326,-21.3563232422,-7.0486670732
125.6682510376,-21.3612976074,-7.0815382004
135.4317092896,-26.1116552353,-2.3739822507
130.7060165405,-26.1166276932,-2.3816893101
125.9808387756,-26.1213693619,-2.3883241415
135.2463836670,-26.1131901741,-7.0143476725
130.4598426819,-26.1181869507,-7.0473941565
125.6731395721,-26.1231493950,-7.0802351236
76.2045078278,-88.0952129364,-238.3088340759
76.1870613098,-88.0985584259,-233.7344703674
76.1748256683,-88.0965709686,-229.1525192261
76.1604576111,-92.8655281067,-229.1464042664
149.6477012634,-88.0023994446,-6.8898689747
149.6743621826,-88.0006427765,-2.3262737393
144.8694000244,-88.0072116852,-6.9253343344
144.9506301880,-88.0054626465,-2.3348284364
140.0911979675,-88.0131683350,-6.9609142542
140.2271881104,-88.0108680725,-2.3428356051
149.6523895264,-92.7642574310,-6.8882143497
149.6779365540,-92.7625274658,-2.3252157569
144.8740806580,-92.7690944672,-6.9237182140
144.9552726746,-92.7673587799,-2.3333110213
140.0992431641,-92.7799072266,-6.9595133066
140.2345619202,-92.7752475739,-2.3415846825
149.6571235657,-97.5261211395,-6.8865759373
149.6836700439,-97.5244064331,-2.3231378198
144.8788528442,-97.5309906006,-6.9221178293
144.9599761963,-97.5292549133,-2.3317988515
140.1040153503,-97.5418395996,-6.9579473734
140.2381935120,-97.5371608734,-2.3406218290
34.4153609276,-145.2372589111,-1.7798456550
33.5193862915,-145.2372589111,-5.3789013028
32.6234130859,-145.2372627258,-8.9779565334
0.4891048186,-2.4166534662,-34.2083225250
-1.4600895382,-2.3894522314,-33.4497747421
-3.3881577253,-2.3710935378,-32.6882643700
-0.2309932709,-2.3952967705,-35.7524471283
-2.0880971849,-2.3741108916,-35.2936096191
-3.9171599150,-2.3704394420,-34.8327026367
-0.9422191270,-2.3771546913,-37.2858476639
-2.6936893463,-2.3708097406,-37.1368532181
-4.4210255146,-2.3755612737,-36.9782629013
0.4019113388,-7.2066993713,-34.2488422394
-1.5166439526,-7.1673110723,-33.4667825699
-3.4210659862,-7.1409673691,-32.6840972900
-0.2917138170,-7.1733697653,-35.7704153061
-2.1206333786,-7.1434516907,-35.3007240295
-3.9305714369,-7.1362522840,-34.8341455460
-0.9904652983,-7.1472574472,-37.2748107910
-2.7095378339,-7.1364610195,-37.1389236450
-4.4218348861,-7.1398993731,-36.9885320663
0.3719177693,-11.9941110611,-34.2354679108
-1.5457024500,-11.9453899860,-33.4610166550
-3.4398252368,-11.9095096588,-32.6869506836
-0.3215540908,-11.9524617195,-35.7650470734
-2.1426882297,-11.9124560356,-35.2977762222
-3.9398305416,-11.9007735252,-34.8333072662
-1.0130695589,-11.9184947014,-37.2779769897
-2.7208344638,-11.9010999203,-37.1379671097
-4.4246826768,-11.9028637409,-36.9825010300
41.6759634018,-116.6585845947,-27.9260883331
37.0425033569,-116.8272647858,-25.9867224693
32.5506386757,-116.8547763824,-24.0204839706
38.6730461121,-116.7910099030,-32.5987901688
34.5366988182,-116.8311901093,-29.9648556709
30.4853153229,-116.7443885803,-27.3085546494
35.8102817535,-116.7814636230,-37.2470932007
32.1398997307,-116.7260093689,-33.9290161133
28.5536403656,-116.6783351898,-30.6054968834
41.0840272903,-121.5936813354,-27.8470950127
36.5783987045,-121.5900135040,-25.9590215683
32.2055416107,-121.4765682220,-23.9945092201
38.2145776749,-121.5866947174,-32.5735473633
34.2172951698,-121.4850482941,-29.9317345619
30.3233609200,-121.4320201874,-27.2855477333
35.5507125854,-121.4744338989,-37.2461891174
32.0098948479,-121.4321346283,-33.9116973877
28.5247311592,-121.4277362823,-30.5863580704
40.6487970352,-126.3469295502,-27.7984418869
36.2779235840,-126.2334785461,-25.9308452606
32.1054778099,-126.1904373169,-23.9687170982
37.9510383606,-126.2475795746,-32.5552344322
34.0938549042,-126.1923618317,-29.9170713425
30.3096814156,-126.1896762848,-27.2838931084
35.4739427567,-126.1970958710,-37.2227869034
31.9954686165,-126.1896438599,-33.9096536636
28.5188646317,-126.1897373199,-30.5992693901
20.7428064346,-31.0064253807,-26.7150006294
19.1272530556,-31.0066180229,-28.4098672867
17.4554231167,-30.9485020638,-30.1096148491
23.1178040504,-31.0044875145,-28.6161684990
21.2133193016,-31.0079479218,-30.3842644691
19.2535762787,-30.9759359360,-32.1604690552
25.5088419914,-31.0022988319,-30.5080294609
23.2950100899,-31.0063004494,-32.3590335846
21.0450773239,-30.9975032806,-34.2128934860
20.7417163849,-35.7696475983,-26.7115044594
19.1282763481,-35.7643508911,-28.4053378105
17.4500653744,-35.6912946701,-30.1060309410
23.1228613853,-35.7673969269,-28.6117877960
21.2181148529,-35.7699832916,-30.3797817230
19.2451248169,-35.7210721970,-32.1579794884
25.5197005272,-35.7652015686,-30.5025391579
23.3004550934,-35.7687492371,-32.3550882339
21.0347800255,-35.7478685379,-34.2112236023
20.7522673607,-40.5317955017,-26.7064738274
19.1250162125,-40.5154666901,-28.4030280113
17.4250738621,-40.4286203384,-30.1083807945
23.1274056435,-40.5297574997,-28.6086478233
21.2215828896,-40.5300445557,-30.3766775131
19.2296423912,-40.4594087601,-32.1577420235
25.5187473297,-40.5275888443,-30.5013365746
23.3054113388,-40.5305423737,-32.3521604538
21.0295605659,-40.4904298782,-34.2085113525
33.5869069099,-116.6658611298,-95.4841461182
38.2844457626,-116.6658382416,-96.0269031525
37.3921957016,-116.6658611298,-100.4659900665
36.4999504089,-116.6658763885,-104.9050922394
38.2849731445,-121.4277420044,-96.0297374725
37.3921976089,-121.4277553558,-100.4659824371
40.2350940704,-116.6658706665,-109.5676021576
39.8667316437,-116.6658821106,-114.0194072723
44.3701305389,-116.6658725739,-109.7568378448
44.1395273209,-116.6658668518,-114.0608863831
43.9089403152,-116.6658725739,-118.3649578094
48.4990386963,-116.6633949280,-109.9326877594
48.4065151215,-116.6637649536,-114.0947532654
48.3200845718,-116.6657867432,-118.2585391998
40.2377319336,-121.4277744293,-109.5647678375
44.3701334000,-121.4277591705,-109.7568187714
44.1395330429,-121.4277667999,-114.0608730316
43.9089441299,-121.4277725220,-118.3649539948
48.4880218506,-121.4327735901,-109.9273242950
48.3947649002,-121.4366950989,-114.0870151520
48.3193836212,-121.4318885803,-118.2576770782
44.3701448441,-126.1896648407,-109.7568130493
48.5036106110,-126.1950950623,-109.9398612976
48.4019279480,-126.2032585144,-114.0940589905
48.3153171539,-126.1985397339,-118.2602748871
27.7792396545,-116.6658611298,-79.0686912537
25.1595644951,-102.5306568146,-10.8302750587
24.5551438332,-102.5520324707,-13.9026024342
23.9042501450,-102.5930194855,-16.9650535583
29.4824638367,-102.4429855347,-11.6330151558
28.6397466660,-102.4282722473,-14.8626048565
27.7201862335,-102.4321098328,-18.0905425549
33.7160177231,-102.4207954407,-12.4412498474
32.6449284554,-102.4063262939,-15.8195457458
31.4932346344,-102.3699169159,-19.2139573097
24.6398768425,-107.5426406860,-10.8687996864
24.0077147484,-107.5241889954,-13.9153203964
23.3671908379,-107.4554119110,-16.9436216354
29.1113138199,-107.3507347107,-11.6659359932
28.1844530106,-107.3798313141,-14.8878741264
27.2188305855,-107.4144172668,-18.1005668640
33.5465407372,-107.1884727478,-12.4706552029
32.3563990593,-107.1993827820,-15.8576064110
31.0816149712,-107.2474727631,-19.2441124916
23.9249629974,-112.1547088623,-10.8188869953
23.3652343750,-112.0819454193,-13.8398244381
22.8117170334,-111.9993591309,-16.8581938744
28.5545306206,-112.2975387573,-11.6746654510
27.6116070747,-112.2337818146,-14.8723132610
26.6583905220,-112.1375560760,-18.0584299564
33.1155562401,-112.1084861755,-12.4940068722
31.8477563858,-112.1701736450,-15.8746330738
30.5560355186,-112.2006263733,-19.2384109497
90.4996814728,-88.0895118713,-263.9367675781
90.4743556976,-88.0886707306,-259.3794555664
90.5116634369,-88.0848045349,-254.8177185059
85.8117961884,-88.0774555206,-264.5048217773
85.7835941315,-88.0749473572,-259.9447097778
85.7282714844,-88.0913982391,-255.4292907715
90.4978809357,-92.8603668213,-263.9432144165
90.4704151154,-92.8654174805,-259.3837890625
90.4484939575,-92.8617286682,-254.8256645203
85.7543125153,-92.8565883636,-259.9877319336
85.7281932831,-92.8565616608,-255.4273262024
90.4988460541,-97.6241836548,-263.9436721802
90.4721660614,-97.6294593811,-259.3864288330
90.4542083740,-97.6250896454,-254.8298645020
45.6744728088,-131.1447715759,-14.9231493473
40.6643667221,-131.0725898743,-14.1225657463
35.9768190384,-130.9594192505,-13.2911720276
43.9883832932,-131.1309509277,-19.2293000221
39.2613325119,-131.0116424561,-18.0443506241
34.7884788513,-130.9528656006,-16.8691084385
42.4092550278,-131.0698318481,-23.4402618408
37.8964681625,-130.9678459167,-21.9636797905
33.6113677025,-130.9515609741,-20.4467501640
45.1384868622,-135.8351936340,-14.9399940968
40.4262294769,-135.7271957397,-14.1101770401
35.9531812668,-135.7133903503,-13.2977669239
43.6202259064,-135.7800025940,-19.2130746841
39.1270055771,-135.7160072327,-18.0368063450
34.7828826904,-135.7134819031,-16.8688681126
42.1468648911,-135.7326660156,-23.4867949486
37.8513374329,-135.7135276794,-21.9629383087
33.6127514839,-135.7134933472,-20.4400053024
44.8852071762,-140.4953041077,-14.9275169373
40.3866252899,-140.4752655029,-14.1108272076
35.9548740387,-140.4753684998,-13.2910981178
43.4674367905,-140.4790382385,-19.2045483589
39.1178903580,-140.4752998352,-18.0367908478
34.7828702927,-140.4753723145,-16.8688750267
42.0916156769,-140.4756088257,-23.4790353775
37.8502025604,-140.4753608704,-21.9628381729
33.6108713150,-140.4753684998,-20.4466423988
-1.3188723475,-16.6673996449,-38.7455015182
-2.8598956764,-16.6645607948,-38.8649206161
-4.4260486364,-16.6652407646,-38.9781999588
-1.2213321030,-16.6643443108,-40.0943374634
-2.5543684959,-16.6652538776,-40.4860839844
-3.9172294736,-16.6652736664,-40.9077835083
-1.0632404760,-16.6638677120,-41.4296054840
-2.2233670652,-16.6656730175,-42.1225194931
-3.4021138549,-16.6653094292,-42.8391828537
-1.3215965927,-21.4283251762,-38.7499389648
-2.8624512851,-21.4268140793,-38.8633632660
-4.4297059178,-21.4271745682,-38.9723272324
-1.2226089686,-21.4258422852,-40.0961236954
-2.5539006591,-21.4270300865,-40.4864921570
-3.9185415506,-21.4272089005,-40.9071130753
-1.0668993294,-21.4258050919,-41.4260921478
-2.2214925289,-21.4271984100,-42.1243686676
-3.3997344375,-21.4272398949,-42.8443679810
-1.3276510984,-26.1888751984,-38.7453565598
-2.8604712784,-26.1889085770,-38.8647794724
-4.4259895086,-26.1891088486,-38.9781513214
-1.2278968841,-26.1875681877,-40.0943632126
-2.5544578135,-26.1887564659,-40.4860343933
-3.9171663523,-26.1891479492,-40.9077281952
-1.0672149360,-26.1878781319,-41.4294471741
-2.2233177125,-26.1886649132,-42.1223335266
-3.4020512700,-26.1891770363,-42.8391304016
10.6192392111,-73.8086357117,-78.8779735565
10.6219871044,-78.5705585480,-78.8773956299
33.6269202232,-45.2374114990,-164.6528816223
33.6262044907,-49.9993076324,-164.6532974243
33.6268386841,-54.7612018585,-164.6528396606
20.4748649597,-130.9516105652,-1.3973269165
-24.3832707405,-30.9495844841,-2.1541990042
-29.0874905586,-30.9501934052,-2.1828068495
-23.2139625549,-30.9501314163,-6.4525728226
-28.2660384178,-30.9505100250,-6.5482546091
-22.0808725357,-30.9551410675,-10.7508776188
-27.4809975624,-30.9542779922,-10.9160299301
-24.3901448250,-35.7115478516,-2.1552315354
-29.0876402855,-35.7121496201,-2.1826559305
-23.2140698433,-35.7118873596,-6.4522205591
-28.2661342621,-35.7123756409,-6.5480136871
-22.0274033546,-35.7119531631,-10.7502038479
-27.4339323044,-35.7122297287,-10.9144449234
-24.3816385269,-40.4724512100,-2.1533859968
-29.0857315063,-40.4730224609,-2.1821114421
-23.2107758522,-40.4717330933,-6.4511305094
-28.2627968788,-40.4723091125,-6.5470260382
-22.0402302742,-40.4712686539,-10.7504363060
-27.4401350021,-40.4716453552,-10.9134204388
5.9426112175,-73.8085765839,-61.8842306137
5.6793779731,-73.8086032867,-67.8002185822
12.0347495079,-73.8084812164,-61.4111595154
11.5822014809,-73.8085803986,-67.3395633698
11.1296112537,-73.8086166382,-73.2679462433
5.9426301718,-78.5705051422,-61.8841943741
12.0384089947,-78.5704879761,-61.4109382629
11.5822074413,-78.5705299377,-67.3395538330
11.1260046959,-78.5705394745,-73.2681541443
12.0348100662,-83.3324356079,-61.4111576080
11.5822024345,-83.3324432373,-67.3395195007
11.1296372414,-83.3324527740,-73.2678928375
28.4695477486,-130.9516296387,-22.2626233101
25.1898975372,-130.9516372681,-20.9369039536
21.9102473259,-130.9516487122,-19.6111912727
26.9377474785,-130.9516220093,-25.1941967010
23.9679031372,-130.9516296387,-23.6472053528
25.4059453011,-130.9516181946,-28.1257801056
22.7459039688,-130.9516258240,-26.3575134277
28.4754481316,-135.7135047913,-22.2583560944
26.9377331734,-135.7135124207,-25.1941661835
8.0710124969,-102.3802795410,-40.3521995544
9.6528093815,-102.3803024292,-39.4376382828
11.2346222401,-102.3803272247,-38.5230665207
7.2676315308,-102.3802947998,-38.8125982285
8.7312035561,-102.3803195953,-37.8248605728
10.1947922707,-102.3803424835,-36.8371133804
6.4766916037,-102.3803138733,-37.2631406784
7.8095964193,-102.3803386688,-36.2120838165
9.1549565792,-102.3803558350,-35.1511640549
9.6527321339,-107.1421947479,-39.4375944138
11.2367732525,-107.1422138214,-38.5244121552
10.1946654320,-107.1422309875,-36.8370628357
9.1525546312,-107.1422462463,-35.1497163773
19.7086281776,-102.6606464386,-18.8454799652
16.6903562546,-102.5643711090,-18.3392777443
13.6852259636,-102.4568557739,-17.7896242142
18.8468384743,-102.5755233765,-21.1329522133
16.2968347073,-102.4898262024,-20.4354882240
13.7736310959,-102.4131755829,-19.7141265869
18.0088758469,-102.4848308563,-23.4008626938
15.9403433800,-102.4279022217,-22.5270981789
13.9108824730,-102.3908023834,-21.6536674500
19.1796202660,-107.2437934875,-18.7346954346
16.2370765209,-107.1551895142,-18.1981854439
13.4214909077,-107.1427536011,-17.6829552650
18.4262127876,-107.1742973328,-21.0210876465
16.0035939217,-107.1449890137,-20.3295364380
13.6404249668,-107.1419067383,-19.6529536247
17.7432436943,-107.1460800171,-23.3230400085
15.7971332073,-107.1425380707,-22.4716668129
13.8635170460,-107.1421394348,-21.6249938011
18.9490885735,-111.9060001373,-18.6727328300
16.1832346916,-111.9041843414,-18.1740679741
13.4228568077,-111.9041862488,-17.6766982079
18.3389053345,-111.9040927887,-20.9921307564
15.9888746738,-111.9042549133,-20.3222966194
13.6390542984,-111.9041595459,-19.6523165703
17.7337207794,-111.9042415619,-23.3130469322
15.7945737839,-111.9042072296,-22.4705309868
13.8553099632,-111.9041671753,-21.6279482841
18.7800464630,-116.6660251617,-26.7036156654
17.1715142727,-116.6660213470,-28.3990397453
15.5630018711,-116.6660194397,-30.0944600105
21.1745886803,-116.6660270691,-28.6000580788
19.2537412643,-116.6660079956,-30.3744721413
17.3329217434,-116.6660041809,-32.1489243507
23.5691113472,-116.6660251617,-30.4964694977
21.3359780312,-116.6659965515,-32.3499164581
19.1028475761,-116.6659870148,-34.2033910751
18.7740216255,-121.4278850555,-26.7050662041
17.1714746952,-121.4278850555,-28.3989896774
21.1745300293,-121.4278812408,-28.5999660492
19.2537035942,-121.4278736115,-30.3744244576
17.3328907490,-121.4278755188,-32.1488828659
23.5750441551,-121.4278583527,-30.4948735237
21.3359456062,-121.4278602600,-32.3498659134
19.0968518257,-121.4278621674,-34.2048625946
21.1745052338,-126.1897563934,-28.5999269485
23.5690636635,-126.1897449493,-30.4963431358
21.3359284401,-126.1897506714,-32.3498296738
-1.9019767120,-2.4394973200,-24.8417925835
-4.5294378400,-2.4070707485,-23.0372843742
-7.1598796844,-2.3721125198,-21.2295703888
-3.3584382832,-2.3965495096,-27.2129750252
-6.0606731176,-2.3657493077,-25.8154101372
-8.7142486572,-2.3643317132,-24.4122767448
-4.7827422619,-2.3686065860,-29.5786986351
-7.4956914186,-2.3709093302,-28.5913524628
-10.1549119949,-2.3777685077,-27.6044383049
-2.0134290531,-7.2557092905,-24.9040117264
-4.6285747886,-7.2173962593,-23.0719804764
-7.2264945507,-7.1739096642,-21.2327513695
-3.4390115440,-7.1897711754,-27.2392377853
-6.1015554667,-7.1470522881,-25.8240857124
-8.7289261818,-7.1361674070,-24.4136705399
-4.8103194237,-7.1413052082,-29.5706357956
-7.5026338100,-7.1382371187,-28.5914492607
-10.1582989693,-7.1409928799,-27.6187558174
-2.0318966806,-12.0626666546,-24.8846659660
-4.6571142077,-12.0157606602,-23.0576691628
-7.2552784681,-11.9585831165,-21.2269926071
-3.4678427577,-11.9755032063,-27.2288160324
-6.1238840818,-11.9204399586,-25.8175716400
-8.7394360304,-11.9026455879,-24.4113478661
-4.8302832246,-11.9105901718,-29.5749101639
-7.5062829256,-11.9027786255,-28.5906939507
-10.1572048664,-11.9031686783,-27.6106762886
22.0172100067,-102.3801460266,-78.9065494537
27.7792525291,-102.3801288605,-79.0687332153
26.4244132042,-102.3801498413,-84.3303050995
25.0695858002,-102.3801574707,-89.5918502808
27.7845840454,-107.1420516968,-79.0691127777
26.4244103432,-107.1420516968,-84.3302822113
27.7792382240,-111.9039573669,-79.0687103271
8.8978251219,-59.6096582413,-42.1082677841
9.3762762547,-59.5977449417,-44.0409269333
9.8562321663,-59.5860404968,-45.9735832214
10.7007038593,-59.6482582092,-41.2033128738
11.2403278351,-59.6399478912,-43.0499486923
11.7820580006,-59.6323556900,-44.8967180252
12.5495636463,-59.6531410217,-40.2997474670
13.1560058594,-59.6461982727,-42.0604896545
13.7644779682,-59.6398200989,-43.8213710785
8.8365926743,-64.3341789246,-42.1023330688
9.3174610138,-64.3235483170,-44.0366010666
9.8005781174,-64.3144674301,-45.9708518982
10.6153166294,-64.3865337372,-41.1983366013
11.1575036049,-64.3775806427,-43.0448760986
11.7017071247,-64.3691635132,-44.8916625977
12.4380459785,-64.4113492966,-40.2971897125
13.0455470085,-64.4046010971,-42.0561504364
13.6550700665,-64.3987283707,-43.8153476715
8.7781859636,-69.0608673096,-42.0973844528
9.2676024437,-69.0558147430,-44.0301351547
9.7595036030,-69.0519046783,-45.9634695053
10.5336081982,-69.1120471954,-41.1916780472
11.0787770748,-69.1029338837,-43.0380001068
11.6261401176,-69.0947761536,-44.8845672607
12.3304343224,-69.1563873291,-40.2889862061
12.9379143715,-69.1495952606,-42.0492477417
13.5473868847,-69.1435661316,-43.8097906113
7.2151548862,-2.3801171464,-109.6257953644
32.1775522232,-130.9515800476,-40.2790565491
29.1797246933,-130.9515838623,-36.7431640625
26.1819329262,-130.9515991211,-33.2072796822
27.8094911575,-130.9515838623,-41.8029718399
25.6365137100,-130.9515953064,-38.4167871475
32.1932725906,-135.7134742737,-40.2818870544
29.1797146797,-135.7134857178,-36.7431411743
32.1775021553,-140.4753608704,-40.2790069580
11.1983582973,-59.5887546539,-48.4171209335
13.3737707138,-59.6008358002,-51.5400142670
15.5626275539,-59.6098546982,-54.6639509201
13.2346785069,-59.6327342987,-46.8504762650
15.6238143444,-59.6201133728,-48.9097871780
18.1092658043,-59.5198478699,-50.9529361725
15.3529031277,-59.6136112213,-45.2821836472
18.0675094128,-59.4706459045,-46.2533617020
20.7843394279,-59.3371725082,-47.2244949341
11.1454312801,-64.3199882507,-48.3926401138
13.3088774681,-64.3347635269,-51.5359277725
15.4810233116,-64.3463649750,-54.6791639328
13.1452653408,-64.3756723404,-46.8454084396
15.5071966648,-64.3839740753,-48.9054088593
17.9251568317,-64.3437910080,-50.9553174973
15.2182314396,-64.3909292221,-45.3003139496
17.8602612019,-64.3125867844,-46.2618036270
20.5869011879,-64.1642360687,-47.2153759003
11.0974364281,-69.0558395386,-48.4072437286
13.2544434071,-69.0674991608,-51.5300369263
15.4176833630,-69.0801734924,-54.6524381638
13.0624938011,-69.1056404114,-46.8379392624
15.4010968208,-69.1291217804,-48.8978404999
17.7671413422,-69.1366329193,-50.9545822144
15.0986213684,-69.1491737366,-45.2733335495
17.6666059494,-69.1370887756,-46.2671451569
20.3605518341,-69.0105457306,-47.2460107803
0.3470982462,-2.4502098551,-26.4355120659
-1.0383901820,-2.4297793815,-28.5169105530
-2.4296105951,-2.3905545982,-30.6022081375
2.2033627778,-2.4477808448,-27.8836002350
0.8783107176,-2.4425261645,-29.7348046303
-0.4652951993,-2.4173657300,-31.5953941345
4.0588159561,-2.4409380639,-29.3338537216
2.7843057513,-2.4451978263,-30.9594569206
1.4990333654,-2.4351844010,-32.5908126831
0.2589810565,-7.2723191977,-26.4769897461
-1.1450034305,-7.2346807718,-28.5574975014
-2.4951889515,-7.1726953983,-30.6297354698
2.1515582800,-7.2759685516,-27.9256749153
0.7726272866,-7.2558141947,-29.7799301147
-0.5601242296,-7.2128405571,-31.6284322739
4.0551564097,-7.2777746916,-29.3739724159
2.7065085471,-7.2648904324,-31.0008196831
1.3933830895,-7.2421420813,-32.6238842010
0.2498858422,-12.0807378292,-26.4741663933
-1.1688654125,-12.0322184563,-28.5465707779
-2.5233130753,-11.9526655674,-30.6180024147
2.1524641961,-12.0850024223,-27.9235401154
0.7566979639,-12.0572159290,-29.7707886696
-0.5877249204,-12.0029482841,-31.6193075180
4.0650827289,-12.0846898556,-29.3732314110
2.7007639110,-12.0689020157,-30.9957857132
1.3725643978,-12.0377080441,-32.6193919182
9.3143692017,-2.4342165147,-42.0963296890
9.7996912003,-2.4354851837,-44.0280303955
10.2842218876,-2.4377635475,-45.9591159821
11.1350016594,-2.3967863903,-41.2040262222
11.6910417080,-2.3894921220,-43.0470991135
12.2587373257,-2.3755462300,-44.8923845291
13.2006986141,-2.3115464188,-40.3124160767
13.8237788677,-2.3120439891,-42.0681171417
14.4490196705,-2.3110902496,-43.8250846863
9.3322823048,-7.2500534058,-42.1081542969
9.8045876026,-7.2477936745,-44.0416507721
10.2776577473,-7.2473471165,-45.9757070541
11.2609338760,-7.2162520885,-41.1965408325
11.8212337494,-7.2041952610,-43.0389328003
12.3911952972,-7.1865949631,-44.8828210831
13.3080856800,-7.0996650457,-40.2900152206
13.9326894283,-7.0979334116,-42.0445213318
14.5602216721,-7.0943357944,-43.7995815277
9.3317368031,-12.0427691936,-42.1204576492
9.8027217388,-12.0385913849,-44.0520534515
10.2747581005,-12.0353882313,-45.9841194153
11.2827978134,-12.0051157475,-41.2085723877
11.8398702145,-11.9927370548,-43.0512752533
12.4095454216,-11.9729256630,-44.8945741653
13.3585145473,-11.8795998096,-40.2917547226
13.9782228470,-11.8749444485,-42.0491971970
14.6014564037,-11.8670775890,-43.8062715530
8.7428357601,-73.8068675995,-42.0913448334
9.2403190136,-73.8072433472,-44.0254898071
9.7393217087,-73.8076534271,-45.9599990845
10.4572288990,-73.8313789368,-41.1824598312
11.0086202621,-73.8267250061,-43.0289201736
11.5620124340,-73.8227729797,-44.8758230209
12.2283637524,-73.8846893311,-40.2800283432
12.8382282257,-73.8776340485,-42.0400075912
13.4498450756,-73.8712635040,-43.8004407883
8.7378427982,-78.5697956085,-42.0877351761
9.2371590137,-78.5700206757,-44.0243263245
9.7365758419,-78.5701789856,-45.9609909058
10.4066596031,-78.5693588257,-41.1729917526
10.9658355713,-78.5692996979,-43.0210580826
11.5264339447,-78.5695819855,-44.8695087433
12.1311221123,-78.5989456177,-40.2688722610
12.7476170063,-78.5954780579,-42.0277690887
13.3657402992,-78.5923709869,-43.7869901657
8.7366358042,-83.3320884705,-42.0891952515
9.2372171879,-83.3321971893,-44.0242128372
9.7378213406,-83.3322696686,-45.9592494965
10.3958377838,-83.3317661285,-41.1695213318
10.9584505558,-83.3319530487,-43.0185918808
11.5212252140,-83.3320884705,-44.8677310944
12.0683977604,-83.3321495056,-40.2540731430
12.6906094551,-83.3320312500,-42.0163669586
13.3140149117,-83.3323955536,-43.7789363861
11.1750714779,-116.6658782959,-1.2178615670
10.5296589136,-116.6658878326,-3.5560647249
9.4826269150,-116.6658954620,-5.7171326876
15.7659146786,-116.6659870148,-1.2911026478
15.1294472218,-116.6659641266,-3.8514480591
14.3725259304,-116.6660079956,-6.3617496490
20.4908404350,-116.6676635742,-1.3973116279
19.9323573112,-116.6659812927,-4.2280254960
19.3425602913,-116.6658420563,-7.0451337099
11.1684865952,-121.4277496338,-1.2200325455
10.5120426416,-121.4277782440,-3.5487540364
15.7546188831,-121.4278087616,-1.2871766686
15.1084291935,-121.4278163910,-3.8430126309
14.3618519306,-121.4278163910,-6.3572310209
20.4719119072,-121.4279518127,-1.3913810551
19.9214172363,-121.4279651642,-4.2267275453
19.3406987190,-121.4279060364,-7.0495098829
15.7646765709,-126.1896915436,-1.2909023762
20.4749236107,-126.1897773743,-1.3973727524
19.9232954979,-126.1897773743,-4.2276660204
19.3390445709,-126.1897735596,-7.0444161892
91.0034389496,-45.2376403809,-309.1887893677
19.8963031769,-2.3801687975,-137.7457008362
19.7650995255,-2.3801941898,-142.4464187622
19.6338787079,-2.3802126624,-147.1472015381
19.8963289261,-7.1420781612,-137.7463989258
19.7651267052,-7.1421000957,-142.4464302063
19.6339135170,-7.1421176195,-147.1465072632
19.8963518143,-11.9039862156,-137.7459640503
19.7651429176,-11.9040050507,-142.4463996887
19.6339254379,-11.9040226936,-147.1468734741
13.9178655148,-16.6656682491,-94.4873809814
13.2799246311,-16.6657302380,-99.4794864655
12.6423335075,-16.6657891273,-104.4714584351
19.0227665901,-16.6968941689,-94.5715923309
18.2646131516,-16.6694631577,-99.4810867310
17.5409018993,-16.6659159660,-104.3928279877
24.4334678650,-16.7562685013,-94.6647777557
23.4242076874,-16.7506334782,-99.4989280701
22.5199184418,-16.7064266205,-104.3253936768
13.9162547588,-21.4275889397,-94.4859275818
13.2799596786,-21.4276475906,-99.4794502258
12.6438221931,-21.4276957512,-104.4729099274
19.0140457153,-21.4558997154,-94.5697269440
18.2612843513,-21.4311208725,-99.4806118011
17.5406048298,-21.4277458191,-104.3927536011
24.4086747169,-21.5165371895,-94.6623764038
23.4057216644,-21.5104160309,-99.4936084747
22.5049862862,-21.4660396576,-104.3192844391
13.9176414013,-26.1894979477,-94.4874763489
13.2799799442,-26.1895756721,-99.4794769287
12.6423575878,-26.1896114349,-104.4714183807
19.0056748390,-26.2118935585,-94.5684146881
18.2594430447,-26.1922330856,-99.4802608490
17.5404002666,-26.1895990372,-104.3928680420
24.3743157387,-26.2759776115,-94.6574687958
23.3864612579,-26.2668910027,-99.4900016785
22.4947109222,-26.2227587700,-104.3184623718
7.2580591440,-45.3555307388,-42.7211284637
5.5086158514,-45.3071355820,-43.0210552216
3.7990518808,-45.2525196075,-43.3441638947
7.5715345144,-45.3406915665,-44.6603212357
5.5180226564,-45.2808923721,-44.8882379532
3.5103567243,-45.2385339737,-45.1201591492
7.8884727955,-45.3258428574,-46.6000108719
5.5345817804,-45.2582473755,-46.7560834885
3.2479617000,-45.2364273071,-46.9193277359
7.2062278986,-50.0943822861,-42.7169885635
5.4751673937,-50.0406818390,-43.0188093185
3.7876348495,-50.0017623901,-43.3445062637
7.5289894342,-50.0782232285,-44.6575117111
5.4906213284,-50.0189495087,-44.8862218857
3.5039906502,-49.9981079102,-45.1197299957
7.8556206226,-50.0629692078,-46.5983228683
5.5152637959,-50.0052251816,-46.7551670074
3.2413526177,-49.9985332489,-46.9178419113
7.1655881405,-54.8266029358,-42.7157697678
5.4426778555,-54.7761249542,-43.0166893005
3.7710648179,-54.7596149445,-43.3421573639
7.4861805439,-54.8100967407,-44.6547336578
5.4671927691,-54.7643899918,-44.8844165802
3.5019823313,-54.7603149414,-45.1194286346
7.8107123375,-54.7957744598,-46.5935907364
5.5020253658,-54.7604923248,-46.7539873123
3.2470310926,-54.7606058121,-46.9191827774
-2.6131123243,-102.3082962036,-10.2559115887
-5.0964581370,-102.2883625031,-9.3707772493
-7.3873240352,-102.2612457275,-8.1954582930
-5.3949294686,-102.3782329559,-13.1737194061
-8.2867423296,-102.3772125244,-11.8220143318
-11.1288874149,-102.3771095276,-10.3502380848
-8.2343904972,-102.3806247711,-16.1957731247
-11.6155116558,-102.3768653870,-14.4244871140
-15.0068373680,-102.3809719086,-12.6148784161
-2.6026575162,-107.1412963867,-10.2694976330
-5.0258302689,-107.1409912109,-9.4087332487
-7.2791261673,-107.1408729553,-8.1635667086
-5.3920711875,-107.1424388885,-13.1639420986
-8.2796866894,-107.1424598694,-11.8026530743
-11.1256704330,-107.1424617767,-10.3409934044
-8.2044092417,-107.1433315277,-16.1954033375
-11.6093034744,-107.1424522400,-14.4099881649
-15.0139589310,-107.1424770355,-12.6060216427
-2.5960396346,-111.9041023254,-10.2856502533
-5.0335610509,-111.9041404724,-9.4263979197
-7.2938975096,-111.9041500092,-8.1654855013
-5.3958711624,-111.9041862488,-13.1739869118
-8.2879316807,-111.9042072296,-11.8226315975
-11.1301075220,-111.9042186737,-10.3508439064
15.1659159660,-45.2147817612,-23.2129034996
13.7368235588,-45.1596450806,-24.3310513496
12.2690806389,-45.1440744400,-25.4498209953
16.9482724667,-45.2597513199,-24.2172441483
15.4695184231,-45.1804370880,-25.5639724731
13.9510405064,-45.1366682053,-26.9131507874
18.7115669250,-45.2880687714,-25.2266964912
17.1962037086,-45.2184333801,-26.7997050285
15.6268270016,-45.1430492401,-28.3782615662
15.1405067444,-49.9502058029,-23.2255396843
13.7003648281,-49.9071722031,-24.3415431976
12.2159543037,-49.9038429260,-25.4551043510
16.9302177429,-49.9945182800,-24.2223839760
15.4375793934,-49.9177112579,-25.5724987984
13.9017224312,-49.8872480392,-26.9229564667
18.7058725357,-50.0353250504,-25.2238521576
17.1686704159,-49.9486532211,-26.8063411713
15.5816218853,-49.8850584030,-28.3913679123
15.1068835258,-54.6873559952,-23.2346138954
13.6498258114,-54.6589241028,-24.3554058075
12.1416707039,-54.6713733673,-25.4707827568
16.9006583691,-54.7211580276,-24.2333583832
15.3927989006,-54.6578254700,-25.5858268738
13.8355953693,-54.6433868408,-26.9356365204
18.6875381470,-54.7704658508,-25.2337994576
17.1293230057,-54.6772069931,-26.8174142838
15.5231733322,-54.6312866211,-28.3994626999
5.0475111604,-30.9514107704,-79.3086872101
4.5737643540,-30.9514441490,-84.5772476196
4.1000198722,-30.9514765739,-89.8458042145
10.6195458174,-30.9513912201,-78.8777065277
10.0021933317,-30.9513807297,-84.1758480072
9.3853385448,-30.9514613152,-89.4737300873
5.0475270152,-35.7133302689,-79.3086738586
4.5737845898,-35.7133665085,-84.5772285461
4.1000372469,-35.7133970261,-89.8457908630
10.6220735312,-35.7132425308,-78.8772926331
10.0022228956,-35.7133150101,-84.1758537292
9.3826128244,-35.7133827209,-89.4742832184
5.0475438237,-40.4752397537,-79.3086452484
4.5738023818,-40.4752731323,-84.5772113800
10.6191946268,-40.4751386642,-78.8779506683
10.0022554398,-40.4752388000,-84.1758651733
9.3853543997,-40.4752836227,-89.4737052917
31.8457765579,-73.6438083649,-62.0131921768
24.7631072998,-73.8307170868,-61.6813058853
18.1686277390,-73.8221836090,-61.3407363892
30.6368412971,-73.7007484436,-67.7774677277
23.7852258682,-73.8660545349,-67.5104293823
17.5546991825,-73.8095817566,-67.2426147461
29.4044737816,-73.8232059479,-73.5477809906
22.9576272964,-73.8315868378,-73.3467235565
16.9718570709,-73.8084545135,-73.1474037170
31.6220269203,-78.4292640686,-62.0157260895
24.5578932762,-78.6334552765,-61.6791172028
18.1381905079,-78.5737724304,-61.3374004364
30.3595261574,-78.5392665863,-67.7767658234
23.6831026077,-78.6065502167,-67.5099258423
17.5517132282,-78.5704975128,-67.2424259186
29.1708865166,-78.6333312988,-73.5450172424
22.9170670509,-78.5769767761,-73.3467025757
16.9737164974,-78.5704631805,-73.1487636566
31.3421363831,-83.2483711243,-62.0127620697
24.4220466614,-83.3815822601,-61.6754865646
18.1323618889,-83.3328094482,-61.3375654221
30.0977501869,-83.3656082153,-67.7755489349
23.6204853058,-83.3448486328,-67.5094299316
17.5511062145,-83.3323287964,-67.2424831390
29.0133171082,-83.3876914978,-73.5430755615
22.9019880295,-83.3333377838,-73.3467044830
16.9716904163,-83.3324356079,-73.1474952698
76.1072025299,-116.6623477936,-196.9746932983
76.0986232758,-116.6659984589,-192.3840789795
76.1480064392,-116.6570758820,-187.7775726318
71.3754081726,-116.6681652069,-192.9278297424
71.3730850220,-116.6679496765,-188.3283576965
76.1000804901,-121.4359550476,-196.9803237915
76.0922451019,-121.4371566772,-192.3836402893
76.0877876282,-121.4327888489,-187.7854804993
71.3766078949,-121.4279117584,-188.3280639648
76.0889148712,-126.1971302032,-187.7850723267
43.0836229324,-88.0945320129,-163.7645759583
47.8199939728,-88.0863628387,-163.3176078796
47.8295106888,-88.0788002014,-167.9119567871
47.8391504288,-88.0751457214,-172.4779586792
47.8035001755,-92.8562889099,-163.3150672913
47.7909183502,-92.8564395905,-167.9103279114
47.7798357010,-92.8564548492,-172.5078582764
47.8054285049,-97.6157283783,-163.3095397949
149.5602989197,-2.2882482186,-6.9157230854
149.5882949829,-2.2861581184,-2.3503104448
144.7819824219,-2.2933222745,-6.9511836767
144.8633346558,-2.2914959341,-2.3593883514
140.0038299561,-2.2983830217,-6.9865853786
140.1390228271,-2.2966260072,-2.3683843017
149.5653076172,-7.0502885580,-6.9144214392
149.5911407471,-7.0488367081,-2.3500781655
144.7870445251,-7.0553395748,-6.9498558044
144.8683662415,-7.0538291931,-2.3582745790
140.0089111328,-7.0603996515,-6.9852459431
140.1459770203,-7.0588393211,-2.3663076162
149.5703315735,-11.8123190403,-6.9131447077
149.5972251892,-11.8109598160,-2.3484708071
144.7920837402,-11.8173544407,-6.9485651255
144.8734016418,-11.8159303665,-2.3571248055
140.0139198303,-11.8223955631,-6.9839537144
140.1499366760,-11.8209159374,-2.3656414151
76.1622486115,-88.0899715424,-224.5555877686
76.1482353210,-88.0888423920,-219.9597969055
76.1346035004,-88.0928478241,-215.3756332397
71.4744186401,-88.0775375366,-225.0798187256
71.4622287750,-88.0750579834,-220.4833297729
71.4196739197,-88.0909824371,-215.9315452576
66.7046680450,-88.0916347504,-216.4854621887
76.1543636322,-92.8639411926,-224.5561943054
76.1441783905,-92.8653736115,-219.9639244080
76.1350078583,-92.8613319397,-215.3693161011
71.4324169159,-92.8565006256,-220.5257263184
71.4221668243,-92.8564815521,-215.9289169312
76.1582336426,-97.6259708405,-224.5464439392
76.1466236115,-97.6304721832,-219.9656105042
76.1445236206,-97.6201858521,-215.3697624207
71.4221668243,-97.6184082031,-215.9289016724
0.3628774453,-16.7698056698,-34.2292699814
-1.5537598506,-16.7134356499,-33.4560527802
-3.4466181397,-16.6725676060,-32.6847496033
-0.3295757156,-16.7215685844,-35.7601232529
-2.1501958817,-16.6757509708,-35.2953453064
-3.9436694384,-16.6638300419,-34.8328809738
-1.0206512101,-16.6823720932,-37.2750520706
-2.7255876660,-16.6638829708,-37.1372823715
-4.4249705076,-16.6650576591,-36.9824447632
0.3562926352,-21.5365605354,-34.2315731049
-1.5603631586,-21.4747996330,-33.4536752701
-3.4526164532,-21.4331479073,-32.6780538559
-0.3364137076,-21.4832906723,-35.7578105927
-2.1555091441,-21.4362359047,-35.2945985794
-3.9453512430,-21.4264101982,-34.8327417374
-1.0281286351,-21.4424490929,-37.2680644989
-2.7282207012,-21.4262146950,-37.1371412277
-4.4235624671,-21.4270839691,-36.9882698059
0.3454527836,-26.2951998711,-34.2233228683
-1.5683158264,-26.2307310104,-33.4522190094
-3.4557738304,-26.1924090385,-32.6833453178
-0.3447988834,-26.2388138771,-35.7565116882
-2.1607970595,-26.1949887276,-35.2941246033
-3.9461932778,-26.1886167526,-34.8326349258
-1.0327639766,-26.1998901367,-37.2739334106
-2.7298088074,-26.1884560585,-37.1370401382
-4.4249889851,-26.1890540123,-36.9823827744
19.9968276024,-88.0721740723,-26.8507056236
17.9666848183,-88.2248783112,-28.5387926102
16.0445261002,-88.2398662567,-30.2016143799
22.5484509468,-87.9887237549,-28.7262659073
20.1776895523,-88.1509571075,-30.5036959648
17.8601000309,-88.2356834412,-32.2520432472
25.0872526169,-87.9391155243,-30.5982089043
22.4032607079,-88.0776939392,-32.4653420448
19.6903986931,-88.2213478088,-34.3023405075
19.6248459816,-92.9918842316,-26.8566746712
17.6884815693,-93.0150318146,-28.5198626518
15.8241970539,-92.9452610016,-30.1662554741
22.1931257248,-92.9057731628,-28.7366294861
19.8526530266,-93.0108833313,-30.4918513298
17.6327095032,-92.9611148834,-32.2241473198
24.7794275284,-92.8127040863,-30.6134629250
22.0428113937,-92.9807624817,-32.4621338844
19.4472060204,-92.9743232727,-34.2804059982
19.2883105278,-97.7889270782,-26.8283147812
17.4096412659,-97.7040233612,-28.4696254730
15.6252567768,-97.6358413696,-30.1165361404
21.8048496246,-97.7941265106,-28.7225232124
19.5709481239,-97.7326908112,-30.4541807175
17.4280037880,-97.6511154175,-32.1784386635
24.3687453270,-97.7351131439,-30.6122736931
21.7421584129,-97.7547969818,-32.4347281456
19.2364387512,-97.6676788330,-34.2389421463
61.9201078415,-130.9407882690,-148.1643371582
20.5342311859,-102.7098350525,-10.0773906708
15.4990532398,-102.8073921204,-9.3464461565
10.4987548590,-102.7188110352,-8.5555734634
20.3592152596,-102.7058868408,-13.1430222988
16.0624210835,-102.7311840057,-12.5549955368
11.7969303131,-102.6055679321,-11.9148690701
20.1532816887,-102.7059898376,-16.1847949028
16.6197836399,-102.6474571228,-15.7190630436
13.0883007050,-102.5196800232,-15.2035253048
19.8551273346,-107.4856452942,-10.0721397400
14.6663556099,-107.3122482300,-9.2507002354
9.6532520056,-107.1515350342,-8.4183154106
19.6974964142,-107.4078598022,-13.1035530567
15.3545093536,-107.2397918701,-12.4232871532
11.1607704163,-107.1496181488,-11.7402818203
19.5312790871,-107.3279056549,-16.1034333706
16.0274689198,-107.1857757568,-15.5690865517
12.6741838455,-107.1462631226,-15.0450458527
19.1957116127,-111.9421043396,-9.9761199951
14.3565168381,-111.9026603699,-9.1864310503
9.6037243605,-111.9039630890,-8.4196681976
19.1670751572,-111.9199371338,-12.9914774895
15.1250488758,-111.9037094116,-12.3524818420
11.1222960949,-111.9040317535,-11.7265429497
19.1670737267,-111.9117774963,-16.0071547031
15.8950717449,-111.9041309357,-15.5174028873
12.6404623985,-111.9041690826,-15.0332958698
25.3491716385,-2.3751317986,-123.3631687164
25.0713005066,-2.3778438715,-128.0685501099
24.8245081902,-2.3795373490,-132.7727394104
30.2851085663,-2.3727026198,-123.2302341461
29.9515895844,-2.3785633873,-127.8796653748
29.6351809502,-2.3769535598,-132.5311965942
35.5170640945,-2.1261578910,-123.0993080139
35.0246353149,-2.2604787005,-127.6931591034
34.6506891251,-2.3183180836,-132.2829627991
25.3415069580,-7.1390401125,-123.3645915985
25.0697321892,-7.1408525705,-128.0692939758
24.8236188889,-7.1416440010,-132.7749404907
30.2572007179,-7.1482663155,-123.2458362579
29.9224929810,-7.1484248638,-127.8906707764
29.6152753830,-7.1422905922,-132.5370903015
35.5261993408,-6.9371052980,-123.1121292114
35.0504531860,-7.0523560047,-127.7022686005
34.6562099457,-7.1049773693,-132.2905349731
25.3303160667,-11.9032132626,-123.3674030304
25.0673036575,-11.9034938812,-128.0698719025
24.8235106468,-11.9036715031,-132.7741966248
30.2028031349,-11.9257166386,-123.2584533691
29.8837766647,-11.9203031063,-127.8983840942
29.5913572311,-11.9084055424,-132.5414047241
35.5107259750,-11.7409465313,-123.1296768188
35.0122337341,-11.8368041515,-127.7236499786
34.6079554558,-11.8819108009,-132.3087615967
28.8893685341,-102.3801574707,-94.9414119720
28.0524258614,-102.3801689148,-99.6780910492
33.5869374275,-102.3801364899,-95.4841766357
32.7223076820,-102.3801612854,-100.0720500946
31.8577127457,-102.3801727295,-104.6599140167
38.2869567871,-102.3803558350,-96.0268421173
37.3922462463,-102.3800411224,-100.4659538269
36.4999485016,-102.3801441193,-104.9051132202
28.8888416290,-107.1420612335,-94.9385604858
33.5869059563,-107.1420497894,-95.4841709137
32.7223048210,-107.1420650482,-100.0720310211
31.8577165604,-107.1420764923,-104.6599025726
38.2849493027,-107.1419620514,-96.0297164917
37.3922004700,-107.1420364380,-100.4659976959
36.4994201660,-107.1420612335,-104.9022636414
33.5868997574,-111.9039573669,-95.4841613770
32.7223091125,-111.9039707184,-100.0720233917
38.2844743729,-111.9039306641,-96.0269069672
37.3921918869,-111.9039554596,-100.4660015106
36.4999494553,-111.9039707184,-104.9051074982
2.1257883906,-2.4310111953,-35.0372390747
1.3260605335,-2.4173811853,-36.3277444839
0.5356063712,-2.3955746665,-37.6134929657
3.4557981491,-2.4339909414,-35.9788951874
2.5775172412,-2.4258072060,-37.0323667526
1.7171728313,-2.4109866070,-38.1037607193
4.7880982757,-2.4361655600,-36.9298725128
3.8253161907,-2.4295553295,-37.7740154266
2.8793382347,-2.4203583677,-38.6212615967
2.0166646242,-7.2311160564,-35.0667552948
1.2334874421,-7.2040265799,-36.3406877518
0.4729481526,-7.1722695827,-37.6024751663
3.3546239138,-7.2406468391,-36.0022478104
2.4731441438,-7.2206088305,-37.0311145782
1.6531289220,-7.1946775913,-38.0871257782
4.7165005207,-7.2469891310,-36.9508218765
3.7248654366,-7.2322818041,-37.7891101837
2.7969360650,-7.2122392654,-38.6244745255
1.9963566661,-12.0230777264,-35.0630588531
1.2054797970,-11.9895384312,-36.3373880386
0.4426014218,-11.9515872002,-37.5963897705
3.3385832310,-12.0353791714,-35.9975328445
2.4479685426,-12.0097970963,-37.0249195099
1.6226823926,-11.9785249233,-38.0794897079
4.7038015127,-12.0443089008,-36.9449644089
3.7044704556,-12.0252101421,-37.7800798416
2.7703962326,-11.9998173714,-38.6179475784
20.9617037773,-59.5750913620,-18.6221895218
18.1759948730,-59.5782356262,-18.1736831665
15.3857309818,-59.5359468460,-17.7088260651
20.3316755295,-59.5776834488,-20.9899477959
17.9722933769,-59.5666179657,-20.3288431168
15.5680589676,-59.5027732849,-19.6915321350
19.7158770561,-59.5660657883,-23.3157825470
17.7393469810,-59.5216579437,-22.4905271530
15.7372789383,-59.4649610519,-21.6724848747
20.9500293732,-64.3387174606,-18.6656441689
18.1771593094,-64.3327264786,-18.1822948456
15.3562026024,-64.2673759460,-17.7380475998
20.3348178864,-64.3368482590,-20.9921708107
17.9564218521,-64.3002805710,-20.3462629318
15.5327095985,-64.2327508926,-19.7155523300
19.6895661354,-64.2988309860,-23.3308596611
17.7007884979,-64.2388238907,-22.5128631592
15.7000653744,-64.2018089294,-21.6915607452
20.9470191002,-69.1002693176,-18.6700644493
18.1685662270,-69.0717830658,-18.2046508789
15.3317575455,-69.0055389404,-17.7575263977
20.3286104202,-69.0839900970,-21.0029850006
17.9227533340,-69.0189228058,-20.3755106926
15.4850673676,-68.9739513397,-19.7373671532
19.6573891640,-69.0129032135,-23.3501539230
17.6451215744,-68.9579200745,-22.5395660400
15.6294667721,-68.9487361908,-21.7173562050
-8.3284326792,-59.9074754715,-6.1629489660
-9.5117678642,-59.9122457504,-3.8409363031
-10.2293189764,-59.9052839279,-1.3281449067
-13.0185728073,-59.6306896210,-7.9849559069
-14.1697714329,-59.6373081207,-4.8208101988
-15.2265341282,-59.6204748154,-1.6147584319
-17.2814049721,-59.5126495361,-9.8179359436
-18.5452058315,-59.5092754364,-5.8767606616
-19.7835416794,-59.5143928528,-1.9212799668
-8.3324642181,-64.7116785049,-6.1390672922
-9.4909806252,-64.7296752930,-3.8298396468
-10.2103066444,-64.7202625275,-1.3377996363
-13.0120890141,-64.3738622665,-7.9791743755
-14.1456775665,-64.3856573105,-4.8107613325
-15.2100276947,-64.3724975586,-1.6102774441
-17.2764949799,-64.2750864029,-9.8301790953
-18.5417222977,-64.2733364105,-5.8757904768
-19.7843184471,-64.2776403427,-1.9065913260
-8.3630020618,-69.4456272125,-6.1569743156
-9.5255942345,-69.4684791565,-3.8379204273
-10.2290138006,-69.4611110687,-1.3274959964
-13.0313158035,-69.1235580444,-7.9839061499
-14.1696708202,-69.1397609711,-4.8184137344
-15.2204027176,-69.1300067902,-1.6136931181
-17.2843022346,-69.0441608429,-9.8222707510
-18.5506765842,-69.0448684692,-5.8792431355
-19.7866692543,-69.0454273224,-1.9251877964
90.7985134125,-59.5233259201,-295.6850204468
90.7980117798,-64.2852153778,-295.6853027344
1.2026988119,-45.3488750458,-12.2688374519
-2.1560658962,-45.5969638824,-15.1600546837
-5.1547369957,-45.4458351135,-18.1570446491
2.8982419521,-45.3579692841,-15.3809459209
-0.0356972665,-45.5585412979,-17.8567574024
-2.7043433487,-45.4804935455,-20.3684959412
4.6208757162,-45.3620023727,-18.5477769375
2.0982149243,-45.5218620300,-20.5551033020
-0.2433876321,-45.4962720871,-22.5834059715
1.1665536761,-50.1611623764,-12.2611863613
-2.2004903257,-50.3690128326,-15.1574132442
-5.1892901063,-50.1773338318,-18.1647136211
2.8144920617,-50.1941413879,-15.3786628246
-0.0872214139,-50.3319902420,-17.8506669998
-2.7423713803,-50.2168817520,-20.3665761948
4.5033574700,-50.2032394409,-18.5509579182
2.0413794369,-50.2952833176,-20.5475049019
-0.2837819457,-50.2418565750,-22.5712542534
1.1028614640,-54.9814739227,-12.2682485580
-2.2570162714,-55.1295375824,-15.1512784958
-5.2158943415,-54.9019250870,-18.1558194160
2.7223567665,-55.0250625610,-15.3667986393
-0.1485272273,-55.0968799591,-17.8470826149
-2.7853150144,-54.9410181046,-20.3659458160
4.4068455100,-55.0234060287,-18.5287613869
1.9740361795,-55.0621652603,-20.5426144600
-0.3422430605,-54.9742174149,-22.5789361000
5.0475627780,-45.2371587753,-79.3086299896
4.5738185644,-45.2371902466,-84.5771942139
10.6191364527,-45.2370767593,-78.8779792786
10.0022795200,-45.2371692657,-84.1758708954
9.3853675127,-45.2371959686,-89.4736824036
5.0475839376,-49.9990739822,-79.3086204529
4.5738348067,-49.9991025925,-84.5771732330
10.6218942404,-49.9990148544,-78.8774433136
10.0022912025,-49.9990901947,-84.1758708954
9.3826488256,-49.9991073608,-89.4742279053
5.0476022363,-54.7609872818,-79.3085918427
10.6191954613,-54.7609539032,-78.8780231476
10.0022920370,-54.7609987259,-84.1758575439
9.3854011297,-54.7610216141,-89.4736518860
1.9857237935,-16.8026158810,-35.0577936172
1.1958028451,-16.7651243210,-36.3320846558
0.4344133968,-16.7214412689,-37.5918149948
3.3271616101,-16.8176355362,-35.9935340881
2.4369117320,-16.7885172367,-37.0202398300
1.6128807068,-16.7525548935,-38.0748996735
4.6921948195,-16.8281784058,-36.9426565170
3.6924668550,-16.8057880402,-37.7765140533
2.7592637837,-16.7758414745,-38.6138505936
1.9738342911,-21.5728216171,-35.0501928329
1.1860550381,-21.5310115814,-36.3255214691
0.4274172280,-21.4828672409,-37.5910205841
3.3146548867,-21.5896687508,-35.9890708923
2.4269905686,-21.5566973686,-37.0163831711
1.6049676389,-21.5171217918,-38.0738677979
4.6793456078,-21.6008782387,-36.9435472488
3.6815593839,-21.5760931969,-37.7769994736
2.7491801679,-21.5433201790,-38.6114559174
1.9632333368,-26.3349413872,-35.0519456863
1.1777254976,-26.2890176773,-36.3268451691
0.4190054853,-26.2380394936,-37.5884990692
3.2998207808,-26.3534708023,-35.9887619019
2.4146605432,-26.3174371719,-37.0155096054
1.5951537639,-26.2746191025,-38.0705823898
4.6603140831,-26.3655700684,-36.9390792847
3.6659093499,-26.3389267921,-37.7725133896
2.7377001941,-26.3037099838,-38.6095619202
-5.7198107243,-45.2365865707,-32.0207543373
-8.3883097172,-45.2366266251,-31.3687477112
-11.0558278561,-45.2366628647,-30.7164425850
-6.1563876867,-45.2366733551,-34.4496479034
-8.8050501347,-45.2367124557,-34.1450061798
-11.4527115822,-45.2367372513,-33.8400640488
-6.5929558277,-45.2367458344,-36.8785572052
-9.2217689753,-45.2367753983,-36.9212789536
-11.8505806923,-45.2368001938,-36.9639997482
-5.7193531990,-49.9984416962,-32.0274090767
-8.3882586956,-49.9984912872,-31.3687562943
-11.0561475754,-49.9985408783,-30.7098169327
-6.1563460827,-49.9985504150,-34.4496564865
-8.8050072193,-49.9985857010,-34.1450119019
-11.4526662827,-49.9986324310,-33.8400726318
-6.5932966471,-49.9986257553,-36.8719272614
-9.2217340469,-49.9986581802,-36.9212808609
-11.8501706123,-49.9986886978,-36.9706325531
-5.7196624279,-54.7602815628,-32.0207962990
-8.3881955147,-54.7603340149,-31.3687629700
-11.0556764603,-54.7608575821,-30.7166905403
-6.1562911272,-54.7604131699,-34.4496736526
-8.8049571514,-54.7604503632,-34.1450195312
-11.4525845051,-54.7609710693,-33.8403053284
-6.5928738117,-54.7604999542,-36.8785743713
-9.2216953039,-54.7605381012,-36.9212818146
-11.8506324291,-54.7603330612,-36.9639129639
30.4627327919,-102.3859119415,-62.0015134811
24.2733178139,-102.3800411224,-61.6715059280
18.1304891109,-102.3801651001,-61.3375329971
29.6246080399,-102.3807525635,-67.7757797241
23.5860157013,-102.3801288605,-67.5092315674
17.5510940552,-102.3801536560,-67.2424755096
28.8259582520,-102.3800277710,-73.5462875366
22.8987874985,-102.3801479340,-73.3469047546
30.4227032661,-107.1430397034,-62.0066871643
24.2732400894,-107.1420402527,-61.6715545654
18.1284234524,-107.1420707703,-61.3362226486
29.6210675240,-107.1419372559,-67.7758960724
23.5860128403,-107.1420631409,-67.5092334747
28.8238172531,-107.1420249939,-73.5450630188
22.8987817764,-107.1420574188,-73.3468856812
30.4161553383,-111.9038391113,-62.0055160522
24.2732377052,-111.9039707184,-61.6715555191
29.6209235191,-111.9039211273,-67.7759647369
23.5860033035,-111.9039630890,-67.5092124939
28.8258762360,-111.9039573669,-73.5463409424
12.1170690060,-45.2372751236,-109.3967456818
16.9702498913,-45.2372684479,-109.2706203461
16.5454356670,-45.2372798920,-114.1129417419
16.1206476688,-45.2372980118,-118.9553127289
21.8242874146,-45.2374944687,-109.1441745758
21.3716492653,-45.2371969223,-113.9535560608
20.9198431969,-45.2372760773,-118.7627239227
12.1165637970,-49.9991855621,-109.3961105347
16.9702498913,-49.9991731644,-109.2706031799
16.5454509258,-49.9991903305,-114.1129493713
16.1206591129,-49.9992055893,-118.9552974701
21.8242383003,-49.9990730286,-109.1449050903
21.3716244698,-49.9991321564,-113.9536037445
20.9193401337,-49.9991960526,-118.7620773315
16.9702594280,-54.7610769272,-109.2705821991
16.5454647541,-54.7610960007,-114.1129074097
16.1206710339,-54.7611141205,-118.9552841187
21.8234715462,-54.7609825134,-109.1443729401
21.3716564178,-54.7610702515,-113.9535980225
20.9198575020,-54.7611045837,-118.7627201080
24.2922148705,-2.3801928166,-151.4851303101
24.2264432907,-2.3802126546,-156.1543617249
24.1606764793,-2.3802305788,-160.8235549927
29.0354347229,-2.3801130399,-151.1248245239
28.9748973846,-2.3801616521,-155.7735061646
28.9143328667,-2.3801788912,-160.4221382141
33.7991638184,-2.3768157320,-150.7612724304
33.7268824577,-2.3790052439,-155.3906707764
33.6684265137,-2.3797751392,-160.0203208923
24.2924275398,-7.1421027184,-151.4843940735
24.2264723778,-7.1421186924,-156.1543197632
24.1605253220,-7.1421368122,-160.8242416382
29.0354552269,-7.1420413256,-151.1248207092
28.9749302864,-7.1420716047,-155.7735061646
28.9143705368,-7.1420803070,-160.4221420288
33.7950935364,-7.1394174099,-150.7630577087
33.7254028320,-7.1413097382,-155.3915023804
33.6683998108,-7.1418374777,-160.0196723938
24.2923498154,-11.9040105343,-151.4847908020
24.2264957428,-11.9040255547,-156.1543083191
29.0354747772,-11.9039609432,-151.1248245239
28.9749450684,-11.9039833546,-155.7734870911
28.9143819809,-11.9039919376,-160.4221038818
33.7884149551,-11.9032783508,-150.7638206482
33.7243237495,-11.9035332203,-155.3918418884
33.6687998772,-11.9036343098,-160.0197982788
76.4616031647,-2.3788576007,-279.4393157959
76.4218406677,-2.3793983303,-274.8803253174
76.3818187714,-2.3804006113,-270.3222045898
76.4589729309,-7.1423829794,-279.4440078735
76.4207973480,-7.1423416138,-274.8822708130
76.3817806244,-7.1423144341,-270.3223190308
76.4612751007,-11.9060645103,-279.4414520264
76.4218807220,-11.9052817822,-274.8802947998
76.3824481964,-11.9042108059,-270.3219451904
36.6480407715,-116.6480274200,-62.4157247543
35.8266706467,-116.6657276154,-68.2789592743
35.0397963524,-116.6657886505,-74.1086692810
43.1393842697,-116.7062587738,-62.9540014267
42.2855253220,-116.6908798218,-69.0195331573
41.5592975616,-116.6696624756,-75.0539112091
50.3375110626,-116.6279296875,-63.5137872696
49.2893285751,-116.6667060852,-69.7562561035
48.4492053986,-116.6736164093,-75.9973506927
36.6153249741,-121.4276199341,-62.4532861710
35.8261680603,-121.4276866913,-68.2790527344
35.0373644829,-121.4277381897,-74.1047458649
42.9284486771,-121.4475688934,-62.9817848206
42.2130079269,-121.4303894043,-69.0183067322
41.5446882248,-121.4276466370,-75.0541191101
49.7387351990,-121.4647903442,-63.5094995499
48.8686895370,-121.4782218933,-69.7547798157
48.1594295502,-121.4545211792,-76.0005645752
36.6125555038,-126.1895942688,-62.4494333267
35.8261814117,-126.1896343231,-68.2790565491
35.0397830009,-126.1896457672,-74.1086673737
42.8669595718,-126.1906147003,-62.9823560715
42.2023620605,-126.1894836426,-69.0184154510
41.5435647964,-126.1895465851,-75.0542526245
49.3445615768,-126.2443161011,-63.5091276169
48.6600141525,-126.2110919952,-69.7541007996
48.0634422302,-126.1931438446,-75.9984722137
7.0557142496,-73.8079929352,-42.7042360306
5.4071977139,-73.8081378937,-43.0126705170
3.7684090137,-73.8081855774,-43.3416624069
7.4015954733,-73.8081626892,-44.6456375122
5.4518307447,-73.8082408905,-44.8825054169
3.5020488501,-73.8082904816,-45.1193962097
7.7475123405,-73.8082561493,-46.5870800018
5.4973521233,-73.8083248138,-46.7531061172
3.2471942902,-73.8083610535,-46.9191617966
7.0501048565,-78.5700759888,-42.7028236389
5.4071562290,-78.5701408386,-43.0124378204
3.7745937109,-78.5701808929,-43.3430395126
7.4017020464,-78.5701847076,-44.6455917358
5.4518939257,-78.5702381134,-44.8824539185
3.5021027327,-78.5702724457,-45.1193408966
7.7533212900,-78.5702743530,-46.5883789062
5.4974043369,-78.5703125000,-46.7530555725
3.2414994836,-78.5703353882,-46.9177494049
7.0558863878,-83.3321590424,-42.7040681839
5.4073201418,-83.3321914673,-43.0125160217
3.7685202956,-83.3322353363,-43.3415079117
7.4017366171,-83.3322486877,-44.6454935074
5.4519333839,-83.3322696686,-44.8823585510
3.5021409392,-83.3322830200,-45.1192417145
7.7476149797,-83.3323078156,-46.5869417191
5.4974384308,-83.3323192596,-46.7529726028
3.2472724319,-83.3323230743,-46.9190158844
18.2471194267,-102.3802928925,-38.0682086945
16.1068823338,-102.3803386688,-38.7687005997
13.9667572975,-102.3803310394,-39.4692459106
19.1915321350,-102.3802547455,-41.0245494843
16.9307677746,-102.3803157806,-41.2183895111
14.6699640751,-102.3803062439,-41.4122705460
20.1361331940,-102.3802299500,-43.9808511734
17.7546634674,-102.3802852631,-43.6680793762
15.3731803894,-102.3802814484,-43.3552961349
18.2445178032,-107.1422576904,-38.0583620071
16.1067202091,-107.1422195435,-38.7686014175
13.9689474106,-107.1422138214,-39.4788570404
19.1914591789,-107.1422481537,-41.0243978500
16.9306578636,-107.1421909332,-41.2182979584
14.6698775291,-107.1421909332,-41.4122018814
20.1384115219,-107.1422214508,-43.9904460907
17.7545976639,-107.1421680450,-43.6679935455
15.3708074093,-107.1421718597,-43.3455553055
18.2467222214,-111.9040946960,-38.0679578781
16.1066517830,-111.9040966034,-38.7685441971
13.9665839672,-111.9040927887,-39.4691295624
19.1913743019,-111.9040737152,-41.0243196487
16.9306070805,-111.9040775299,-41.2182407379
14.6698327065,-111.9040756226,-41.4121580124
20.1360354424,-111.9040508270,-43.9806804657
17.7545566559,-111.9040603638,-43.6679363251
15.3730776310,-111.9040622711,-43.3551883698
90.9270057678,-16.6661882401,-304.6968231201
90.8621273041,-16.6662163734,-300.1912384033
90.8100681305,-16.6661591530,-295.6804275513
86.2345829010,-16.6662211418,-305.3359451294
86.1653785706,-16.6662054062,-300.8267517090
86.0961761475,-16.6662001610,-296.3175277710
90.9262714386,-21.4281053543,-304.6970062256
90.8620853424,-21.4280881882,-300.1912155151
90.8102779388,-21.4280214310,-295.6802673340
86.1653690338,-21.4281110764,-300.8267822266
86.0961780548,-21.4280986786,-296.3174896240
90.9269924164,-26.1899986267,-304.6968002319
90.8621559143,-26.1899819374,-300.1912002563
90.8089027405,-26.1892905235,-295.6806030273
86.1653881073,-26.1900215149,-300.8267211914
86.0961875916,-26.1900110245,-296.3174972534
31.7056150436,-145.2372589111,-12.4257109165
33.2482008934,-59.5468654633,-56.3036394119
34.1894412041,-59.5684881210,-50.5723991394
35.1122422218,-59.5726175308,-44.8398132324
26.8803329468,-59.3398714066,-56.2272968292
28.5755057335,-59.4529256821,-51.1349964142
30.1418633461,-59.5527791977,-46.0384006500
20.0451323986,-59.4967708588,-56.1428203583
22.5457472801,-59.3293619156,-51.6978578568
24.8971962929,-59.3561105728,-47.2458400726
33.2123732567,-64.2854576111,-56.3143920898
34.1891083717,-64.3263616562,-50.5730466843
35.1016993523,-64.3340959549,-44.8309736252
26.7303991318,-64.0888490677,-56.2308549881
28.4913825989,-64.1636877060,-51.1387481689
30.1110162735,-64.2872514725,-46.0430192947
19.8484849930,-64.3117208481,-56.1292285919
22.3268322945,-64.1599264145,-51.7012395859
24.7911467552,-64.0899047852,-47.2662906647
33.1358923912,-69.0080032349,-56.3076047897
34.1770753860,-69.0766448975,-50.5748996735
35.1137328148,-69.0920467377,-44.8421268463
26.5301122665,-68.8781509399,-56.2318277359
28.3730082512,-68.8810520172,-51.1455116272
30.0504670143,-69.0026111603,-46.0506639481
19.6800005436,-69.1083946228,-56.1397895813
22.1123366356,-68.9918594360,-51.7054290771
24.6276445389,-68.8477764130,-47.2616767883
20.7267618179,-16.7083387375,-26.7375836372
19.1088061333,-16.7117214203,-28.4324622154
17.4498667717,-16.6777453423,-30.1323289871
23.1013822556,-16.7081727982,-28.6353812218
21.1946101189,-16.7132084370,-30.4037070274
19.2422904968,-16.6962656975,-32.1802115440
25.4920849800,-16.7074213028,-30.5244936943
23.2763113976,-16.7127685547,-32.3759598732
21.0293149948,-16.7115695477,-34.2299547195
20.7267284393,-21.4763894081,-26.7303304672
19.1172270775,-21.4794812202,-28.4235715866
17.4654345512,-21.4433054924,-30.1202430725
23.1073250771,-21.4753460884,-28.6280884743
21.2017202377,-21.4798331261,-30.3963513374
19.2518296242,-21.4635515213,-32.1717905998
25.5037574768,-21.4739823341,-30.5167365074
23.2830929756,-21.4786605835,-32.3696775436
21.0320425034,-21.4777374268,-34.2248106003
20.7379422188,-26.2422204018,-26.7212319374
19.1232352257,-26.2444210052,-28.4159708023
17.4605433941,-26.1996111870,-30.1143755913
23.1127185822,-26.2406167984,-28.6216096878
21.2078943253,-26.2446022034,-30.3897895813
19.2555751801,-26.2234082222,-32.1650972366
25.5035533905,-26.2389764786,-30.5127840042
23.2892775536,-26.2430434227,-32.3639578819
21.0436239243,-26.2402248383,-34.2175121307
149.6295814514,-168.9585113525,-25.1090855598
149.6760711670,-168.9550704956,-15.9865911007
144.6527023315,-168.9654502869,-25.2493443489
139.6730613708,-168.9726562500,-25.3915171623
139.7980384827,-168.9697723389,-20.7746090889
139.9190139771,-168.9691925049,-16.1580209732
20.0130763054,-45.1275415421,-38.0868301392
17.6752672195,-45.0907230377,-38.7994184494
15.2498271465,-45.1338453293,-39.5070199966
20.9365534782,-45.1171827316,-41.0426139832
18.4794259071,-45.0814294815,-41.2466421127
15.9417777061,-45.1230792999,-41.4466466904
21.8666763306,-45.1082983017,-43.9969739914
19.2885370255,-45.0691165924,-43.6924505234
16.6369943619,-45.1107368469,-43.3863840103
19.9579544067,-49.8594617844,-38.0825643539
17.5966596603,-49.8416528702,-38.8044319153
15.1192955971,-49.9287099838,-39.5233001709
20.8798718452,-49.8480873108,-41.0469341278
18.3969912529,-49.8322238922,-41.2507486343
15.8110051155,-49.9136686325,-41.4508962631
21.8077940941,-49.8370790482,-44.0096607208
19.2024326324,-49.8203821182,-43.6955823898
16.5000762939,-49.9031085968,-43.3793487549
19.8890900612,-54.5950107574,-38.1003494263
17.4951312542,-54.6039724350,-38.8112096786
14.9292588234,-54.7625608444,-39.5259923935
20.8040585518,-54.5834178925,-41.0534811020
18.2908401489,-54.5950031281,-41.2562093735
15.6199283600,-54.7484884262,-41.4619007111
21.7240877151,-54.5711040497,-44.0048713684
19.0911927223,-54.5842428207,-43.6999540329
16.3098676205,-54.7383413315,-43.3994646072
47.8719301224,-102.3818492889,-149.5805091858
47.8452816010,-102.3837394714,-154.1517944336
47.8239259720,-102.3797130585,-158.7197875977
47.8571147919,-107.1512603760,-149.5743484497
62.0176095963,-59.5214414597,-230.8384132385
31.4789810181,-102.4108276367,-56.2972736359
32.6427960396,-102.4522418976,-50.5978593826
33.9791584015,-102.4305248260,-44.9051418304
25.3331437111,-102.3806724548,-56.2099027634
26.7967381477,-102.3934974670,-51.1268892288
28.3725829124,-102.4440383911,-46.0615682602
19.3609662056,-102.3801593781,-56.1198263168
21.3021245003,-102.3800621033,-51.6729927063
23.2494001389,-102.3819446564,-47.2267694473
31.3490624428,-107.1603832245,-56.3139505386
32.3777976036,-107.2100696564,-50.5866289139
33.5482707024,-107.2505798340,-44.8720045090
25.3301472664,-107.1419601440,-56.2098789215
26.7605357170,-107.1427917480,-51.1243257523
28.2373013496,-107.1608104706,-46.0446300507
19.3511130810,-107.1420917511,-56.1076173782
21.3020892143,-107.1420879364,-51.6731081009
23.2531394958,-107.1420097351,-47.2384643555
31.2983007431,-111.9103240967,-56.3011426926
32.2448062897,-111.9276313782,-50.5790958405
33.2972197533,-111.9647712708,-44.8617992401
25.3300528526,-111.9039554596,-56.2099561691
26.7565016747,-111.9038658142,-51.1243515015
28.1871056557,-111.9048385620,-46.0389909744
19.3609349728,-111.9039897919,-56.1197938919
21.3020625114,-111.9040164948,-51.6730899811
23.2431817055,-111.9040222168,-47.2263746262
47.7883243561,-59.5228662491,-190.9069519043
47.7642087936,-59.5280065536,-195.5684547424
47.7794446945,-64.2980384827,-190.9342231750
47.7554817200,-64.2928934097,-195.5700950623
47.8132944107,-69.0552616119,-190.9346237183
56.9793405533,-130.9484329224,-92.0908203125
53.9075641632,-130.9503364563,-88.0373802185
50.8999710083,-130.9510955811,-83.9805431366
53.7603397369,-130.9514007568,-94.2359886169
50.6832933426,-130.9514656067,-91.2860469818
47.6061925888,-130.9514732361,-88.3360347748
50.6091032028,-130.9514961243,-96.3809032440
47.4612483978,-130.9515037537,-94.5355987549
44.3134250641,-130.9515075684,-92.6902847290
56.9062938690,-135.7196083069,-92.1179714203
53.8992300034,-135.7234039307,-88.0419692993
50.8981599808,-135.7169761658,-83.9602336884
53.7603549957,-135.7133483887,-94.2359962463
50.6832380295,-135.7133560181,-91.2860279083
47.6061687469,-135.7133674622,-88.3360252380
50.6104421616,-135.7133941650,-96.3597850800
47.4612493515,-135.7134017944,-94.5355911255
56.9091100693,-140.4844169617,-92.0958747864
53.9003782272,-140.4884948730,-88.0411834717
50.8982219696,-140.4813957214,-83.9807834625
53.7603588104,-140.4752578735,-94.2359752655
50.6832733154,-140.4752922058,-91.2860069275
47.6061983109,-140.4752960205,-88.3360042572
50.6091022491,-140.4753074646,-96.3808803558
-11.6958615780,-30.9429993629,-40.0279951096
-10.9708411694,-30.9459171295,-43.1820755005
-10.2417764664,-30.9512052536,-46.3525333405
-9.0939177275,-30.9511117935,-39.6614265442
-8.4213230610,-30.9511408806,-42.3653974533
-7.7487225533,-30.9511713982,-45.0693702698
-6.4960283041,-30.9510803223,-39.2784528732
-5.8760459423,-30.9511065483,-41.5325126648
-5.2560614347,-30.9511327744,-43.7865667343
-11.6869320869,-35.7129964828,-40.0234794617
-10.9607224464,-35.7130336761,-43.1859598160
-10.2403523922,-35.7131223679,-46.3607454300
-9.0938874483,-35.7130260468,-39.6614093781
-8.4212939739,-35.7130546570,-42.3653821945
-7.7486963272,-35.7130861282,-45.0693559647
-6.4949933290,-35.7129974365,-39.2870388031
-5.8760173321,-35.7130231857,-41.5324974060
-5.2570390105,-35.7130498886,-43.7779531479
-11.6888322830,-40.4765157700,-40.0382013321
-10.9636259079,-40.4765567780,-43.1920804977
-9.0938618183,-40.4749221802,-39.6613979340
-8.4212691784,-40.4749574661,-42.3653688431
-7.7486708164,-40.4749879837,-45.0693426132
-6.4959700108,-40.4748926163,-39.2784357071
-5.8759897947,-40.4749240875,-41.5324926376
-5.2560070753,-40.4749517441,-43.7865428925
-11.6728718281,-16.6558210850,-40.0434970856
-10.9494624138,-16.6576168537,-43.1987771988
-10.2419137955,-16.6650032997,-46.3525876999
-9.0940145254,-16.6653687954,-39.6615056992
-8.4214165211,-16.6654014587,-42.3654737473
-7.7488139868,-16.6654319763,-45.0694437027
-6.4961243868,-16.6653237343,-39.2785272598
-5.8761417866,-16.6653549671,-41.5325832367
-5.2561554909,-16.6653831005,-43.7866353989
-11.6582200527,-21.4105539322,-40.0375003815
-10.9406623840,-21.4143657684,-43.2026634216
-10.2404351234,-21.4273810387,-46.3608121872
-9.0939774513,-21.4272847176,-39.6614742279
-8.4213806391,-21.4273152351,-42.3654451370
-7.7487807274,-21.4273443222,-45.0694169998
-6.4950848818,-21.4272460938,-39.2870941162
-5.8761069775,-21.4272751808,-41.5325527191
-5.2571268082,-21.4273004532,-43.7780094147
-11.6820926666,-26.1757698059,-40.0348081589
-10.9639236927,-26.1807060242,-43.1901655197
-10.2418036461,-26.1892952919,-46.3525552750
-9.0939476490,-26.1892056465,-39.6614446640
-8.4213517904,-26.1892356873,-42.3654155731
-7.7487505674,-26.1892647743,-45.0693902969
-6.4960584641,-26.1891713142,-39.2784709930
-5.8760756254,-26.1891994476,-41.5325307846
-5.2560905814,-26.1892247200,-43.7865848541
-2.2816517651,-45.2368354797,-44.3106384277
-0.5038285740,-45.2368268967,-45.4007892609
1.2736709043,-45.2368173599,-46.4859638214
-1.2841541893,-45.2375106812,-43.3374443054
0.2451592446,-45.2373609543,-44.1084547043
1.7679003924,-45.2365465164,-44.8617124557
-0.3131187982,-45.2374372482,-42.3883924484
0.9596005254,-45.2372426987,-42.8653221130
2.2610592246,-45.2362155914,-43.2896957397
-2.2861919105,-49.9987449646,-44.3073625565
-0.5035055615,-49.9987468719,-45.4036741257
1.2785631493,-49.9987392426,-46.4921255112
-1.2865980291,-49.9987134933,-43.3336219788
0.2450400903,-49.9986915588,-44.1089420319
1.7693291008,-49.9986686707,-44.8659458160
-0.3122871281,-49.9986572266,-42.3871669769
0.9584345943,-49.9986305237,-42.8616600037
2.2551906407,-49.9980754852,-43.2868890762
-2.2815920562,-54.7606563568,-44.3106403351
-0.5037723090,-54.7606620789,-45.4007883072
1.2737133261,-54.7606554031,-46.4859590530
-1.2840926107,-54.7599067688,-43.3374500275
0.2452108543,-54.7600278854,-44.1084575653
1.7678700238,-54.7606067657,-44.8616895676
-0.3130535092,-54.7598772049,-42.3884010315
0.9595249835,-54.7597856522,-42.8652906418
2.2573647499,-54.7603263855,-43.2893009186
13.9177238941,-73.8086757660,-94.4874267578
18.9699454308,-73.8086662292,-94.5671825409
18.2550344467,-73.8086795807,-99.4800949097
17.5401504040,-73.8086948395,-104.3930015564
24.0224819183,-73.8085784912,-94.6467342377
23.2299737930,-73.8086242676,-99.4807701111
22.4378232956,-73.8086853027,-104.3146915436
18.9699449539,-78.5705814362,-94.5671634674
18.2550473213,-78.5705986023,-99.4800567627
24.0236372948,-78.5704936981,-94.6483516693
23.2299962044,-78.5705776215,-99.4807662964
22.4363441467,-78.5705986023,-104.3131294250
18.9699535370,-83.3324909210,-94.5671501160
18.2550549507,-83.3325042725,-99.4800662994
24.0221691132,-83.3324642181,-94.6468772888
23.2299981117,-83.3324928284,-99.4807834625
22.4378299713,-83.3325061798,-104.3146686554
2.6665227786,-59.5226392746,-49.7484636307
1.5214335695,-59.5227146149,-53.6144266129
0.3758325465,-59.5228691101,-57.4818983078
5.6123963594,-59.5224809647,-49.5613946915
5.7970734239,-59.5226516724,-53.3073501587
5.9818089008,-59.5227241516,-57.0533170700
8.5769811869,-59.5281658173,-49.3766975403
10.0907162428,-59.5282421112,-53.0022497177
11.6050097942,-59.5293235779,-56.6279907227
2.6919652671,-64.2845668793,-49.7461566925
1.5214630216,-64.2846384048,-53.6144094467
0.3510229643,-64.2846908569,-57.4828386307
5.6123905182,-64.2845306396,-49.5613927841
5.7971214652,-64.2846164703,-53.3073463440
5.9818536043,-64.2846755981,-57.0533103943
8.5355271101,-64.2843790054,-49.3774662018
10.0759063959,-64.2852134705,-53.0010013580
11.6166844368,-64.2858753204,-56.6244611740
2.6665830389,-69.0465049744,-49.7484350204
1.5214855298,-69.0465755463,-53.6143865585
0.3758771569,-69.0465259552,-57.4818506241
5.6124218702,-69.0464839935,-49.5613937378
5.7971353531,-69.0465621948,-53.3073263168
5.9818611741,-69.0466194153,-57.0532827377
8.5585581064,-69.0461254120,-49.3744831085
10.0733491182,-69.0461425781,-53.0004606247
11.5880954266,-69.0462570190,-56.6263465881
33.0399909019,-73.7143306732,-56.3220024109
34.1348485947,-73.8069877625,-50.5876703262
35.1130533218,-73.8484382629,-44.8436841965
26.2830410004,-73.7079410553,-56.2332344055
28.2044739723,-73.6263427734,-51.1560668945
29.9565057755,-73.7054767609,-46.0603017807
19.5486278534,-73.8633518219,-56.1344900131
21.8862600327,-73.8220558167,-51.7058391571
24.3842172623,-73.6770591736,-47.2687015533
32.9095807076,-78.4462356567,-56.3420076370
34.0540561676,-78.5223293304,-50.5995883942
35.0858860016,-78.5936679840,-44.8377695084
26.0141692162,-78.5540580750,-56.2322206497
27.9568529129,-78.4346981049,-51.1628017426
29.8196277618,-78.4171791077,-46.0740423203
19.4403858185,-78.6026306152,-56.1169776917
21.6569180489,-78.6377925873,-51.7024202347
24.1156711578,-78.5396575928,-47.2836017609
32.7111463547,-83.1977348328,-56.3319234848
33.9356899261,-83.2270374298,-50.6072568893
35.0501704216,-83.3116798401,-44.8617286682
25.7588415146,-83.3784103394,-56.2278966904
27.6754198074,-83.2724761963,-51.1618480682
29.6180849075,-83.1723499298,-46.0867090225
19.3923201561,-83.3434104919,-56.1233215332
21.4976706505,-83.3923034668,-51.6947002411
23.8365716934,-83.3761520386,-47.2726459503
-9.0937310457,-59.5225048065,-39.6613798141
-8.4211493731,-59.5225648880,-42.3653459549
-6.4958264828,-59.5224609375,-39.2784433365
-5.8758597374,-59.5225200653,-41.5324926376
-5.2558878660,-59.5225715637,-43.7865343094
-6.4947710037,-64.2843484879,-39.2870311737
-5.8758161068,-64.2844171524,-41.5324773788
-5.2568545341,-64.2844781876,-43.7779235840
-6.4957185984,-69.0462493896,-39.2784099579
-5.8757658005,-69.0463352203,-41.5324516296
-5.2558052540,-69.0464076996,-43.7864875793
12.1170287132,-30.9515404701,-109.3967933655
11.7192239761,-30.9515624046,-114.2723464966
16.9701960087,-30.9514994621,-109.2706165314
16.5454084873,-30.9515495300,-114.1129913330
16.1206045151,-30.9515614510,-118.9553546906
21.8308367729,-30.9549026489,-109.1449203491
21.3724346161,-30.9517755508,-113.9533138275
20.9198112488,-30.9514875412,-118.7626953125
12.1165256500,-35.7134580612,-109.3961524963
11.7192344666,-35.7134799957,-114.2723541260
16.9702234268,-35.7134323120,-109.2706184387
16.5454132557,-35.7134656906,-114.1129989624
16.1206185818,-35.7134799957,-118.9553413391
21.8281369209,-35.7154951096,-109.1452579498
21.3720841408,-35.7134571075,-113.9533653259
20.9192781448,-35.7134189606,-118.7620468140
12.1170566082,-40.4753608704,-109.3967628479
11.7192499638,-40.4753847122,-114.2723178864
16.9702422619,-40.4753475189,-109.2706241608
16.5454227924,-40.4753675461,-114.1129589081
16.1206336021,-40.4753847122,-118.9553279877
21.8255772591,-40.4763145447,-109.1442947388
21.3718228340,-40.4752807617,-113.9534683228
20.9198145866,-40.4753417969,-118.7627143860
24.2924046516,-30.9516487122,-151.4847259521
29.0355391502,-30.9516315460,-151.1248092651
28.9749922752,-30.9516391754,-155.7734298706
28.9144716263,-30.9516701698,-160.4220504761
33.7795958519,-30.9516301155,-150.7643928528
33.7233843803,-30.9515814781,-155.3923492432
33.6689963341,-30.9513983727,-160.0198936462
24.2925181389,-35.7135629654,-151.4843177795
29.0355477333,-35.7135467529,-151.1248016357
28.9750041962,-35.7135620117,-155.7734184265
28.9144697189,-35.7135801315,-160.4220504761
33.7787466049,-35.7134799957,-150.7650451660
33.7234029770,-35.7135334015,-155.3924255371
33.6682643890,-35.7135944366,-160.0198516846
24.2924308777,-40.4754638672,-151.4847106934
29.0355644226,-40.4754428864,-151.1247940063
28.9750313759,-40.4754657745,-155.7734260559
28.9144921303,-40.4754848480,-160.4220504761
33.7793016434,-40.4753189087,-150.7645568848
33.7234835625,-40.4754371643,-155.3924560547
33.6688146591,-40.4754514694,-160.0200576782
61.3872718811,-145.2327232361,-116.8145561218
61.0815649033,-145.2316856384,-112.5256023407
60.8137102127,-145.2231674194,-108.2660274506
56.7030467987,-145.2371940613,-108.9554843903
61.0766143799,-149.9990768433,-112.5250892639
60.7702779770,-150.0026359558,-108.2344322205
2.4666650593,-2.4124627961,-39.6104412079
1.3140020072,-2.3978248739,-39.2367696762
0.1452675965,-2.3830139626,-38.8598041534
2.5661905408,-2.4071301618,-40.7407684326
1.3597751558,-2.3909476986,-40.4102745056
0.1656803079,-2.3786555170,-40.0658092499
2.6603300273,-2.4007037537,-41.8955011368
1.4201343358,-2.3850620181,-41.5896406174
0.2139394879,-2.3743839302,-41.2575502396
2.4130603671,-7.1967324018,-39.6106033325
1.2698742598,-7.1751160622,-39.2335662842
0.0800861409,-7.1546827555,-38.8524332047
2.5131001770,-7.1879066229,-40.7519750595
1.2978507578,-7.1649309397,-40.4321537018
0.0867657540,-7.1478611231,-40.0878982544
2.6032613814,-7.1782974005,-41.9423294067
1.3517173827,-7.1563334465,-41.6435575485
0.1466240510,-7.1418664455,-41.2958774567
2.3832609057,-11.9801013470,-39.6052989960
1.2387335896,-11.9545235634,-39.2285127640
0.0520420335,-11.9279649258,-38.8479766846
2.4833957851,-11.9693336487,-40.7477455139
1.2680046409,-11.9413833618,-40.4287853241
0.0618249830,-11.9173891544,-40.0844011307
2.5726231337,-11.9577238560,-41.9396533966
1.3248552978,-11.9298794270,-41.6424179077
0.1277736723,-11.9098887444,-41.2947978973
25.3204102516,-16.6669619083,-123.3668022156
25.0656571388,-16.6658923626,-128.0699024200
24.8232083321,-16.6656913757,-132.7743911743
30.1669459343,-16.7009284496,-123.2562789917
29.8537187576,-16.6900417805,-127.8975276947
29.5708112717,-16.6740550995,-132.5421829224
35.4887399673,-16.5277769566,-123.1306018829
34.9764614105,-16.6233477592,-127.7231502533
34.5703897476,-16.6566147804,-132.3065071106
25.3140711784,-21.4295544624,-123.3647956848
25.0646390915,-21.4279475212,-128.0697116852
24.8227143288,-21.4276776314,-132.7755432129
30.1470699310,-21.4716367722,-123.2516765594
29.8349223137,-21.4548606873,-127.8944873810
29.5581021309,-21.4367218018,-132.5409774780
35.4489860535,-21.3124041557,-123.1232585907
34.9404468536,-21.4126949310,-127.7177562714
34.5326170921,-21.4424996376,-132.3048019409
25.3097772598,-26.1914796829,-123.3655796051
25.0641431808,-26.1897649765,-128.0696506500
24.8229246140,-26.1896243095,-132.7745361328
30.1256108284,-26.2379307747,-123.2494430542
29.8213677406,-26.2176260948,-127.8929786682
29.5503273010,-26.1975660324,-132.5403556824
35.4177036285,-26.0986838341,-123.1215705872
34.9094448090,-26.1887545586,-127.7178401947
34.5040345192,-26.2152404785,-132.3042297363
0.2236948740,-73.8074798584,-34.2177705765
-1.6225920618,-73.8074779510,-33.4502420425
-3.4688814282,-73.8074741364,-32.6827096939
-0.4071596060,-73.8077068329,-35.7543163300
-2.1768883616,-73.8077297211,-35.2935619354
-3.9466940761,-73.8077507019,-34.8325233459
-1.0553273335,-73.8078899384,-37.2732315063
-2.7311478555,-73.8079261780,-37.1369009018
-4.4244663119,-73.8079586029,-36.9823532104
0.2253060117,-78.5694122314,-34.2235870361
-1.6224401444,-78.5693798065,-33.4501962662
-3.4701933861,-78.5693569183,-32.6767945290
-0.4069984257,-78.5696506500,-35.7542915344
-2.1767664552,-78.5696582794,-35.2935009003
-3.9465777278,-78.5696716309,-34.8324460983
-1.0569272377,-78.5698432922,-37.2669973373
-2.7310509086,-78.5698776245,-37.1368312836
-4.4229151011,-78.5699119568,-36.9881248474
0.2239630613,-83.3314151764,-34.2175960541
-1.6223120242,-83.3313674927,-33.4500532150
-3.4591095448,-83.3319091797,-32.6819319725
-0.4069381040,-83.3316612244,-35.7541322708
-2.1766684055,-83.3316612244,-35.2933588028
-3.9318423867,-83.3326644897,-34.8344516754
-1.0551493391,-83.3318576813,-37.2730360031
-2.7309785783,-83.3318881989,-37.1366853714
12.9265172482,-59.4876499176,-17.9270553589
10.6854221821,-59.4952936172,-18.8400158882
8.3172576427,-59.5740242004,-19.7457971573
13.4142985344,-59.4633646011,-19.8500671387
11.4926664829,-59.4655036926,-20.8054704666
9.4540936947,-59.5449504852,-21.7555260658
13.8981869221,-59.4399557114,-21.7721347809
12.3019464016,-59.4400177002,-22.7707853317
10.6137020588,-59.5064210892,-23.7638187408
12.8971462250,-64.2461032867,-17.9441022873
10.6248164177,-64.2660140991,-18.8509221077
8.1630344391,-64.4205064774,-19.7559685707
13.3669729233,-64.2203521729,-19.8676056862
11.4187409878,-64.2360610962,-20.8178472519
9.2898800373,-64.3941221237,-21.7676148415
13.8312294483,-64.1957969666,-21.7897324562
12.2153022289,-64.2117424011,-22.7844099998
10.4453158379,-64.3552312851,-23.7781505585
12.8364791870,-69.0115699768,-17.9602732658
10.5389926434,-69.0467338562,-18.8643851280
8.0040702820,-69.2660560608,-19.7564845085
13.2995162010,-68.9845638275,-19.8857007027
11.3139138222,-69.0220394135,-20.8331246376
9.1102555990,-69.2406997681,-21.7701807022
13.7557508945,-68.9600162506,-21.8089537621
12.0921416283,-69.0039253235,-22.8004884720
10.2450351715,-69.2078514099,-23.7847723961
13.1692278385,-31.0067262650,-1.2319982394
12.5900146961,-31.0114707947,-3.6125091314
11.4918754101,-31.0162515640,-5.7778494358
17.7766962051,-31.0081195831,-1.2946742177
17.1386981010,-31.0079817772,-3.8625333309
16.3773682117,-31.0075454712,-6.3828315735
22.4781517982,-31.0025224686,-1.3995202184
21.9247570038,-31.0024747849,-4.2349201441
21.3378038406,-31.0021386147,-7.0554907322
13.1348989010,-35.7735195160,-1.2323783530
12.5448915958,-35.7778673172,-3.5997160673
11.4538421631,-35.7827510834,-5.7574293613
17.7486875057,-35.7710247040,-1.2894228995
17.1014585495,-35.7717447281,-3.8500632048
16.3516824245,-35.7723588943,-6.3707743883
22.4620170593,-35.7649192810,-1.3922176659
21.9104242325,-35.7650833130,-4.2305122614
21.3276538849,-35.7650089264,-7.0561388731
13.1243722439,-40.5385484695,-1.2287886070
12.5441744328,-40.5444574356,-3.6024755239
11.4451911449,-40.5513124466,-5.7584254742
17.7502281666,-40.5318231583,-1.2920991182
17.1132216454,-40.5328702927,-3.8550815582
16.3545608521,-40.5344390869,-6.3692898750
22.4601078033,-40.5263128281,-1.3978736997
21.9076981544,-40.5266237259,-4.2297156453
21.3232421875,-40.5268011093,-7.0473982096
28.8685469627,-2.3802104398,-165.0698699951
28.8375205994,-2.3802358561,-169.7167778015
33.6263713837,-2.3799579178,-164.6528320312
33.5988178253,-2.3801824601,-169.2857933044
33.5714230537,-2.3802229529,-173.9186706543
28.8685884476,-7.1421121359,-165.0698699951
28.8375487328,-7.1421426535,-169.7167701721
33.6261005402,-7.1420009136,-164.6533622742
33.5988121033,-7.1420931816,-169.2857513428
33.5715475082,-7.1421316862,-173.9181022644
28.8686199188,-11.9040317535,-165.0698738098
28.8375821114,-11.9040474892,-169.7167282104
33.6270556450,-11.9036948681,-164.6527748108
33.5988726616,-11.9040031433,-169.2857360840
33.5720534325,-11.9040386677,-173.9181938171
90.4748210907,-102.3831996918,-259.3876724243
90.4534530640,-102.3825340271,-254.8323554993
-2.2814227045,-73.8083209991,-44.3105764389
-0.5036102254,-73.8083419800,-45.4007358551
1.2738655601,-73.8083648682,-46.4859075546
-1.2839027643,-73.8089923859,-43.3374118805
0.2453964390,-73.8088798523,-44.1084280014
1.7680363953,-73.8082942963,-44.8616533279
-0.3128366396,-73.8089179993,-42.3883876801
0.9597399533,-73.8089923859,-42.8652772903
2.2576081157,-73.8083915710,-43.2892847061
-0.5032689571,-78.5703201294,-45.4035530090
1.2787743509,-78.5703392029,-46.4920034409
-1.2863221765,-78.5702514648,-43.3335161209
0.2453026026,-78.5702743530,-44.1088438034
1.7696002722,-78.5702838898,-44.8658504486
-0.3119759448,-78.5701980591,-42.3870887756
0.9587614015,-78.5702037811,-42.8615894318
2.2549630702,-78.5701999664,-43.2867078781
1.2739422135,-83.3323192596,-46.4857511520
0.2454851978,-83.3316974640,-44.1082496643
1.7681243718,-83.3322944641,-44.8614883423
-0.3127355576,-83.3315200806,-42.3881978989
0.9598419033,-83.3314609528,-42.8650999069
2.2577122152,-83.3320617676,-43.2891197205
1.7714259177,-73.8074989319,-35.0409688950
1.0609560087,-73.8080711365,-36.3213434219
0.3574356034,-73.8082618713,-37.5862998962
3.0461292267,-73.8076992035,-35.9723634720
2.2474530637,-73.8082313538,-37.0061769485
1.4939983487,-73.8082599640,-38.0659713745
4.3363652825,-73.8077850342,-36.9163551331
3.4409911036,-73.8079509735,-37.7581319809
2.5913062692,-73.8078689575,-38.6015329361
1.7698681206,-78.5694637299,-35.0365037918
1.0597171560,-78.5696601868,-36.3179197311
0.3575694177,-78.5698299408,-37.5876493454
3.0461356044,-78.5695362091,-35.9702320099
2.2477603555,-78.5697040558,-37.0048255920
1.4943417162,-78.5698471069,-38.0675621033
4.3378390074,-78.5696048737,-36.9187784195
3.4423134327,-78.5697517395,-37.7604866028
2.5912441611,-78.5698757172,-38.6015367508
1.7716758996,-83.3314857483,-35.0407934189
1.0611744002,-83.3313198090,-36.3211708069
0.3576172404,-83.3314666748,-37.5861177444
3.0463715196,-83.3314552307,-35.9721860886
2.2476637959,-83.3312454224,-37.0060081482
1.4941788912,-83.3315048218,-38.0657978058
4.3366318345,-83.3314781189,-36.9161567688
3.4411919117,-83.3316211700,-37.7579622269
2.5914852619,-83.3319435120,-38.6013641357
68.4213199615,-173.8002090454,-46.8542404175
68.0272541046,-173.8097801208,-52.0565195084
67.6680202484,-173.8091011047,-57.2238855362
120.3713951111,-2.3803369803,-385.7595443726
8.8099256754,-16.6657481194,-94.6301441193
8.2424131632,-16.6657829285,-99.6510295868
7.6749029160,-16.6658139229,-104.6718864441
8.8116058111,-21.4276547432,-94.6299037933
8.2424335480,-21.4276900291,-99.6509819031
7.6732589006,-21.4277186394,-104.6720428467
8.8099606037,-26.1895718575,-94.6301040649
8.2424505949,-26.1896057129,-99.6509895325
7.6749378443,-26.1896333694,-104.6718463898
135.4076766968,-2.3016996849,-2.3795325160
130.6809997559,-2.3067225255,-2.3876461387
125.9547042847,-2.3114625514,-2.3950777054
135.2215843201,-2.3034641780,-7.0208095312
130.4350967407,-2.3085593246,-7.0538798571
125.6484336853,-2.3136421032,-7.0867793560
135.4107360840,-7.0638725758,-2.3791958690
130.6861724854,-7.0688972473,-2.3864032030
125.9620380402,-7.0737332106,-2.3925266862
135.2265968323,-7.0654637814,-7.0194581747
130.4400997162,-7.0705324411,-7.0524995327
125.6534366608,-7.0755840540,-7.0853990316
135.4168663025,-11.8259224892,-2.3775371313
130.6911582947,-11.8309364319,-2.3852289319
125.9659652710,-11.8357462883,-2.3918845057
135.2315559387,-11.8274450302,-7.0181665421
130.4450550079,-11.8324904442,-7.0512064695
125.6583938599,-11.8375246525,-7.0840709209
76.1493244171,-102.3842239380,-219.9668006897
76.1443233490,-102.3782215118,-215.3742408752
76.1269626617,-107.1512317657,-215.3712654114
24.6411900520,-30.9516029358,-137.4593620300
24.5143823624,-30.9516201019,-142.1371765137
24.3875966072,-30.9516348839,-146.8150215149
29.3593730927,-30.9523730278,-137.1874961853
29.2408752441,-30.9515705109,-141.8325996399
29.1241092682,-30.9515991211,-146.4778747559
34.1780896187,-30.9793796539,-136.9131584167
34.0019650459,-30.9670495987,-141.5267372131
33.8667054176,-30.9539027214,-146.1402664185
24.6413960457,-35.7135238647,-137.4587326050
24.5143933296,-35.7135324478,-142.1371574402
24.3874135017,-35.7135486603,-146.8156356812
29.3583498001,-35.7139272690,-137.1874084473
29.2407584190,-35.7134714127,-141.8326644897
29.1241359711,-35.7135248184,-146.4778862000
34.1572098732,-35.7457809448,-136.9158821106
33.9914650917,-35.7238483429,-141.5272445679
33.8637986183,-35.7147817612,-146.1399192810
24.6412019730,-40.4754238129,-137.4593505859
24.5144047737,-40.4754333496,-142.1371536255
24.3876194954,-40.4754486084,-146.8150062561
29.3577880859,-40.4754896164,-137.1874504089
29.2407083511,-40.4753713608,-141.8326950073
29.1241493225,-40.4754314423,-146.4778862000
34.1324868202,-40.5008020401,-136.9142646790
33.9822506905,-40.4821586609,-141.5276031494
33.8626184464,-40.4760580063,-146.1402969360
24.6411213875,-16.6658561230,-137.4593467712
24.5143594742,-16.6658957005,-142.1372184753
24.3875551224,-16.6659071445,-146.8150749207
29.3685755730,-16.6663060188,-137.1875991821
29.2419257164,-16.6658105850,-141.8324050903
29.1241393089,-16.6658113003,-146.4778404236
34.2533588409,-16.6721620560,-136.9146575928
34.0447893143,-16.6815299988,-141.5272521973
33.8872547150,-16.6710228920,-146.1394615173
24.6413431168,-21.4277667999,-137.4587249756
24.5143680573,-21.4278016090,-142.1372070312
24.3873748779,-21.4278120995,-146.8156814575
29.3630599976,-21.4287214279,-137.1875343323
29.2412877083,-21.4277925491,-141.8324394226
29.1240844727,-21.4277520180,-146.4778671265
34.2205715179,-21.4543261528,-136.9145889282
34.0270051956,-21.4438304901,-141.5261116028
33.8763737679,-21.4313821793,-146.1389160156
24.6411743164,-26.1896915436,-137.4593582153
24.5143752098,-26.1897153854,-142.1371879578
24.3875837326,-26.1897282600,-146.8150367737
29.3606438637,-26.1906876564,-137.1875686646
29.2410550117,-26.1896958351,-141.8325119019
29.1240887642,-26.1896824837,-146.4778671265
34.1987419128,-26.2182803154,-136.9122161865
34.0132980347,-26.2069425583,-141.5263366699
33.8709177971,-26.1928176880,-146.1396484375
-2.0381914154,-16.8520593643,-24.8744926453
-4.6637538671,-16.7973315716,-23.0466017723
-7.2622133493,-16.7308323383,-21.2188019753
-3.4761607647,-16.7489349842,-27.2210712433
-6.1306444407,-16.6853911877,-25.8136215210
-8.7426823378,-16.6660079956,-24.4104290009
-4.8366885185,-16.6735670567,-29.5725274086
-7.5071012974,-16.6652376652,-28.5904235840
-10.1571643353,-16.6651306152,-27.6106333733
-2.0481032133,-21.6281528473,-24.8756132126
-4.6698625088,-21.5679488182,-23.0400323868
-7.2645870447,-21.4969592094,-21.2062869072
-3.4829554856,-21.5139455795,-27.2170081139
-6.1347695589,-21.4464812279,-25.8119211197
-8.7435359955,-21.4283647537,-24.4100556374
-4.8396802545,-21.4341702461,-29.5635414124
-7.5074517727,-21.4271826744,-28.5902724266
-10.1583995819,-21.4270701408,-27.6186165810
-2.0559864119,-26.3944239616,-24.8616557121
-4.6764226556,-26.3294196129,-23.0349431038
-7.2694499493,-26.2568182945,-21.2110800743
-3.4906014502,-26.2718868256,-27.2140107155
-6.1388723850,-26.2053112984,-25.8107514381
-8.7441542149,-26.1901874542,-24.4097857475
-4.8455022573,-26.1935658455,-29.5709114075
-7.5077946186,-26.1889910698,-28.5901889801
-10.1570823193,-26.1890025139,-27.6105446815
90.3298110962,-130.9485855103,-218.2506141663
90.3396320343,-130.9513168335,-213.6711959839
-6.1054753661,-45.2358036041,-52.7878665924
-3.5757887363,-45.2371177673,-56.0959587097
-6.2796996236,-45.2369279861,-47.6457633972
-4.0144047141,-45.2369470596,-50.0946588516
-1.7491080649,-45.2369680405,-52.5435523987
-3.9227935374,-45.2368841171,-45.8056974411
-1.9230065718,-45.2368955612,-47.3986606598
0.0767829306,-45.2369041443,-48.9916210175
-3.5698463619,-49.9989318848,-56.1119937897
-6.2796747088,-49.9988336563,-47.6457567215
-4.0143808424,-49.9988555908,-50.0946502686
-1.7490873374,-49.9988756180,-52.5435419083
-3.9176934659,-49.9987869263,-45.8220500946
-1.9229814410,-49.9988021851,-47.3986549377
0.0717306100,-49.9988136292,-48.9752540588
-3.5757434368,-54.7607460022,-56.0959329605
-6.2796485424,-54.7607402802,-47.6457462311
-4.0143557489,-54.7607650757,-50.0946416855
-1.7490639649,-54.7607889175,-52.5435323715
-3.9227383435,-54.7606916428,-45.8056926727
-1.9229540545,-54.7607078552,-47.3986520767
0.0768299717,-54.7607212067,-48.9916038513
61.5675630569,-145.2330284119,-121.1843948364
12.9845721722,-45.2476797104,-17.8902258873
10.7817084789,-45.1982173920,-18.8122949600
8.5221643448,-45.2023830414,-19.7260961533
13.4948971272,-45.2279148102,-19.8101439476
11.6152079105,-45.1793279648,-20.7726111412
9.6862721443,-45.1802625656,-21.7305679321
13.9998862743,-45.2057800293,-21.7311553955
12.4503269196,-45.1633510590,-22.7342529297
10.8581812382,-45.1608266830,-23.7355890274
12.9766271114,-49.9900236130,-17.8999366760
10.7593550682,-49.9605894089,-18.8211536407
8.4746170044,-49.9769668579,-19.7306799889
13.4752390385,-49.9689645767,-19.8199191093
11.5863356590,-49.9372673035,-20.7825708389
9.6375218630,-49.9514303207,-21.7376127243
13.9695830345,-49.9463396072,-21.7402496338
12.4146316051,-49.9174528122,-22.7450008392
10.8102908134,-49.9274644852,-23.7448749542
12.9501600266,-54.7353172302,-17.9122328758
10.7280130386,-54.7266321182,-18.8309564590
8.4190757275,-54.7622385025,-19.7359828949
13.4480984211,-54.7133035660,-19.8339533806
11.5461001396,-54.6995363235,-20.7942152023
9.5664581060,-54.7341661453,-21.7448334694
13.9424128532,-54.6908330917,-21.7551660538
12.3655989170,-54.6763095856,-22.7578868866
10.7274472713,-54.7052173615,-23.7531628609
13.4227859974,-2.3261469202,-1.2403018280
12.8237247467,-2.3234730412,-3.6462834477
11.6972143650,-2.3137482333,-5.8357883692
18.0321824551,-2.3136658687,-1.3153619766
17.3797481060,-2.3150284793,-3.9230528474
16.5815103054,-2.3154595178,-6.4781801701
22.6645193100,-2.3017313741,-1.4226818681
22.0987386703,-2.3019428402,-4.2921314836
21.4709849358,-2.3036541510,-7.1398081779
13.3900680542,-7.1308301687,-1.2432977678
12.7834200859,-7.1325913668,-3.6288561821
11.6590964794,-7.1268427372,-5.8072060347
17.9976606369,-7.1134568453,-1.3081439137
17.3358707428,-7.1145943403,-3.9038234949
16.5520634651,-7.1159464121,-6.4569642544
22.6273937225,-7.1065831184,-1.4076956511
22.0657920837,-7.1074681282,-4.2772843242
21.4566531181,-7.1088454723,-7.1284612417
13.3557002544,-11.9150576591,-1.2378939358
12.7652125359,-11.9174005985,-3.6278238893
11.6396505833,-11.9102039337,-5.8033818007
17.9574599266,-11.9105875492,-1.3063763976
17.3095273972,-11.9107260704,-3.8962495327
16.5254616737,-11.9103121758,-6.4372559786
22.5984663963,-11.8993375301,-1.4092479646
22.0388464928,-11.9001691341,-4.2644277215
21.4341402054,-11.9002137184,-7.1010178328
28.6251583099,-116.7396736145,-22.2858266830
25.2072706223,-116.6711959839,-20.9404444695
21.9107537270,-116.6659793854,-19.6115040779
26.9704599380,-116.6776561737,-25.1997895241
23.9696021080,-116.6659908295,-23.6476888657
20.9983310699,-116.6661624908,-22.1004643440
25.4081959724,-116.6659183502,-28.1262259483
22.7459688187,-116.6660556793,-26.3577027321
20.0860338211,-116.6660461426,-24.5894455910
28.4820251465,-121.4291648865,-22.2591757774
25.1900711060,-121.4279766083,-20.9370489120
21.9044756889,-121.4279270172,-19.6155543327
26.9378046989,-121.4277935028,-25.1943273544
23.9680609703,-121.4279327393,-23.6473412514
20.9981269836,-121.4279060364,-22.1003198624
25.4001584053,-121.4279346466,-28.1301126480
22.7459669113,-121.4278793335,-26.3576002121
20.0918269157,-121.4278907776,-24.5851016045
28.4696588516,-126.1898403168,-22.2626805305
25.1899437904,-126.1897792816,-20.9369564056
21.9102745056,-126.1897888184,-19.6112346649
26.9378046989,-126.1897583008,-25.1942539215
23.9679241180,-126.1897659302,-23.6472420692
20.9980792999,-126.1897792816,-22.1002616882
25.4059619904,-126.1897354126,-28.1258163452
22.7459192276,-126.1897544861,-26.3575468063
20.0858798027,-126.1897659302,-24.5892834663
32.3409709930,-16.7151076794,-62.0186481476
26.0446057320,-16.6381626129,-61.6886835098
19.1650190353,-16.6562399864,-61.3517532349
31.5230116844,-16.7078499794,-67.7935981750
25.1500792503,-16.5771048069,-67.5202827454
18.1747250557,-16.7411940098,-67.2433547974
30.6525855064,-16.6554133892,-73.5531635284
24.1634020805,-16.5696551800,-73.3534870148
17.2826445103,-16.7777817249,-73.1517982483
32.3477272987,-21.4782004356,-62.0171928406
26.0402379036,-21.3854746819,-61.6873741150
19.1203312874,-21.4186935425,-61.3532218933
31.5240964890,-21.4700126648,-67.7951087952
25.1351208687,-21.3191409111,-67.5205173492
18.1306674480,-21.5103263855,-67.2453517914
30.6438379288,-21.4080162048,-73.5534782410
24.1376605034,-21.3156857491,-73.3530426025
17.2624795437,-21.5380325317,-73.1509323120
32.3509492874,-26.2406930923,-62.0140199661
26.0240011215,-26.1278414726,-61.6865625381
19.0717713833,-26.1789617538,-61.3553466797
31.5260486603,-26.2286510468,-67.7905368805
25.1038627625,-26.0619049072,-67.5209980011
18.0822074413,-26.2763619423,-67.2467823029
30.6354584694,-26.1556601524,-73.5506095886
24.0953531265,-26.0663414001,-73.3524017334
17.2332217693,-26.2950081825,-73.1485290527
20.9430336952,-31.0016412735,-18.6485652924
18.1540617943,-31.0033011436,-18.1908769608
15.3914201260,-31.0054211617,-17.6999316216
20.3066473007,-31.0031628609,-21.0060081482
17.9570927620,-31.0049762726,-20.3378939629
15.6055045128,-31.0066156387,-19.6724295616
19.6992754936,-31.0053882599,-23.3260030746
17.7604889870,-31.0070018768,-22.4848246574
15.8166661263,-31.0068898201,-21.6453604698
20.9541401863,-35.7653684616,-18.6399812698
18.1559071541,-35.7678403854,-18.1837000847
15.3860235214,-35.7707481384,-17.6941585541
20.3097405434,-35.7671442032,-21.0001144409
17.9602775574,-35.7692127228,-20.3311800957
15.6088025570,-35.7709293365,-19.6644873619
19.6954965591,-35.7690744400,-23.3236184120
17.7643709183,-35.7708663940,-22.4785456657
15.8262414932,-35.7677383423,-21.6352510452
20.9465446472,-40.5280056000,-18.6401758194
18.1593008041,-40.5310096741,-18.1787867546
15.3977692127,-40.5338888168,-17.6846475601
20.3137240410,-40.5299749374,-20.9959096909
17.9643139839,-40.5321941376,-20.3264927864
15.6117069721,-40.5323486328,-19.6593461037
19.7078757286,-40.5315513611,-23.3163175583
17.7684674263,-40.5332183838,-22.4742255211
15.8166151047,-40.5219602585,-21.6350727081
2.2851896286,-45.2558498383,-39.5943632126
1.1614588350,-45.2381553650,-39.2196960449
0.0003102650,-45.2353839874,-38.8425054550
2.3929087222,-45.2470331192,-40.7380666733
1.2021647841,-45.2356100082,-40.4216880798
0.0226970441,-45.2361545563,-40.0808296204
2.4909246266,-45.2406034470,-41.9311580658
1.2713346630,-45.2356948853,-41.6369600296
0.0986108091,-45.2365512848,-41.2925024033
2.2650233507,-50.0015087128,-39.5935659409
1.1521472186,-49.9969015121,-39.2200498581
-0.0009516096,-49.9982662201,-38.8433284760
2.3761879206,-49.9984931946,-40.7369031906
1.1972828060,-49.9976263046,-40.4214582443
0.0229547520,-49.9985322952,-40.0817413330
2.4802335799,-49.9975948334,-41.9296236038
1.2685925215,-49.9982986450,-41.6356153488
0.0971246967,-49.9985904694,-41.2920722961
2.2523921132,-54.7586603165,-39.5925855637
1.1490311027,-54.7600154877,-39.2186679840
-0.0014496783,-54.7604064941,-38.8421497345
2.3692557812,-54.7592315674,-40.7365388870
1.1966072917,-54.7603797913,-40.4211273193
0.0224906544,-54.7604951859,-40.0807294846
2.4765917659,-54.7597627640,-41.9300689697
1.2694474757,-54.7603054047,-41.6367435455
0.0986698316,-54.7605533600,-41.2924890518
76.1219882965,-116.6720218658,-206.1795196533
76.1140403748,-116.6649208069,-201.5751190186
14.0551273823,-88.2844238281,-23.3617606163
12.4778096676,-88.2622241974,-24.4323935509
10.9230740070,-88.2009029388,-25.4938778877
15.9218366146,-88.2323284149,-24.3802599907
14.2271397114,-88.2683506012,-25.6841778755
12.5954868793,-88.2197647095,-26.9773168564
17.8095123768,-88.1536426544,-25.3885445595
15.9871199131,-88.2612361908,-26.9329485893
14.2703411579,-88.2340583801,-28.4584608078
13.7872617245,-93.0183715820,-23.3508443832
12.2222836018,-92.9443912506,-24.3964276314
10.7105896473,-92.8803749084,-25.4408473969
15.6212856770,-93.0396976471,-24.3684720993
13.9763395786,-92.9756813049,-25.6555595398
12.3721494675,-92.9005279541,-26.9313993454
17.4636855125,-93.0410537720,-25.3797636032
15.7327618599,-93.0012569427,-26.9089126587
14.0416915417,-92.9232311249,-28.4219069481
13.4698500633,-97.6778469086,-23.2764854431
11.9869654179,-97.6266956329,-24.3238439560
10.6055054665,-97.6168174744,-25.4049801826
15.3035020828,-97.7190513611,-24.3113679886
13.7162530422,-97.6469039917,-25.5854487419
12.2339212894,-97.6183662415,-26.8836221695
17.1454582214,-97.7602920532,-25.3435158730
15.4586431980,-97.6743793488,-26.8464775085
13.8728005886,-97.6236324310,-28.3652868271
0.7985221595,-74.1481761932,-12.2709217072
-2.5454288572,-74.0039672852,-15.1514484882
-5.3701789379,-73.8034992218,-18.1668472290
2.3250892460,-74.1725883484,-15.3606555462
-0.4743664116,-73.9744434357,-17.8476486206
-2.9894065261,-73.8051853180,-20.3724145889
3.9931860566,-74.1128501892,-18.5196580887
1.6224296987,-73.9619083405,-20.5408101082
-0.5981679261,-73.8140888214,-22.5794873238
0.7066799253,-78.8931293488,-12.2638719082
-2.6409754902,-78.6735763550,-15.1516911983
-5.3960772157,-78.5621833801,-18.1776208878
2.1992442310,-78.8896751404,-15.3583698273
-0.5805641264,-78.6437568665,-17.8485813141
-3.0173344910,-78.5616531372,-20.3721208572
3.8558082283,-78.8202362061,-18.5286273956
1.5080345124,-78.6345462799,-20.5389308929
-0.6348601207,-78.5615215302,-22.5674424171
0.5710680410,-83.5912437439,-12.2727200985
-2.7416445687,-83.3582477570,-15.1542844772
-5.3962833285,-83.3248043060,-18.1682765484
2.0415969416,-83.5651454926,-15.3619594574
-0.6879938021,-83.3367404938,-17.8453717232
-3.0235130340,-83.3257656097,-20.3712439537
3.6975547075,-83.4829158783,-18.5189461708
1.3978030533,-83.3336448669,-20.5298466682
-0.6506170705,-83.3267784119,-22.5742917061
-0.0242843367,-59.5915155411,-26.4391880035
-1.3583825752,-59.5235519409,-28.5206894875
-2.6105856895,-59.5215721130,-30.6041359901
1.8284381032,-59.6342477798,-27.8897461891
0.5058173425,-59.5430335999,-29.7429022789
-0.7426260598,-59.5203628540,-31.5992679596
3.6891586185,-59.6694383621,-29.3425221443
2.3912042081,-59.5838518143,-30.9675703049
1.1423770636,-59.5267200470,-32.5960674286
-0.0752872825,-64.3089838028,-26.4344882965
-1.3731550202,-64.2813253403,-28.5197086334
-2.6114384532,-64.2836084366,-30.6083645821
1.7663631365,-64.3429059982,-27.8889126778
0.4719833434,-64.2845745087,-29.7413263321
-0.7462107539,-64.2832107544,-31.5986418724
3.6186978221,-64.3821496964,-29.3452043533
2.3383896053,-64.3039789200,-30.9653868675
1.1240411475,-64.2818298340,-32.5899734497
-0.1187789813,-69.0453624725,-26.4370446205
-1.3772036508,-69.0445079803,-28.5188732147
-2.6105858088,-69.0453414917,-30.6040821075
1.7057104334,-69.0601921082,-27.8860664368
0.4551966973,-69.0430355072,-29.7394242287
-0.7465210706,-69.0453758240,-31.5985212326
3.5456984937,-69.0879459381,-29.3376598358
2.2990061194,-69.0451488495,-30.9617919922
1.1179456599,-69.0450038910,-32.5931091309
20.9425654411,-16.6937155724,-18.6810970306
18.1546478271,-16.6937000751,-18.2270112038
15.3894824982,-16.6944944859,-17.7409639359
20.3000717163,-16.6982381344,-21.0350379944
17.9500293732,-16.6985883713,-20.3709778786
15.5953989029,-16.6990480423,-19.7098565102
19.6871924400,-16.7033817768,-23.3529820442
17.7477731705,-16.7036106586,-22.5152177811
15.8001933098,-16.7029755116,-21.6793169975
20.9527144432,-21.4662690163,-18.6645593643
18.1544570923,-21.4670372009,-18.2125024796
15.3834044933,-21.4673199654,-17.7275028229
20.3024044037,-21.4694876671,-21.0234799385
17.9527935982,-21.4702920914,-20.3577728271
15.6005110741,-21.4706625938,-19.6943922043
19.6837854385,-21.4732403755,-23.3456401825
17.7527809143,-21.4739499092,-22.5030884743
15.8166904449,-21.4740247726,-21.6620097160
20.9426708221,-26.2348093987,-18.6566939354
18.1537108421,-26.2366480827,-18.2005310059
15.3907101154,-26.2376446724,-17.7112007141
20.3043112755,-26.2375416756,-21.0137553215
17.9547162056,-26.2389049530,-20.3467974663
15.6029076576,-26.2398486137,-19.6824946404
19.6954755783,-26.2403564453,-23.3332905769
17.7567043304,-26.2416071892,-22.4930191040
15.8133344650,-26.2418732643,-21.6544108391
76.4614276886,-16.6647391319,-279.4432373047
76.4210739136,-16.6648681164,-274.8826980591
76.3824672699,-16.6661334038,-270.3219451904
76.4592971802,-21.4280924797,-279.4476470947
76.4192028046,-21.4280691147,-274.8870239258
76.3818016052,-21.4280691147,-270.3222808838
76.4613571167,-26.1917934418,-279.4431991577
76.4210796356,-26.1912736893,-274.8826675415
76.3824024200,-26.1899690628,-270.3219223022
149.6337318420,-73.7167720795,-6.8948817253
149.6606483459,-73.7150039673,-2.3310628533
144.8554077148,-73.7215557098,-6.9302216768
144.9368896484,-73.7198028564,-2.3394790292
140.0771217346,-73.7262992859,-6.9655642509
140.2139358521,-73.7244052887,-2.3471654058
149.6383705139,-78.4786510468,-6.8932120800
149.6641616821,-78.4768772125,-2.3299683332
144.8600234985,-78.4834384918,-6.9285917282
144.9415016174,-78.4816989899,-2.3379330039
140.0863075256,-78.4946556091,-6.9643676281
140.2218322754,-78.4896564484,-2.3438679576
149.6430244446,-83.2405261993,-6.8915373087
149.6697807312,-83.2387523651,-2.3278608322
144.8647155762,-83.2453174591,-6.9269615412
144.9460449219,-83.2436046600,-2.3363725543
140.0910110474,-83.2577095032,-6.9628731012
140.2250595093,-83.2522277832,-2.3427234888
62.6117315292,-159.5322074890,-2.3424252868
57.7652597427,-159.5235824585,-2.2850651741
53.0566053391,-159.5228309631,-2.2297191024
61.3557958603,-159.5287055969,-7.0433691740
56.5725011826,-159.5229682922,-6.8558778763
51.8661098480,-159.5228576660,-6.6700621843
60.1475296021,-159.5162849426,-11.7093863487
55.3818178177,-159.5227165222,-11.4266145229
50.6755990982,-159.5228767395,-11.1104211807
62.4619722366,-164.2909126282,-2.3350263834
57.7575740814,-164.2846946716,-2.2853149772
53.0566692352,-164.2847518921,-2.2322041988
61.2694168091,-164.2947731018,-7.0394327641
56.5695190430,-164.2847061157,-6.8559362888
51.8660917282,-164.2847480774,-6.6700613499
60.0823211670,-164.2921791077,-11.7443463802
55.3814764023,-164.2847061157,-11.4265718460
50.6755313873,-164.2847557068,-11.1079232693
62.4545965195,-169.0545768738,-2.3371316195
57.7576045990,-169.0466041565,-2.2853153944
53.0566005707,-169.0466461182,-2.2297151089
61.2681322098,-169.0593452454,-7.0390398502
56.5695295334,-169.0466156006,-6.8559432030
51.8660840988,-169.0466423035,-6.6700587273
60.0874786377,-169.0515213013,-11.7349905968
55.3814582825,-169.0466156006,-11.4265739918
55.2907733917,-159.5233688354,-30.7540636063
50.0880498886,-159.5228729248,-30.0162935257
44.8882923126,-159.5228919983,-29.2784147263
53.7980947495,-159.5283966064,-35.9118709564
48.1761827469,-159.5228843689,-35.0927391052
52.3084278107,-159.5253677368,-41.0627937317
55.2726926804,-164.2925834656,-30.7513399124
50.0880374908,-164.2847595215,-30.0162854195
53.7916536331,-164.2920112610,-35.9117650986
52.3131732941,-164.2872238159,-41.0712308884
55.2796201706,-169.0557861328,-30.7525062561
2.6678559855,-30.9516777992,-49.7483758926
1.5212667510,-30.9511947632,-53.6144533157
0.3757166769,-30.9513721466,-57.4819869995
5.6603547335,-30.9871392250,-49.5636224747
5.8099918962,-30.9579315186,-53.3075637817
5.9851704240,-30.9531393051,-57.0532436371
8.7698173523,-31.0712356567,-49.3907556534
10.2849165201,-31.0690460205,-53.0163497925
11.8029286861,-31.0765805244,-56.6389379501
2.6924935170,-35.7131633759,-49.7460603714
1.5213015117,-35.7131319046,-53.6144495010
0.3509008158,-35.7131938934,-57.4829378128
5.6489551067,-35.7388486862,-49.5632247925
5.8043947816,-35.7167568207,-53.3077116013
5.9839882255,-35.7140636444,-57.0531425476
8.7154290676,-35.8209152222,-49.3920497894
10.2570971251,-35.8203830719,-53.0155057907
11.8017063141,-35.8252525330,-56.6357326508
2.6665307544,-40.4748783112,-49.7483997345
1.5213513635,-40.4750518799,-53.6144609451
0.3757478390,-40.4750013351,-57.4819650650
5.6365265846,-40.4892778397,-49.5626916885
5.8008128405,-40.4767007828,-53.3076934814
5.9829578400,-40.4751758575,-57.0531110764
8.7113373280,-40.5687732697,-49.3883380890
10.2253152132,-40.5677213669,-53.0136098862
11.7410595417,-40.5667877197,-56.6364965439
32.2466087341,-59.4644680023,-62.0181150436
25.4447073936,-59.3469629288,-61.6921300888
18.3955633640,-59.5923280716,-61.3492403030
31.2522301674,-59.3769216537,-67.7892971039
24.3239207268,-59.4752187729,-67.5239067078
17.6390113831,-59.5612459183,-67.2452754974
30.1724057198,-59.3672313690,-73.4921627045
23.2490882874,-59.5851526260,-73.3534526825
16.9879691601,-59.5296077728,-73.1477565765
32.1437315941,-64.1875371933,-62.0097284317
25.2297434807,-64.1652565002,-61.6892499924
18.2983753681,-64.3420734406,-61.3452882767
31.0775594711,-64.1228189468,-67.7793388367
24.1205110550,-64.2984437943,-67.5174617767
17.5940198898,-64.3018560410,-67.2437648773
29.9076929092,-64.1762037277,-73.5486850739
23.1261124611,-64.3496475220,-73.3481979370
16.9787082672,-64.2865934372,-73.1488704681
32.0117735863,-68.9107666016,-62.0087747574
24.9991497993,-68.9975414276,-61.6843681335
18.2231295109,-69.0818634033,-61.3443012238
30.8826723099,-68.8913764954,-67.7789020538
23.9264583588,-69.1044769287,-67.5145244598
17.5661225319,-69.0518264771,-67.2432575226
29.6567511559,-68.9978542328,-73.5504360199
23.0274581909,-69.0946960449,-73.3476619720
16.9728896618,-69.0468997955,-73.1473083496
104.8271045685,-116.6581096649,-275.7910766602
104.7485752106,-116.6660976410,-271.2449264526
104.7805423737,-116.6574325562,-266.6961212158
99.9840793610,-116.6679916382,-267.2992630005
104.7485122681,-121.4280509949,-271.2448959351
104.7205677032,-121.4281616211,-266.7066955566
90.4321308136,-102.3756294250,-250.2631149292
90.4109020233,-102.3743762970,-245.6954193115
90.4549846649,-102.3705596924,-241.1266365051
85.7159233093,-102.3606796265,-246.2507629395
85.6676235199,-102.3770923615,-241.7267379761
90.4244346619,-107.1496944427,-250.2638854980
90.4070034027,-107.1511554718,-245.6997375488
90.3918781281,-107.1474552155,-241.1344909668
90.3976097107,-111.9108085632,-241.1386718750
61.9925861359,-73.8089179993,-221.6403656006
61.9847431183,-73.8054218292,-217.0273628235
61.9786357880,-78.5750751495,-217.0356712341
18.9699621201,-88.0944061279,-94.5671367645
24.0221710205,-88.0943927765,-94.6468791962
23.2300033569,-88.0944080353,-99.4807682037
22.4378356934,-88.0944232941,-104.3146553040
24.0236473083,-92.8563003540,-94.6483764648
23.2300057411,-92.8563117981,-99.4807300568
24.0221781731,-97.6182136536,-94.6468467712
31.2028045654,-102.3801822662,-109.2812919617
30.7575674057,-102.3801956177,-113.9362716675
35.8386392593,-102.3801727295,-109.4211292267
35.4060697556,-102.3801822662,-113.9779033661
34.9735069275,-102.3801918030,-118.5345306396
35.8383960724,-107.1420726776,-109.4229927063
35.4060707092,-107.1420860291,-113.9778862000
34.9737529755,-107.1420974731,-118.5326461792
35.8386373520,-111.9039821625,-109.4211063385
1.2126865536,-30.9954214096,-12.2677633762
-2.0855590254,-31.2618951797,-15.1782965660
-5.1045973897,-31.2020936012,-18.1691765785
2.9881588072,-30.9719419479,-15.3962392807
0.0477543324,-31.2301044464,-17.8820462227
-2.6343722343,-31.2209033966,-20.3826227188
4.7775170207,-30.9696531296,-18.5525879860
2.2039604783,-31.1982111931,-20.5794835091
-0.1533124894,-31.2199611664,-22.5996747017
1.2439203709,-35.7639112473,-12.2533385754
-2.0950855762,-36.0432033539,-15.1725978851
-5.1220020652,-35.9559974670,-18.1732244492
2.9941036254,-35.7506923676,-15.3804719448
0.0320136398,-36.0057163239,-17.8719530106
-2.6503948271,-35.9802656174,-20.3768796921
4.7568562031,-35.7406015396,-18.5518348217
2.1799222827,-35.9715881348,-20.5698928833
-0.1691819578,-35.9834260941,-22.5842256546
1.2306469530,-40.5522794724,-12.2624871731
-2.1188624054,-40.8184862137,-15.1656641960
-5.1323538423,-40.7059497833,-18.1600148678
2.9625220150,-40.5379018784,-15.3783385754
0.0050816834,-40.7823762894,-17.8632030487
-2.6730853766,-40.7339353561,-20.3719539642
4.7137691379,-40.5330524445,-18.5442383289
2.1443030089,-40.7463426590,-20.5629096031
-0.2046214044,-40.7424087524,-22.5876045227
25.1500525475,-130.9516639709,-1.5505193472
24.5694580078,-130.9516639709,-4.6121898293
23.9888734818,-130.9516563416,-7.6738500595
29.7828884125,-130.9517021179,-1.6651885211
29.0445842743,-130.9517059326,-4.9955708981
28.3062496185,-130.9516944885,-8.3259491920
34.4259662628,-130.9545745850,-1.7800128758
33.5236563683,-130.9519882202,-5.3792384863
32.6242198944,-130.9515571594,-8.9781252146
25.1469950676,-135.7135124207,-1.5556443334
24.5694227219,-135.7135162354,-4.6121654510
29.7827153206,-135.7135353088,-1.6651813388
29.0444269180,-135.7135276794,-4.9955436587
28.3061475754,-135.7135162354,-8.3259032965
34.4184126854,-135.7134895325,-1.7747011781
33.5194439888,-135.7135200500,-5.3789019585
32.6204748154,-135.7135238647,-8.9831140041
29.7826790810,-140.4753952026,-1.6651769876
29.0444006920,-140.4753913879,-4.9955312014
28.3061242104,-140.4753952026,-8.3258862495
34.4154009819,-140.4754028320,-1.7798494995
33.5194087029,-140.4753875732,-5.3789085746
32.6234288216,-140.4753837585,-8.9779671431
29.9773697853,-88.0944519043,-123.2430133820
29.7526965141,-88.0944690704,-127.8918361664
34.6507148743,-88.0944366455,-123.1206951141
34.4418697357,-88.0944671631,-127.7137737274
34.2330217361,-88.0944728851,-132.3068008423
29.9773731232,-92.8563594818,-123.2430057526
34.6504087448,-92.8563556671,-123.1217689514
34.4418668747,-92.8563652039,-127.7137355804
34.2333283424,-92.8563766479,-132.3056869507
34.6507110596,-97.6182575226,-123.1206760406
34.4418692589,-97.6182727814,-127.7137413025
34.2330303192,-97.6182861328,-132.3067741394
23.4851269722,-116.6788845062,-10.7600219250
23.0523285866,-116.6721229553,-13.7892749310
22.6247081757,-116.6668949127,-16.8223233223
27.9216594696,-116.8519382477,-11.6232054234
27.0728850365,-116.7710208893,-14.8129703999
26.2398943901,-116.7009067535,-17.9984214306
32.5269737244,-117.0054855347,-12.4816081524
31.2761735916,-116.9270057678,-15.8431127071
30.0410242081,-116.8314762115,-19.1897778511
23.4514913559,-121.4281806946,-10.7567636967
23.0385518074,-121.4280948639,-13.7876505852
22.6256279945,-121.4280033112,-16.8185656071
27.5992479324,-121.4357929230,-11.5906450748
26.8763895035,-121.4297389984,-14.7872025967
26.1580729485,-121.4279003143,-17.9836401939
31.9824337959,-121.5676822662,-12.4441478252
30.8340692520,-121.4903202057,-15.8001961708
29.7287893295,-121.4423084259,-19.1537570953
23.4564523697,-126.1898403168,-10.7534074783
23.0380811691,-126.1898212433,-13.7874901295
22.6197457314,-126.1897964478,-16.8215620518
27.5813145638,-126.1898956299,-11.5896463394
26.8692011833,-126.1898727417,-14.7865033150
26.1570563316,-126.1898136139,-17.9833927155
31.7212939262,-126.1960220337,-12.4261565208
30.7045354843,-126.1907768250,-15.7857971191
29.6944398880,-126.1897125244,-19.1452746391
16.3358821869,-31.0036172867,-78.7457485199
15.4733250141,-30.9598073959,-84.0460853577
14.6624109745,-30.9522676468,-89.3474884033
22.7188258171,-30.9425644875,-78.9069995880
21.2444353104,-31.0416169167,-84.1913795471
19.9709310532,-31.0140480995,-89.4718952179
29.3452024460,-30.8061208725,-79.0665626526
27.6248116493,-30.8068184853,-84.3384132385
25.7777209282,-30.9317226410,-89.5993919373
16.3122446537,-35.7521181107,-78.7448997498
15.4672262669,-35.7185010910,-84.0463123322
14.6671292782,-35.7136650085,-89.3479385376
22.6403422356,-35.7166185379,-78.9049892426
21.1980304718,-35.7970161438,-84.1892738342
19.9490528107,-35.7627820969,-89.4711074829
29.2964782715,-35.5519399643,-79.0654659271
27.5416240692,-35.5766811371,-84.3346195221
25.6955585480,-35.7041501999,-89.5963516235
16.2988402843,-40.5000219345,-78.7446041107
15.4632928371,-40.4780950546,-84.0461635590
14.6613984108,-40.4752521515,-89.3476886749
22.5291762352,-40.5098133087,-78.9076728821
21.1454668045,-40.5517940521,-84.1888313293
19.9262952805,-40.5100526810,-89.4707126617
29.2156753540,-40.3047084808,-79.0663146973
27.4144387245,-40.3727836609,-84.3354187012
25.5832695961,-40.5013608932,-89.5977287292
104.5912952423,-145.2375106812,-230.2577056885
104.6397743225,-145.2286720276,-225.6820487976
6.4599559307,-16.6607925892,-21.0578532219
4.1728459597,-16.8401236534,-22.8305039406
2.0064002499,-16.8899805546,-24.5840740204
7.8821542263,-16.6539678574,-23.0169005394
5.8664132953,-16.7743520737,-24.6195397377
3.8220076859,-16.8764142990,-26.2063813210
9.3021459579,-16.6492815018,-24.9740791321
7.5672539473,-16.7028307915,-26.4059667587
5.6576633453,-16.8507640362,-27.8285679817
6.4592120647,-21.4228997231,-21.0534925461
4.1521022916,-21.6144523621,-22.8313446045
1.9891630113,-21.6673536301,-24.5842514038
7.8809324503,-21.4099693298,-23.0119318962
5.8366162777,-21.5517587662,-24.6196098328
3.8067979515,-21.6506638527,-26.2050261497
9.2997163534,-21.4016556740,-24.9692587852
7.5418647528,-21.4749131203,-26.4014329910
5.6429880261,-21.6222381592,-27.8240618706
6.4456281662,-26.1871285439,-21.0559835434
4.1297620535,-26.3865060806,-22.8298211098
1.9762526527,-26.4385709763,-24.5766873360
7.8682855368,-26.1688747406,-23.0088868141
5.7951259613,-26.3318448067,-24.6194658279
3.7864507139,-26.4201970100,-26.2022600174
9.2910529375,-26.1543970108,-24.9605002403
7.4982718229,-26.2509598732,-26.3988075256
5.6115050912,-26.3916864395,-27.8250651360
60.3193006516,-145.2288551331,-104.1318664551
59.5289077759,-145.2408485413,-100.0660018921
58.7747831345,-145.2390441895,-96.0309162140
56.4013395309,-145.2371940613,-104.9942722321
55.9603586197,-145.2371864319,-101.2809123993
55.5193881989,-145.2371749878,-97.5676155090
60.2819519043,-150.0055465698,-104.1096782684
59.5226421356,-150.0048294067,-100.0679645538
58.7622137070,-150.0053749084,-96.0274219513
2.2490958869,-73.8079681396,-39.5918884277
1.1492006779,-73.8080081940,-39.2185935974
-0.0011228847,-73.8080005646,-38.8421707153
2.3682479262,-73.8080940247,-40.7362079620
1.1969113797,-73.8080940247,-40.4211368561
0.0227745967,-73.8080539703,-40.0807409286
2.4765687883,-73.8083515167,-41.9299383163
1.2697064728,-73.8083286285,-41.6367464066
0.0989192370,-73.8081169128,-41.2924900055
2.2491178215,-78.5699672699,-39.5918788910
1.1494367123,-78.5699558258,-39.2194976807
-0.0006109201,-78.5699596405,-38.8432197571
2.3674019873,-78.5700492859,-40.7358560562
1.1968975365,-78.5700473785,-40.4212141037
0.0233668589,-78.5700550079,-40.0816974640
2.4763891101,-78.5701236725,-41.9290304184
1.2688587904,-78.5701255798,-41.6354980469
0.0974787762,-78.5701293945,-41.2920141220
2.2492525578,-83.3320293427,-39.5917167664
1.1493553370,-83.3319740295,-39.2184143066
-0.0009699964,-83.3319797516,-38.8419818878
2.3683858812,-83.3320751190,-40.7360410690
1.1970458925,-83.3320655823,-40.4209575653
0.0229062953,-83.3321075439,-40.0805492401
2.4766903520,-83.3319644928,-41.9297752380
1.2698241174,-83.3319816589,-41.6365690231
0.0990343662,-83.3321933746,-41.2923011780
-1.1419705153,-16.7442939281,-10.2873265743
-3.8338296413,-16.8433113098,-9.3723444939
-6.4461196065,-16.8944017887,-8.2172064781
-4.7456988394,-16.9386739731,-13.1925642490
-7.9080735445,-16.9009659290,-11.8209433556
-10.9600384235,-16.8127322197,-10.3429872990
-8.0547552109,-16.8194289207,-16.1969156265
-11.5707780123,-16.7211871147,-14.4189713001
-14.9977667332,-16.6704521179,-12.6164336205
-1.1158693433,-21.5131673813,-10.2764747143
-3.7976597548,-21.6146402359,-9.3554439545
-6.4146007299,-21.6700706482,-8.2140114307
-4.7386436164,-21.7271733284,-13.1729431152
-7.8963496685,-21.6879248619,-11.7913167477
-10.9530968666,-21.5947461128,-10.3266482353
-8.0470393896,-21.5935683250,-16.1947562695
-11.5700201988,-21.4880504608,-14.4135327339
-15.0074472427,-21.4336900711,-12.6075820923
-1.0842161179,-26.2892661095,-10.2939672470
-3.7903860807,-26.3977427483,-9.3704377413
-6.4177128673,-26.4542198181,-8.2083041668
-4.7407730520,-26.5122165680,-13.1786680222
-7.9037957191,-26.4679212570,-11.8072054386
-10.9549820423,-26.3690543175,-10.3338837624
-8.0609453917,-26.3606767654,-16.1829144955
-11.5712966919,-26.2520794868,-14.4132704735
-14.9978156090,-26.1965327263,-12.6154780388
0.1133533493,-45.4275703430,-26.4407625198
-1.2729134038,-45.3137140274,-28.5211606026
-2.5925867558,-45.2415933609,-30.6050853729
1.9879305810,-45.4475708008,-27.8949842453
0.6257482283,-45.3705415726,-29.7446484566
-0.6859060936,-45.2744960785,-31.6007304192
3.8730902672,-45.4539108276,-29.3525857925
2.5376075059,-45.4098501205,-30.9719996452
1.2452821136,-45.3328523636,-32.5986928940
0.0733272433,-50.1586389542,-26.4350171089
-1.3032204136,-50.0439424515,-28.5209636688
-2.6040595472,-49.9979963303,-30.6092047691
1.9396023601,-50.1881961823,-27.8919024467
0.5887696166,-50.0962982178,-29.7438020706
-0.7100927848,-50.0141477585,-31.6003823280
3.8159886599,-50.2024021149,-29.3521971703
2.4927647710,-50.1443510056,-30.9698767662
1.2117681392,-50.0596914291,-32.5937471390
0.0266027004,-54.8782596588,-26.4389410019
-1.3332548067,-54.7783527374,-28.5208959579
-2.6089443266,-54.7592315674,-30.6044478416
1.8862848356,-54.9175987244,-27.8904128075
0.5474927966,-54.8173999786,-29.7435975075
-0.7306187022,-54.7621450424,-31.6000328064
3.7552242875,-54.9419918060,-29.3444471359
2.4441368282,-54.8680696487,-30.9687037468
1.1744030826,-54.7876243591,-32.5973510742
-8.4514634609,-88.3989696503,-6.1363137960
-9.5435431004,-88.4717998505,-3.8231669068
-10.2180911303,-88.4726352692,-1.3226844945
-13.0978245735,-88.1070461273,-7.9978442192
-14.2245938778,-88.1228599548,-4.8257429600
-15.2616996765,-88.1239376068,-1.6155492663
-17.2851684093,-88.0897274017,-9.8218894005
-18.5516304970,-88.0894050598,-5.8792720437
-19.7873854637,-88.0897827148,-1.9251076877
-8.4976313114,-93.0818233490,-6.1290880442
-9.5547438860,-93.1548576355,-3.8264267445
-10.2349451780,-93.1461124420,-1.3383726235
-13.1101925373,-92.8551712036,-8.0003035069
-14.2359879017,-92.8646144867,-4.8232561946
-15.2824268341,-92.8662300110,-1.6139708161
-17.2796199322,-92.8525333405,-9.8351488113
-18.5490314960,-92.8521442413,-5.8782889247
-19.7889785767,-92.8525199890,-1.9097999036
-8.5551031828,-97.6958980560,-6.1515747309
-9.6430019140,-97.7393932343,-3.8203285933
-10.3469926119,-97.7376556396,-1.3179008526
-13.1383659840,-97.6107444763,-8.0115349293
-14.2908294201,-97.6115646362,-4.8397067785
-15.3286557198,-97.6121139526,-1.6208366454
-17.2855272293,-97.6175785065,-9.8220368624
-18.5521719456,-97.6177349091,-5.8795281649
-19.7879734039,-97.6180152893,-1.9251374900
19.8964142799,-30.9516205788,-137.7459030151
19.7651977539,-30.9516372681,-142.4463424683
19.8964252472,-35.7135353088,-137.7463188171
19.7652120590,-35.7135515213,-142.4463500977
19.8964376450,-40.4754352570,-137.7458953857
1.0396355093,-59.7872076035,-12.2684006691
-2.3178064525,-59.8831949234,-15.1512961388
-5.2526959181,-59.6187191010,-18.1579294205
2.6311943978,-59.8455896378,-15.3609795570
-0.2179471701,-59.8482942581,-17.8460404873
-2.8326621950,-59.6538105011,-20.3671226501
4.3086871207,-59.8239240646,-18.5210421085
1.8988236338,-59.8173885345,-20.5404672623
-0.4003698118,-59.6917695999,-22.5792517662
0.9736314714,-64.5911073685,-12.2585794926
-2.3860892951,-64.6108131409,-15.1482810974
-5.2983539104,-64.3356285095,-18.1698293686
2.5353385806,-64.6387252808,-15.3582811356
-0.2943830118,-64.5822744370,-17.8446652889
-2.8846124932,-64.3610544205,-20.3694572449
4.2053192854,-64.6068296432,-18.5277302265
1.8159759715,-64.5562686920,-20.5401334763
-0.4580214322,-64.3966932297,-22.5711870193
0.8852959722,-69.3769474030,-12.2704412937
-2.4630808383,-69.3221035004,-15.1482901573
-5.3343203068,-69.0605564117,-18.1637403965
2.4344996661,-69.4201889038,-15.3586676121
-0.3800915703,-69.2916679382,-17.8461983204
-2.9399058297,-69.0727691650,-20.3715395927
4.1083600819,-69.3715686798,-18.5181145668
1.7238198444,-69.2723655701,-20.5402793884
-0.5323464200,-69.0967826843,-22.5812430382
32.3173346519,-2.4230747707,-62.0262517929
25.9976277351,-2.3432997069,-61.6911811829
19.0898380280,-2.3404994686,-61.3419237137
31.4938683510,-2.4002604949,-67.8002414703
25.0827708244,-2.3053345843,-67.5165328979
18.1903538704,-2.4149868474,-67.2369346619
30.6273789406,-2.3640447984,-73.5635528564
24.0871601105,-2.3166300561,-73.3472728729
17.3949577808,-2.4573542604,-73.1428966522
32.3302054405,-7.1907562017,-62.0254249573
26.0087575912,-7.1196826696,-61.6939678192
19.1636102200,-7.1266494989,-61.3371486664
31.4967284203,-7.1783133745,-67.8037281036
25.1197886467,-7.0772825480,-67.5154895782
18.2220897675,-7.1986130476,-67.2333126068
30.6199965477,-7.1354588270,-73.5630664825
24.1466751099,-7.0785042048,-73.3484001160
17.3410718441,-7.2422987223,-73.1543006897
32.3350419998,-11.9547824860,-62.0214538574
26.0329694748,-11.8839120865,-61.6903333664
19.1872034073,-11.8927226067,-61.3458089828
31.5150504112,-11.9477975368,-67.7963371277
25.1437268257,-11.8327362537,-67.5188808441
18.2093544006,-11.9715178013,-67.2401046753
30.6452121735,-11.8999938965,-73.5567188263
24.1685085297,-11.8246586323,-73.3522720337
17.3055496216,-12.0135381222,-73.1546459198
90.9270248413,-45.2376136780,-304.6967620850
90.8621845245,-45.2376003265,-300.1911621094
90.8436508179,-45.2335605621,-295.6764755249
86.0962142944,-45.2376356125,-296.3174057007
90.9263725281,-49.9995174408,-304.6969375610
90.8621711731,-49.9995069504,-300.1911544800
90.7983169556,-49.9996852875,-295.6858596802
90.8621692657,-54.7614097595,-300.1911315918
90.7986774445,-54.7619647980,-295.6859436035
-1.3312930912,-30.9499554634,-38.7453088760
-2.8605091274,-30.9509124756,-38.8647441864
-4.4259642363,-30.9510283470,-38.9781274796
-1.2297262847,-30.9504346848,-40.0942325592
-2.5544304848,-30.9512729645,-40.4860210419
-3.9171372652,-30.9510569572,-40.9077081680
-1.0677970126,-30.9510817528,-41.4293584824
-2.2232892513,-30.9514384270,-42.1223134995
-3.4020229578,-30.9510860443,-42.8391132355
-1.3318597972,-35.7120790482,-38.7497558594
-2.8626105487,-35.7128915787,-38.8632612228
-4.4296270609,-35.7129526138,-38.9722633362
-1.2279899120,-35.7125749588,-40.0958671570
-2.5538535118,-35.7129335403,-40.4864492416
-3.9184537530,-35.7129850388,-40.9070568085
-1.0690064058,-35.7127990723,-41.4257535934
-2.2214027345,-35.7129640579,-42.1241540909
-3.3996496797,-35.7130136490,-42.8443126678
-1.3347815424,-40.4744691849,-38.7449722290
-2.8604512215,-40.4748134613,-38.8647165298
-4.4259101152,-40.4748554230,-38.9781064987
-1.2306220531,-40.4744644165,-40.0940551758
-2.5543794036,-40.4745683670,-40.4859991074
-3.9170813560,-40.4748954773,-40.9076910019
-1.0679410622,-40.4744043350,-41.4293136597
-2.2232383788,-40.4744710922,-42.1222877502
-3.4019687772,-40.4749240875,-42.8390932083
-8.3124896288,-16.9042880535,-6.1934558153
-9.5537815094,-16.8983602524,-3.8590985537
-10.3128119707,-16.8895001411,-1.3342650585
-13.0489797592,-16.7608766556,-8.0093359947
-14.2308597565,-16.7405695915,-4.8404473662
-15.2937171459,-16.7166762352,-1.6232743561
-17.2830882072,-16.6651787758,-9.8230696917
-18.5515940189,-16.6644110680,-5.8826335073
-19.7872939110,-16.6637113094,-1.9280170798
-8.2911381721,-21.6778697968,-6.1730712652
-9.5170402527,-21.6681518555,-3.8505240083
-10.2849779129,-21.6607732773,-1.3449146086
-13.0349371433,-21.5418877602,-8.0008535385
-14.2050764561,-21.5219635963,-4.8299771547
-15.2787907124,-21.4946990013,-1.6187836230
-17.2789511681,-21.4277100563,-9.8367466927
-18.5491552353,-21.4267706871,-5.8814790845
-19.7889442444,-21.4256062508,-1.9128148854
-8.2837992907,-26.4620857239,-6.1840497255
-9.5172913074,-26.4523587227,-3.8536120057
-10.2721825838,-26.4448766708,-1.3324341618
-13.0420234203,-26.3148188591,-8.0040193796
-14.2217230797,-26.2951216698,-4.8371191025
-15.2853403091,-26.2662787437,-1.6215535998
-17.2830007076,-26.1899566650,-9.8226937056
-18.5514361858,-26.1888966560,-5.8822607398
-19.7872591019,-26.1873807907,-1.9270523787
6.8107293844,-45.3653450012,-41.0436983109
6.1763616800,-45.3695983887,-39.6005516052
5.5323085785,-45.3745651245,-38.1390914917
5.3096034527,-45.3239431381,-41.4503965378
4.9100012779,-45.3311929703,-40.1530790329
4.4405080080,-45.3369121552,-38.8324308395
3.8435171843,-45.2714424133,-41.8556394577
3.6429468393,-45.2826356888,-40.6567058563
3.3716598749,-45.2911624908,-39.4794540405
6.7674285173,-50.1047449112,-41.0436182022
6.1315180063,-50.1081180573,-39.5984354019
5.4834212065,-50.1120862961,-38.1344776154
5.2774727345,-50.0572299957,-41.4510478973
4.8752804995,-50.0636777878,-40.1516342163
4.4013988972,-50.0686635971,-38.8288078308
3.8171359897,-50.0106124878,-41.8539772034
3.6139815450,-50.0184640884,-40.6549806595
3.3425647616,-50.0251893997,-39.4782800674
6.7144988775,-54.8370723724,-41.0382623672
6.0807973146,-54.8391361237,-39.5954036713
5.4375739098,-54.8416938782,-38.1342582703
5.2373745441,-54.7876548767,-41.4465026855
4.8358031511,-54.7925987244,-40.1494741440
4.3650059700,-54.7965440750,-38.8291501999
3.7985744476,-54.7605667114,-41.8527679443
3.5912140608,-54.7626199722,-40.6538391113
3.3152421713,-54.7652387619,-39.4768466949
61.9392700195,-88.0970497131,-184.8037338257
61.9361629486,-88.0978164673,-180.2062263489
61.9670267105,-88.0951251984,-175.6008644104
57.2305431366,-88.0865974426,-185.2989768982
57.2254133224,-88.0877437592,-180.6982345581
57.2128171921,-88.0937557220,-176.1311035156
52.5092267990,-88.0851669312,-185.8093376160
52.5073833466,-88.0863380432,-181.2047882080
52.5294885635,-88.0839004517,-176.6004524231
61.9360084534,-92.8601703644,-184.7986106873
61.9271545410,-92.8651733398,-180.1988029480
61.9593143463,-92.8631248474,-175.5835876465
57.2166128159,-92.8564662933,-185.3129158020
57.2141208649,-92.8564548492,-180.7110977173
57.2116384506,-92.8564319611,-176.1092910767
52.4959850311,-92.8564682007,-181.2225303650
52.4968328476,-92.8564529419,-176.6168289185
61.9370288849,-97.6239566803,-184.7991828918
61.9291524887,-97.6286678314,-180.2015762329
61.9881582260,-97.6213226318,-175.5869598389
57.2166538239,-97.6183776855,-185.3129081726
57.2141380310,-97.6183643341,-180.7110824585
57.2116146088,-97.6183490753,-176.1092681885
52.4967832565,-97.6183681488,-176.6168785095
-1.3345715553,-73.8079872131,-38.7449398041
-2.8600796461,-73.8080463409,-38.8647241592
-4.4255568981,-73.8080959320,-38.9780826569
-1.2302639186,-73.8083591461,-40.0940685272
-2.5540406406,-73.8084354401,-40.4859809875
-3.9165028930,-73.8081436157,-40.9077749252
-1.0676111728,-73.8085803986,-41.4293088913
-2.2229388058,-73.8086471558,-42.1222534180
-3.4014255404,-73.8082275391,-42.8391618729
-1.3325842917,-78.5699806213,-38.7494792938
-2.8621260822,-78.5700263977,-38.8631868362
-4.4228776693,-78.5693435669,-38.9661874771
-1.2277089506,-78.5700759888,-40.0957612991
-2.5534229875,-78.5701255798,-40.4863443375
-1.0686058700,-78.5701580048,-41.4256696701
-2.2210189104,-78.5702056885,-42.1240367889
-1.3344257921,-83.3320274353,-38.7447385788
-2.8599444032,-83.3320503235,-38.8645067215
-1.2301398069,-83.3318443298,-40.0938673019
-1.0675032809,-83.3317813873,-41.4291114807
40.0152301788,-130.9515113831,-80.5918064117
46.2983226776,-130.9512557983,-81.5606174469
43.2507104874,-130.9514961243,-86.4510574341
46.3094587326,-135.7132911682,-81.5641860962
43.2507219315,-135.7134094238,-86.4510555267
46.2980766296,-140.4766654968,-81.5606384277
16.2551367283,-73.8085956573,-78.7444419861
15.4581379890,-73.8086490631,-84.0461807251
14.6611185074,-73.8086605072,-89.3478870392
22.0247569084,-73.8113937378,-78.9064941406
20.9416375160,-73.8085937500,-84.1880702972
19.8653445244,-73.8086147308,-89.4698734283
28.0202379227,-73.8728237152,-79.0689563751
26.4935841560,-73.8362407684,-84.3297080994
25.0774698257,-73.8115005493,-89.5918560028
16.2498335838,-78.5705451965,-78.7440719604
15.4581367970,-78.5705604553,-84.0461597443
14.6664605141,-78.5705776215,-89.3482532501
22.0185694695,-78.5708045959,-78.9063339233
20.9412770271,-78.5704727173,-84.1881828308
19.8653669357,-78.5705642700,-89.4698905945
27.9089560509,-78.6162796021,-79.0674438477
26.4469561577,-78.5790042877,-84.3295116425
25.0655260086,-78.5708045959,-89.5912361145
16.2551527023,-83.3324623108,-78.7444381714
15.4581472874,-83.3324699402,-84.0461368561
22.0173244476,-83.3323326111,-78.9064807892
20.9412841797,-83.3324432373,-84.1882343292
19.8653607368,-83.3324794769,-89.4698886871
27.8276095390,-83.3505382538,-79.0670909882
26.4285025597,-83.3336544037,-84.3299579620
25.0696372986,-83.3323745728,-89.5917949677
47.8056249619,-88.0848655701,-177.0841331482
5.6125370264,-88.0943374634,-49.5611705780
5.7972224951,-88.0943431854,-53.3071441650
8.5583809614,-88.0943450928,-49.3741455078
10.0728756189,-88.0943527222,-53.0001001358
11.5873849392,-88.0943565369,-56.6260633469
8.5329610109,-92.8562984467,-49.3763647079
10.0728720427,-92.8562870026,-53.0000438690
11.6127858162,-92.8562870026,-56.6237277985
8.5583539009,-97.6182327271,-49.3740282059
10.0728622675,-97.6182231903,-53.0000095367
11.5873689651,-97.6182193756,-56.6259908676
21.1390538216,-16.6862540245,-10.0006823540
16.4231700897,-16.6906247139,-9.2566897869
11.7082309723,-16.6891877651,-8.5630613565
21.1236691475,-16.6839041710,-13.0368707180
17.1401607990,-16.6863420010,-12.4196016788
13.1345939636,-16.6835165024,-11.8244903088
21.1540813446,-16.6871635914,-16.0230753422
17.8825676441,-16.6889252663,-15.5766820908
14.6233713627,-16.6890683174,-15.1103765965
21.1322846413,-21.4641842842,-9.9886054993
16.3930952549,-21.4670186043,-9.2385177612
11.6599671841,-21.4664835930,-8.5508183241
21.1041851044,-21.4623150826,-13.0308215618
17.1265447140,-21.4630951881,-12.4008347988
13.1215682030,-21.4592528343,-11.8075618744
21.1297531128,-21.4636282921,-16.0150444508
17.8776876926,-21.4642152786,-15.5601375103
14.6349647045,-21.4635829926,-15.0949447155
21.1017351151,-26.2351875305,-9.9742057323
16.3660395145,-26.2379250526,-9.2233935595
11.6411740780,-26.2415628433,-8.5420291424
21.1027426720,-26.2353744507,-13.0100576878
17.1136987209,-26.2349591255,-12.3856120110
13.1066834927,-26.2329130173,-11.7927002907
21.1464257240,-26.2353482246,-15.9964878559
17.8725037575,-26.2350678444,-15.5466930866
14.6151754856,-26.2355074883,-15.0777897835
7.1192311049,-59.5543909073,-42.7125482559
5.4180442095,-59.5233716965,-43.0144195557
3.7682853341,-59.5221385956,-43.3417091370
7.4451084137,-59.5419588089,-44.6513814926
5.4544088840,-59.5215091705,-44.8831462860
3.5018834472,-59.5224857330,-45.1194067001
7.7754729986,-59.5329637527,-46.5906524658
5.4976246357,-59.5221242905,-46.7532701492
3.2470819056,-59.5225610733,-46.9192037582
7.0735594034,-64.2906351089,-42.7069540024
5.4078480005,-64.2834730148,-43.0128631592
3.7743769288,-64.2843370438,-43.3431072235
7.4142166376,-64.2858963013,-44.6480464935
5.4517469406,-64.2841711044,-44.8825569153
3.5019434094,-64.2844123840,-45.1194305420
7.7588679790,-64.2840719223,-46.5897741318
5.4972389936,-64.2844018936,-46.7531213760
3.2413707078,-64.2844839096,-46.9178495407
7.0584573746,-69.0449714661,-42.7051935196
5.4070737362,-69.0461788177,-43.0126743317
3.7683358192,-69.0462837219,-43.3416852951
7.4023648500,-69.0456848145,-44.6460409164
5.4517642260,-69.0462970734,-44.8825244904
3.5019917488,-69.0463542938,-45.1194200516
7.7477183342,-69.0460300446,-46.5872049332
5.4973016977,-69.0463886261,-46.7531366348
3.2471496165,-69.0464229584,-46.9191894531
15.1197924614,-2.3139540218,-23.2982945442
13.7201724052,-2.3037615661,-24.4069485664
12.2792549133,-2.2986659650,-25.5164842606
16.8924038410,-2.3337605065,-24.3001694679
15.4540629387,-2.3149317969,-25.6364898682
13.9727811813,-2.3017557301,-26.9752345085
18.6485910416,-2.3565128883,-25.3052048683
17.1684987545,-2.3338548793,-26.8673138618
15.6531913280,-2.3120297398,-28.4332723618
15.1306228638,-7.1201839447,-23.2967877388
13.7336196899,-7.1052485704,-24.4031500816
12.3048245907,-7.1008644104,-25.5033717155
16.9056317806,-7.1404327154,-24.2892632484
15.4595642090,-7.1150784492,-25.6309938431
13.9816486835,-7.1006370783,-26.9720273018
18.6658024788,-7.1550762653,-25.2859883308
17.1752345562,-7.1337494850,-26.8590903282
15.6504120827,-7.1062508821,-28.4377226830
15.1550490856,-11.9100334644,-23.2665581703
13.7601580620,-11.8895440102,-24.3787975311
12.3356392384,-11.8823485374,-25.4875373840
16.9249985218,-11.9285249710,-24.2695217133
15.4812545776,-11.9019024372,-25.6095905304
14.0103719234,-11.8851194382,-26.9532399178
18.6784415245,-11.9359135628,-25.2762370110
17.1939926147,-11.9219615459,-26.8423757553
15.6751503944,-11.8907208443,-28.4163799286
6.2449085712,-45.3316154480,-21.0599932671
3.9664828181,-45.4881019592,-22.8064398766
1.8471345082,-45.4917106628,-24.5540986061
7.6662752628,-45.2810382843,-23.0136952400
5.5672187209,-45.4571495056,-24.6068091393
3.6353472769,-45.4801750183,-26.1836252213
9.1019130945,-45.2280645370,-24.9633727074
7.1865007877,-45.4154796600,-26.4015951157
5.4297693372,-45.4620790482,-27.8116493225
6.1224815845,-50.1703920364,-21.0554652214
3.9040350914,-50.2624731064,-22.7985391617
1.7901709378,-50.2445173264,-24.5524129868
7.5305993557,-50.1191883087,-23.0195345879
5.4967432618,-50.2351732254,-24.6002674103
3.5760934055,-50.2383575439,-26.1775283813
8.9690440893,-50.0522394180,-24.9756398201
7.1011542082,-50.2017688751,-26.3975081444
5.3677973747,-50.2254247665,-27.8027467728
6.0060925484,-54.9872169495,-21.0492386818
3.8320605755,-55.0311994553,-22.7919201851
1.7332963720,-54.9877691269,-24.5463147163
7.3988579512,-54.9458847046,-23.0174722672
5.4195336699,-55.0066328049,-24.5935716629
3.5091314912,-54.9885663986,-26.1728491783
8.8217694759,-54.8893117905,-24.9794945717
7.0147246122,-54.9789152145,-26.3926453590
5.2907607555,-54.9821748734,-27.8005928993
1.7830801308,-59.5216588974,-35.0429573059
1.0613541342,-59.5216913223,-36.3215780258
0.3570981692,-59.5226154327,-37.5862798691
3.0776225924,-59.5311002731,-35.9765872955
2.2527976632,-59.5210447311,-37.0072889328
1.4938172847,-59.5222949982,-38.0660266876
4.3992552757,-59.5524702072,-36.9239416122
3.4602437019,-59.5253171921,-37.7611398697
2.5933547914,-59.5206317902,-38.6021175385
1.7708267123,-64.2825746536,-35.0369749069
1.0592910051,-64.2839479446,-36.3179569244
0.3572374353,-64.2840833664,-37.5876979828
3.0531160235,-64.2821502686,-35.9718790054
2.2476288676,-64.2835388184,-37.0049858093
1.4939947128,-64.2840805054,-38.0676031113
4.3603715301,-64.2874898911,-36.9229793549
3.4448627234,-64.2822475433,-37.7613534927
2.5908943713,-64.2839851379,-38.6016168594
1.7712176591,-69.0456295013,-35.0409784317
1.0608180538,-69.0454463959,-36.3213529587
0.3573152839,-69.0455818176,-37.5863084793
3.0462100506,-69.0451202393,-35.9724979401
2.2473019063,-69.0453262329,-37.0061836243
1.4938760996,-69.0455837250,-38.0659799576
4.3391190767,-69.0437679291,-36.9172296524
3.4408314824,-69.0455646515,-37.7581739426
2.5911845267,-69.0459880829,-38.6015434265
34.8224034309,-73.6935157776,-79.5956382751
32.5486226082,-73.8012523651,-84.8154468536
30.4257736206,-73.8648414612,-90.0021972656
41.8079252243,-73.7282447815,-80.5667285919
39.0177145004,-73.6380329132,-85.6437206268
36.0302410126,-73.7215194702,-90.6790599823
48.2588701248,-73.8510704041,-81.5459556580
45.1145677567,-73.7939109802,-86.4372806549
41.7295207977,-73.6456584930,-91.3453769684
34.5078105927,-78.5254936218,-79.6172389984
32.3133811951,-78.6181106567,-84.8122768402
30.3379716873,-78.6050758362,-90.0034046173
41.6383609772,-78.4467926025,-80.5958423615
38.7444534302,-78.4321384430,-85.6400871277
35.7591457367,-78.5674858093,-90.6789226532
48.2358522415,-78.6219253540,-81.5073013306
44.8673324585,-78.5379676819,-86.3849315643
41.3803377151,-78.4412879944,-91.3162231445
34.2471642494,-83.3486652374,-79.6176586151
32.1516180038,-83.3807029724,-84.8094272614
30.2635135651,-83.3436489105,-89.9999675751
41.4249725342,-83.1835422516,-80.5974750519
38.4451160431,-83.2581157684,-85.6375331879
35.5113024712,-83.3897171021,-90.6772994995
48.1937408447,-83.3457355499,-81.5240345001
44.7426958084,-83.2319126129,-86.4170894623
41.1245412827,-83.2524318695,-91.3363914490
12.0347976685,-88.0943679810,-61.4111204147
11.5822157860,-88.0943660736,-67.3394870758
12.0384178162,-92.8562831879,-61.4108428955
12.0348079205,-97.6182060242,-61.4110469818
8.8099781275,-30.9514799118,-94.6300849915
8.2424666882,-30.9515113831,-99.6509704590
8.8116579056,-35.7134008408,-94.6298561096
8.2424819469,-35.7134304047,-99.6509304047
8.8100142479,-40.4753084183,-94.6300563812
8.2424966097,-40.4753351212,-99.6509399414
8.2803288698,-16.6457755566,-8.8406723738
6.0179423094,-16.6214034557,-9.8469927311
3.7227231860,-16.6357569695,-10.5739948750
9.9761523008,-16.6529140472,-12.0104289055
7.6993168592,-16.6113977432,-12.9417536259
5.3598948121,-16.6144380569,-13.7847838402
11.7868537903,-16.6748554707,-15.3175292015
9.4689221382,-16.6253023148,-16.2037148476
7.1115556955,-16.6236178875,-17.0636293888
8.2589417696,-21.4152345657,-8.8323105574
6.0145753622,-21.3953304291,-9.8313604593
3.7449699044,-21.4096927643,-10.5682833195
9.9727498293,-21.4272613525,-11.9925403595
7.7040435076,-21.3833079338,-12.9219827652
5.3811311126,-21.3949456215,-13.7777285576
11.7944338322,-21.4477076530,-15.3021714687
9.4816211462,-21.3853359222,-16.1925482750
7.1259437799,-21.3907723427,-17.0639235973
8.2516967058,-26.1889476776,-8.8358652592
6.0310332775,-26.1730580330,-9.8425618410
3.7708227038,-26.1876940727,-10.5714294910
9.9733549356,-26.2027106285,-11.9954824448
7.7230128050,-26.1594691277,-12.9436545372
5.4074731469,-26.1757898331,-13.7842373848
11.7956404686,-26.2199172974,-15.2919650078
9.4901754856,-26.1517052650,-16.1911242008
7.1348986626,-26.1614837646,-17.0662467480
0.2427564636,-16.8717873096,-26.4669485092
-1.1761309691,-16.8153402805,-28.5379638672
-2.5318595320,-16.7219369411,-30.6121048927
2.1459444091,-16.8751187325,-27.9196305275
0.7488105372,-16.8433194160,-29.7638912201
-0.5959952734,-16.7804636955,-31.6120138168
4.0592018366,-16.8711178303,-29.3727927208
2.6927660406,-16.8567826748,-30.9916424751
1.3634774685,-16.8199014664,-32.6131353378
0.2323180065,-21.6499452591,-26.4571962357
-1.1843719929,-21.5874996185,-28.5327916145
-2.5394241661,-21.4842219353,-30.6134204865
2.1330356821,-21.6524991989,-27.9160337448
0.7381882928,-21.6181902885,-29.7593502998
-0.6036929972,-21.5484924316,-31.6079134941
4.0436638594,-21.6463594437,-29.3751120567
2.6798687577,-21.6327185631,-30.9884939194
1.3540187627,-21.5921273232,-32.6051106453
0.2176993191,-26.4189925194,-26.4560761452
-1.1941477321,-26.3495712280,-28.5284900665
-2.5464827269,-26.2410483360,-30.6070857048
2.1161474884,-26.4218006134,-27.9119052887
0.7252750136,-26.3839230537,-29.7551293373
-0.6129276156,-26.3076171875,-31.6049141884
4.0240688920,-26.4149341583,-29.3679432869
2.6630894542,-26.4001636505,-30.9850249290
1.3407325670,-26.3555450439,-32.6060843468
-10.3857885599,-16.6735613346,-19.4937758446
-14.0080814362,-16.6656055450,-17.7468640804
-17.6159932613,-16.6649608612,-16.0025105476
-11.8369393349,-16.6649806499,-23.0707521439
-15.4352540970,-16.6651220322,-21.7933263779
-19.0322728157,-16.6642010212,-20.5159659386
-13.2717993259,-16.6651878357,-26.6505846977
-16.8612601757,-16.6652328968,-25.8400397301
-20.4447126389,-16.6596851349,-25.0292434692
-10.3878725767,-21.4360728264,-19.5015053749
-14.0081615448,-21.4275617599,-17.7467374802
-17.6161077023,-21.4268946648,-15.9935281277
-11.8370237350,-21.4269185066,-23.0706872940
-15.4352045059,-21.4270548820,-21.7932753563
-19.0322279930,-21.4261255264,-20.5159058571
-13.2719259262,-21.4271140099,-26.6416220665
-16.8612208366,-21.4271531105,-25.8399910927
-20.4422631264,-21.4205937386,-25.0380392075
-10.3894281387,-26.1975665092,-19.4918494225
-14.0081920624,-26.1893763542,-17.7466623783
-17.6159019470,-26.1888136864,-16.0023899078
-11.8370552063,-26.1888518333,-23.0706372261
-15.4351694584,-26.1889805794,-21.7932300568
-19.0332870483,-26.1889958382,-20.5158715248
-13.2684049606,-26.1873178482,-26.6478257179
-16.8572106361,-26.1867918968,-25.8360881805
-20.4548211098,-26.1906638145,-25.0328741074
16.9702720642,-59.5229949951,-109.2705707550
16.5454752445,-59.5230102539,-114.1128940582
21.8234381676,-59.5229387283,-109.1444149017
21.3716711998,-59.5229988098,-113.9536094666
20.9198646545,-59.5230150223,-118.7627029419
16.9702847004,-64.2849016190,-109.2705574036
16.5454859734,-64.2849168777,-114.1129112244
21.8239831924,-64.2848825455,-109.1450824738
21.3716678619,-64.2849063873,-113.9536228180
20.9193601608,-64.2849197388,-118.7620410919
16.9702956676,-69.0468177795,-109.2705421448
21.8234701157,-69.0468101501,-109.1444301605
21.3716773987,-69.0468196869,-113.9535827637
20.9198865891,-69.0468311310,-118.7626819611
-5.7195861340,-59.5221128464,-32.0208120346
-8.3881258965,-59.5221633911,-31.3687677383
-11.0434212685,-59.5108871460,-30.7299652100
-6.1562235355,-59.5222663879,-34.4496898651
-8.8049014807,-59.5223102570,-34.1450223923
-11.4473090172,-59.5164041519,-33.8525552750
-6.5928221941,-59.5223779678,-36.8785820007
-9.2216510773,-59.5224227905,-36.9212770462
-5.7191185951,-64.2839136124,-32.0274558067
-8.3880521059,-64.2839698792,-31.3687663078
-11.0370049477,-64.2671918869,-30.7321414948
-6.1561470032,-64.2841014862,-34.4496917725
-8.8048417568,-64.2841587067,-34.1450119019
-11.4435687065,-64.2733449936,-33.8605117798
-6.5931408405,-64.2842454910,-36.8719425201
-9.2216008902,-64.2842998505,-36.9212627411
-5.7193952799,-69.0457115173,-32.0208172798
-8.3879724741,-69.0457820892,-31.3687500954
-11.0570268631,-69.0403728485,-30.7172164917
-6.1560628414,-69.0459461212,-34.4496831894
-8.8047740459,-69.0460166931,-34.1449871063
-6.5926934481,-69.0461235046,-36.8785600662
16.2565550804,-59.5233440399,-78.7442054749
15.4581203461,-59.5228214264,-84.0461215973
14.6610996723,-59.5229206085,-89.3479213715
22.1511778831,-59.5787200928,-78.9066486359
20.9711556435,-59.5361413956,-84.1881198883
19.8678855896,-59.5238685608,-89.4696559906
28.6374197006,-59.4572896957,-79.0116634369
26.8121309280,-59.5772304535,-84.3323707581
25.2022509575,-59.5765285492,-89.5925903320
16.2500956059,-64.2846946716,-78.7439002991
15.4581022263,-64.2847766876,-84.0461559296
14.6664402485,-64.2848434448,-89.3483047485
22.0896673203,-64.3160858154,-78.9059123993
20.9516334534,-64.2889022827,-84.1882514954
19.8658394814,-64.2848777771,-89.4696998596
28.4147300720,-64.2836389542,-79.0742206573
26.6714496613,-64.3531141281,-84.3322544098
25.1374802589,-64.3155574799,-89.5913543701
16.2551317215,-69.0466308594,-78.7443962097
15.4581332207,-69.0467319489,-84.0461788177
14.6611087322,-69.0467605591,-89.3479003906
22.0465936661,-69.0584297180,-78.9061298370
20.9437723160,-69.0475311279,-84.1879596710
19.8653769493,-69.0466594696,-89.4698238373
28.1896772385,-69.0973834991,-79.0720691681
26.5692691803,-69.1000308990,-84.3310718536
25.0998392105,-69.0588130951,-89.5916366577
30.0811166763,-2.3107211273,-94.9492435455
28.8701429367,-2.3544239020,-99.6916542053
27.7418522835,-2.3760161470,-104.4236679077
35.2860136032,-2.3204098358,-95.5042800903
34.2352504730,-2.2852369314,-100.1019153595
33.1022953987,-2.1547688805,-104.6853790283
40.1502218246,-2.4035607286,-96.0465698242
39.2202920914,-2.3439301782,-100.4972457886
38.2249727249,-2.2088708123,-104.9452743530
30.1197409630,-7.0577659607,-94.9522933960
28.9115400314,-7.1152423620,-99.7034187317
27.7429118156,-7.1682606936,-104.4513282776
35.2744741440,-7.0875686407,-95.5134582520
34.2321724892,-7.0251097679,-100.1103458405
33.1083865166,-6.9499974251,-104.7024688721
40.1587409973,-7.1815468073,-96.0510215759
39.2109222412,-7.1280671358,-100.5014667511
38.1957235336,-7.0198965073,-104.9547233582
30.1296358109,-11.8022344112,-94.9625892639
28.9136600494,-11.8730461597,-99.7064609528
27.7110724449,-11.9444074631,-104.4496288300
35.2812271118,-11.8389871120,-95.5148372650
34.2316427231,-11.7708096504,-100.1122417450
33.1176428795,-11.7262685299,-104.7015380859
40.1713676453,-11.9485244751,-96.0434875488
39.2186336517,-11.8947761059,-100.4967231750
38.2092323303,-11.8014268875,-104.9527530670
42.3259420395,-102.4080085754,-27.8242664337
38.1467304230,-102.3892421722,-25.9363160133
33.8982806206,-102.3375759125,-24.0284914970
39.7963409424,-102.3728790283,-32.5574688911
35.8341894150,-102.3042354584,-29.9703059196
31.7917275429,-102.3228778839,-27.3793387413
37.1210956573,-102.2807445526,-37.2681255341
33.3249039650,-102.3086147308,-33.9925365448
29.5616326332,-102.4366111755,-30.7045445442
42.2734832764,-107.1545085907,-27.8625631332
37.9478101730,-107.0979766846,-25.9687504768
33.5143156052,-107.1653766632,-24.0680704117
39.5814123154,-107.0733032227,-32.5824251175
35.4657068253,-107.1082878113,-29.9926109314
31.3138723373,-107.2759571075,-27.3818569183
36.6801776886,-107.1165370941,-37.2846860886
32.8580203056,-107.2412948608,-33.9891529083
29.1165227890,-107.3224906921,-30.6723914146
42.1039657593,-111.8621883392,-27.9142308235
37.5508260727,-111.9106082916,-25.9889388084
33.0277996063,-112.0988330841,-24.0539302826
39.1923847198,-111.8750343323,-32.5939874649
34.9863362312,-112.0233421326,-29.9886546135
30.8565063477,-112.1048831940,-27.3563909531
36.2162017822,-111.9980373383,-37.2639312744
32.4354581833,-112.0514297485,-33.9622888565
28.7535352707,-112.0022315979,-30.6385860443
-0.1698923521,-102.3801460266,-26.4597196579
1.6491760202,-102.3804416656,-27.8770198822
3.4437962472,-102.3804187775,-29.3218955994
2.2805031836,-102.3803958893,-30.9569382668
33.7380647659,-102.3811588287,-79.6218566895
31.9829459190,-102.3800601959,-84.8112316132
30.2325487137,-102.3801460266,-90.0003871918
40.2099275589,-102.4364871979,-80.5910434723
37.6444950104,-102.3889694214,-85.6304531097
35.2189559937,-102.3801097870,-90.6703853607
47.3325958252,-102.3481235504,-81.5412635803
43.5619316101,-102.4556407928,-86.4566726685
40.2553920746,-102.3969535828,-91.3402805328
33.7212533951,-107.1419754028,-79.6192207336
31.9829478264,-107.1420269012,-84.8112888336
30.2449173927,-107.1420478821,-90.0032444000
40.0807294846,-107.1638183594,-80.5900421143
37.6206855774,-107.1426963806,-85.6306514740
35.2184219360,-107.1420135498,-90.6705303192
46.9076766968,-107.1613063812,-81.5612087250
43.3818817139,-107.1815681458,-86.4506511688
40.2004404068,-107.1440620422,-91.3376770020
33.7333388329,-111.9039077759,-79.6221733093
31.9829378128,-111.9039440155,-84.8112850189
30.2325358391,-111.9039554596,-90.0003719330
40.0267267227,-111.9074840546,-80.5909957886
37.6169633865,-111.9038734436,-85.6310710907
35.2184324265,-111.9039516449,-90.6705303192
46.5790510178,-111.9400062561,-81.5561008453
43.2854747772,-111.9147548676,-86.4499263763
40.2047834396,-111.9038677216,-91.3405647278
34.0735044479,-88.0944862366,-136.9159584045
33.9671216011,-88.0945014954,-141.5282783508
34.0733132362,-92.8563899994,-136.9165763855
34.0461325645,-88.0289096832,-40.3068342209
30.9225873947,-87.9679985046,-36.7958421707
27.8098630905,-87.9323101044,-33.2850494385
29.1655907631,-87.9391860962,-41.8668031693
26.9021067619,-87.9560489655,-38.4961872101
24.6419425011,-88.0106105804,-35.1288452148
23.9853596687,-88.1920948029,-43.3897562027
22.6654772758,-88.1901321411,-40.1643552780
21.3531851768,-88.2021770477,-36.9424581528
33.8813934326,-92.7346858978,-40.3310394287
30.6982345581,-92.7019977570,-36.8171682358
27.5269703865,-92.7331905365,-33.3028378487
28.7924394608,-92.8374195099,-41.8729915619
26.5277523994,-92.8641700745,-38.5019044876
24.2724099159,-92.9192123413,-35.1315383911
23.7318868637,-92.9551010132,-43.3715448380
22.4267601967,-92.9628505707,-40.1470880508
21.1274929047,-92.9744701385,-36.9257297516
33.5731158257,-97.5080699921,-40.3499135971
30.3376283646,-97.5703086853,-36.8275375366
27.1491718292,-97.6497592926,-33.3109970093
28.3963198662,-97.7320766449,-41.8701286316
26.1543464661,-97.7424774170,-38.4911308289
23.9342260361,-97.7576942444,-35.1122741699
23.5655827522,-97.6630535126,-43.3486251831
22.2303547859,-97.6689605713,-40.1180276871
20.8962163925,-97.6748352051,-36.8886766434
33.7333488464,-116.6658535004,-79.6221885681
31.9829244614,-116.6658535004,-84.8112716675
40.0163192749,-116.6658859253,-80.5916156769
37.6168689728,-116.6658210754,-85.6311588287
35.2184114456,-116.6658458710,-90.6705245972
46.4157142639,-116.6658401489,-81.5548686981
43.2554931641,-116.6662178040,-86.4507160187
40.2043066025,-116.6658077240,-91.3406562805
33.7209334373,-121.4277515411,-79.6193084717
40.0152769089,-121.4276618958,-80.5917911530
37.6168308258,-121.4277229309,-85.6311607361
35.2184171677,-121.4277458191,-90.6705131531
46.3229608536,-121.4303836823,-81.5634765625
43.2507572174,-121.4276332855,-86.4509792328
40.1919240952,-121.4277229309,-91.3378067017
33.7333140373,-126.1896514893,-79.6221466064
40.0152559280,-126.1896133423,-80.5918159485
37.6168279648,-126.1896362305,-85.6311588287
46.2988853455,-126.1896171570,-81.5605545044
43.2507591248,-126.1895961761,-86.4510574341
40.2042922974,-126.1896324158,-91.3406677246
76.3463878632,-2.3804030406,-265.7600631714
76.3172359467,-2.3804163132,-261.1931228638
76.2924499512,-2.3812793346,-256.6236457825
71.6371021271,-2.3804214670,-266.3659362793
71.6062965393,-2.3804046859,-261.7937850952
71.5755176544,-2.3803907192,-257.2216148376
66.8631057739,-2.3804162745,-257.8170280457
76.3462619781,-7.1422872543,-265.7598342896
76.3171482086,-7.1422891617,-261.1930847168
76.2964649200,-7.1422134638,-256.6214332581
71.6371173859,-7.1423274279,-266.3658981323
71.6063137054,-7.1423130035,-261.7937240601
71.5755310059,-7.1423019171,-257.2215576172
66.8630695343,-7.1423199177,-257.8168067932
76.3469295502,-11.9041869640,-265.7596511841
76.3171844482,-11.9041936398,-261.1930770874
76.2982597351,-11.9026834965,-256.6214599609
71.6371421814,-11.9042348862,-266.3658981323
71.6063308716,-11.9042196274,-261.7937240601
71.5755405426,-11.9042086601,-257.2215576172
15.6565756798,-2.3053309005,-31.6373424530
13.8494708538,-2.3031785581,-32.8733930588
11.9527583122,-2.3104912415,-34.1086397171
17.2521965504,-2.3154841429,-33.6600332260
15.2701804638,-2.3034565300,-34.7668333054
13.1982240677,-2.3098968361,-35.8735523224
18.8361625671,-2.3289475371,-35.6865901947
16.6839647293,-2.3059944827,-36.6619253159
14.4352836609,-2.3090532646,-37.6394319534
15.6487865448,-7.0966888666,-31.6276526451
13.8734166622,-7.0928208828,-32.8622398376
12.0453081131,-7.1004610062,-34.0903215408
17.2459001541,-7.1018750668,-33.6523571014
15.2814373970,-7.0897364616,-34.7573060989
13.2609746456,-7.0935021639,-35.8531875610
18.8393292427,-7.1136749983,-35.6788520813
16.6877079010,-7.0909574032,-36.6527318954
14.4752101898,-7.0889564753,-37.6172895432
15.6813192368,-11.8817510605,-31.6175723076
13.9143202305,-11.8724048138,-32.8525876999
12.1000726223,-11.8784904480,-34.0822448730
17.2706968784,-11.8858942986,-33.6411504745
15.3168640137,-11.8706760406,-34.7484636307
13.3135137558,-11.8712522984,-35.8490800858
18.8567299843,-11.8941328526,-35.6655826569
16.7191104889,-11.8720948696,-36.6444664001
14.5259215832,-11.8666698933,-37.6163778305
-9.0939844847,-102.2518367767,-6.2038142681
-10.2546364069,-102.2893753052,-3.7996581197
-10.9973014593,-102.3442420959,-1.0386663770
-13.1445276737,-102.3769969940,-8.0134996176
-14.3031647205,-102.3768310547,-4.8421385884
-15.3416807652,-102.3772487640,-1.6211852431
-17.2857706547,-102.3808784485,-9.8219636679
-18.5524730682,-102.3804416656,-5.8794891238
-19.7882447243,-102.3804416656,-1.9251565933
-9.0782946348,-107.1408176422,-6.2263065577
-10.2335531712,-107.1408176422,-3.8787755966
-11.0050852299,-107.1410484314,-1.3614873730
-13.1359202862,-107.1424388885,-8.0096814632
-14.2846994400,-107.1423950195,-4.8344051242
-15.3330368996,-107.1423950195,-1.6175285876
-17.2803206444,-107.1424694061,-9.8351463079
-18.5499174595,-107.1424503326,-5.8783231378
-19.7898473740,-107.1424503326,-1.9098437130
-9.0851612091,-111.9041252136,-6.2452403307
-10.2524824142,-111.9041175842,-3.8864330053
-11.0181043148,-111.9041271210,-1.3504733306
-13.1457273960,-111.9042263031,-8.0141561031
-14.3046531677,-111.9042205811,-4.8426889181
-15.3431401253,-111.9042186737,-1.6213383377
2.2492488921,-88.0940856934,-39.5915107727
1.1493560672,-88.0941104889,-39.2182035446
-0.0009672572,-88.0941505432,-38.8417673111
2.3683811724,-88.0941963196,-40.7358531952
1.1970456690,-88.0941791534,-40.4207658768
0.0229087949,-88.0941848755,-40.0803508759
2.4766877592,-88.0944213867,-41.9296035767
1.2698262334,-88.0944004059,-41.6363973618
2.2490782440,-92.8562488556,-39.5913581848
2.3673807383,-92.8562622070,-40.7353887558
16.5106077194,-2.4168896916,-78.7417411804
15.5701708794,-2.3859220652,-84.0431156158
14.6790132523,-2.3777338710,-89.3457012177
22.8275671005,-2.3618439240,-78.9085407257
21.4306373596,-2.4316566056,-84.1865081787
20.1477875710,-2.4249987508,-89.4650096893
29.3962941170,-2.3158954582,-79.0831508636
27.7121706009,-2.2989080278,-84.3431110382
25.8959183693,-2.3662763387,-89.5995635986
16.4247579575,-7.2028883696,-78.7584629059
15.5244505405,-7.1568843126,-84.0525665283
14.6776938438,-7.1419160366,-89.3490028381
22.8636393547,-7.1493146420,-78.9140186310
21.3993020058,-7.2236098051,-84.1976795197
20.0752401352,-7.2105214596,-89.4833755493
29.4134654999,-7.0796866417,-79.0814552307
27.7446346283,-7.0612338781,-84.3461303711
25.9162464142,-7.1428345442,-89.6034049988
16.3976073265,-11.9770500660,-78.7550430298
15.5039720535,-11.9243679047,-84.0505313873
14.6670436859,-11.9058558941,-89.3484230042
22.8632588387,-11.9131009579,-78.9144229889
21.3696966171,-11.9993004799,-84.2012958527
20.0415325165,-11.9858703613,-89.4829597473
29.4241943359,-11.8333456516,-79.0764255524
27.7570505142,-11.8116679192,-84.3494014740
25.9212355614,-11.9037661552,-89.6072711945
12.9902641773,-30.9910659790,-17.8970060349
10.8029298782,-30.9175710678,-18.8046727180
8.5701236725,-30.9133882523,-19.7189803123
13.5096821785,-30.9804296494,-19.8132410049
11.6510586739,-30.9128251076,-20.7645030022
9.7543196678,-30.9003920555,-21.7217330933
14.0251750946,-30.9657750130,-21.7306313515
12.4991061687,-30.9088115692,-22.7263274193
10.9404337406,-30.8913569450,-23.7263422012
12.9984295368,-35.7506036758,-17.8905601501
10.8020825386,-35.6789522171,-18.8028678894
8.5575844049,-35.6744337082,-19.7178001404
13.5099158287,-35.7360839844,-19.8077130318
11.6462545395,-35.6692123413,-20.7631278038
9.7423832417,-35.6574850082,-21.7215056419
14.0167746544,-35.7181968689,-21.7258067131
12.4905290604,-35.6609010696,-22.7249979973
10.9305977821,-35.6448841095,-23.7267928123
12.9908652306,-40.5021944046,-17.8872222900
10.7960913181,-40.4383497238,-18.8056693077
8.5496139526,-40.4357557297,-19.7211475372
13.5057859421,-40.4848346710,-19.8062682152
11.6351025105,-40.4240341187,-20.7659001350
9.7207980156,-40.4162635803,-21.7245163918
14.0153307915,-40.4645433426,-21.7264571190
12.4750275612,-40.4119606018,-22.7275485992
10.8975808620,-40.4005851746,-23.7290968895
26.9314131737,-2.3910281600,-109.1428585052
26.3418259621,-2.3831502365,-113.8916072845
25.7741312981,-2.3764838495,-118.6408672333
32.1225237846,-2.1578437956,-109.2796916962
31.3971967697,-2.2624459142,-113.9275341034
30.7563281059,-2.3442258068,-118.5780658722
37.4021921158,-2.1027238928,-109.4448242188
36.7902946472,-2.0605074838,-113.9912414551
36.1293916702,-2.0551156104,-118.5268859863
26.8946366310,-7.1739786863,-109.1678581238
26.3060817719,-7.1592673063,-113.9113922119
25.7520132065,-7.1448276043,-118.6543846130
32.1658267975,-6.9601736069,-109.3054046631
31.4421615601,-7.0473574400,-113.9475269318
30.7486863136,-7.1242557764,-118.5977096558
37.3672609329,-6.9158548117,-109.4684238434
36.7587966919,-6.8599128723,-114.0060863495
36.1153364182,-6.8636268377,-118.5374298096
26.8446316719,-11.9545748234,-109.1739940643
26.2643184662,-11.9356226921,-113.9167537689
25.7279257774,-11.9136924744,-118.6569938660
32.1623439789,-11.7503073215,-109.3124408722
31.4097995758,-11.8352148533,-113.9605064392
30.6956825256,-11.9079918861,-118.6125965118
37.3877801895,-11.7168753147,-109.4687061310
36.7710161209,-11.6584329605,-114.0136165619
36.1223859787,-11.6663572788,-118.5519027710
8.5806437731,-31.1220703125,-40.3892984390
10.4008626938,-31.0913133621,-39.4875307083
12.3839335442,-30.9493255615,-38.5683422089
7.7623980045,-31.1298193932,-38.8493070602
9.4448437691,-31.1095614433,-37.8746385574
11.2423877716,-31.0068674088,-36.8905868530
6.9596892595,-31.1377172470,-37.2995586395
8.4936788082,-31.1255941391,-36.2618455887
10.1123156548,-31.0597839355,-35.2112636566
8.5359573364,-35.8810119629,-40.3861322403
10.3446352482,-35.8583869934,-39.4858865738
12.2788033485,-35.7435531616,-38.5739040375
7.7219593525,-35.8884057999,-38.8473844528
9.3931806087,-35.8747129440,-37.8728733063
11.1435201168,-35.7991657257,-36.8937215805
6.9232560396,-35.8961610794,-37.2988872528
8.4459333420,-35.8892478943,-36.2598237991
10.0339598656,-35.8393268585,-35.2095232010
8.4886046648,-40.6376848221,-40.3854150772
10.2804915905,-40.6248664856,-39.4842863083
12.1544363499,-40.5459022522,-38.5781478882
7.6742320061,-40.6443920135,-38.8451128006
9.3338990211,-40.6386613846,-37.8710050583
11.0483179092,-40.5860595703,-36.8950242996
6.8748464584,-40.6517438889,-37.2950086594
8.3901970387,-40.6517953873,-36.2576942444
9.9601426125,-40.6156787872,-35.2093353271
11.1180548668,-102.3829917908,-17.9001340866
8.9636344910,-102.3789558411,-18.7569494247
6.8663139343,-102.3798179626,-19.6458082199
11.6044096947,-102.3811645508,-19.7994532585
9.8129546642,-102.3793430328,-20.7244372368
8.0424714088,-102.3800716400,-21.6614475250
12.1194987297,-102.3808765411,-21.7129764557
10.6649897099,-102.3798332214,-22.6930437088
9.2188589573,-102.3801612854,-23.6771183014
11.0566680431,-107.1418533325,-17.8652739525
8.9578288794,-107.1421718597,-18.7548627853
6.8589864969,-107.1422080994,-19.6444101334
11.5799341202,-107.1421756744,-19.7863659859
9.8108327389,-107.1422348022,-20.7236847878
8.0417077541,-107.1422519684,-21.6610598564
12.1032903194,-107.1422958374,-21.7074279785
10.6638367176,-107.1422843933,-22.6925377846
9.2244011164,-107.1422863007,-23.6777200699
11.0499553680,-111.9040832520,-17.8640117645
8.9574213028,-111.9040870667,-18.7545599937
6.8649351597,-111.9041252136,-19.6451702118
11.5795419216,-111.9041194916,-19.7860174179
9.8104956150,-111.9041347504,-20.7234654427
8.0414764881,-111.9041500092,-21.6609358788
12.1091392040,-111.9041481018,-21.7080230713
10.6635696888,-111.9041633606,-22.6923613548
9.2180054188,-111.9041690826,-23.6767110825
76.3172168732,-59.5273132324,-261.1949920654
76.2905426025,-59.5253658295,-256.6314773560
76.2762355804,-64.2941751480,-256.6253013611
76.2815704346,-69.0531902313,-256.6152076721
14.7143788338,-73.9159984589,-31.6587595940
12.8135919571,-73.9550762177,-32.8679332733
10.9767129421,-73.9324378967,-34.0734672546
16.3485140800,-73.8580722809,-33.6869897842
14.2062852383,-73.9418506622,-34.7707614899
12.1624584198,-73.9306507111,-35.8470945358
18.0008018017,-73.7941837311,-35.7117071152
15.6071648598,-73.9260730743,-36.6725111008
13.3518834114,-73.9284534454,-37.6199913025
14.5168240070,-78.7137088776,-31.6528410912
12.6634356976,-78.7018337250,-32.8587627411
10.8585782051,-78.6479415894,-34.0647554398
16.1179494858,-78.6925830841,-33.6856346130
14.0484409332,-78.6988067627,-34.7614259720
12.0389096737,-78.6529521942,-35.8357009888
17.7353634834,-78.6624774933,-35.7165765762
15.4392018318,-78.6943798065,-36.6631269455
13.2217743397,-78.6578559875,-37.6062259674
14.3401198387,-83.4690494537,-31.6439743042
12.5131185055,-83.4167652130,-32.8427491188
10.7378869057,-83.3542709351,-34.0421323776
15.9242761135,-83.4653949738,-33.6746597290
13.8961606026,-83.4240188599,-34.7461853027
11.9198369980,-83.3599224091,-35.8161211014
17.5163240433,-83.4586334229,-35.7045431137
15.2826447487,-83.4308891296,-36.6488075256
13.1035706997,-83.3662319183,-37.5900945663
11.6332914829,-2.4381970416,-48.4197807312
13.8525145054,-2.4274545170,-51.5322647095
16.1368196011,-2.3963146282,-54.6342935562
13.8141930103,-2.3366813965,-46.8439188004
16.3321034908,-2.3180615217,-48.8929567337
18.7938027382,-2.3141348977,-50.9285612106
16.0767056942,-2.3120352663,-45.2614574432
18.6869077682,-2.3161074370,-46.2407674789
21.2401618958,-2.3267605132,-47.2326097488
11.6614394188,-7.2469385862,-48.3943777084
13.9304964542,-7.2326128483,-51.5297536850
16.2309865952,-7.1868915558,-54.6606006622
13.9454283714,-7.1385893822,-46.8278617859
16.4445021152,-7.0897989273,-48.8767633438
18.8800163269,-7.0766593218,-50.9273405075
16.1569359303,-7.0865781307,-45.2800502777
18.7338304520,-7.0891863108,-46.2434406281
21.2767691612,-7.1076898575,-47.2052602768
11.6575140953,-12.0303854942,-48.4262704849
13.9362678528,-12.0098991394,-51.5440979004
16.2602682114,-11.9467787743,-54.6516122818
13.9769415855,-11.9153242111,-46.8396873474
16.4880659580,-11.8495981693,-48.8862237930
18.9308743477,-11.8246803284,-50.9346237183
16.2026746273,-11.8502755165,-45.2634172440
18.7747635841,-11.8471736908,-46.2465229034
21.3096065521,-11.8688905239,-47.2284545898
6.2964605093,-116.6658878326,-8.6673084497
4.2425197959,-116.6658935547,-9.7677440643
2.0114250192,-116.6659126282,-10.4665000439
8.0594198704,-116.6659030914,-11.9111738205
5.9072423577,-116.6659145355,-12.8465116024
9.8605662584,-116.6659450531,-15.2332296371
7.6531554461,-116.6659526825,-16.1213388443
90.7400817871,-59.5180559158,-291.1626815796
90.6899757385,-59.5174245834,-286.6361999512
90.7026596069,-59.5137710571,-282.1053771973
86.0115089417,-59.5040264130,-287.2238998413
85.9308071136,-59.5202178955,-282.7380828857
90.7404499054,-64.2851896286,-291.1682662964
90.6911563873,-64.2851619720,-286.6416778564
90.6422615051,-64.2853002548,-282.1156005859
85.9308509827,-64.2852020264,-282.7360458374
90.7410526276,-69.0471057892,-291.1681060791
90.6911563873,-69.0470790863,-286.6416549683
90.6426296234,-69.0476264954,-282.1156005859
11.6381430626,-16.8029179573,-48.4324388504
13.9135789871,-16.7775497437,-51.5525512695
16.2460081577,-16.7019748688,-54.6605978012
13.9587755203,-16.6824417114,-46.8474473953
16.4903194904,-16.6008751392,-48.8921403885
18.9419250488,-16.5666370392,-50.9388046265
16.2168993950,-16.6009080410,-45.2662973404
18.7961974144,-16.5936961174,-46.2458915710
21.3255147934,-16.6226363182,-47.2251548767
11.6185224056,-21.5691618919,-48.4134798050
13.8839886189,-21.5401911736,-51.5545206070
16.2139039040,-21.4554166794,-54.6830310822
13.9211485386,-21.4474625587,-46.8490571976
16.4679186344,-21.3476715088,-48.8912343979
18.9248533249,-21.3033061028,-50.9360837936
16.1973075867,-21.3458843231,-45.2850933075
18.7892704010,-21.3324475288,-46.2419300079
21.3257145882,-21.3681116104,-47.1988525391
11.5834550858,-26.3324365616,-48.4334611893
13.8461327553,-26.3013839722,-51.5546617508
16.1815216541,-26.2092075348,-54.6623716354
13.8753354549,-26.2109732628,-46.8490447998
16.4291336536,-26.0971875191,-48.8889207840
18.8923640251,-26.0404210091,-50.9324073792
16.1677429676,-26.0928058624,-45.2622470856
18.7649803162,-26.0709567070,-46.2389020920
21.3076605797,-26.1086716652,-47.2154655457
13.1156914234,-88.1802539825,-1.2395795778
12.4987740517,-88.1985836029,-3.6303411126
11.3525573015,-88.2160377502,-5.7855112553
17.8050248623,-88.1509246826,-1.3084028363
17.1614723206,-88.1464862823,-3.9081775546
16.3810489178,-88.1431312561,-6.4564249516
22.5026307106,-88.1481609344,-1.3978827894
21.9538645744,-88.1498794556,-4.2333109975
21.3731684685,-88.1496295929,-7.0658227205
13.0625541210,-92.9851493835,-1.2375836615
12.4454088211,-92.9929676056,-3.6094436049
11.3209787607,-93.0038356781,-5.7585239410
17.7656602859,-92.9531574249,-1.3098453283
17.1036238670,-92.9550094604,-3.9093445539
16.3167076111,-92.9642715454,-6.4581121206
22.5091433525,-92.9222965240,-1.3957203627
21.9566655159,-92.9218578339,-4.2477578521
21.3629412651,-92.9207363129,-7.0999031067
12.9409327507,-97.8594074249,-1.2259927293
12.3394529819,-97.8627166748,-3.5987131000
11.2097876072,-97.8374309540,-5.7629892826
17.6514537334,-97.8202743530,-1.3113662004
16.9936223030,-97.8330192566,-3.9063345194
16.1908380985,-97.8404617310,-6.4478033781
22.4484047890,-97.7349357605,-1.4045644104
21.8768539429,-97.7439289093,-4.2552202940
21.2482609749,-97.7515068054,-7.1048893929
-8.4433752298,-2.3352578236,-6.2384986877
-9.6674562693,-2.3079974863,-3.8826282620
-10.4218766689,-2.3064147967,-1.3299216654
-12.9759850502,-2.3582219968,-8.0200871229
-14.1510875225,-2.3468604109,-4.8465616703
-15.2167696953,-2.3413133309,-1.6232091784
-17.2768547535,-2.3694614319,-9.8136676550
-18.5445306301,-2.3694938399,-5.8840326667
-19.7818775177,-2.3713528956,-1.9398242831
-8.3228616714,-7.2590806484,-6.1742442846
-9.5323301554,-7.2350039482,-3.8483142853
-10.2951419353,-7.2218999863,-1.3436879404
-13.0235991478,-7.1787869930,-8.0137360096
-14.1939222813,-7.1602644920,-4.8355601430
-15.2664275169,-7.1482102871,-1.6197280288
-17.2741973400,-7.1369233131,-9.8378877640
-18.5432617664,-7.1368731260,-5.8818708062
-19.7861113548,-7.1375411749,-1.9133147895
-8.3220721483,-12.0652580261,-6.1978834867
-9.5599921942,-12.0485413074,-3.8601279259
-10.3162672520,-12.0392696857,-1.3341202207
-13.0468132496,-11.9814190865,-8.0132730007
-14.2292530537,-11.9615821838,-4.8427388668
-15.2917988300,-11.9404644966,-1.6239504218
-17.2821755409,-11.9016110897,-9.8234592676
-18.5505032539,-11.9012191296,-5.8827842474
-19.7869729996,-11.9012243748,-1.9281241596
-0.1435701177,-88.0914001465,-26.4330410957
-1.3768409342,-88.0923042297,-28.5182800293
-2.6010960340,-88.0886363983,-30.6017765999
1.6510124952,-88.0918216705,-27.8779835701
0.4525041468,-88.0925331116,-29.7379841805
-0.7458916493,-88.0930824280,-31.5980482101
3.4455611408,-88.0922241211,-29.3229141235
2.2818185836,-88.0927753448,-30.9576783180
1.1181795225,-88.0932064056,-32.5925121307
-0.1430719309,-92.8540954590,-26.4281668663
-1.3666168861,-92.8479957581,-28.5219516754
-2.5794188976,-92.8390522003,-30.6110677719
1.6507988088,-92.8544158936,-27.8773779869
0.4522616565,-92.8550987244,-29.7375168800
-0.7461534366,-92.8556041718,-31.5977020264
3.4446430504,-92.8547401428,-29.3265938759
2.2815795243,-92.8552436829,-30.9571862221
1.1186032109,-92.8556423187,-32.5878267288
-0.1720725596,-97.6178894043,-26.4635229111
-1.3942830861,-97.6055736542,-28.5537753105
1.6496900246,-97.6180171967,-27.8771357536
0.4514516257,-97.6182479858,-29.7373609543
-0.7466586567,-97.6183414459,-31.5976037979
3.4442872405,-97.6180248260,-29.3220133781
2.2807890773,-97.6182308197,-30.9570040703
1.1174037755,-97.6183261871,-32.5920104980
5.5767574906,-74.0679550171,-21.0382404327
3.4591516852,-73.9609813690,-22.7844858170
1.4378200620,-73.8292465210,-24.5414509773
6.9401233196,-74.0407218933,-23.0075306892
5.0274959803,-73.9647941589,-24.5814447403
3.1825087070,-73.8499526978,-26.1632146835
8.3134557009,-74.0181427002,-24.9755067825
6.6006928682,-73.9670486450,-26.3781886101
4.9356095791,-73.8758106232,-27.7864327431
5.4458851814,-78.7797355652,-21.0339970589
3.3389169574,-78.6381187439,-22.7800006866
1.3757453188,-78.5634651184,-24.5388741493
6.8024275303,-78.7592544556,-23.0049901009
4.9033215642,-78.6481285095,-24.5756192207
3.1055254340,-78.5702495575,-26.1544461250
8.1686880589,-78.7441082001,-24.9746379852
6.4740499258,-78.6607494354,-26.3712115288
4.8440144658,-78.5826015472,-27.7721147537
5.2758353949,-83.4506645203,-21.0329613686
3.2239682972,-83.3373737335,-22.7671356201
1.3597333059,-83.3275032043,-24.5310969353
6.6373143196,-83.4402427673,-22.9979467392
4.7808373570,-83.3446140289,-24.5598502159
3.0714492500,-83.3275756836,-26.1467218399
8.0098311901,-83.4360408783,-24.9617323875
6.3429676294,-83.3534774780,-26.3532161713
4.7863973975,-83.3272571564,-27.7635779381
39.2378692627,-102.3801994324,-122.9561462402
39.0575733185,-102.3802108765,-127.5033302307
38.8772821426,-102.3802223206,-132.0506401062
43.7290248871,-102.3801174164,-122.7649211884
43.5998172760,-102.3801860809,-127.2606945038
43.4705886841,-102.3802127838,-131.7565269470
48.2337493896,-102.3829898834,-122.5721988678
48.1445579529,-102.3803195953,-127.0178813934
48.0648117065,-102.3795642853,-131.4619026184
39.2388439178,-107.1420955658,-122.9551639557
39.0575790405,-107.1421108246,-127.5033130646
43.7290410995,-107.1420917511,-122.7649211884
43.5998134613,-107.1420993805,-127.2606697083
43.4705867767,-107.1421089172,-131.7565155029
48.2197494507,-107.1419105530,-122.5745296478
48.1420230865,-107.1419830322,-127.0180854797
48.0648860931,-107.1420669556,-131.4614982605
39.2378730774,-111.9040050507,-122.9561252594
43.7290229797,-111.9039840698,-122.7649250031
43.5998153687,-111.9039993286,-127.2606830597
43.4705934525,-111.9040126801,-131.7565155029
48.2206830978,-111.9038639069,-122.5735473633
48.1420507431,-111.9039669037,-127.0181293488
48.0684127808,-111.9039783478,-131.4644737244
62.4581918716,-173.8107719421,-2.3403020501
57.7575864792,-173.8085060120,-2.2853122354
61.2745532990,-173.8111305237,-7.0414652824
56.5695219040,-173.8085060120,-6.8559440374
60.0921888351,-173.8062896729,-11.7364540100
62.4585151672,-178.5703735352,-2.3384206295
90.2799739838,-145.2374153137,-190.7237586975
90.2965240479,-145.2375106812,-186.1224975586
13.3087534904,-16.6944079399,-1.2359529091
12.7232396603,-16.6985998154,-3.6239636540
11.6063711643,-16.6950454712,-5.7972167730
17.9023666382,-16.6965565681,-1.3015811145
17.2585806847,-16.6956944466,-3.8835214972
16.4840261936,-16.6942865849,-6.4179608822
22.5620999336,-16.6877171993,-1.4057251215
22.0051317215,-16.6877191067,-4.2535781264
21.4069895744,-16.6871383190,-7.0844497681
13.2501945496,-21.4690546989,-1.2368769464
12.6585180759,-21.4730687141,-3.6135401130
11.5577356815,-21.4722771645,-5.7832401991
17.8389534950,-21.4731559753,-1.2945896387
17.1882729530,-21.4717531204,-3.8662422895
16.4306566715,-21.4704446793,-6.3994001150
22.5236878395,-21.4668889046,-1.3967604637
21.9695873260,-21.4666967392,-4.2441845536
21.3793287277,-21.4657645226,-7.0773512125
13.2079250813,-26.2391800880,-1.2335298917
12.6285846233,-26.2431688309,-3.6175431013
11.5278494358,-26.2450256348,-5.7869561911
17.8064186573,-26.2427606583,-1.2963853478
17.1673023701,-26.2417702675,-3.8679153323
16.4036366940,-26.2406759262,-6.3924829960
22.4987158775,-26.2375574112,-1.4010209143
21.9445233345,-26.2373914719,-4.2393959165
21.3552031517,-26.2364516258,-7.0623871088
5.0474641323,-16.6656775475,-79.3087463379
4.5736991763,-16.6657068729,-84.5773010254
4.0999606848,-16.6657483578,-89.8458595276
10.6204445362,-16.6661534309,-78.8775844574
10.0022004843,-16.6656084061,-84.1758575439
9.3852756023,-16.6657094955,-89.4737529755
5.0474788547,-21.4275879860,-79.3087310791
4.5737207234,-21.4276156425,-84.5772781372
4.0999807417,-21.4276537895,-89.8458404541
10.6227742434,-21.4278941154,-78.8769760132
10.0021700859,-21.4275336266,-84.1758575439
9.3825652599,-21.4276242256,-89.4743061066
5.0474943519,-26.1895046234,-79.3087062836
4.5737425387,-26.1895346642,-84.5772647858
4.1000008583,-26.1895699501,-89.8458232880
10.6197830439,-26.1896166801,-78.8775787354
10.0021796227,-26.1894636154,-84.1758518219
9.3853224516,-26.1895484924,-89.4737415314
33.7762722969,-73.8164596558,-150.7640419006
33.7207784653,-73.8166904449,-155.3920059204
33.7779169083,-78.5732593536,-150.7650184631
40.2436599731,-145.2372474670,-27.8768177032
36.1721210480,-145.2372474670,-25.9225907326
37.8578958511,-145.2372436523,-32.5483813286
34.0837917328,-145.2372474670,-29.9160666466
35.4721689224,-145.2372512817,-37.2199535370
40.2493019104,-149.9991226196,-27.8638362885
37.8578901291,-149.9991302490,-32.5483641624
0.2248435002,-59.5208053589,-34.2180614471
-1.6230227277,-59.5220203400,-33.4502134323
-3.4692341685,-59.5220613480,-32.6827025414
-0.4075582232,-59.5221214294,-35.7542810440
-2.1772131175,-59.5221834183,-35.2935457230
-3.9469954967,-59.5222291946,-34.8325262070
-1.0556217618,-59.5222654343,-37.2732133865
-2.7314178646,-59.5223150253,-37.1369094849
-4.4247055054,-59.5223426819,-36.9823894501
0.2248347662,-64.2837429047,-34.2236251831
-1.6228570640,-64.2838392258,-33.4502334595
-3.4705948830,-64.2838668823,-32.6768527031
-0.4073754437,-64.2839775085,-35.7543287277
-2.1771241426,-64.2840290070,-35.2935619354
-3.9469047785,-64.2840633392,-34.8325347900
-1.0572454557,-64.2841281891,-37.2670612335
-2.7313379645,-64.2841701508,-37.1369256973
-4.4231737256,-64.2842054367,-36.9882516861
0.2235468067,-69.0456333160,-34.2177753448
-1.6227336079,-69.0456523895,-33.4502468109
-3.4690176249,-69.0456733704,-32.6827206612
-0.4072945304,-69.0458412170,-35.7543220520
-2.1770099849,-69.0458736420,-35.2935733795
-3.9468040466,-69.0459022522,-34.8325462341
-1.0554383434,-69.0459938049,-37.2732467651
-2.7312467396,-69.0460414886,-37.1369256973
-4.4245541096,-69.0460758209,-36.9823894501
75.8168621063,-145.2380561829,-142.0315322876
75.7320728302,-145.2393455505,-137.4875488281
75.6487731934,-145.2358322144,-132.9414558411
71.1542301178,-145.2445869446,-142.5838241577
71.0810737610,-145.2493133545,-138.0491447449
71.0172176361,-145.2412757874,-133.5152053833
66.4220390320,-145.2319030762,-134.0456733704
75.8135223389,-149.9991188049,-142.0271606445
75.7302227020,-149.9990959167,-137.4843292236
75.6469135284,-149.9990692139,-132.9415054321
71.0227718353,-149.9991188049,-133.5109863281
75.6476955414,-154.7609710693,-132.9415588379
90.5989818573,-73.8037223816,-277.5737609863
90.5634231567,-73.8028812408,-273.0307846069
90.5905685425,-73.7991390228,-268.4835815430
85.9174213409,-73.7917079926,-278.1533660889
85.8782882690,-73.7892055511,-273.6062850952
85.8121280670,-73.8057003021,-269.1041107178
90.5993194580,-78.5708618164,-277.5792541504
90.5646648407,-78.5708160400,-273.0361175537
90.5304374695,-78.5709285736,-268.4936370850
85.8491115570,-78.5708942413,-273.6495208740
85.8120689392,-78.5708732605,-269.1020965576
90.5998954773,-83.3327674866,-277.5790939331
90.5646419525,-83.3327407837,-273.0361709595
90.5308017731,-83.3332805634,-268.4937591553
85.8120613098,-83.3327903748,-269.1021118164
15.7034151554,-16.6486706734,-31.6045536995
13.9384386539,-16.6318256855,-32.8441071510
12.1175582409,-16.6399588585,-34.0800657272
17.2921781540,-16.6546816826,-33.6296730042
15.3408901691,-16.6306355000,-34.7399110794
13.3335657120,-16.6297891140,-35.8466300964
18.8759398460,-16.6631400585,-35.6557836533
16.7425568104,-16.6328430176,-36.6362514496
14.5479977131,-16.6232523918,-37.6137323380
15.7067170143,-21.4020438194,-31.5918879509
13.9409239292,-21.3808646202,-32.8366851807
12.1116261482,-21.3947234154,-34.0775012970
17.3003735542,-21.4123868942,-33.6206846237
15.3444509506,-21.3794064522,-34.7333087921
13.3257246017,-21.3812747002,-35.8425369263
18.8885707855,-21.4244651794,-35.6505012512
16.7465801239,-21.3819899559,-36.6302404404
14.5377411842,-21.3719000816,-37.6080532074
15.7034947872,-26.1470723152,-31.5871558189
13.9262366295,-26.1261734962,-32.8303947449
12.0804581642,-26.1478180885,-34.0693655014
17.2950143814,-26.1599054337,-33.6143169403
15.3308007717,-26.1235065460,-34.7279434204
13.3007366657,-26.1306834221,-35.8375120163
18.8823843002,-26.1761174202,-35.6423273087
16.7342810631,-26.1253414154,-36.6255798340
14.5177400112,-26.1186432838,-37.6062631607
33.1602315903,-102.3939113617,-40.3530778885
29.9111695290,-102.4762153625,-36.8243303299
26.7350845337,-102.5372829437,-33.2956738472
28.1012859344,-102.4800128937,-41.8468723297
25.8785820007,-102.4682636261,-38.4610862732
23.6640291214,-102.4578876495,-35.0736856461
23.4637064934,-102.3868675232,-43.3311691284
22.1139388084,-102.3858699799,-40.0954504013
20.7653837204,-102.3852062225,-36.8601188660
32.7225041389,-107.2629356384,-40.3353004456
29.5420055389,-107.2645950317,-36.7967481613
26.3982949257,-107.2343940735,-33.2492880821
27.9075737000,-107.1781063080,-41.8193378448
25.7019605637,-107.1651744843,-38.4309473038
23.4981942177,-107.1530113220,-35.0402135849
23.4269142151,-107.1421298981,-43.3244018555
22.0940136909,-107.1420097351,-40.0907964706
20.7614154816,-107.1421394348,-36.8572120667
32.4030327797,-111.9796028137,-40.3028421402
29.2969517708,-111.9495754242,-36.7634572983
26.2236833572,-111.9187412262,-33.2168016434
27.8198976517,-111.9069614410,-41.8051128387
25.6404395103,-111.9046497345,-38.4176073074
23.4642581940,-111.9040622711,-35.0308485031
23.4415283203,-111.9040126801,-43.3270330429
22.0933861732,-111.9040641785,-40.0905704498
20.7452359200,-111.9040966034,-36.8541049957
49.8645524979,-131.0503959656,-2.1294310689
44.4727096558,-131.2108612061,-2.0304552317
39.2812957764,-131.0586700439,-1.9253779948
48.5347347260,-131.0526542664,-6.4247857332
43.2415580750,-131.1820030212,-6.0899300575
38.1951227188,-131.0147819519,-5.7401262522
47.2050189972,-131.1098823547,-10.6846270561
41.9992828369,-131.1322631836,-10.1400905848
37.1204624176,-130.9782218933,-9.5528141260
49.2340669632,-135.9183158875,-2.1193230152
44.0023717880,-135.8295364380,-2.0250176787
39.0622634888,-135.7193984985,-1.9287081361
47.8892288208,-135.9113464355,-6.4200699329
42.8318204880,-135.7930107117,-6.0763832331
38.0577239990,-135.7152175903,-5.7384533882
46.5585451126,-135.8924598694,-10.7183480263
41.6660604477,-135.7542457581,-10.1243721247
37.0564451218,-135.7134857178,-9.5481076241
48.7222957611,-140.6084594727,-2.1200335622
43.7489404678,-140.4858932495,-2.0243491828
39.0472717285,-140.4752731323,-1.9242372513
47.4615163803,-140.5802574158,-6.4102269411
42.6497316360,-140.4795227051,-6.0735124350
38.0497980118,-140.4753150940,-5.7383286357
46.2130622864,-140.5339355469,-10.6967439651
41.5638685226,-140.4763145447,-10.1231963634
37.0524253845,-140.4753608704,-9.5524158478
61.9216556549,-116.6625976562,-170.9989662170
61.9117717743,-116.6636867523,-166.4291114807
61.9586763382,-116.6614398956,-161.8490447998
57.2070760727,-116.6628093719,-162.3497276306
61.8973283768,-121.4334373474,-161.8564758301
-1.6968734413,-88.2395858765,-10.2963745594
-4.3422070146,-88.2822170258,-9.3385043144
-6.7820456624,-88.3244628906,-8.1603997946
-5.3229337931,-88.0913505554,-13.1623110771
-8.2339985371,-88.0966548920,-11.8058497906
-11.0948295593,-88.0972709656,-10.3349940777
-8.2124801874,-88.0766792297,-16.1641795635
-11.6096298695,-88.0781021118,-14.3957643509
-15.0059587955,-88.0889892578,-12.6150274277
-1.8952663690,-92.8998508453,-10.2700505257
-4.4632006884,-92.9547424316,-9.3170096874
-6.8550674915,-93.0033226013,-8.1645286083
-5.3682114482,-92.8361778259,-13.1607813835
-8.2580926418,-92.8434391022,-11.7963719368
-11.1103708744,-92.8484191895,-10.3342111111
-8.2008154392,-92.8341159821,-16.1596670151
-11.6102681160,-92.8357563019,-14.3851778507
-15.0131399632,-92.8521385193,-12.6061136723
-2.0789498389,-97.5906333923,-10.2863669395
-4.5910130143,-97.6356048584,-9.3603733778
-6.9281702638,-97.6591777802,-8.1891181469
-5.3885638118,-97.6056995392,-13.1741142273
-8.2809342146,-97.6068019867,-11.8217368126
-11.1253427267,-97.6096172333,-10.3493030071
-8.2372018099,-97.6116447449,-16.1803269386
-11.6196734905,-97.6090946198,-14.4165859222
-15.0064954758,-97.6174297333,-12.6150200367
76.2650566101,-59.5186967850,-252.0514411926
76.2401485443,-59.5177221298,-247.4716148376
76.2801208496,-59.5136137009,-242.8903236389
71.5559329987,-59.5041561127,-248.0207443237
71.5050144196,-59.5201482773,-243.4828491211
76.2572402954,-64.2925901413,-252.0520477295
76.2360496521,-64.2940149307,-247.4757499695
76.2172298431,-64.2903337479,-242.8983078003
71.5269756317,-64.2851495743,-248.0627441406
71.5048408508,-64.2851362228,-243.4809150696
76.2611751556,-69.0546207428,-252.0421562195
76.2386131287,-69.0592536926,-247.4773368835
76.2231178284,-69.0536117554,-242.9025192261
71.5048770905,-69.0470542908,-243.4809417725
5.0905646086,-88.1199378967,-21.0084571838
3.1640435755,-88.0872478485,-22.7533078194
1.3587617204,-88.0902557373,-24.5303697586
6.4589653015,-88.1175537109,-22.9705100060
4.7122703195,-88.0885295868,-24.5423698425
3.0688362420,-88.0909595490,-26.1453919411
7.8359192610,-88.1183910370,-24.9321632385
6.2625385523,-88.0893249512,-26.3322925568
4.7788915038,-88.0915527344,-27.7604060173
4.9755116701,-92.8470363617,-20.9744944572
3.1591090560,-92.8515758514,-22.7509980202
1.3555395976,-92.8529720306,-24.5329380035
6.3522958755,-92.8505668640,-22.9379706383
4.7058556080,-92.8526535034,-24.5393705368
3.0686727464,-92.8535900116,-26.1446433067
7.7318133116,-92.8522758484,-24.9027791023
6.2526237965,-92.8535175323,-26.3277158737
4.7817920446,-92.8541393280,-27.7563543320
4.9583807588,-97.6150684357,-20.9715561867
3.1575458944,-97.6165199280,-22.7503166199
1.3572071120,-97.6174640656,-24.5292553902
6.3416787386,-97.6160373688,-22.9332485199
4.7044184804,-97.6169109344,-24.5386891365
3.0673287213,-97.6175804138,-26.1442375183
7.7253311872,-97.6166267395,-24.8949160576
6.2513624430,-97.6172027588,-26.3270483017
4.7774667144,-97.6176757812,-27.7592215538
8.2591249943,-45.2680578232,-8.8079124689
6.1072775126,-45.2659854889,-9.7934670448
3.8525229394,-45.2633390427,-10.5245640278
9.9738116264,-45.2646512985,-11.9753899574
7.7622280121,-45.2612304688,-12.9356253147
5.4705988765,-45.2671127319,-13.7495880127
11.7973012924,-45.2566471100,-15.2728028297
9.4952173233,-45.2260761261,-16.1951460838
7.1284362078,-45.2335329056,-17.0680601597
8.2544456720,-50.0324554443,-8.8007558584
6.0994369984,-50.0421876907,-9.7774441242
3.8435524404,-50.0436086655,-10.5176606178
9.9713308811,-50.0205688477,-11.9695184231
7.7525680065,-50.0387630463,-12.9198539257
5.4564940333,-50.0464534760,-13.7464201450
11.7903857231,-50.0035123825,-15.2785868645
9.4810532331,-49.9967842102,-16.1990458965
7.1002378464,-50.0092592239,-17.0710291862
8.2566481829,-54.8026399612,-8.8102530241
6.1001567841,-54.8263301849,-9.7932915688
3.8342004418,-54.8326835632,-10.5261342525
9.9772351980,-54.7822294235,-11.9824695587
7.7520068884,-54.8155794144,-12.9387576580
5.4328910112,-54.8322772980,-13.7551231384
11.7794430256,-54.7573900223,-15.2894716263
9.4619419575,-54.7693061829,-16.2072703838
7.0548114777,-54.7954549789,-17.0745432377
8.6552350521,-2.4348222120,-40.3612232208
10.3824725151,-2.4084139941,-39.4728040695
12.3444683552,-2.3149808152,-38.5921163559
7.8430179358,-2.4363728371,-38.8214063644
9.4318399429,-2.4207216189,-37.8532571793
11.2132816315,-2.3299178048,-36.9040803909
7.0386302471,-2.4383726874,-37.2764768600
8.4897571802,-2.4261757855,-36.2360239029
10.0734696388,-2.3573970299,-35.2149839401
8.6662528515,-7.2526725531,-40.3751668930
10.4947235584,-7.2317532301,-39.4703054428
12.4679777622,-7.1081906557,-38.5707874298
7.8475719690,-7.2547645569,-38.8398923874
9.5247216225,-7.2488545179,-37.8585844040
11.3595147133,-7.1322293282,-36.8879528046
7.0427275896,-7.2579714060,-37.2953910828
8.5679095984,-7.2589108944,-36.2471036911
10.2347073555,-7.1719521284,-35.2041082382
8.6701807976,-12.0471546650,-40.3867568970
10.5196771622,-12.0198152065,-39.4815673828
12.5176746845,-11.8893787861,-38.5712060928
7.8474094868,-12.0515611172,-38.8488245010
9.5483434200,-12.0368163586,-37.8699579239
11.4166717529,-11.9105255604,-36.8900518417
7.0399152040,-12.0568304062,-37.3012351990
8.5870451927,-12.0505108833,-36.2586164474
10.2917177677,-11.9513189793,-35.2094554901
-0.1470560711,-2.3798580889,-62.3575191498
-0.2237802520,-2.3798658205,-68.2612628937
-0.3004714586,-2.3799206616,-74.1650505066
5.9520363808,-2.3774850781,-61.8825836182
5.6807475686,-2.3789823481,-67.7990360260
5.4158537984,-2.3797901388,-73.7164421082
12.3360316753,-2.4333701863,-61.4056253433
11.7465329170,-2.3985566894,-67.3313560486
11.1936306953,-2.3768133828,-73.2645683289
-0.1533982102,-7.1417297125,-62.3580102921
-0.2237321474,-7.1417796612,-68.2612133026
-0.2939900607,-7.1418371201,-74.1645908356
5.9482482672,-7.1414980888,-61.8840866089
5.6800867915,-7.1412092447,-67.7997226715
5.4158677459,-7.1417424679,-73.7164058685
12.2735178471,-7.2281608582,-61.4205608368
11.6847660542,-7.1759282351,-67.3457145691
11.1586728096,-7.1440247297,-73.2696475983
-0.1503238324,-11.9036104679,-62.3590497971
-0.2232317291,-11.9036924839,-68.2625675201
-0.2976278551,-11.9037492275,-74.1663970947
5.9457846284,-11.9045536518,-61.8841180801
5.6796200275,-11.9033868313,-67.8000392914
5.4158817530,-11.9036743641,-73.7163982391
12.2389454842,-12.0068662167,-61.4214181900
11.6591238976,-11.9457302094,-67.3435535431
11.1483306885,-11.9089221954,-73.2687263489
-1.3036382198,-2.3270185561,-10.3346579075
-4.0219890475,-2.3556607112,-9.4063991308
-6.6146762967,-2.3626682641,-8.2460702658
-4.8461141884,-2.4591805525,-13.2426202297
-7.9371316433,-2.4437010164,-11.8672051430
-10.9124535322,-2.3863081568,-10.3656983376
-7.9626843929,-2.4031649947,-16.2077922821
-11.5008473396,-2.3666635427,-14.4326763153
-14.9643955231,-2.3598099858,-12.6255104542
-1.2280431092,-7.1780666113,-10.2795791626
-3.8922617435,-7.2609405518,-9.3625277281
-6.4744701982,-7.2819318771,-8.2212957144
-4.7570863366,-7.3254439831,-13.2119700909
-7.8949455023,-7.2904629707,-11.8287498951
-10.9407331944,-7.2199813128,-10.3507645130
-8.0149872303,-7.2353875637,-16.2332890034
-11.5515034199,-7.1689608097,-14.4319050312
-14.9993660450,-7.1376785040,-12.6108760834
-1.1782779396,-11.9372935295,-10.2959678173
-3.8634275794,-12.0254960060,-9.3820353746
-6.4626265168,-12.0697307587,-8.2255640030
-4.7433967590,-12.1459238529,-13.2075860500
-7.9028584957,-12.1100857258,-11.8331193924
-10.9558753967,-12.0292055607,-10.3502662182
-8.0486327410,-12.0337600708,-16.2086811066
-11.5678297281,-11.9474532604,-14.4240417480
-14.9965465069,-11.9049890041,-12.6173315048
91.0034542084,-30.9519271851,-309.1888351440
91.0029602051,-35.7138442993,-309.1891021729
91.0034141541,-40.4757423401,-309.1887741089
5.7261114120,-2.4320643942,-30.7603693008
4.4471205473,-2.4439827306,-32.2165126801
3.1707548201,-2.4398537846,-33.6748352051
7.2147870064,-2.4209970492,-32.2055120468
5.8730565310,-2.4396276474,-33.5009546280
4.5524403453,-2.4402515767,-34.8048706055
8.7400522232,-2.3936102210,-33.6568031311
7.3024498224,-2.4324897447,-34.7851257324
5.9366879463,-2.4398096753,-35.9297027588
5.7731113434,-7.2764161825,-30.7780995369
4.4098279476,-7.2678135633,-32.2488765717
3.0781327188,-7.2526197433,-33.7198057175
7.3075494766,-7.2650467157,-32.2178735733
5.8771001101,-7.2681535482,-33.5251216888
4.4827932119,-7.2561671734,-34.8386058807
8.8862361908,-7.2240816355,-33.6623220444
7.3511590958,-7.2658780813,-34.8023624420
5.9076597691,-7.2587693930,-35.9462938309
5.7900365591,-12.0775470734,-30.7890338898
4.4109907150,-12.0722706318,-32.2497591972
3.0654312968,-12.0516457558,-33.7104005814
7.3321820498,-12.0599367619,-32.2274155617
5.8828024864,-12.0701897144,-33.5316295624
4.4753900766,-12.0567417145,-34.8367042542
8.9248827696,-12.0115947723,-33.6666421890
7.3644134998,-12.0627090931,-34.8127412796
5.9058343172,-12.0593733788,-35.9528360367
21.8234729767,-73.8087005615,-109.1444187164
21.3716874123,-73.8087158203,-113.9535694122
20.9198942184,-73.8087310791,-118.7626686096
21.8240008354,-78.5706119537,-109.1450557709
21.3716940880,-78.5706272125,-113.9535808563
21.8234901428,-83.3325233459,-109.1443939209
25.3043351173,-45.2372426987,-123.3651123047
25.0634365082,-45.2372531891,-128.0699024200
24.8229637146,-45.2373189926,-132.7745704651
30.0328969955,-45.2637147903,-123.2432613373
29.7685356140,-45.2439403534,-127.8918190002
29.5300140381,-45.2381401062,-132.5405921936
35.0696887970,-45.2548875809,-123.1188983917
34.6703062057,-45.2868785858,-127.7155742645
34.3401660919,-45.2793054581,-132.3072357178
25.3043637276,-49.9991073608,-123.3641281128
25.0634646416,-49.9991931915,-128.0698986053
24.8226666451,-49.9992322922,-132.7756156921
30.0091371536,-50.0132551193,-123.2430324554
29.7589154243,-50.0016136169,-127.8918876648
29.5286178589,-49.9993515015,-132.5404357910
34.9502019882,-50.0477447510,-123.1208610535
34.6029453278,-50.0529899597,-127.7155475616
34.3057603836,-50.0305223465,-132.3059577942
25.3039636612,-54.7610549927,-123.3652820587
25.0634846687,-54.7611198425,-128.0699386597
24.8229684830,-54.7611341476,-132.7745513916
29.9912405014,-54.7665729523,-123.2429733276
29.7543745041,-54.7616605759,-127.8917407990
29.5281238556,-54.7610235214,-132.5405578613
34.8581075668,-54.8144111633,-123.1210365295
34.5474138260,-54.8037052155,-127.7143154144
34.2734074593,-54.7791557312,-132.3062973022
56.9125061035,-145.2388343811,-92.0913791656
53.9058876038,-145.2392005920,-88.0370121002
50.9002838135,-145.2394104004,-83.9811325073
53.7603693008,-145.2371788025,-94.2359561920
56.9038925171,-150.0068855286,-92.1158065796
28.8686432838,-16.6659665108,-165.0698547363
33.6271681786,-16.6656079292,-164.6528167725
33.5988907814,-16.6659266949,-169.2857513428
33.5720767975,-16.6659500599,-173.9181938171
28.8686504364,-21.4278459549,-165.0698127747
33.6261553764,-21.4278335571,-164.6533546448
33.5988736153,-21.4278435707,-169.2857131958
33.5716094971,-21.4278559685,-173.9180603027
28.8686752319,-26.1897697449,-165.0698165894
33.6269984245,-26.1896195412,-164.6528167725
33.5988950729,-26.1897587776,-169.2856864929
33.5720939636,-26.1897711754,-173.9181594849
20.0759630203,-2.3371999506,-38.1382188797
17.7943644524,-2.3083406016,-38.8301105499
15.4172532558,-2.3085549492,-39.5258064270
21.0121922493,-2.3400758351,-41.0773620605
18.6069383621,-2.3099787347,-41.2685146332
16.1163339615,-2.3093659841,-41.4678211212
21.9484367371,-2.3451510607,-44.0139780045
19.4183068275,-2.3151781037,-43.7041568756
16.8152039051,-2.3116814308,-43.4103183746
20.0721530914,-7.1228249073,-38.1073846817
17.7969455719,-7.0940215588,-38.8217220306
15.4622111320,-7.0878460407,-39.5276184082
21.0145940781,-7.1264203787,-41.0664043427
18.6131277084,-7.0962891579,-41.2631225586
16.1596140862,-7.0882512331,-41.4546775818
21.9604058266,-7.1300667524,-44.0250043869
19.4319577217,-7.0990941525,-43.7039880753
16.8596765995,-7.0880726576,-43.3818397522
20.0932574272,-11.8990643024,-38.1079072952
17.8262796402,-11.8732860088,-38.8146877289
15.5036351681,-11.8638937473,-39.5152626038
21.0323510170,-11.8986229897,-41.0603399277
18.6423778534,-11.8709263802,-41.2585039139
16.2028400898,-11.8601937294,-41.4529304504
21.9767246246,-11.8982419968,-44.0124635696
19.4634747505,-11.8672583103,-43.7021856308
16.9043729305,-11.8539469242,-43.3909282684
-5.7032598257,-2.3711070229,-32.0160560608
-8.3877885342,-2.3782898493,-31.3689212799
-11.0568969250,-2.3793482858,-30.7222313881
-6.1543947458,-2.3771095361,-34.4497528076
-8.8053487539,-2.3793669379,-34.1452827454
-11.4540810585,-2.3794888884,-33.8406867981
-6.5927189589,-2.3791409459,-36.8839244843
-9.2221245766,-2.3795033437,-36.9215726852
-11.8512232304,-2.3795839564,-36.9591360092
-5.7116951942,-7.1373480558,-32.0284452438
-8.3885952234,-7.1411851645,-31.3689508438
-11.0575034618,-7.1413301229,-30.7103486061
-6.1560455561,-7.1407178640,-34.4497652054
-8.8053332567,-7.1413668394,-34.1452198029
-11.4540030956,-7.1414369345,-33.8405952454
-6.5936181545,-7.1413846016,-36.8720684052
-9.2220519781,-7.1414561272,-36.9214849472
-11.8504776955,-7.1415073872,-36.9708604813
-5.7173144817,-11.9019920826,-32.0212907791
-8.3885889053,-11.9032394886,-31.3688983917
-11.0570714474,-11.9032866955,-30.7169203758
-6.1565446854,-11.9031212330,-34.4497461319
-8.8052847385,-11.9033160210,-34.1451644897
-11.4539480209,-11.9033713341,-33.8405351639
-6.5931833982,-11.9033288956,-36.8786754608
-9.2220026255,-11.9033939838,-36.9214315414
-11.8508071899,-11.9034314156,-36.9641704559
23.5690479279,-130.9516220093,-30.4963126183
26.8128790855,-16.7272891998,-109.1663455963
26.2350969315,-16.7065610886,-113.9110069275
25.7062149048,-16.6805901527,-118.6546783447
32.1424293518,-16.5352430344,-109.3082256317
31.3772311211,-16.6213798523,-113.9576339722
30.6603174210,-16.6879117489,-118.6096401215
37.3962373734,-16.4950983524,-109.4571571350
36.7749242783,-16.4457364082,-114.0053310394
36.1156949997,-16.4535169601,-118.5486907959
26.7895579338,-21.4953756332,-109.1578121185
26.2165794373,-21.4720573425,-113.9048805237
25.6921796799,-21.4436926842,-118.6531906128
32.1015014648,-21.3205661774,-109.3031139374
31.3359580040,-21.4106354713,-113.9531555176
30.6359457970,-21.4638886452,-118.6039409637
37.3806085587,-21.2631173134,-109.4511642456
36.7572851181,-21.2237954140,-113.9981822968
36.0855102539,-21.2379322052,-118.5393028259
26.7656092644,-26.2597341537,-109.1551113129
26.2013278008,-26.2330627441,-113.9008312225
25.6834015846,-26.2038855553,-118.6495285034
32.0421352386,-26.1037664413,-109.2993602753
31.2811322212,-26.1988854408,-113.9517707825
30.6052684784,-26.2371129990,-118.6016464233
37.3606004715,-26.0217771530,-109.4473495483
36.7283821106,-25.9950156212,-113.9979667664
36.0530281067,-26.0206532478,-118.5410633087
-10.3383551836,-2.3591099787,-19.4927740097
-14.0030250549,-2.3726785162,-17.7476513386
-17.6154322624,-2.3781457548,-16.0094211102
-11.8337225914,-2.3756906045,-23.0711569786
-15.4352483749,-2.3790381472,-21.7934598923
-19.0335712433,-2.3792847453,-20.5162591934
-13.2718205452,-2.3793021101,-26.6576976776
-16.8614628315,-2.3794042826,-25.8402795792
-20.4510312080,-2.3794755600,-25.0227904320
-10.3665488958,-7.1407635212,-19.5123596191
-14.0062747002,-7.1397106647,-17.7477605343
-17.6162395477,-7.1409786940,-15.9937279224
-11.8358244896,-7.1403219700,-23.0711393356
-15.4353978634,-7.1412115097,-21.7934651375
-19.0334649086,-7.1412447691,-20.5161342621
-13.2720830441,-7.1412863731,-26.6417779922
-16.8613619804,-7.1413531303,-25.8401694298
-20.4506525993,-7.1414067745,-25.0385446548
-10.3811494112,-11.9100053310,-19.4965362549
-14.0078089237,-11.9034647942,-17.7471528053
-17.6160449982,-11.9030027390,-16.0025663376
-11.8366768360,-11.9029617310,-23.0708665848
-15.4353132248,-11.9031631947,-21.7933850288
-19.0334076881,-11.9032015800,-20.5160531998
-13.2718439102,-11.9032382965,-26.6506309509
-16.8613054752,-11.9032938480,-25.8400974274
-20.4507617950,-11.9033353329,-25.0295500755
13.9098744392,-116.6660175323,-31.5546150208
15.4648134708,-116.6660099030,-33.5873188972
17.0197575092,-116.6659927368,-35.6200189590
15.0129041672,-116.6659908295,-36.5923128128
38.4952077866,-88.0945167542,-150.3804817200
43.1824235916,-88.0945072174,-149.9776573181
43.1463184357,-88.0945072174,-154.5704917908
43.1102504730,-88.0945243835,-159.1633567810
47.8824548721,-88.0894222260,-149.5753517151
47.8558731079,-88.0879001617,-154.1548233032
47.8299303055,-88.0883731842,-158.7320175171
43.1824140549,-92.8563938141,-149.9776268005
43.1463184357,-92.8564033508,-154.5704803467
43.1102514267,-92.8564147949,-159.1633834839
47.8663997650,-92.8613395691,-149.5733070374
47.8364095688,-92.8648204803,-154.1588897705
47.8169784546,-92.8597602844,-158.7374229431
43.1824388504,-97.6183052063,-149.9776191711
43.1463375092,-97.6183185577,-154.5704650879
47.8725900650,-97.6237564087,-149.5772514343
47.8410062790,-97.6309337616,-154.1557998657
47.8216238022,-97.6228256226,-158.7270088196
5.7850691080,-16.8590672016,-30.7917861938
4.4035570025,-16.8586251736,-32.2484917641
3.0556814671,-16.8364331722,-33.7062282562
7.3273882866,-16.8367776871,-32.2324552536
5.8758929968,-16.8534491062,-33.5332384109
4.4658202529,-16.8418524265,-34.8345384598
8.9173382521,-16.7874777317,-33.6719112396
7.3576228619,-16.8420369625,-34.8172616959
5.8965414762,-16.8432209492,-35.9531679153
5.7682956457,-21.6314744949,-30.7876381874
4.3891878128,-21.6335806847,-32.2465090752
3.0438734591,-21.6104927063,-33.7065086365
7.3081465960,-21.6072330475,-32.2316708565
5.8606135845,-21.6266102791,-33.5320558548
4.4515996575,-21.6160259247,-34.8326702118
8.8844982386,-21.5620989799,-33.6741523743
7.3406547308,-21.6130971909,-34.8169183731
5.8804575205,-21.6164379120,-35.9490661621
5.7452729940,-26.3986487389,-30.7884497643
4.3691754341,-26.4009752274,-32.2438850403
3.0269239843,-26.3762211800,-33.7006416321
7.2786217928,-26.3743515015,-32.2295308113
5.8376262188,-26.3934626579,-33.5299568176
4.4327629805,-26.3822650909,-34.8303327560
8.8374682665,-26.3342275620,-33.6696653366
7.3144290447,-26.3791413307,-34.8152093887
5.8598207235,-26.3825106621,-35.9501371384
40.3684568405,-130.9963798523,-27.8281750679
36.1777925491,-130.9526824951,-25.9226140976
32.1006770134,-130.9516296387,-23.9684376717
37.8659410477,-130.9536476135,-32.5486416817
34.0837883949,-130.9515419006,-29.9161448479
30.3097419739,-130.9516067505,-27.2838406563
35.4721937180,-130.9515342712,-37.2200431824
31.9955344200,-130.9515914917,-33.9096293449
28.5187878609,-130.9516029358,-30.5992259979
40.2562770844,-135.7149620056,-27.8637366295
36.1721391678,-135.7134666443,-25.9226169586
32.0949506760,-135.7134895325,-23.9813847542
37.8579282761,-135.7134323120,-32.5484476089
34.0838365555,-135.7134780884,-29.9161128998
30.3097038269,-135.7134971619,-27.2838139534
35.4665651321,-135.7135009766,-37.2329759598
31.9954819679,-135.7134819031,-33.9095950127
28.5244646072,-135.7135009766,-30.5862421989
40.2436561584,-140.4753227234,-27.8768301010
36.1721343994,-140.4753608704,-25.9226121902
32.1006207466,-140.4753799438,-23.9684009552
37.8579607010,-140.4753723145,-32.5484166145
34.0838003159,-140.4753608704,-29.9160861969
30.3096933365,-140.4753875732,-27.2837886810
35.4721736908,-140.4753646851,-37.2199754715
31.9954729080,-140.4753684998,-33.9095726013
-1.3977331519,-74.1017055511,-10.3052158356
-4.1046720147,-74.1703186035,-9.3521220684
-6.6314992309,-74.1823101044,-8.1717542410
-5.0957904756,-73.9876194000,-13.1486167908
-8.1009587049,-73.9183502197,-11.7859358788
-11.0233063698,-73.8677082062,-10.3182227612
-8.2563928366,-73.8067817688,-16.1741907597
-11.6655223370,-73.8067665100,-14.4099664688
-15.0059828758,-73.8046989441,-12.6195149422
-1.4791181684,-78.8416996002,-10.2900893688
-4.1587848663,-78.8957901001,-9.3333687782
-6.6590478420,-78.9118156433,-8.1694259644
-5.1654018462,-78.6750583649,-13.1392316818
-8.1357868910,-78.6361865997,-11.7687664032
-11.0410004854,-78.6077270508,-10.3110711575
-8.1986198425,-78.5625915527,-16.1915974617
-11.6063916683,-78.5646438599,-14.4151501656
-15.0127043724,-78.5664939880,-12.6057965755
-1.5692159832,-83.5263996124,-10.3037981987
-4.2469110489,-83.5632209778,-9.3460069895
-6.7224975228,-83.5927963257,-8.1656540632
-5.2474936843,-83.3734111786,-13.1558051109
-8.1909763813,-83.3625831604,-11.7969112396
-11.0707422495,-83.3517456055,-10.3273823261
-8.2202725410,-83.3251876831,-16.1822035313
-11.6169114113,-83.3264141083,-14.4135379791
-15.0058393478,-83.3271636963,-12.6148962975
10.2571721077,-59.6351690292,-26.7304725647
8.5170021057,-59.7204360962,-28.0609111786
6.8577371836,-59.7224435806,-29.3859562874
11.9765167236,-59.5348262787,-28.2881970406
10.1211485863,-59.6852960587,-29.6065216064
8.3966593742,-59.7101812363,-30.9084367752
13.6927676201,-59.4441967010,-29.8416218758
11.7512485981,-59.6308698654,-31.1485915184
9.9427597523,-59.6917505264,-32.4293618202
10.1014344692,-64.4531040192,-26.7329740524
8.4094690084,-64.4857120514,-28.0580501556
6.7656688690,-64.4650602341,-29.3827629089
11.7878842354,-64.3797607422,-28.3000688553
10.0005819798,-64.4631061554,-29.6050777435
8.2962568998,-64.4613494873,-30.9045991898
13.5052199364,-64.2849712372,-29.8589620590
11.6040933132,-64.4309453964,-31.1499061584
9.8325579166,-64.4523715973,-32.4257020950
9.9642431736,-69.2399291992,-26.7332091331
8.2951761484,-69.2365131378,-28.0548520088
6.6669597626,-69.1923656464,-29.3784675598
11.6117346287,-69.2015056610,-28.3038134575
9.8771848679,-69.2252292633,-29.6023068428
8.1912114620,-69.1981506348,-30.9001531601
13.2908556461,-69.1381416321,-29.8703632355
11.4666264057,-69.2081069946,-31.1481375694
9.7201745510,-69.1993389130,-32.4215950966
26.5669579506,-88.0944232941,-109.1415882111
26.1090502739,-88.0944385529,-113.8946933746
25.6511478424,-88.0944557190,-118.6476955414
31.2027964592,-88.0943984985,-109.2813091278
30.7575683594,-88.0944385529,-113.9363059998
30.3123197556,-88.0944461823,-118.5911617279
35.8428840637,-88.0954151154,-109.4210338593
35.4064674377,-88.0943298340,-113.9778022766
34.9734983444,-88.0943622589,-118.5345268250
26.5672030449,-92.8563327789,-109.1396999359
26.1090512276,-92.8563461304,-113.8946819305
31.2028088570,-92.8563289642,-109.2813186646
30.7575583458,-92.8563346863,-113.9362926483
30.3123264313,-92.8563461304,-118.5911483765
35.8386001587,-92.8561801910,-109.4229106903
35.4060573578,-92.8562755585,-113.9778938293
34.9737567902,-92.8563365936,-118.5326824188
31.2027997971,-97.6182346344,-109.2813014984
30.7575635910,-97.6182460785,-113.9362792969
30.3123311996,-97.6182575226,-118.5911350250
35.8386335373,-97.6181926727,-109.4211177826
35.4060783386,-97.6182384491,-113.9779109955
34.9735050201,-97.6182479858,-118.5345478058
25.4820694923,-88.1438064575,-10.7532591820
25.0640468597,-88.1447563171,-13.7932474613
24.6290774345,-88.1279563904,-16.8485479355
29.6061449051,-88.1391582489,-11.5882251263
28.8937315941,-88.1400680542,-14.7845726013
28.1811809540,-88.1416263580,-17.9823870659
33.7851696014,-88.1367187500,-12.4378931522
32.7690591812,-88.1254348755,-15.7687516212
31.7880654335,-88.1241092682,-19.0849819183
25.4802231789,-92.9101600647,-10.7731344700
25.0424547195,-92.8958835602,-13.8270411491
24.5494017601,-92.8490085602,-16.8988201618
29.6113653183,-92.9014987946,-11.5882627964
28.8979363441,-92.9036426544,-14.7888438702
28.1606507301,-92.8884143829,-18.0044250488
33.7342991829,-92.9074058533,-12.4306027889
32.7252850533,-92.9013137817,-15.7865803242
31.7164473534,-92.9000968933,-19.1468882561
25.4139833450,-97.6844539642,-10.7999451160
24.9031057358,-97.6579627991,-13.8728270531
24.3290963173,-97.6272468567,-16.9465887547
29.6033091545,-97.6674671173,-11.6006336212
28.8508887291,-97.6548461914,-14.8180675507
28.0302023888,-97.6130542755,-18.0540020466
33.7371587753,-97.6621551514,-12.4315092564
32.7291545868,-97.6615753174,-15.7890059948
31.6824326515,-97.6418514252,-19.1668515205
2.6786430553,-2.3742241536,-49.7495384216
1.5232113674,-2.3784255231,-53.6138896942
0.3958417904,-2.3796849500,-57.4789171219
5.7948596478,-2.3951514478,-49.5545701981
5.9010337591,-2.3804098112,-53.3013744354
6.0300094485,-2.3752448724,-57.0506849289
8.9733725786,-2.4346801061,-49.3646287918
10.4688068628,-2.4392034276,-52.9943866730
11.9633817673,-2.4449340641,-56.6257486343
2.7101677917,-7.1393129826,-49.7472763062
1.5221916847,-7.1411590576,-53.6142911911
0.3507056180,-7.1416336298,-57.4830608368
5.7236808538,-7.1741662025,-49.5723218918
5.8557224274,-7.1511644125,-53.3114566803
6.0088942051,-7.1421104670,-57.0547046661
8.8407837152,-7.2294702530,-49.3934221268
10.3931087255,-7.2335505486,-53.0146598816
11.9453496933,-7.2461847067,-56.6369934082
2.6746375635,-11.9036335945,-49.7492132187
1.5214483961,-11.9033684731,-53.6144094467
0.3755797129,-11.9035282135,-57.4820652008
5.6971716881,-11.9496386051,-49.5682277679
5.8359172344,-11.9198002815,-53.3092880249
5.9966482520,-11.9072782993,-57.0542230606
8.8423136473,-12.0167667866,-49.3924589157
10.3616372347,-12.0179250240,-53.0178089142
11.8842809200,-12.0292053223,-56.6429166794
12.2473664284,-88.2473239899,-18.0594148636
9.7592281103,-88.3161029816,-18.9153652191
7.3147503138,-88.2290534973,-19.7531638145
12.5696434975,-88.2840538025,-19.9736027718
10.4758989811,-88.2918891907,-20.8729147911
8.4139058590,-88.2076473236,-21.7601885796
12.9220740795,-88.2965717316,-21.8784923553
11.2226910591,-88.2670898438,-22.8283152580
9.5384194851,-88.1948451996,-23.7675857544
11.9425048828,-93.0772094727,-18.0765748024
9.4707746506,-92.9803695679,-18.9101276398
7.0407732725,-92.8820476532,-19.7112712860
12.2753789425,-93.0510940552,-19.9725999832
10.1946265697,-92.9536781311,-20.8496923447
8.1741682291,-92.8732929230,-21.7145953178
12.6471138000,-93.0186138153,-21.8653073311
10.9553430080,-92.9356060028,-22.7922706604
9.3276978731,-92.8711624146,-23.7204680443
11.5257539749,-97.7316017151,-18.0356616974
9.1227791309,-97.6306171417,-18.8308787346
6.8826862574,-97.6118297577,-19.6527895927
11.8971450329,-97.6969528198,-19.9103336334
9.9022440910,-97.6217613220,-20.7673735619
8.0519711971,-97.6150074005,-21.6649265289
12.3161237240,-97.6703186035,-21.7934584618
10.7141065598,-97.6198234558,-22.7155470848
9.2253434658,-97.6161537170,-23.6793594360
38.7466077805,-102.3802337646,-136.6117668152
43.3717346191,-102.3802242279,-136.2839279175
43.3032293320,-102.3802280426,-140.8428611755
43.2347373962,-102.3802375793,-145.4017219543
47.9976310730,-102.3797454834,-135.9558563232
47.9518537521,-102.3801918030,-140.4872817993
47.9101858139,-102.3806266785,-145.0214233398
43.3717327118,-107.1421203613,-136.2839126587
43.3032264709,-107.1421318054,-140.8428497314
47.9933414459,-107.1472110748,-135.9547042847
47.9466142654,-107.1509094238,-140.4864425659
47.9017810822,-107.1495265961,-145.0168037415
43.3717403412,-111.9040260315,-136.2839050293
47.9996929169,-111.9096679688,-135.9583892822
47.9489994049,-111.9157962799,-140.4883117676
47.9054746628,-111.9115886688,-145.0078010559
24.6409645081,-2.3800583388,-137.4598541260
24.5142860413,-2.3801525753,-142.1372146606
24.3876461983,-2.3801745326,-146.8146057129
29.3952541351,-2.3758160547,-137.1831054688
29.2462100983,-2.3784855198,-141.8310928345
29.1249175072,-2.3797693123,-146.4771347046
34.3610091209,-2.3521640166,-136.8935127258
34.1460418701,-2.3775387084,-141.5097465515
33.9454002380,-2.3795207661,-146.1306419373
24.6413164139,-7.1420025826,-137.4587211609
24.5143203735,-7.1420651674,-142.1372413635
24.3873343468,-7.1420842409,-146.8157348633
29.3871722221,-7.1393325329,-137.1851081848
29.2449903488,-7.1412137747,-141.8317527771
29.1246457100,-7.1417937279,-146.4774627686
34.3401589394,-7.1345782280,-136.9027519226
34.1171317101,-7.1442787647,-141.5193061829
33.9274230003,-7.1415656805,-146.1343536377
24.6411128044,-11.9039335251,-137.4593505859
24.5143461227,-11.9039776325,-142.1372299194
24.3875422478,-11.9039931297,-146.8150863647
29.3770442009,-11.9027674198,-137.1872100830
29.2432179451,-11.9035832882,-141.8322486877
29.1243219376,-11.9038174152,-146.4777069092
34.2901010513,-11.9027423859,-136.9142494202
34.0751461983,-11.9142389297,-141.5278854370
33.9049048424,-11.9075074196,-146.1392478943
-4.0143284500,-59.5226879120,-50.0946283340
-1.7490369305,-59.5227155685,-52.5435199738
-3.9227069914,-59.5226068497,-45.8056879044
-1.9229239486,-59.5226259232,-47.3986473083
0.0768586211,-59.5226440430,-48.9915981293
-1.7490085065,-64.2846326828,-52.5434999466
-3.9175987244,-64.2845220566,-45.8220300674
-1.9228907339,-64.2845439911,-47.3986358643
0.0718170889,-64.2845630646,-48.9752321243
-3.9226321876,-69.0464553833,-45.8056449890
-1.9228544459,-69.0464820862,-47.3986148834
0.0769229978,-69.0464992523,-48.9915676117
-8.6364707947,-30.9500427246,-49.4844722748
-6.1055462956,-30.9500627518,-52.7879114151
-3.5758537054,-30.9513721466,-56.0960035324
-6.2797750831,-30.9511928558,-47.6457986832
-4.0144794881,-30.9512071609,-50.0946950912
-1.7491803989,-30.9512181282,-52.5435943604
-3.9228722751,-30.9511480331,-45.8057260513
-1.9230814055,-30.9511456490,-47.3986892700
0.0767155588,-30.9511432648,-48.9916648865
-8.6405295134,-35.7131490707,-49.4659652710
-6.1046511531,-35.7131700516,-52.7871475220
-3.5699089170,-35.7131919861,-56.1120338440
-6.2797489166,-35.7131109238,-47.6457834244
-4.0144534409,-35.7131280899,-50.0946760178
-1.7491553985,-35.7131395340,-52.5435781479
-3.9177720249,-35.7130689621,-45.8220663071
-1.9230551273,-35.7130718231,-47.3986730576
0.0716724284,-35.7130718231,-48.9752941132
-6.1054978371,-40.4762620926,-52.7878780365
-3.5758088529,-40.4749984741,-56.0959711075
-6.2797239423,-40.4750137329,-47.6457719803
-4.0144287646,-40.4750308990,-50.0946674347
-1.7491306402,-40.4750480652,-52.5435657501
-3.9228195548,-40.4749736786,-45.8057031631
-1.9230306223,-40.4749803543,-47.3986663818
0.0767656602,-40.4749860764,-48.9916362762
8.1087146997,-88.2595691681,-8.8239710331
5.9069824815,-88.2862911224,-9.8204627037
3.4847216308,-88.2785110474,-10.5482134819
9.7167338133,-88.2866973877,-12.0568985939
7.3164706230,-88.3398017883,-13.0013718605
4.7133761644,-88.3180313110,-13.7859313488
11.2959389687,-88.2482089996,-15.4244823456
8.6879627705,-88.3346214294,-16.2923116684
6.0591154099,-88.2796268463,-17.0963263512
8.0799585581,-92.9918556213,-8.8190509081
5.8204105496,-92.9797458649,-9.8183722496
3.3017582297,-92.9315452576,-10.5401637554
9.5652436018,-93.0584087372,-12.0859537125
7.0867135525,-93.0468692780,-13.0192887783
4.3990448713,-92.9511337280,-13.7855446339
11.0208287239,-93.0788974762,-15.4540102482
8.3944635391,-93.0131874084,-16.3019745350
5.7503674030,-92.9018745422,-17.0696010590
7.9113996029,-97.6758079529,-8.8881117105
5.5818677545,-97.5771903992,-9.9191505909
3.0035679340,-97.5089664459,-10.6008925438
9.2114316225,-97.7703323364,-12.1558699608
6.6645947695,-97.6413955688,-13.0637259483
4.0354041159,-97.5563564301,-13.7720670700
10.5881996155,-97.7772693634,-15.4549074173
7.9813655615,-97.6495685577,-16.2541747093
5.5038182735,-97.5982379913,-17.0100276470
-1.9228153881,-73.8084125519,-47.3985671997
0.0769581702,-73.8084335327,-48.9915256500
0.0719211474,-78.5704002380,-48.9751062393
18.2466897964,-116.6659755707,-38.0679121017
16.1066205502,-116.6659793854,-38.7684993744
19.1913509369,-116.6659564972,-41.0242786407
16.9305827618,-116.6659641266,-41.2182006836
20.1360101700,-116.6659374237,-43.9806404114
17.7545366287,-116.6659507751,-43.6678991318
19.1913313866,-121.4278373718,-41.0242443085
20.1383013725,-121.4278297424,-43.9902915955
75.5210266113,-145.2356948853,-128.4091606140
75.3427085876,-145.2366409302,-123.8824768066
75.1885070801,-145.2322425842,-119.3475589752
70.9095268250,-145.2389297485,-128.9986686707
70.7539672852,-145.2411994934,-124.4892063141
70.6056594849,-145.2392539978,-119.9857368469
66.3321161270,-145.2269706726,-129.5426158905
66.1779203415,-145.2366943359,-125.0948982239
66.0624237061,-145.2350921631,-120.6140365601
75.5201625824,-149.9990043640,-128.4100036621
75.3411083221,-149.9989318848,-123.8829097748
75.1880722046,-149.9990692139,-119.3463745117
70.9136676788,-149.9990882874,-128.9928970337
70.7614917755,-149.9990463257,-124.4892177582
70.6093196869,-149.9989929199,-119.9855346680
66.1820011139,-149.9991149902,-125.0955104828
66.0567340851,-149.9990882874,-120.6152477264
75.5200519562,-154.7609252930,-128.4093894958
75.3409538269,-154.7609062195,-123.8829822540
75.1888637543,-154.7698402405,-119.3043689728
70.7614498138,-154.7609825134,-124.4892311096
70.6092510223,-154.7609367371,-119.9855651855
61.9551353455,-73.8075523376,-198.5894660950
61.9516019821,-73.8090820312,-194.0035781860
61.9616727829,-73.8097553253,-189.3969116211
57.2490453720,-73.7899532318,-199.0883483887
57.2155246735,-73.8110256195,-194.5278396606
57.2154474258,-73.8170909882,-189.9200286865
52.5235767365,-73.7927608490,-199.6161499023
52.4904756546,-73.8110523224,-195.0511589050
52.5338973999,-73.8150596619,-190.4327659607
61.9521703720,-78.5801963806,-198.5695228577
61.9487657547,-78.5705146790,-194.0038108826
61.9491271973,-78.5824375153,-189.4152565002
57.2270479202,-78.5707798004,-199.1363868713
57.2233819962,-78.5707702637,-194.5273361206
57.2189655304,-78.5803489685,-189.9297866821
52.4983568192,-78.5707817078,-195.0506744385
52.4951181412,-78.5744228363,-190.4404106140
61.9537096024,-83.3390178680,-198.5795516968
61.9483957291,-83.3325710297,-194.0039024353
61.9451866150,-83.3433971405,-189.4109573364
57.2270669937,-83.3326873779,-199.1363677979
57.2233753204,-83.3326683044,-194.5273437500
57.2193250656,-83.3397216797,-189.9252166748
52.4956150055,-83.3337879181,-190.4378662109
48.4454965591,-145.2589492798,-2.1238092184
43.7139492035,-145.2371253967,-2.0246653855
39.0472574234,-145.2372550964,-1.9242669046
47.2515830994,-145.2470474243,-6.4078197479
42.6356277466,-145.2371368408,-6.0738341808
38.0498304367,-145.2372589111,-5.7383483052
46.0778274536,-145.2363815308,-10.6899809837
41.5582170486,-145.2371940613,-10.1230822802
37.0524053574,-145.2372512817,-9.5524284840
48.3835420609,-149.9993934631,-2.1204931736
43.7130765915,-149.9991111755,-2.0246124268
39.0456867218,-149.9991340637,-1.9287580848
47.2218675613,-149.9989814758,-6.4093846083
42.6356611252,-149.9991188049,-6.0738593340
38.0498046875,-149.9991302490,-5.7383419275
46.0624675751,-149.9990310669,-10.6982295513
41.5582399368,-149.9991226196,-10.1230971813
37.0539226532,-149.9991264343,-9.5479254723
48.3788824081,-154.7609634399,-2.1249663830
43.7130432129,-154.7610092163,-2.0246187449
39.0472059250,-154.7610282898,-1.9242627621
47.2214879990,-154.7609672546,-6.4093612432
42.6356267929,-154.7610054016,-6.0738533139
46.0640668869,-154.7609786987,-10.6937606335
41.5582170486,-154.7610015869,-10.1230907440
15.3330965042,-59.3918609619,-31.6190609932
13.3071987629,-59.5583133698,-32.8649215698
11.3387868404,-59.6689310074,-34.0876026154
16.9483730793,-59.3652629852,-33.6435346603
14.7732236385,-59.4841423035,-34.7575817108
12.5466902256,-59.6450586319,-35.8609304428
18.5607256889,-59.3496141434,-35.6684713364
16.2343876362,-59.4218254089,-36.6508646011
13.7649540901,-59.6157083511,-37.6329650879
15.1688971519,-64.2009172440,-31.6322526932
13.1218521595,-64.3890161514,-32.8723464012
11.2241091728,-64.4382953644,-34.0877981186
16.8131027222,-64.1462287903,-33.6572980881
14.5618793964,-64.3334026337,-34.7716608047
12.4179384708,-64.4230165482,-35.8591518402
18.4422330856,-64.1150121689,-35.6837558746
16.0189332962,-64.2707977295,-36.6669235229
13.6177227497,-64.4060382843,-37.6297464371
14.9460749626,-69.0618228912,-31.6520986557
12.9634909630,-69.1852684021,-32.8723478317
11.0992603302,-69.1939144135,-34.0808420181
16.6024012566,-68.9879779816,-33.6741399765
14.3708176613,-69.1572208405,-34.7748680115
12.2904276848,-69.1853084564,-35.8547945023
18.2612776756,-68.9220943451,-35.6960630417
15.7932922840,-69.1217212677,-36.6747779846
13.4861903191,-69.1760559082,-37.6279220581
20.9489822388,-73.8558464050,-18.6787829399
18.1411046982,-73.7930355072,-18.2375645638
15.2814095020,-73.7557544708,-17.7782311440
20.3006582260,-73.8057460785,-21.0279297829
17.8661966324,-73.7343730927,-20.4069185257
15.4170079231,-73.7288818359,-19.7589383125
19.5903244019,-73.7180538177,-23.3811488152
17.5690088272,-73.6936283112,-22.5661053658
15.5414617062,-73.7074089050,-21.7395992279
20.9402418137,-78.5876426697,-18.7035655975
18.0852265358,-78.5097885132,-18.2770752907
15.1975016594,-78.5177478790,-17.8062291145
20.2379879951,-78.5068073273,-21.0684943199
17.7856411934,-78.4687442780,-20.4383635521
15.3209998608,-78.4956398010,-19.7838044167
19.4873228073,-78.4417686462,-23.4177398682
17.4635181427,-78.4498119354,-22.5942063332
15.4294409752,-78.4805393219,-21.7597489357
20.8746390343,-83.2904357910,-18.7553277016
17.9962577820,-83.2525768280,-18.3144555092
15.0986270905,-83.2965412140,-17.8314113617
20.1373028755,-83.2253437042,-21.1101555824
17.6684765816,-83.2369384766,-20.4714703560
15.1818737984,-83.2829456329,-19.8128404617
19.3606705666,-83.2057933807,-23.4467339516
17.3078188896,-83.2370967865,-22.6249065399
15.2295939922,-83.3039035797,-21.7899236679
6.6659275293,-59.5629892349,-41.0353612900
6.0320713520,-59.5643396378,-39.5926818848
5.3884755373,-59.5656681061,-38.1318111420
5.2048166990,-59.5272989273,-41.4436922073
4.8006725311,-59.5298213959,-40.1468629837
4.3280709982,-59.5309820175,-38.8268089294
3.7900797725,-59.5216369629,-41.8517789841
3.5780261755,-59.5211467743,-40.6524791718
3.2982430458,-59.5205678940,-39.4751939774
6.6249278784,-64.2942771912,-41.0338354111
5.9882768393,-64.2941532135,-39.5893478394
5.3394340277,-64.2937793732,-38.1260719299
5.1904834509,-64.2827558517,-41.4439249039
4.7812249660,-64.2822351456,-40.1445169449
4.3025004864,-64.2819747925,-38.8219623566
3.7880667448,-64.2842073441,-41.8512735367
3.5741925836,-64.2840547562,-40.6514663696
3.2939564586,-64.2838544846,-39.4742746353
6.5938391685,-69.0443420410,-41.0270452499
5.9584864378,-69.0438213348,-39.5845079422
5.3133465052,-69.0434398651,-38.1238040924
5.1844288111,-69.0458164215,-41.4406690598
4.7754747868,-69.0453090668,-40.1431751251
4.2993294001,-69.0452442169,-38.8226814270
3.7892374992,-69.0460109711,-41.8514556885
3.5757601857,-69.0457229614,-40.6518640518
3.2941103578,-69.0458297729,-39.4742250443
15.7885515690,-30.9515857697,-123.7603282928
15.5492215157,-30.9516057968,-128.5279560089
20.5738558769,-30.9515609741,-123.5418453217
20.3289647102,-30.9515872002,-128.2820434570
20.0840730667,-30.9516038895,-133.0221290588
15.7885622978,-35.7135009766,-123.7603149414
15.5492312908,-35.7135219574,-128.5279445648
20.5739774704,-35.7134866714,-123.5423679352
20.3289718628,-35.7135019302,-128.2820320129
20.0839776993,-35.7135219574,-133.0216064453
15.7885775566,-40.4754037857,-123.7602958679
15.5492460728,-40.4754219055,-128.5279293060
20.5738797188,-40.4753942490,-123.5418415070
20.3289852142,-40.4754028320,-128.2820148468
20.0841012001,-40.4754219055,-133.0221138000
0.3871314600,-88.2503623962,-12.2627398968
-2.8290627077,-88.0792064667,-15.1563360691
-5.3960869312,-88.0866260529,-18.1680111885
1.8306985125,-88.1809959412,-15.3490114212
-0.7575923577,-88.0776901245,-17.8404638767
-3.0240570456,-88.0882225037,-20.3710465431
3.4989370704,-88.1327743530,-18.5008251667
1.3388089985,-88.0838470459,-20.5197973251
-0.6512125432,-88.0893096924,-22.5738596916
0.1183303222,-92.8700923920,-12.2277755737
-2.8710546419,-92.8371067047,-15.1584618092
-5.3972830176,-92.8494625092,-18.1751842499
1.6081829369,-92.8382263184,-15.3298904896
-0.7730033919,-92.8458690643,-17.8381485939
-3.0238635391,-92.8510265350,-20.3706893921
3.3414933980,-92.8363628387,-18.4814031124
1.3326319382,-92.8498363495,-20.5172963142
-0.6460962892,-92.8520870209,-22.5641365051
-0.1322091818,-97.5195426941,-12.2283606529
-2.8808362186,-97.6087245941,-15.1584022045
-5.4084495902,-97.6174964905,-18.1602947712
1.5083218068,-97.5788993835,-15.3125569820
-0.7752363235,-97.6138629913,-17.8376789093
-3.0108514875,-97.6110916138,-20.3634958267
3.3157744706,-97.6121044159,-18.4599421024
1.3310268447,-97.6156921387,-20.5167045593
-0.6414409354,-97.6135616302,-22.5688462257
-2.2772614956,-2.3784461804,-44.3147468567
-0.4964848589,-2.3754807942,-45.4000940323
1.3041691426,-2.3726324185,-46.4799098969
-1.2736194194,-2.3749229046,-43.3260965347
0.2798862173,-2.3727993072,-44.0964965820
1.8489767313,-2.3753713503,-44.8573904037
-0.2577900239,-2.3719615844,-42.3500394821
1.0603908910,-2.3770668890,-42.8167371750
2.4066460729,-2.3878546276,-43.2583074570
-2.2863605917,-7.1412398815,-44.3075065613
-0.5008574948,-7.1396844387,-45.4039344788
1.2975620609,-7.1377712488,-46.4927854538
-1.2825419852,-7.1384145021,-43.3341274261
0.2651963527,-7.1377298832,-44.1097555161
1.8199108988,-7.1435408592,-44.8693275452
-0.2864047983,-7.1366558075,-42.3887777328
1.0123613379,-7.1443954706,-42.8655958176
2.3471410275,-7.1610851288,-43.2954854965
-2.2818606645,-11.9033739567,-44.3107538223
-0.5032508802,-11.9027647972,-45.4009428024
1.2823907807,-11.9018123150,-46.4862594604
-1.2830195744,-11.9014904499,-43.3377990723
0.2549212947,-11.9011497498,-44.1088361740
1.7975570709,-11.9114847183,-44.8638935089
-0.2997013498,-11.9011640549,-42.3893194199
0.9919219222,-11.9117796421,-42.8678579330
2.3212761581,-11.9362664223,-43.2956790924
-2.2815573663,-59.5225563049,-44.3106431961
-0.5037391223,-59.5225677490,-45.4007902145
1.2737444378,-59.5225763321,-46.4859571457
-1.2840550006,-59.5232305527,-43.3374567032
0.2452476188,-59.5231056213,-44.1084623337
1.7678938657,-59.5225076675,-44.8616905212
-0.3130120882,-59.5231676102,-42.3884105682
0.9595638602,-59.5232286453,-42.8652954102
2.2574357390,-59.5226116180,-43.2893085480
-2.2860864699,-64.2844667435,-44.3073663712
-0.5034043677,-64.2844848633,-45.4036769867
1.2786457427,-64.2844953537,-46.4921140671
-1.2864831537,-64.2844257355,-43.3336381912
0.2451445237,-64.2844352722,-44.1089534760
1.7694464326,-64.2844362259,-44.8659486771
-0.3121625409,-64.2843761444,-42.3871917725
0.9585734755,-64.2843780518,-42.8616819382
2.2547737658,-64.2843647003,-43.2867937088
-2.2814720273,-69.0463943481,-44.3106212616
-0.5036573298,-69.0464153290,-45.4007749557
1.2738207877,-69.0464286804,-46.4859418869
-1.2839592379,-69.0456333160,-43.3374490738
0.2453406733,-69.0457744598,-44.1084594727
1.7679817230,-69.0463790894,-44.8616809845
-0.3129029181,-69.0455989838,-42.3884181976
0.9596724603,-69.0455379486,-42.8653020859
2.2575398684,-69.0461292267,-43.2893066406
-2.0686280429,-31.1518573761,-24.8567075729
-4.6845726371,-31.0829887390,-23.0309476852
-7.2735539675,-31.0123066902,-21.2084107399
-3.5000352859,-31.0239706039,-27.2119073868
-6.1436728239,-30.9626693726,-25.8100171089
-8.7447059155,-30.9517588615,-24.4096007347
-4.8501099944,-30.9531273842,-29.5705237389
-7.5080896616,-30.9507837296,-28.5901432037
-10.1570417881,-30.9509119987,-27.6105117798
-2.0873572230,-35.9008340836,-24.8609175682
-4.6959512830,-35.8298358917,-23.0283141136
-7.2778613567,-35.7645931244,-21.1987519264
-3.5119236708,-35.7715234756,-27.2104635239
-6.1492322683,-35.7196111679,-25.8097009659
-8.7452212572,-35.7131843567,-24.4094643593
-4.8526343107,-35.7137565613,-29.5622539520
-7.5083205700,-35.7126646042,-28.5901050568
-10.1582691669,-35.7128143311,-27.6185207367
-2.1076728851,-40.6418294907,-24.8501210213
-4.7112178206,-40.5709218979,-23.0265469551
-7.2875211239,-40.5132398605,-21.2059974670
-3.5261046588,-40.5159416199,-27.2094454765
-6.1549257040,-40.4774723053,-25.8095688820
-8.7458012104,-40.4745283127,-24.4093723297
-4.8564372659,-40.4751024246,-29.5699758530
-7.5084753036,-40.4745893478,-28.5900759697
-10.1569352150,-40.4746847153,-27.6104846001
-0.1501847543,-45.2371616364,-62.3588838577
-0.2230640389,-45.2371091843,-68.2624130249
5.9425384998,-45.2369260788,-61.8842306137
5.6792813540,-45.2370710373,-67.8003139496
5.4160528779,-45.2371339798,-73.7163600922
12.0958678722,-45.2706222534,-61.4142303467
11.5900518894,-45.2409496307,-67.3400440216
11.1302325726,-45.2371492386,-73.2675857544
-0.1532033160,-49.9989776611,-62.3577699661
-0.2235180363,-49.9990243912,-68.2609977722
5.9424948096,-49.9988994598,-61.8842811584
5.6793091297,-49.9989976883,-67.8003273010
5.4160646200,-49.9990396500,-73.7163429260
12.0737185478,-50.0155248642,-61.4130468369
11.5859837532,-50.0005979538,-67.3395748138
11.1262137890,-49.9988727570,-73.2679958344
-0.1501346473,-54.7607936859,-62.3588466644
5.9425382614,-54.7608537674,-61.8843050003
5.6793239117,-54.7609262466,-67.8003311157
5.4160813093,-54.7609519958,-73.7163219452
12.0505559444,-54.7673473358,-61.4126710892
11.5835433006,-54.7612781525,-67.3393154144
11.1295938492,-54.7608346939,-73.2678909302
-5.7197006941,-30.9507493973,-32.0207886696
-8.3884143829,-30.9509549141,-31.3687620163
-11.0662615299,-30.9514942169,-30.7492008209
-6.1564918756,-30.9509692192,-34.4496498108
-8.8051519394,-30.9510226250,-34.1450290680
-11.4618129730,-30.9470949173,-33.8728065491
-6.5930485725,-30.9510369301,-36.8785762787
-9.2218607664,-30.9510746002,-36.9213075638
-11.8491625786,-30.9437546730,-36.9638109207
-5.7194827795,-35.7127103806,-32.0274147987
-8.3883811235,-35.7128629684,-31.3687472343
-11.0549609661,-35.7125015259,-30.7026634216
-6.1564528942,-35.7128858566,-34.4496402740
-8.8051220179,-35.7129364014,-34.1450128555
-11.4514601231,-35.7125625610,-33.8329305649
-6.5933980942,-35.7129545212,-36.8719253540
-9.2218308449,-35.7129878998,-36.9212932587
-11.8502619267,-35.7130079269,-36.9706611633
-5.7198734283,-40.4746770859,-32.0207552910
-8.3883478642,-40.4747438431,-31.3687424660
-11.0558674335,-40.4747714996,-30.7164406776
-6.1564222574,-40.4747800827,-34.4496421814
-8.8050884008,-40.4748239517,-34.1450052261
-11.4527440071,-40.4748382568,-33.8400659561
-6.5929900408,-40.4748506546,-36.8785562515
-9.2218011618,-40.4748802185,-36.9212818146
-11.8506107330,-40.4749011993,-36.9640083313
19.7951517105,-59.3397846222,-38.1107683182
17.3571467400,-59.3907518387,-38.8199377060
14.7405261993,-59.5949048996,-39.5339794159
20.7030458450,-59.3287754059,-41.0622243881
18.1473507881,-59.3828020096,-41.2629585266
15.4257555008,-59.5841960907,-41.4714965820
21.6164774895,-59.3169183731,-44.0120506287
18.9321794510,-59.3806571960,-43.7039499283
16.1167109013,-59.5722694397,-43.4082775116
19.6713995934,-64.0999050140,-38.1125545502
17.1369121075,-64.2404394150,-38.8346843719
14.5891141891,-64.3928661346,-39.5439634323
20.5729136467,-64.0911884308,-41.0717115402
17.9197020531,-64.2368450165,-41.2760162354
15.2676243782,-64.3855438232,-41.4728307724
21.4793272018,-64.0823783875,-44.0295972824
18.7008614540,-64.2381916046,-43.7174158096
15.9509501457,-64.3780221939,-43.4012079239
19.5081424713,-68.8917255402,-38.1345443726
16.8969023228,-69.1001014709,-38.8447446823
14.4466280937,-69.1673736572,-39.5298261642
20.3952984810,-68.8880138397,-41.0815105438
17.6780571938,-69.0959148407,-41.2865095139
15.1256895065,-69.1607799530,-41.4681634903
21.2714357376,-68.9032459259,-44.0276479721
18.4645662308,-69.0946083069,-43.7286634445
15.8073196411,-69.1556777954,-43.4069185257
-1.0624978840,-31.0769190788,-10.2962551117
-3.7777314484,-31.1959481239,-9.3712263107
-6.4088698626,-31.2512931824,-8.2061625719
-4.7432116866,-31.2855277061,-13.1685039997
-7.9039444923,-31.2360177040,-11.7975015640
-10.9506806135,-31.1342539787,-10.3262975216
-8.0626422167,-31.1226482391,-16.1778056622
-11.5701267719,-31.0137348175,-14.4109747410
-14.9972507954,-30.9589004517,-12.6149134636
-1.0562255085,-35.8341360092,-10.2842454910
-3.7649902403,-35.9526176453,-9.3554990292
-6.3938106894,-36.0080184937,-8.2018439770
-4.7451503277,-36.0666322708,-13.1564939022
-7.8950684071,-36.0109882355,-11.7754466534
-10.9420342445,-35.9046573639,-10.3147709370
-8.0569026470,-35.8767356873,-16.1799938679
-11.5696601868,-35.7708940506,-14.4069588184
-15.0065972805,-35.7199134827,-12.6062550545
-1.0591507554,-40.6364440918,-10.3019437790
-3.7886828780,-40.7614049911,-9.3712371588
-6.4191313386,-40.8130664825,-8.1985124350
-4.7695730925,-40.8315858841,-13.1612231731
-7.9142488241,-40.7671680450,-11.7905144691
-10.9460231066,-40.6584615707,-10.3205523491
-8.0749439001,-40.6270027161,-16.1707172394
-11.5721638203,-40.5269889832,-14.4078536034
-14.9968819618,-40.4813337326,-12.6142296791
33.2458090782,-31.0003013611,-56.3062744141
34.1604261398,-30.9986433983,-50.5819463730
35.0765309334,-30.9958376884,-44.8579502106
27.2148723602,-30.9618792534,-56.2207088470
28.7002892494,-31.0008420944,-51.1318407059
30.1344871521,-31.0023918152,-46.0459413528
20.7755844593,-30.8057112694,-56.1380472183
23.0570931435,-30.8711171150,-51.6869144440
25.1603960991,-30.9843778610,-47.2345037460
33.2600183487,-35.7632122040,-56.3163032532
34.1657962799,-35.7606840134,-50.5807428360
35.0705957413,-35.7579545975,-44.8447723389
27.1962490082,-35.7031097412,-56.2199697495
28.7029681206,-35.7603673935,-51.1295232773
30.1397919655,-35.7642221451,-46.0434999466
20.7094395161,-35.5471935272,-56.1246938705
23.0218219757,-35.6050415039,-51.6855764389
25.1583533287,-35.7314357758,-47.2456741333
33.2556653023,-40.5258083344,-56.3026409149
34.1711621284,-40.5226192474,-50.5776929855
35.0873823166,-40.5198764801,-44.8534107208
27.1690073013,-40.4384584427,-56.2201871872
28.7033314705,-40.5178375244,-51.1276092529
30.1447873116,-40.5257301331,-46.0414915085
20.6443417072,-40.2957983017,-56.1355772018
22.9728136063,-40.3369007111,-51.6858062744
25.1271524429,-40.4696254730,-47.2341699600
-22.0842862129,-2.3791831142,-15.2480278015
-27.4558491707,-2.3793446821,-15.4188659191
-23.3212785721,-2.3793890174,-19.9397592545
-22.0705995560,-7.1411547661,-15.2462959290
-27.4557476044,-7.1412955523,-15.4187421799
-23.3211832047,-7.1413329840,-19.9396457672
-22.1149587631,-11.9194173813,-15.2783539295
-27.4918417931,-11.9180650711,-15.4429070950
-23.3536868095,-11.9209420681,-19.9708495140
-8.2835735083,-45.5855855942,-6.1729364395
-9.4929594994,-45.5781641006,-3.8468364477
-10.2302767038,-45.5708637238,-1.3299005702
-13.0171425343,-45.3704605103,-7.9889804125
-14.1845149994,-45.3611850739,-4.8249859214
-15.2472231388,-45.3366680145,-1.6163350344
-17.2802901268,-45.2341737747,-9.8213224411
-18.5453133583,-45.2301607132,-5.8785470724
-19.7840824127,-45.2326335907,-1.9247097373
-8.2845813036,-50.3705310822,-6.1487550735
-9.4704455137,-50.3677530289,-3.8355402350
-10.2105628252,-50.3601408005,-1.3394296555
-13.0059630871,-50.1259164810,-7.9841617346
-14.1582980156,-50.1219253540,-4.8160303235
-15.2298293114,-50.0992479324,-1.6122822464
-17.2767364979,-49.9956789017,-9.8353892565
-18.5427772999,-49.9920167923,-5.8773662448
-19.7856464386,-49.9946918488,-1.9097836912
-8.3095859289,-55.1598443985,-6.1662646532
-9.5021299124,-55.1634473801,-3.8427079320
-10.2277789116,-55.1554603577,-1.3287250940
-13.0138676167,-54.8754692078,-7.9840449095
-14.1702837944,-54.8762331009,-4.8209006786
-15.2295110226,-54.8572750092,-1.6148888171
-17.2840273380,-54.7584066391,-9.8214561939
-18.5515549183,-54.7577724457,-5.8795004487
-19.7877025604,-54.7589263916,-1.9250438511
67.5062675476,-159.5121459961,-62.5197811127
61.3727397919,-159.5263519287,-63.0230846405
55.2912445068,-159.5264091492,-63.5202035904
67.4581432343,-159.5222396851,-67.8951377869
61.1760482788,-159.5268173218,-68.7883129120
67.4576339722,-159.5216636658,-73.2647342682
60.9800548553,-159.5266914368,-74.5540676117
67.4517307281,-164.2902832031,-62.5323247910
61.3768396378,-164.2847061157,-63.0232439041
67.4530181885,-164.2942199707,-67.8950901031
61.1806154251,-164.2847137451,-68.7884788513
67.4588413239,-164.2888183594,-73.2586669922
67.4609775543,-169.0529823303,-62.5290088654
67.4550457001,-169.0580139160,-67.8976020813
67.4562454224,-169.0528106689,-73.2666378021
-11.6910173893,-2.3797121564,-40.0506668091
-10.9665775299,-2.3797544618,-43.1978473663
-10.2425370216,-2.3789918335,-46.3441247940
-9.0941706896,-2.3795805234,-39.6616725922
-8.4215658903,-2.3796254770,-42.3656330109
-7.7489585876,-2.3796648658,-45.0695915222
-6.4970349073,-2.3794356484,-39.2720212936
-5.8762782812,-2.3795016802,-41.5327577591
-5.2555117011,-2.3795497942,-43.7934856415
-11.6924567223,-7.1415716410,-40.0346260071
-10.9662344456,-7.1416120529,-43.1970958710
-10.2408416271,-7.1416463852,-46.3577709198
-9.0940989256,-7.1415131092,-39.6615896225
-8.4214967489,-7.1415506601,-42.3655557632
-7.7488926649,-7.1415858269,-45.0695228577
-6.4952011108,-7.1414339542,-39.2872095108
-5.8762241602,-7.1414778233,-41.5326633453
-5.2572407126,-7.1415133476,-43.7781181335
-11.6905481815,-11.9036591053,-40.0418558121
-10.9653344154,-11.9036965370,-43.1957263947
-10.2420949936,-11.9038248062,-46.3510446548
-9.0940542221,-11.9034395218,-39.6615400314
-8.4214545488,-11.9034743309,-42.3655061722
-7.7488502264,-11.9035065174,-45.0694761276
-6.4961640835,-11.9033861160,-39.2785644531
-5.8761811256,-11.9034209251,-41.5326185226
-5.2561930418,-11.9034512043,-43.7866706848
0.9598495900,-88.0950241089,-42.8649511337
2.2577157021,-88.0944271088,-43.2889709473
33.6271853447,-30.9514856339,-164.6528244019
33.5989112854,-30.9516768456,-169.2857055664
33.5721049309,-30.9516777992,-173.9181518555
33.6261706352,-35.7136392593,-164.6533164978
33.5989246368,-35.7135896683,-169.2856712341
33.6269016266,-40.4754991531,-164.6528892517
33.5989236832,-40.4754896164,-169.2856674194
26.6463680267,-45.2769956589,-109.1430072784
26.1341867447,-45.2487564087,-113.8949947357
25.6545624733,-45.2387065887,-118.6477947235
31.6608471870,-45.2715692520,-109.2879943848
31.0163707733,-45.3030872345,-113.9427471161
30.4413080215,-45.2907352448,-118.5939292908
37.1018161774,-45.0488481522,-109.4269447327
36.3830709457,-45.1033859253,-113.9810256958
35.6448163986,-45.1977205276,-118.5353469849
26.6167373657,-50.0233058929,-109.1400909424
26.1204061508,-50.0038766861,-113.8948059082
25.6520586014,-49.9995479584,-118.6494026184
31.5559773445,-50.0579414368,-109.2863616943
30.9478683472,-50.0626459122,-113.9408149719
30.4009871483,-50.0388898849,-118.5917491913
36.9621953964,-49.8213920593,-109.4230957031
36.2175331116,-49.9209098816,-113.9803810120
35.4817390442,-50.0160503387,-118.5345802307
26.5920081139,-54.7719154358,-109.1416435242
26.1125445366,-54.7624206543,-113.8947219849
25.6514234543,-54.7610206604,-118.6475658417
31.4582972527,-54.8276615143,-109.2865543365
30.8876981735,-54.8131446838,-113.9386043549
30.3651776314,-54.7845153809,-118.5908126831
36.7939252853,-54.6287155151,-109.4225139618
36.0406980515,-54.7396316528,-113.9803581238
35.3547801971,-54.8034486771,-118.5353336334
61.9605588913,-73.8143920898,-212.4197273254
61.9345102310,-73.8261585236,-207.8209457397
61.9443712234,-73.8159618378,-203.1960105896
57.2386932373,-73.8088855743,-208.3568878174
57.2599420547,-73.7888908386,-203.6977119446
61.9176664352,-78.5891571045,-212.4306831360
61.8617496490,-78.5983619690,-207.8226776123
61.9055213928,-78.5937385559,-203.1750106812
57.2386951447,-78.5708007812,-208.3569068909
57.2321615219,-78.5707893372,-203.7462081909
61.9380474091,-83.3455276489,-212.4317779541
61.9026403427,-83.3492221832,-207.8227729797
61.9274377823,-83.3470268250,-203.1846275330
57.2321710587,-83.3326950073,-203.7461585999
149.6618995667,-102.2880210876,-6.8849488497
149.6884002686,-102.2863121033,-2.3215693235
144.8836326599,-102.2929210663,-6.9205183983
144.9647140503,-102.2911682129,-2.3302628994
140.1054458618,-102.2978553772,-6.9561407566
140.2412414551,-102.2960777283,-2.3390286565
149.6666984558,-107.0498733521,-6.8833390474
149.6921615601,-107.0481224060,-2.3205614090
144.8884162903,-107.0548133850,-6.9189103842
144.9694976807,-107.0529632568,-2.3287606835
140.1102638245,-107.0597705841,-6.9545608759
140.2470626831,-107.0579032898,-2.3370262384
149.6715812683,-111.8117656708,-6.8816571236
149.6983642578,-111.8096790314,-2.3181208372
144.8933219910,-111.8167381287,-6.9172543287
144.9744491577,-111.8144149780,-2.3265179396
140.1151084900,-111.8217124939,-6.9529367685
140.2508125305,-111.8195190430,-2.3355791569
0.3328264933,-31.0458650589,-34.2218570709
-1.5783036947,-30.9826455116,-33.4514627457
-3.4606797695,-30.9516181946,-32.6830024719
-0.3555263411,-30.9895043373,-35.7558574677
-2.1664489657,-30.9531493187,-35.2938156128
-3.9467664957,-30.9506378174,-34.8325653076
-1.0397257023,-30.9563465118,-37.2737493515
-2.7307932377,-30.9505867958,-37.1369495392
-4.4249475598,-30.9509811401,-36.9823617935
0.3180443915,-35.7892293930,-34.2269315720
-1.5896750838,-35.7327623367,-33.4512472153
-3.4664168954,-35.7121715546,-32.6770267487
-0.3683546325,-35.7375345230,-35.7557048798
-2.1717600375,-35.7125101089,-35.2936897278
-3.9471151829,-35.7126407623,-34.8325033188
-1.0484527647,-35.7138051987,-37.2674598694
-2.7313789725,-35.7126350403,-37.1368837357
-4.4234411120,-35.7129001617,-36.9882040024
0.2964047557,-40.5276117325,-34.2206354141
-1.6013308540,-40.4833440781,-33.4511356354
-3.4675960541,-40.4740438461,-32.6828241348
-0.3820047164,-40.4860486984,-35.7555685043
-2.1752158105,-40.4739408493,-35.2936782837
-3.9472318292,-40.4746904373,-34.8324842453
-1.0520317703,-40.4739627838,-37.2734975815
-2.7316109538,-40.4746856689,-37.1368637085
-4.4248751998,-40.4748020172,-36.9823484421
104.7182483673,-130.9424095154,-253.0537567139
18.9433989525,-116.6661758423,-18.6711411476
16.1828360558,-116.6660575867,-18.1737809181
13.4224264622,-116.6660003662,-17.6764502525
18.3384442329,-116.6660652161,-20.9919996262
15.9885909557,-116.6660423279,-20.3220515251
13.6387860775,-116.6660213470,-19.6521325111
17.7335896492,-116.6660404205,-23.3128619194
15.7943687439,-116.6660366058,-22.4703369141
13.8551561832,-116.6660346985,-21.6278204918
18.9509267807,-121.4279174805,-18.6676588058
16.1827247143,-121.4278926849,-18.1736750603
13.4145219326,-121.4278717041,-17.6796865463
18.3383021355,-121.4279079437,-20.9918794632
15.9885187149,-121.4278984070,-20.3219742775
13.6387319565,-121.4278831482,-19.6520748138
17.7256703377,-121.4278964996,-23.3160910606
15.7943108082,-121.4278984070,-22.4702777863
18.9430427551,-126.1897830963,-18.6708955765
18.3382654190,-126.1897811890,-20.9918265343
0.9134337455,-2.2870902621,-12.2985286713
-2.1798581630,-2.4157610424,-15.2164485455
-4.9821988344,-2.4347136330,-18.1844663620
2.7708614916,-2.3088070387,-15.4130902290
-0.0151834339,-2.4028167333,-17.8788850307
-2.5227830708,-2.4427252682,-20.3786382675
4.5937467813,-2.3178642010,-18.5699694157
2.1369467527,-2.4036018169,-20.5645313263
-0.0780099109,-2.4428955978,-22.5852513313
1.0068444163,-7.1064671278,-12.2543990612
-2.1010175794,-7.3133581877,-15.2217788696
-5.0647295117,-7.2815972567,-18.2348272800
2.8675291389,-7.1088706255,-15.4016685486
0.0576741099,-7.2973474264,-17.9044470787
-2.5865374058,-7.2878652811,-20.4266695976
4.7111148834,-7.1264235973,-18.5702087879
2.2366547137,-7.2790880203,-20.5861644745
-0.1014229581,-7.2899780273,-22.6179800034
1.0579280406,-11.8810520172,-12.2587933540
-2.0776222795,-12.1290113926,-15.2123150826
-5.0791940093,-12.0966293812,-18.2096433640
2.9128022641,-11.8853387833,-15.4042115211
0.0800263733,-12.1086728573,-17.9052119255
-2.5972916186,-12.1069080830,-20.4180588722
4.7658282518,-11.8978750706,-18.5550403595
2.2583502531,-12.0877592564,-20.5901293755
-0.1047183126,-12.1072642803,-22.6250991821
135.5134162903,-102.3060474396,-2.3514071107
130.7880630493,-102.3120002747,-2.3592703938
126.0575599670,-102.3104095459,-2.3661458492
135.3333702087,-102.3128108978,-6.9910840988
130.5478706360,-102.3210239410,-7.0244863033
135.5118713379,-107.0628566742,-2.3502389789
130.7873153687,-107.0677356720,-2.3576062918
126.0627403259,-107.0726490021,-2.3640524149
135.3279190063,-107.0647277832,-6.9890705347
135.5177612305,-111.8246135712,-2.3481244445
130.7920684814,-111.8295154572,-2.3560398221
126.0663032532,-111.8344612122,-2.3629982471
135.3327178955,-111.8266773224,-6.9874720573
8.7362675667,-102.3802642822,-42.0886392593
9.2369604111,-102.3802452087,-44.0237588882
9.7376580238,-102.3802261353,-45.9588813782
10.3950705528,-102.3802852631,-41.1686611176
10.9579985142,-102.3802642822,-43.0179328918
11.5209300518,-102.3802490234,-44.8672151566
12.0538907051,-102.3803119659,-40.2486858368
12.6790423393,-102.3802890778,-42.0121192932
13.3041963577,-102.3802719116,-43.7755632401
10.3950090408,-107.1421794891,-41.1686153412
10.9579467773,-107.1421642303,-43.0178909302
11.5208914280,-107.1421527863,-44.8671789169
12.0526161194,-107.1421985626,-40.2502737045
12.6789751053,-107.1421794891,-42.0120697021
13.3053355217,-107.1421642303,-43.7738771439
9.2386269569,-31.1147699356,-42.1244363785
9.7073581219,-31.1081933975,-44.0567464828
10.1774013042,-31.1024303436,-45.9893684387
11.1500864029,-31.0778522491,-41.2170686722
11.6926991940,-31.0695533752,-43.0634851456
12.2396538258,-31.0603933334,-44.9092960358
13.2471454144,-30.9172277451,-40.2870349884
13.8689301014,-30.9038200378,-42.0451345444
14.4911715984,-30.8887653351,-43.8036003113
9.1970295906,-35.8734998703,-42.1212453842
9.6648464203,-35.8661556244,-44.0554609299
10.1339540482,-35.8598251343,-45.9899454117
11.0913920403,-35.8456983566,-41.2155971527
11.6322560310,-35.8379507065,-43.0623960495
12.1770532131,-35.8293895721,-44.9094619751
13.1450161934,-35.7041139603,-40.2920322418
13.7754273415,-35.6843090057,-42.0469846725
14.4083638191,-35.6623773575,-43.8024415970
9.1450136900,-40.6301460266,-42.1209144592
9.6149280071,-40.6218681335,-44.0536365509
10.0863265991,-40.6145620346,-45.9865312576
11.0233819485,-40.6142358780,-41.2141847610
11.5623693466,-40.6072454453,-43.0609655380
12.1042714119,-40.5999383926,-44.9079275131
13.0084383488,-40.5149183273,-40.2980165482
13.6360337734,-40.4951992035,-42.0542593002
14.2791883945,-40.4630670547,-43.8085565567
12.1169724464,-16.6658108234,-109.3968391418
11.7191772461,-16.6658403873,-114.2723922729
11.3213725090,-16.6658649445,-119.1479396820
16.9701540470,-16.6657392979,-109.2706127167
16.5453696251,-16.6658105850,-114.1130161285
16.1205623150,-16.6658375263,-118.9554061890
21.8497552872,-16.6736409664,-109.1482830048
21.3753256798,-16.6665921211,-113.9541625977
20.9202694893,-16.6656420231,-118.7625160217
12.1164736748,-21.4277181625,-109.3961982727
11.7191908360,-21.4277458191,-114.2723999023
11.3219034672,-21.4277687073,-119.1485767365
16.9701530933,-21.4276556969,-109.2706069946
16.5453877449,-21.4277234077,-114.1130313873
16.1205768585,-21.4277420044,-118.9553871155
21.8423523903,-21.4343500137,-109.1466503143
21.3739404678,-21.4285221100,-113.9537029266
20.9195270538,-21.4276309013,-118.7619419098
12.1170103550,-26.1896352768,-109.3968105316
11.7192087173,-26.1896595955,-114.2723579407
16.9701676369,-26.1895818710,-109.2706108093
16.5453999043,-26.1896414757,-114.1129989624
16.1205904484,-26.1896567345,-118.9553699493
21.8356804848,-26.1945152283,-109.1451740265
21.3730163574,-26.1901826859,-113.9534053802
20.9198961258,-26.1895742416,-118.7626609802
23.4563584328,-130.9516487122,-10.7533366680
23.0380392075,-130.9516525269,-13.7874262333
22.6197185516,-130.9516448975,-16.8215105534
27.5810418129,-130.9516868591,-11.5895667076
26.8689599037,-130.9516716003,-14.7864477634
26.1569175720,-130.9516448975,-17.9833171368
31.7057352066,-130.9516448975,-12.4257583618
30.7000060081,-130.9516868591,-15.7854554653
29.6941723824,-130.9516487122,-19.1451478004
27.5809884071,-135.7135162354,-11.5895226002
26.8689341545,-135.7135200500,-14.7864062786
26.1568965912,-135.7135124207,-17.9832856655
31.7112874985,-135.7135276794,-12.4226410389
30.6998763084,-135.7135238647,-15.7854285240
29.6884822845,-135.7135009766,-19.1482057571
31.7056288719,-140.4753799438,-12.4257223606
30.6998548508,-140.4753837585,-15.7854008675
29.6940813065,-140.4753799438,-19.1450715065
2.6666164212,-73.8084411621,-49.7484025955
1.5215089582,-73.8085079193,-53.6143503189
5.6124575138,-73.8084163666,-49.5613670349
5.7971562147,-73.8084888458,-53.3072957993
5.9818708897,-73.8085384369,-57.0532474518
8.5582931042,-73.8083419800,-49.3743515015
10.0728045702,-73.8083839417,-53.0002632141
11.5873787403,-73.8083763123,-56.6262054443
2.6920631602,-78.5704021454,-49.7460489273
5.6124951839,-78.5703849792,-49.5613117218
5.7971838117,-78.5704421997,-53.3072500229
5.9818935394,-78.5704746246,-57.0532112122
8.5329437256,-78.5703639984,-49.3765850067
10.0728452206,-78.5704193115,-53.0002059937
11.6127629280,-78.5704345703,-56.6238536835
2.6666813716,-83.3323631287,-49.7482719421
5.6125236750,-83.3323612213,-49.5612497330
5.7972079515,-83.3323936462,-53.3072013855
5.9819138646,-83.3324089050,-57.0531692505
8.5583751202,-83.3323574066,-49.3742284775
10.0728615522,-83.3323917389,-53.0001592636
11.5873825550,-83.3324108124,-56.6261081696
-1.2018159926,-59.7685384750,-10.3088088036
-3.9313216209,-59.8660793304,-9.3663529158
-6.5224266052,-59.8946828842,-8.1882834435
-4.9183459878,-59.8624553680,-13.1459584236
-7.9922875166,-59.7636384964,-11.7783563137
-10.9691257477,-59.6576471329,-10.3120496273
-8.1413624287,-59.5727720261,-16.1707692146
-11.5912060738,-59.5273656845,-14.4040288925
-14.9969944954,-59.5131502151,-12.6049208641
-1.2638141215,-64.5720853806,-10.2905602455
-3.9698530436,-64.6654415131,-9.3440166712
-6.5375509262,-64.6890020370,-8.1809676886
-4.9660623074,-64.5820274353,-13.1328377724
-8.0130491257,-64.4830799103,-11.7576339245
-10.9776974916,-64.3911781311,-10.3019206524
-8.1537541151,-64.3081588745,-16.1789684296
-11.5965168476,-64.2809371948,-14.4006915092
-15.0056014061,-64.2736530304,-12.5930266380
-1.3282916248,-69.3347587585,-10.3075721264
-4.0436294079,-69.4122238159,-9.3588587046
-6.5938839912,-69.4272975922,-8.1803548336
-5.0311628580,-69.2958526611,-13.1424229145
-8.0596048832,-69.2050991058,-11.7785906792
-11.0012631416,-69.1315784454,-10.3131484985
-8.2473881245,-69.0543441772,-16.1673424244
-11.6698985100,-69.0469150543,-14.4030423164
-15.0043132305,-69.0427169800,-12.6158347130
48.3788833618,-159.5228805542,-2.1249716878
43.7130374908,-159.5228996277,-2.0246168971
47.2214517593,-159.5228767395,-6.4093648195
42.6356220245,-159.5229034424,-6.0738497376
46.0640401840,-159.5228843689,-10.6937575340
48.3804035187,-164.2847709656,-2.1204770207
47.2214508057,-164.2847747803,-6.4093606472
6.9275329113,-31.1153821945,-41.0502023697
6.2911161184,-31.1202840805,-39.6073474884
5.6447789669,-31.1260652542,-38.1462707520
5.3989155293,-31.0888948441,-41.4555282593
5.0011180639,-31.0958275795,-40.1584568024
4.5322575569,-31.1017098427,-38.8380384445
3.9076520801,-31.0449180603,-41.8584938049
3.7112514973,-31.0567445755,-40.6597614288
3.4429881573,-31.0659785271,-39.4826955795
6.8983880281,-35.8699932098,-41.0512685776
6.2605844736,-35.8748025894,-39.6061296463
5.6105673313,-35.8803749084,-38.1422576904
5.3767998219,-35.8393192291,-41.4565286636
4.9769372940,-35.8461132050,-40.1571187973
4.5040144920,-35.8522520065,-38.8341960907
3.8885077834,-35.7917804718,-41.8574838638
3.6904466748,-35.8037433624,-40.6583662033
3.4226551056,-35.8134632111,-39.4815464020
6.8548129797,-40.6202259064,-41.0463962555
6.2198058367,-40.6246013641,-39.6032819748
5.5751911402,-40.6297912598,-38.1418781281
5.3431215286,-40.5843305588,-41.4523324966
4.9444786310,-40.5909080505,-40.1549854279
4.4751730561,-40.5972623825,-38.8343029022
3.8680848479,-40.5334491730,-41.8568181992
3.6690734625,-40.5450878143,-40.6578521729
3.3989095092,-40.5547313690,-39.4805765152
5.0594718456,-88.0926017761,-30.7355213165
3.8886888027,-88.0930309296,-32.2073531151
2.7180032432,-88.0933704376,-33.6792545319
6.4951634407,-88.0929565430,-32.1717348099
5.2731311321,-88.0932750702,-33.4870109558
4.0511646867,-88.0935382843,-34.8023366928
7.9308289289,-88.0932521820,-33.6079254150
6.6575776339,-88.0934925079,-34.7666587830
5.3967643976,-88.0936965942,-35.9155673981
5.0582197309,-92.8550586700,-30.7319116592
3.8884578943,-92.8554306030,-32.2068581581
2.7187649608,-92.8557338715,-33.6818523407
6.4949054718,-92.8553695679,-32.1711444855
5.2729048133,-92.8556327820,-33.4865303040
4.0509620905,-92.8558540344,-34.8019485474
7.9316006899,-92.8556423187,-33.6103706360
6.6573489904,-92.8558197021,-34.7661972046
5.3955534697,-92.8559703827,-35.9122285843
5.0582951307,-97.6180572510,-30.7345843315
3.8877299428,-97.6182308197,-32.2066440582
2.7172639072,-97.6183128357,-33.6787185669
6.4941300154,-97.6181163788,-32.1707925797
5.2722704411,-97.6182460785,-33.4862899780
4.0504927039,-97.6183090210,-34.8017883301
7.9299616814,-97.6181831360,-33.6069974899
6.6568120718,-97.6182689667,-34.7659311295
5.3961635828,-97.6183109283,-35.9150094986
8.4323766232,-45.3912200928,-40.3828363419
10.2094578743,-45.3893699646,-39.4822483063
12.0430073738,-45.3383111954,-38.5798101425
7.6200085878,-45.3969631195,-38.8424148560
9.2667555809,-45.4010934830,-37.8688116074
10.9570963383,-45.3665323257,-36.8940143585
6.8226315975,-45.4033231735,-37.2921133041
8.3268238306,-45.4124126434,-36.2552547455
9.8805072308,-45.3898086548,-35.2078599930
8.3688850403,-50.1399335861,-40.3784227371
10.1322891712,-50.1505994797,-39.4798059464
11.9419460297,-50.1209335327,-38.5803976059
7.5609157085,-50.1442365646,-38.8393030167
9.1934006214,-50.1599636078,-37.8662147522
10.8645722866,-50.1418323517,-36.8927497864
6.7676494122,-50.1492691040,-37.2902708054
8.2568243742,-50.1693601608,-36.2523412704
9.7935953140,-50.1599216461,-35.2047786713
8.3069212437,-54.8820667267,-40.3764991760
10.0505955219,-54.9063978195,-39.4769411087
11.8359487057,-54.8957405090,-38.5776233673
7.4984416962,-54.8844060898,-38.8359308243
9.1150959730,-54.9132070541,-37.8631229401
10.7687933445,-54.9109449387,-36.8909254074
6.7042883635,-54.8877429962,-37.2854690552
8.1816387177,-54.9201850891,-36.2489185333
9.7058281898,-54.9251918793,-35.2038793564
7.3721992970,-31.1075730324,-42.7273378372
5.5904704332,-31.0746550560,-43.0254287720
3.8543339372,-31.0199270248,-43.3467245102
7.6781872511,-31.0963668823,-44.6659994125
5.5884008408,-31.0510234833,-44.8920745850
3.5461981893,-30.9828305244,-45.1215925217
7.9873040915,-31.0847153664,-46.6048316956
5.5929549932,-31.0244646072,-46.7596225739
3.2627251148,-30.9594058990,-46.9197425842
7.3333766460,-35.8613243103,-42.7244024277
5.5667927265,-35.8245344162,-43.0240802765
3.8446867466,-35.7664003372,-43.3475093842
7.6475740671,-35.8490867615,-44.6646556854
5.5682195425,-35.7991180420,-44.8911962509
3.5339597464,-35.7330999374,-45.1211929321
7.9651871920,-35.8363637924,-46.6051244736
5.5756731033,-35.7716407776,-46.7587289810
3.2501439154,-35.7161016464,-46.9182043076
7.3010400534,-40.6109752655,-42.7237510681
5.5393044949,-40.5689287186,-43.0228290558
3.8192515373,-40.5091056824,-43.3451967239
7.6117745638,-40.5974206924,-44.6628265381
5.5444686413,-40.5420885086,-44.8898992538
3.5211830139,-40.4839572906,-45.1207141876
7.9257888794,-40.5832767487,-46.6022691727
5.5554662943,-40.5151901245,-46.7572584152
3.2506521344,-40.4751453400,-46.9194946289
61.9495220184,-102.3829460144,-194.0031280518
61.9445514679,-102.3822536469,-189.3985710144
-0.4156257002,-102.3217639923,-12.1934258938
-2.8850167394,-102.3793354034,-15.1584041119
-5.4084268808,-102.3825187683,-18.1621131897
1.4719631523,-102.3781375885,-15.2991685867
-0.7781106681,-102.3802642822,-17.8374373913
-2.9834536463,-102.3726081848,-20.3475952148
3.3115702569,-102.3799762726,-18.4601588249
1.3287638575,-102.3803234100,-20.5163502693
-0.6161822900,-102.3746166229,-22.5584578514
-0.3664339824,-107.1415424347,-12.1404221058
-2.8857001066,-107.1423797607,-15.1583836079
-5.3995143771,-107.1432476044,-18.1771531105
1.4695844799,-107.1421585083,-15.3047223091
-0.7786583304,-107.1423320770,-17.8372991085
-2.9786136001,-107.1401329041,-20.3458170891
3.3056720197,-107.1422309875,-18.4690237045
1.3282904848,-107.1423110962,-20.5162515640
-0.6050897017,-107.1401786804,-22.5478558540
-0.3717441973,-111.9040946960,-12.1491389275
-2.8857082427,-111.9041728973,-15.1582813263
1.4694062471,-111.9041080475,-15.3044695854
-0.7787634954,-111.9041748047,-17.8372318745
3.3105606735,-111.9041366577,-18.4597959518
61.9573783875,-88.0952224731,-198.5914878845
61.9465589523,-88.0932235718,-194.0088806152
61.9438982010,-88.0942230225,-189.3991317749
57.2270746231,-88.0945892334,-199.1363525391
57.2233791351,-88.0945701599,-194.5273246765
57.2196931839,-88.0945739746,-189.9183349609
61.9600334167,-92.8625278473,-198.5851135254
61.9388713837,-92.8655071259,-194.0139961243
61.9397172928,-92.8612365723,-189.3975753784
57.2233762741,-92.8564834595,-194.5272865295
57.2196950912,-92.8564701080,-189.9183197021
61.9592418671,-97.6238784790,-198.5358886719
61.9418535233,-97.6313667297,-194.0082931519
61.9411067963,-97.6251296997,-189.3966331482
1.8721448481,-45.3106870651,-35.0462942123
1.1050180607,-45.2616157532,-36.3240518570
0.3684087442,-45.2379608154,-37.5873861313
3.1911894083,-45.3425893784,-35.9809379578
2.3280290365,-45.2942419052,-37.0107955933
1.5273550600,-45.2533178329,-38.0681781769
4.5332591534,-45.3676223755,-36.9299011230
3.5624724627,-45.3251361847,-37.7658758163
2.6558325589,-45.2800540924,-38.6055879593
1.8383954316,-50.0398025513,-35.0412101746
1.0818774961,-50.0048236847,-36.3200731277
0.3600622646,-49.9971246719,-37.5881900787
3.1544842720,-50.0727205276,-35.9776163101
2.2989418805,-50.0264196396,-37.0087318420
1.5087392181,-50.0006113052,-38.0691328049
4.4917233586,-50.1018762589,-36.9303255081
3.5292598605,-50.0558404922,-37.7670431137
2.6288841665,-50.0163125992,-38.6047859192
1.8074073941,-54.7735242844,-35.0445432663
1.0677054152,-54.7588195801,-36.3224058151
0.3573285234,-54.7595920563,-37.5863742828
3.1151919961,-54.7984533310,-35.9784755707
2.2705608308,-54.7655048370,-37.0088195801
1.4970889688,-54.7584629059,-38.0666227341
4.4456244707,-54.8285665512,-36.9260787964
3.4917883277,-54.7850637436,-37.7632007599
2.6056437194,-54.7618055344,-38.6034727097
13.2626667023,-116.6660327911,-23.1965079308
11.9300701618,-116.6660327911,-24.2991714478
15.0015754700,-116.6660346985,-24.2110013962
13.6101980209,-116.6660327911,-25.5440287590
12.2188227177,-116.6660346985,-26.8770599365
16.7404866219,-116.6660346985,-25.2254948616
15.2903280258,-116.6660308838,-26.7888884544
13.8401818275,-116.6660289764,-28.3522791862
15.0015292168,-121.4278945923,-24.2109451294
16.7415614128,-121.4278945923,-25.2210369110
30.0262498856,-102.3619785309,-22.3641996384
26.4751176834,-102.4936580658,-21.0667748451
22.9211902618,-102.6324176788,-19.7697076797
28.1409878731,-102.4467620850,-25.3143486977
24.9083976746,-102.5740604401,-23.7849702835
21.7067074776,-102.6251735687,-22.2484669685
26.2023010254,-102.5404548645,-28.2415966988
23.3402109146,-102.5810356140,-26.4756097794
20.5168027878,-102.5466957092,-24.6997008324
29.5421495438,-107.3369216919,-22.3670411110
25.9584221840,-107.4186840057,-21.0552043915
22.3883132935,-107.3542385101,-19.7200202942
27.6476621628,-107.3722133636,-25.3003287315
24.4419946671,-107.3395786285,-23.7421231270
21.2479009628,-107.2516403198,-22.1649179459
25.7854557037,-107.2977962494,-28.2045707703
22.9604587555,-107.2333698273,-26.4086050987
20.1786255836,-107.1760616302,-24.6106972694
29.0428748131,-112.1433849335,-22.3418312073
25.4624686241,-112.0337295532,-20.9870128632
21.9796319008,-111.9307880402,-19.6289553642
27.2211332321,-112.0311508179,-25.2432394028
24.0662798882,-111.9467945099,-23.6692309380
21.0101833344,-111.9070072174,-22.1037769318
25.4920849800,-111.9405536652,-28.1437177658
22.7602586746,-111.9080390930,-26.3613848686
20.0869040489,-111.9040832520,-24.5897078514
47.8294630051,-45.2252759933,-204.7599754333
6.5891046524,-73.8077945709,-41.0256462097
5.9533768892,-73.8078269958,-39.5830421448
5.3078147173,-73.8077564240,-38.1222276688
5.1845376492,-73.8081912994,-41.4406299591
4.7755453587,-73.8084449768,-40.1431064606
4.2993252277,-73.8082332611,-38.8225660324
3.7893267870,-73.8082771301,-41.8514366150
3.5758645535,-73.8083992004,-40.6518526077
3.2942309380,-73.8081169128,-39.4742136002
6.5932364464,-78.5699558258,-41.0282821655
5.9555383921,-78.5698432922,-39.5835170746
5.3056380749,-78.5697059631,-38.1201000214
5.1878697872,-78.5700397491,-41.4430036545
4.7771618366,-78.5699462891,-40.1433277130
4.2972142100,-78.5698299408,-38.8204898834
3.7883369327,-78.5700931549,-41.8512096405
3.5744779110,-78.5700149536,-40.6513853073
3.2941667438,-78.5699367523,-39.4741296768
6.5892443657,-83.3320503235,-41.0254278183
5.9535195827,-83.3317966461,-39.5828056335
5.3079479933,-83.3315849304,-38.1219635010
5.1846815348,-83.3319492340,-41.4404726028
4.7757115364,-83.3315181732,-40.1429414749
4.2995146513,-83.3315048218,-38.8223953247
3.7894579768,-83.3319873810,-41.8512821198
3.5760130882,-83.3317070007,-40.6516923904
3.2943988442,-83.3318176270,-39.4740486145
50.4559173584,-159.5228729248,-52.0260248184
51.1755495071,-159.5195884705,-46.4383296967
16.2804458141,-45.2499284744,-78.7444076538
15.4605994225,-45.2384157181,-84.0459213257
14.6611471176,-45.2371082306,-89.3478374481
22.4127235413,-45.3014335632,-78.9103679657
21.0916876793,-45.3036012650,-84.1894264221
19.9040994644,-45.2576007843,-89.4699840546
29.1276588440,-45.0677890778,-79.0597801208
27.2777242661,-45.1711664200,-84.3366241455
25.4587478638,-45.2996110916,-89.5975608826
16.2614386082,-50.0045108795,-78.7443103790
15.4589946270,-49.9993953705,-84.0458946228
14.6663782597,-49.9990367889,-89.3482704163
22.3151097298,-50.0731754303,-78.9084682465
21.0439462662,-50.0487680435,-84.1892147064
19.8847732544,-50.0084991455,-89.4697628021
29.0248069763,-49.8407325745,-79.0460929871
27.1522574425,-49.9571313858,-84.3320293427
25.3571448326,-50.0717639923,-89.5937652588
16.2598059177,-54.7630062103,-78.7444686890
15.4583656788,-54.7609081268,-84.0460033417
14.6610729694,-54.7609777451,-89.3479042053
22.2270088196,-54.8320102692,-78.9074707031
21.0032348633,-54.7906723022,-84.1887683868
19.8729214668,-54.7645483017,-89.4699993134
28.8533668518,-54.6407814026,-78.9951152802
26.9892139435,-54.7663345337,-84.3308658600
25.2781605721,-54.8293514252,-89.5931472778
34.1689615250,-73.8531475067,-40.2714900970
31.1684780121,-73.8500881195,-36.7401838303
28.1576895714,-73.8305301666,-33.2096018791
29.6736679077,-73.7499675751,-41.8183116913
27.4606089592,-73.7115001678,-38.4414157867
25.2496614456,-73.6818180084,-35.0685501099
24.8664412498,-73.6082191467,-43.3732347488
23.5325660706,-73.6076946259,-40.1458139420
22.2059226036,-73.6148033142,-36.9197406769
34.1880078316,-78.6071281433,-40.2763843536
31.1459865570,-78.5818386078,-36.7474708557
28.0800437927,-78.5342197418,-33.2244691849
29.5659132004,-78.4462757111,-41.8360347748
27.3406620026,-78.4129714966,-38.4621534348
25.1200814247,-78.3943290710,-35.0912036896
24.6103024483,-78.4280357361,-43.3779973984
23.3145251274,-78.4106922150,-40.1571569443
22.0163645744,-78.4181976318,-36.9372053146
34.1421217918,-83.3306579590,-40.2841882706
31.0658941269,-83.2799320221,-36.7677392960
27.9846310616,-83.2208461761,-33.2555885315
29.4070816040,-83.1605281830,-41.8542127609
27.1654891968,-83.1437244415,-38.4816083908
24.9360938072,-83.1492767334,-35.1122541428
24.3021659851,-83.3223361969,-43.3879575729
22.9934239388,-83.3072624207,-40.1650629044
21.6844296455,-83.3133754730,-36.9451599121
13.9176042080,-30.9514088631,-94.4874877930
13.2800002098,-30.9514908791,-99.4794807434
12.6423707008,-30.9515161514,-104.4713973999
18.9963517189,-30.9666218758,-94.5675697327
18.2579777241,-30.9532208443,-99.4800167084
17.5402214527,-30.9514584541,-104.3929595947
24.3336944580,-31.0350470543,-94.6542034149
23.3640260696,-31.0205726624,-99.4870491028
22.4826993942,-30.9773659706,-104.3169784546
13.9161350727,-35.7133407593,-94.4859676361
13.2800247669,-35.7134160995,-99.4794502258
12.6438615322,-35.7134323120,-104.4728507996
18.9866113663,-35.7220907211,-94.5672702789
18.2566056252,-35.7142925262,-99.4798221588
17.5401020050,-35.7133579254,-104.3929634094
24.2867193222,-35.7945137024,-94.6534061432
23.3384675980,-35.7715454102,-99.4843292236
22.4686350822,-35.7307844162,-104.3141269684
13.9176292419,-40.4752597809,-94.4874858856
13.2800259590,-40.4753236771,-99.4794712067
12.6423985958,-40.4753379822,-104.4713649750
18.9786558151,-40.4797325134,-94.5673885345
18.2557022572,-40.4755659103,-99.4798240662
17.5400581360,-40.4752731323,-104.3930244446
24.2305426598,-40.5531435013,-94.6513805389
23.3114614487,-40.5197544098,-99.4825401306
22.4574689865,-40.4848098755,-104.3149280548
8.6591349840,-16.8257756233,-40.3911466599
10.5083992481,-16.7919957638,-39.4891366959
12.5234806538,-16.6521434784,-38.5729122162
7.8369606733,-16.8320004940,-38.8521738052
9.5403754711,-16.8104453087,-37.8770151138
11.4168212414,-16.6785492897,-36.8921470642
7.0302013159,-16.8388442993,-37.3034820557
8.5800549984,-16.8264689445,-36.2649173737
10.2847123146,-16.7252912521,-35.2129783630
8.6391634941,-21.5955729485,-40.3903598785
10.4838998318,-21.5592103004,-39.4905376434
12.5042531490,-21.4115667343,-38.5723648071
7.8198788166,-21.6031799316,-38.8522310257
9.5194308758,-21.5785846710,-37.8779010773
11.3857595921,-21.4466962814,-36.8906440735
7.0165356398,-21.6108374596,-37.3044242859
8.5615712404,-21.5954275131,-36.2652606964
10.2409970760,-21.5017805099,-35.2107591629
8.6151366234,-26.3604292870,-40.3908481598
10.4477288723,-26.3249359131,-39.4894752502
12.4578907490,-26.1741929054,-38.5683259964
7.7949080467,-26.3684406281,-38.8510055542
9.4872705936,-26.3442163467,-37.8765897751
11.3277180195,-26.2207961082,-36.8892784119
6.9906300306,-26.3763346672,-37.3014678955
8.5326410532,-26.3609380722,-36.2637577057
10.1835262775,-26.2796583176,-35.2112150192
61.9633121490,-88.0932121277,-207.8221435547
61.9634227753,-88.0957984924,-203.1929550171
61.9720382690,-92.8582267761,-203.1796226501
8.2528184652,-30.9652628899,-8.8241885900
6.0558058023,-30.9509611130,-9.8234480619
3.8024112582,-30.9638786316,-10.5546894073
9.9727625847,-30.9781975746,-11.9852192402
7.7361558676,-30.9370079041,-12.9369192123
5.4330533743,-30.9514269829,-13.7667419910
11.7975313663,-30.9896607399,-15.2814550400
9.4955798388,-30.9212384224,-16.1884059906
7.1407896280,-30.9321670532,-17.0644488335
8.2549687624,-35.7358131409,-8.8015981913
6.0770262480,-35.7216539383,-9.7837870121
3.8309155107,-35.7230978012,-10.5270030499
9.9698556662,-35.7495594025,-11.9656157494
7.7421857119,-35.7141714096,-12.9097959995
5.4571222067,-35.7271575928,-13.7413547039
11.7999997139,-35.7532463074,-15.2713377476
9.4987680912,-35.6897239685,-16.1839497089
7.1450790167,-35.6980476379,-17.0603413582
8.2622581720,-40.5071325302,-8.8045777082
6.1023000479,-40.4976148605,-9.7916660309
3.8492096663,-40.4981622696,-10.5262007713
9.9764103889,-40.5087547302,-11.9721870422
7.7615126371,-40.4841461182,-12.9304568768
5.4720411301,-40.4913387299,-13.7483592033
11.8006129265,-40.5086784363,-15.2696933746
9.5014656782,-40.4574413300,-16.1890621185
7.1430073977,-40.4647827148,-17.0637059212
29.0356388092,-59.5231018066,-151.1247520447
28.9750809669,-59.5230903625,-155.7733917236
33.7797737122,-59.5226602554,-150.7645606995
33.7235312462,-59.5230836868,-155.3925132751
33.6688108444,-59.5230941772,-160.0200729370
29.0356178284,-64.2849922180,-151.1247444153
33.7751312256,-64.2905855179,-150.7631340027
33.7170739174,-64.2956724167,-155.3920249939
33.6654620171,-64.2901258469,-160.0214729309
33.7735848427,-69.0576210022,-150.7621917725
33.7151103020,-69.0629634857,-155.3917350769
33.6636152267,-69.0570430756,-160.0221595764
47.9990129471,-116.6676139832,-135.9618110657
47.9516458511,-116.6695842743,-140.4896125793
-1.2411132902,-2.3721735394,-38.7488059998
-2.8388148844,-2.3726300801,-38.8673629761
-4.4221239090,-2.3781381127,-38.9829492569
-1.1357431486,-2.3728260706,-40.0889081955
-2.5301696360,-2.3749781029,-40.4917955399
-3.9141747952,-2.3786325504,-40.9085340500
-1.0005499199,-2.3717234470,-41.4209060669
-2.2075160742,-2.3761401570,-42.1235151291
-3.4022146463,-2.3789691150,-42.8353872299
-1.2930701002,-7.1390213966,-38.7531394958
-2.8552522659,-7.1374920607,-38.8639259338
-4.4297143221,-7.1411941051,-38.9724273682
-1.1997319311,-7.1384177208,-40.0977258682
-2.5506564379,-7.1393393278,-40.4868125916
-3.9186088443,-7.1412998438,-40.9072055817
-1.0494791269,-7.1362241507,-41.4270286560
-2.2201022208,-7.1396460533,-42.1247959137
-3.3998242617,-7.1413698196,-42.8444671631
-1.3122550994,-11.9052329063,-38.7469062805
-2.8582791388,-11.9016542435,-38.8651542664
-4.4260930419,-11.9032800198,-38.9782295227
-1.2155490965,-11.9016981125,-40.0949220657
-2.5538940430,-11.9022564888,-40.4861764908
-3.9172614217,-11.9033315182,-40.9078168869
-1.0584038869,-11.9001448154,-41.4299573898
-2.2231374085,-11.9023613930,-42.1226425171
-3.4021472335,-11.9033684731,-42.8392210007
25.4025025368,-116.8037872314,-1.5591018200
24.7311620712,-116.7455863953,-4.6315165162
24.0632600784,-116.6978530884,-7.6901307106
30.5548019409,-117.0427551270,-1.6765420139
29.6802687645,-116.9846916199,-5.0261744857
28.7879629135,-116.9183216095,-8.3634527922
35.7830562592,-116.9692535400,-1.7883868814
34.7497234344,-117.0218143463,-5.4086940885
33.6690225601,-117.0370960236,-9.0235460997
25.1562504768,-121.4291019440,-1.5561684072
24.5735630989,-121.4282360077,-4.6129427552
23.9931597710,-121.4281158447,-7.6692000628
29.9616227150,-121.5187549591,-1.6697418988
29.1452784538,-121.4738807678,-5.0044488907
28.3475432396,-121.4455299377,-8.3306732178
35.1269640923,-121.7554721832,-1.7800321281
34.0840554237,-121.7006759644,-5.3953210115
33.0326795578,-121.6370277405,-9.0059021711
25.1505069733,-126.1898746490,-1.5505464673
24.5698328018,-126.1898746490,-4.6122568250
23.9890928268,-126.1898517609,-7.6739321947
29.7905917168,-126.1911926270,-1.6655227244
29.0473651886,-126.1899623871,-4.9960992932
28.3067145348,-126.1898765564,-8.3261387348
34.6044421196,-126.2817459106,-1.7808091938
33.6262474060,-126.2368659973,-5.3814408779
32.6674356461,-126.2072639465,-8.9795988798
6.2540863752,-2.3171933219,-21.0976433754
4.0168589354,-2.3870947135,-22.8132333755
1.9971221015,-2.4372137978,-24.5399160385
7.6931266785,-2.3134285323,-23.0574831963
5.6410017610,-2.3604166864,-24.6152887344
3.7576266825,-2.4299253016,-26.1696619987
9.1439269781,-2.3096201718,-25.0128498077
7.3172404766,-2.3333766013,-26.4229464531
5.5309495926,-2.4172044357,-27.8049807549
6.3911354542,-7.1279170513,-21.0727753639
4.1612619758,-7.2484418154,-22.8246250153
1.9971339926,-7.2881190777,-24.5871319771
7.8039107323,-7.1228328943,-23.0388531685
5.8328065276,-7.1985042095,-24.6184787750
3.8088314831,-7.2848750353,-26.2006545067
9.2216727734,-7.1149513721,-25.0012378693
7.5031048059,-7.1483964920,-26.4130263329
5.6404932737,-7.2705777884,-27.8163456917
6.4429693222,-11.8988971710,-21.0633068085
4.1857198477,-12.0554270744,-22.8288149834
2.0134048164,-12.1008558273,-24.5859217644
7.8610030413,-11.8953013420,-23.0246467590
5.8773499727,-11.9915246964,-24.6204504967
3.8279070556,-12.0918471813,-26.2055840492
9.2796411514,-11.8904020786,-24.9835252762
7.5659494400,-11.9291708469,-26.4098544121
5.6622953415,-12.0718572140,-27.8259534836
26.7391700745,-31.0202221870,-109.1514701843
26.1856184006,-30.9902405739,-113.8982677460
25.6751003265,-30.9621000290,-118.6485633850
31.9755535126,-30.8855528831,-109.2937412262
31.2194323540,-30.9833173752,-113.9497890472
30.5684518814,-31.0081591606,-118.5994720459
37.3271884918,-30.7752566338,-109.4389877319
36.6782197952,-30.7624845505,-113.9915771484
35.9835882187,-30.8057136536,-118.5398445129
26.7098007202,-35.7764644623,-109.1464328766
26.1684274673,-35.7443504333,-113.8967781067
25.6665425301,-35.7199144363,-118.6498985291
31.9000644684,-35.6704788208,-109.2873191833
31.1570787430,-35.7614822388,-113.9465847015
30.5292620659,-35.7744112015,-118.5981578827
37.2635946274,-35.5275878906,-109.4338779449
36.6068935394,-35.5312128067,-113.9852085114
35.8823976517,-35.5997219086,-118.5338172913
26.6782655716,-40.5287303925,-109.1453533173
26.1508288383,-40.4965305328,-113.8956718445
25.6593351364,-40.4786853790,-118.6479339600
31.7872972488,-40.4683265686,-109.2867012024
31.0889558792,-40.5341482162,-113.9441089630
30.4845519066,-40.5350704193,-118.5965557098
37.1944875717,-40.2852563858,-109.4314708710
36.5165615082,-40.3061838150,-113.9833202362
35.7807931900,-40.3945302963,-118.5357646942
-24.3778901100,-2.3787089232,-2.1547234654
-29.0872387886,-2.3791037163,-2.1838457584
-23.2142138481,-2.3786623759,-6.4534885883
-28.2662472725,-2.3790805149,-6.5490726233
-22.0503826141,-2.3788579115,-10.7519583702
-27.4450707436,-2.3791894767,-10.9139072895
-24.3895602226,-7.1406809092,-2.1570142508
-29.0870857239,-7.1409742832,-2.1838967204
-23.2141017914,-7.1407786608,-6.4534249306
-28.2661013603,-7.1410344839,-6.5490064621
-22.0384650230,-7.1409447193,-10.7495620251
-27.4449458122,-7.1411516666,-10.9137959480
-24.3828282356,-11.9025502205,-2.1556528807
-29.0870285034,-11.9028222561,-2.1838238239
-23.2140350342,-11.9027523994,-6.4533500671
-28.2660331726,-11.9029660225,-6.5489332676
-22.0450544357,-11.9029414654,-10.7507452965
-27.4448857307,-11.9031026363,-10.9136970043
20.9093055725,-2.3296593223,-18.7455754280
18.1193709373,-2.3229790702,-18.2915658951
15.3277173042,-2.3183278143,-17.8185606003
20.2788281441,-2.3456022320,-21.0763454437
17.9149498940,-2.3341738926,-20.4264822006
15.5303041935,-2.3182335235,-19.7807106972
19.6670837402,-2.3581307791,-23.3884320259
17.7078013420,-2.3416661192,-22.5640721321
15.7345812321,-2.3195213079,-21.7426652908
20.9512419701,-7.1299554110,-18.7055716515
18.1396522522,-7.1306451559,-18.2716226578
15.3487925529,-7.1324392557,-17.7999472618
20.2884449959,-7.1401754618,-21.0650720596
17.9321131706,-7.1392046213,-20.4108610153
15.5578842163,-7.1354980469,-19.7605266571
19.6641764641,-7.1502174139,-23.3832745552
17.7252516747,-7.1470385790,-22.5507445335
15.7677104473,-7.1343468428,-21.7215390205
20.9433832169,-11.9148199558,-18.6940202713
18.1508374214,-11.9158587456,-18.2462978363
15.3802857399,-11.9178678989,-17.7647776604
20.2958593369,-11.9227192402,-21.0490050316
17.9439916611,-11.9227190018,-20.3884544373
15.5829405785,-11.9232428074,-19.7319264412
19.6809239388,-11.9298689365,-23.3657250404
17.7397079468,-11.9295954704,-22.5309996605
15.7833156586,-11.9250416756,-21.6993880272
2.3729467988,-16.7532444000,-39.6012105942
1.2301172465,-16.7242398262,-39.2244806290
0.0447853319,-16.6931531429,-38.8445997238
2.4735807776,-16.7409424782,-40.7438783646
1.2599821538,-16.7090356350,-40.4251756668
0.0548295388,-16.6809654236,-40.0819501877
2.5632789135,-16.7279043198,-41.9360656738
1.3174746335,-16.6959030628,-41.6393423080
0.1206449959,-16.6724472046,-41.2930727005
2.3645123541,-21.5184712410,-39.5985727310
1.2231858820,-21.4867000580,-39.2231187820
0.0390691636,-21.4532461166,-38.8446054459
2.4646719396,-21.5049018860,-40.7413101196
1.2531588525,-21.4702868462,-40.4236993790
0.0497563956,-21.4409451485,-40.0824060440
2.5555080771,-21.4904894829,-41.9333143234
1.3104045689,-21.4559578896,-41.6371440887
0.1139003839,-21.4328675270,-41.2924327850
2.3546531796,-26.2766594887,-39.5970726013
1.2145509720,-26.2428383827,-39.2210683823
0.0315100830,-26.2093181610,-38.8430938721
2.4563249052,-26.2622618675,-40.7404155731
1.2454219311,-26.2261519432,-40.4228076935
0.0430081747,-26.1983880997,-40.0812091827
2.5471491516,-26.2469038963,-41.9332046509
1.3039871305,-26.2115888596,-41.6378479004
0.1103618927,-26.1920933723,-41.2927503586
76.0815124512,-130.9488754272,-183.1867904663
76.0670719147,-130.9484138489,-178.5961036682
76.0587005615,-130.9515724182,-174.0091133118
76.0457077026,-135.7225303650,-174.0054092407
21.1565451622,-2.3052283954,-10.0700836182
16.4726903439,-2.3148610238,-9.3357319832
11.7904489040,-2.3012637515,-8.6247156858
21.1240239143,-2.3056131005,-13.1072051525
17.1300356388,-2.3136836924,-12.5096316338
13.1082642078,-2.3214410264,-11.9081497192
21.1427454948,-2.3126255665,-16.0982525349
17.8465595245,-2.3164022136,-15.6563127041
14.5462582111,-2.3209832441,-15.1981408596
21.1824250221,-7.1106350422,-10.0495917797
16.4664344788,-7.1147861481,-9.3114559650
11.7442407608,-7.1179323196,-8.6021488905
21.1289000511,-7.1140245199,-13.0901112556
17.1468636990,-7.1164363623,-12.4776277542
13.1252567768,-7.1188549995,-11.8799800873
21.1401953697,-7.1206060648,-16.0621142387
17.8724079132,-7.1227384806,-15.6288840771
14.6099872589,-7.1270104647,-15.1725904942
21.1573200226,-11.9008831978,-10.0201106071
16.4482328892,-11.9070463181,-9.2811760902
11.7354471684,-11.9054257870,-8.5795000792
21.1340136528,-11.9055747986,-13.0554363728
17.1485500336,-11.9044969082,-12.4446763992
13.1363692284,-11.9048416615,-11.8479034901
21.1596221924,-11.9102153778,-16.0373020172
17.8822710514,-11.9091079235,-15.5988907814
14.6170535088,-11.9112987518,-15.1355032921
29.0355720520,-45.2373552322,-151.1247863770
28.9750404358,-45.2373723984,-155.7734260559
28.9145007133,-45.2373905182,-160.4220428467
33.7793569565,-45.2371921539,-150.7645759583
33.7234835625,-45.2373752594,-155.3924942017
33.6688213348,-45.2373619080,-160.0200653076
29.0355772972,-49.9992523193,-151.1247749329
28.9750413895,-49.9992790222,-155.7734031677
33.7785959244,-49.9991674423,-150.7651824951
33.7234592438,-49.9992609024,-155.3924789429
33.6683254242,-49.9992818832,-160.0198669434
29.0356059074,-54.7611656189,-151.1247673035
28.9750690460,-54.7611827850,-155.7734031677
33.7794537544,-54.7608785629,-150.7645568848
33.7235226631,-54.7611665726,-155.3924980164
33.6688046455,-54.7611837387,-160.0200767517
42.8599958420,-145.2372055054,-62.9827651978
49.1084518433,-145.2390670776,-63.5154047012
48.5779619217,-145.2392692566,-69.7574768066
48.0487012863,-145.2394065857,-75.9992122650
49.0988330841,-150.0073966980,-63.5116109848
48.5707483292,-150.0082130432,-69.7572689056
-0.5220963880,-2.3799776006,-79.7389488220
5.0473627448,-2.3799259342,-79.3088130951
4.5736108720,-2.3799686859,-84.5774059296
4.0998641551,-2.3800127237,-89.8459434509
10.6241852045,-2.3785150474,-78.8765792847
10.0029722452,-2.3793981731,-84.1752490997
9.3872929811,-2.3799347509,-89.4733390808
-0.5269209743,-7.1418859959,-79.7399044037
5.0474103093,-7.1418377161,-79.3087863922
4.5736522973,-7.1418780088,-84.5773658752
4.0999072790,-7.1419253349,-89.8459148407
10.6260284185,-7.1415133476,-78.8771247864
10.0025572777,-7.1415659189,-84.1756343842
9.3824648857,-7.1418592930,-89.4743213654
-0.5246855468,-11.9037935734,-79.7395153046
5.0474436879,-11.9037525654,-79.3087615967
4.5736770332,-11.9037876129,-84.5773296356
4.0999376178,-11.9038333893,-89.8458881378
10.6212371588,-11.9042003155,-78.8777751923
10.0023102760,-11.9036264420,-84.1758117676
9.3852417469,-11.9037811756,-89.4737586975
76.6564025879,-188.0920448303,-2.4183282256
75.6676902771,-188.0898666382,-7.2570214272
74.7134990692,-188.0825691223,-12.0576138496
-14.1740601063,-2.3794605519,-30.1908793449
-17.7454493046,-2.3795378233,-29.7095766068
-14.5480906963,-2.3795646433,-33.5927519798
-18.0874562263,-2.3796151075,-33.4015130997
-14.9141106606,-2.3795683294,-36.9836750031
-14.1728708744,-7.1414065361,-30.2007842064
-17.7453727722,-7.1414605379,-29.7094874382
-14.5480182171,-7.1414854527,-33.5926694870
-18.0873913765,-7.1415333748,-33.4014344215
-14.9071099758,-7.1415992975,-36.9625854492
-14.1734383106,-11.9033420086,-30.1950955391
-17.7453184128,-11.9033846855,-29.7094182968
-14.5479693413,-11.9034090042,-33.5926127434
-14.9075131416,-11.9128975868,-36.9866600037
6.9654167891,-102.5824947357,-8.7896710634
4.6287561059,-102.4490814209,-9.8096667528
2.1775256903,-102.3549804688,-10.5078339577
8.4682984352,-102.4669456482,-12.0446887016
6.0641105175,-102.3903656006,-12.8965537548
3.7386817038,-102.3731422424,-13.6705245972
10.0414133072,-102.4026508331,-15.3181846142
7.6760705709,-102.3760337830,-16.1335098743
5.4339748621,-102.3789691925,-16.9769506454
6.3055518866,-107.1446800232,-8.6575338840
4.2383736968,-107.1412773132,-9.7502595186
2.0097405718,-107.1415176392,-10.4576647282
8.0613136292,-107.1420707703,-11.9034643173
5.8995224833,-107.1416816711,-12.8271718025
3.7015188336,-107.1420764923,-13.6518020630
9.8625167608,-107.1416206360,-15.2329790592
7.6526055336,-107.1419868469,-16.1193187237
5.4313834310,-107.1421222687,-16.9759154320
6.2968925238,-111.9039421082,-8.6670699120
4.2427101135,-111.9038791656,-9.7676045895
2.0114105675,-111.9039669037,-10.4665217400
8.0599775314,-111.9038944244,-11.9111518860
5.9073622227,-111.9039115906,-12.8465702534
3.7052008510,-111.9040050507,-13.6614975929
9.8609236479,-111.9040164948,-15.2333495617
7.6532458067,-111.9040184021,-16.1214222908
5.4322758913,-111.9040832520,-16.9769089222
2.3417083621,-31.0282440186,-39.5962343216
1.2037515640,-30.9936704636,-39.2205028534
0.0229841750,-30.9630856514,-38.8428840637
2.4441895783,-31.0135774612,-40.7397689819
1.2356529683,-30.9779949188,-40.4224576950
0.0362324314,-30.9548020363,-40.0810976028
2.5359708667,-30.9984831810,-41.9327249527
1.2950953841,-30.9653367996,-41.6376085281
0.1054938734,-30.9511251450,-41.2926626205
2.3256375790,-35.7740325928,-39.5956716537
1.1906055659,-35.7408008575,-39.2212095261
0.0140861240,-35.7170047760,-38.8439168930
2.4283072948,-35.7596845627,-40.7389240265
1.2238596082,-35.7278537750,-40.4224033356
0.0301221912,-35.7126207352,-40.0821332932
2.5219545662,-35.7451372147,-41.9313850403
1.2844956815,-35.7188425064,-41.6362886429
0.0998811200,-35.7117490768,-41.2922506332
2.3066645861,-40.5155582428,-39.5950727463
1.1756645143,-40.4873199463,-39.2200717926
0.0053874326,-40.4740695953,-38.8427085876
2.4117070138,-40.5029077530,-40.7387285233
1.2118788511,-40.4789628983,-40.4219722748
0.0247063769,-40.4734630585,-40.0810079575
2.5062537789,-40.4905700684,-41.9317321777
1.2768404931,-40.4749145508,-41.6371726990
0.0991274863,-40.4741230011,-41.2925825119
12.9713580608,-16.6818354130,-17.9333882332
10.7836668491,-16.6365177631,-18.8298616409
8.5560781956,-16.6309154034,-19.7271270752
13.4885931015,-16.6781280041,-19.8470563889
11.6374449730,-16.6429350376,-20.7937617302
9.7480504513,-16.6343045235,-21.7389235497
14.0061929226,-16.6736507416,-21.7626385689
12.4912886620,-16.6486158371,-22.7575573921
10.9405493736,-16.6364934444,-23.7496681213
12.9887373447,-21.4552345276,-17.9187626839
10.7956914902,-21.3937840462,-18.8162732124
8.5632089376,-21.3891859055,-19.7212648392
13.5008456707,-21.4502315521,-19.8313450813
11.6482729912,-21.3981666565,-20.7781400681
9.7605085373,-21.3873977661,-21.7293019295
14.0115828514,-21.4427890778,-21.7459297180
12.5013005733,-21.4027876854,-22.7411627769
10.9580199718,-21.3867068291,-23.7380042076
12.9871649742,-26.2253212929,-17.9066591263
10.8009352684,-26.1551051140,-18.8090543747
8.5721387863,-26.1510205269,-19.7202816010
13.5068316460,-26.2180662155,-19.8210768700
11.6519410610,-26.1552233696,-20.7692275047
9.7604773045,-26.1432881355,-21.7242808342
14.0234539509,-26.2071399689,-21.7371287346
12.5028240681,-26.1557660103,-22.7313489914
10.9497692585,-26.1384515762,-23.7298450470
5.0578181148,-102.3804016113,-30.7344737053
3.8874431849,-102.3803787231,-32.2065773010
6.4936734438,-102.3803844452,-32.1706957817
5.2719832659,-102.3803672791,-33.4862308502
7.9295305014,-102.3803672791,-33.6069116592
6.6565237045,-102.3803520203,-34.7658767700
5.3959715366,-102.3803272247,-35.9149751663
6.4935125113,-107.1422710419,-32.1706500053
7.9303569794,-107.1422615051,-33.6098527908
34.1501207352,-59.5795640945,-40.2709960938
31.1392588615,-59.5800123215,-36.7439746857
28.1698217392,-59.5734510422,-33.2067232132
29.7895731926,-59.5681657791,-41.7999744415
27.6137595177,-59.5647745132,-38.4146289825
25.4310445786,-59.5535602570,-35.0308647156
25.2276115417,-59.4131031036,-43.3428859711
23.8811869621,-59.4067192078,-40.1095695496
22.5419020653,-59.4083194733,-36.8767528534
34.1599397659,-64.3411464691,-40.2794532776
31.1423964500,-64.3408470154,-36.7463474274
28.1549077034,-64.3359365463,-33.2018857002
29.7799205780,-64.3180646896,-41.8010568619
27.5926709175,-64.3019199371,-38.4176025391
25.3973770142,-64.2764883041,-35.0369529724
25.1267476082,-64.1282558441,-43.3492393494
23.7984700203,-64.1253890991,-40.1204032898
22.4784665108,-64.1286172867,-36.8916797638
34.1561884880,-69.0949954987,-40.2728033066
31.1604871750,-69.0955181122,-36.7411088943
28.1769490242,-69.0920715332,-33.2038989067
29.7442569733,-69.0464782715,-41.8064632416
27.5422463417,-69.0142688751,-38.4258050919
25.3382248878,-68.9815635681,-35.0495119095
25.0285344124,-68.8547935486,-43.3618431091
23.6862082481,-68.8542251587,-40.1326684952
22.3524975777,-68.8592166901,-36.9038276672
42.3775205612,-102.4024085999,-96.8610267639
41.5580787659,-102.3845710754,-101.0686492920
40.7725381851,-102.3802261353,-105.2773036957
45.8663434982,-102.4556922913,-98.0659809113
45.3058910370,-102.4264087677,-101.8796615601
44.7783298492,-102.4012966156,-105.6948108673
49.4631099701,-102.4603366852,-99.2507629395
49.1884441376,-102.4751129150,-102.6630554199
48.9608154297,-102.4678764343,-106.0971927643
42.3258190155,-107.1438083649,-96.8539562225
41.5412359238,-107.1419811249,-101.0694732666
40.7649621964,-107.1420135498,-105.2849254608
45.7080354691,-107.1696929932,-98.0665168762
45.2009410858,-107.1514511108,-101.8809299469
44.7207670212,-107.1435852051,-105.6967945099
49.1779584885,-107.2279510498,-99.2653121948
48.9385995865,-107.2127361298,-102.6663722992
48.7596559525,-107.1928405762,-106.0878906250
42.3104887009,-111.9038429260,-96.8617210388
41.5407304764,-111.9039497375,-101.0695266724
40.7709951401,-111.9039688110,-105.2774372101
45.6346130371,-111.9061756134,-98.0678100586
45.1695203781,-111.9040699005,-101.8825740814
44.7129755020,-111.9038562775,-105.6974029541
49.0251913071,-111.9335784912,-99.2703704834
48.8265237808,-111.9207515717,-102.6799354553
48.6643600464,-111.9138240814,-106.0986518860
-2.2437940128,-59.5483007431,-24.8497180939
-4.7986442447,-59.5243310928,-23.0279154778
-7.3303048611,-59.5202350616,-21.2082171440
-3.5804257989,-59.5204668045,-27.2094545364
-6.1648898125,-59.5213747025,-25.8090481758
-8.7424050570,-59.5187339783,-24.4099702835
-4.8597276807,-59.5218896866,-29.5697226524
-7.5081808567,-59.5219268799,-28.5900993347
-10.1454236507,-59.5137605667,-27.6122756004
-2.2792948559,-64.2861604691,-24.8580584526
-4.8139765859,-64.2806529999,-23.0286626816
-7.3332289457,-64.2816734314,-21.2002258301
-3.5828576088,-64.2828283310,-27.2090249062
-6.1649506092,-64.2832221985,-25.8090519905
-8.7423198223,-64.2804117203,-24.4099392891
-4.8583040237,-64.2836246490,-29.5617103577
-7.5081002712,-64.2836818695,-28.5901017189
-10.1435930729,-64.2749280930,-27.6211414337
-2.2992735505,-69.0414676666,-24.8495254517
-4.8200185299,-69.0430641174,-23.0283665657
-7.3343118429,-69.0428333282,-21.2072601318
-3.5831626654,-69.0448684692,-27.2089366913
-6.1647964716,-69.0448627472,-25.8090467453
-8.7435261011,-69.0435905457,-24.4084873199
-4.8594661355,-69.0453662872,-29.5697445869
-7.5080039501,-69.0454292297,-28.5900893211
-10.1528584957,-69.0476150513,-27.6112375259
32.2306594849,-116.6786384583,-40.2805805206
29.1902885437,-116.6691551208,-36.7457990646
26.1827883720,-116.6658306122,-33.2073817253
27.8096761703,-116.6658744812,-41.8031339645
25.6365370750,-116.6658916473,-38.4169082642
23.4636106491,-116.6659774780,-35.0307378769
23.4415173531,-116.6659564972,-43.3269863129
22.0933494568,-116.6659584045,-40.0905113220
20.7451882362,-116.6659717560,-36.8540344238
32.1961855888,-121.4280776978,-40.2821969986
29.1797227859,-121.4277248383,-36.7432355881
26.1662549973,-121.4278507233,-33.2045111656
27.8095431328,-121.4278087616,-41.8030405045
25.6365489960,-121.4278335571,-38.4168491364
23.4635605812,-121.4278392792,-35.0306653976
23.4257292747,-121.4278163910,-43.3240880966
22.0933256149,-121.4278278351,-40.0904769897
20.7609238625,-121.4278450012,-36.8568572998
32.1775269508,-126.1896438599,-40.2791070938
29.1797614098,-126.1897029877,-36.7431983948
26.1819443703,-126.1897201538,-33.2073063850
27.8095054626,-126.1897048950,-41.8029966354
25.6365222931,-126.1897163391,-38.4168100357
23.4635457993,-126.1897296906,-35.0306339264
23.4414734840,-126.1897087097,-43.3269205093
22.0933122635,-126.1897220612,-40.0904445648
70.9085292816,-159.5139350891,-87.8801670074
69.5085353851,-159.5227432251,-83.1169185638
68.1646366119,-159.5217857361,-78.3532428741
65.9245834351,-159.5253944397,-89.1022071838
63.9074935913,-159.5259819031,-84.4369220734
61.8907079697,-159.5262870789,-79.7705898285
70.8371047974,-164.2896957397,-87.8848152161
69.5027389526,-164.2944297791,-83.1181144714
68.1740550995,-164.2890472412,-78.3503971100
68.1619739532,-169.0527496338,-78.3515319824
21.0807051659,-45.2888793945,-9.9525666237
16.3317041397,-45.2941913605,-9.1892738342
11.5863490105,-45.3141498566,-8.4929460287
21.0957903862,-45.2868223190,-12.9877316952
17.1033146381,-45.2928886414,-12.3542935848
13.0942158699,-45.3003129959,-11.7444407940
21.1541900635,-45.2893514633,-15.9688465595
17.8752150536,-45.2927551270,-15.5191178322
14.6189880371,-45.2963342667,-15.0401117802
21.0957589149,-50.0552349091,-9.9506828785
16.3352115154,-50.0552616119,-9.1863758564
11.5743703842,-50.0698127747,-8.4844321012
21.0868363380,-50.0601530075,-12.9932675362
17.1074731350,-50.0547962189,-12.3516635895
13.0983374119,-50.0582361221,-11.7412574291
21.1444149017,-50.0596122742,-15.9650716782
17.8794341087,-50.0548295975,-15.5167317390
14.6368961334,-50.0563802719,-15.0406236649
21.0896158218,-54.8225440979,-9.9532158375
16.3399367332,-54.8170022964,-9.1850156784
11.5963118076,-54.8146533966,-8.4886804819
21.0963101387,-54.8287506104,-12.9894349575
17.1119508743,-54.8171501160,-12.3503184319
13.1019852161,-54.8102607727,-11.7461848259
21.1734342575,-54.8222370148,-15.9388704300
17.8836417198,-54.8171777725,-15.5154643059
14.6230230331,-54.8113546371,-15.0437343121
13.1165947914,-45.3040428162,-1.2270569085
12.5348911285,-45.3082561493,-3.5982722044
11.4335355759,-45.3119039536,-5.7524672747
17.7490029335,-45.2919006348,-1.2912679017
17.1122605801,-45.2929382324,-3.8526750803
16.3543930054,-45.2946100235,-6.3649355173
22.4595966339,-45.2873659134,-1.3974615633
21.9075899124,-45.2877712250,-4.2283682823
21.3238596916,-45.2884397507,-7.0452952385
13.1082954407,-50.0670776367,-1.2275712133
12.5149126053,-50.0703401566,-3.5859700441
11.4181151390,-50.0698747635,-5.7358505726
17.7418096066,-50.0530757904,-1.2870780528
17.0951745510,-50.0539178848,-3.8431357145
16.3476438522,-50.0551567078,-6.3579636812
22.4588441849,-50.0490846634,-1.3910096884
21.9082059860,-50.0495672226,-4.2264536023
21.3274183273,-50.0502233505,-7.0496404171
13.1176800728,-54.8226013184,-1.2240161893
12.5367145538,-54.8225717545,-3.5902117491
11.4342439175,-54.8156805038,-5.7429367304
17.7560641766,-54.8149557114,-1.2907502353
17.1194818020,-54.8156957626,-3.8509531021
16.3621938229,-54.8166522980,-6.3613898754
22.4665541649,-54.8111467361,-1.3971782923
21.9147925377,-54.8117313385,-4.2273553610
21.3364000320,-54.8151054382,-7.0457834005
20.7564768791,-45.2932643890,-26.7040448189
19.1148171425,-45.2585773468,-28.4033770561
17.3971304893,-45.1630954742,-30.1121411324
23.1403112411,-45.2918157578,-28.6035103798
21.2203679085,-45.2850408554,-30.3750658035
19.2053475380,-45.1918687820,-32.1600894928
25.5307364464,-45.2895050049,-30.4982228279
23.3092923164,-45.2912464142,-32.3499436378
21.0097856522,-45.2246713638,-34.2097921371
20.7538099289,-50.0528202057,-26.7040724754
19.0949387550,-49.9919109344,-28.4069919586
17.3637557030,-49.8969945908,-30.1179137230
23.1547241211,-50.0533657074,-28.5989766121
21.2109918594,-50.0299720764,-30.3757758141
19.1700177193,-49.9198980331,-32.1656451225
25.5524921417,-50.0516052246,-30.4923257828
23.3103694916,-50.0485134125,-32.3489327431
20.9735198021,-49.9514875412,-34.2154474258
20.7562732697,-54.8049087524,-26.7033166885
19.0625052452,-54.7164325714,-28.4147024155
17.3033993244,-54.6327362061,-30.1303739548
23.1597733498,-54.8140745163,-28.5978307724
21.1889796257,-54.7613964081,-30.3801989555
19.1207284927,-54.6467657089,-32.1749091148
25.5623445511,-54.8112211227,-30.4938921928
23.3024239540,-54.7957077026,-32.3500847816
20.9364409447,-54.6738853455,-34.2213315964
5.9045388699,-59.7837543488,-21.0429954529
3.7511010468,-59.7906351089,-22.7882132530
1.6672431640,-59.7166185379,-24.5454130173
7.2865860462,-59.7467422485,-23.0130057335
5.3335451484,-59.7697887421,-24.5888767242
3.4358677268,-59.7272996902,-26.1703314781
8.6861935854,-59.7053546906,-24.9802141190
6.9226119518,-59.7469520569,-26.3882603645
5.2102537155,-59.7292852402,-27.7965850830
5.8069354296,-64.5641155243,-21.0366840363
3.6625313461,-64.5358848572,-22.7867393494
1.5924868956,-64.4278726578,-24.5486545563
7.1771978140,-64.5304222107,-23.0107207298
5.2395182252,-64.5209465027,-24.5861458778
3.3575947285,-64.4501562119,-26.1691102982
8.5607675314,-64.4965934753,-24.9822549820
6.8226928711,-64.5041141510,-26.3849568367
5.1280340552,-64.4631080627,-27.7906279564
5.6954675317,-69.3270587921,-21.0383992195
3.5657540858,-69.2615184784,-22.7857780457
1.5180166811,-69.1255245209,-24.5449566841
7.0635881424,-69.2960605621,-23.0090284348
5.1381105781,-69.2545585632,-24.5841898918
3.2732695639,-69.1543979645,-26.1675381660
8.4426817894,-69.2680034637,-24.9776902199
6.7154672146,-69.2457962036,-26.3820948601
5.0336883664,-69.1789302826,-27.7912435532
62.0024223328,-30.9468884468,-226.2397460938
61.9915018082,-30.9464688301,-221.6356391907
61.9748287201,-30.9611482620,-217.0410003662
57.3045253754,-30.9351658821,-226.7538642883
57.2926769257,-30.9328742027,-222.1450614929
57.2475843430,-30.9549360275,-217.5834159851
62.0025777817,-35.7136936188,-226.2446746826
61.9925136566,-35.7136745453,-221.6404228210
61.9746551514,-35.7216014862,-217.0444030762
57.2734489441,-35.7136955261,-226.7956619263
57.2634410858,-35.7136831284,-222.1866226196
57.2491836548,-35.7170801163,-217.5822257996
62.0062351227,-40.4809522629,-226.2373619080
61.9910898209,-40.4812679291,-221.6296234131
61.9729089737,-40.4793739319,-217.0432128906
57.3068313599,-40.4891719818,-226.7561073303
57.2961044312,-40.4913606644,-222.1470069885
57.2493076324,-40.4812088013,-217.5849838257
13.1633589268,-73.8361301422,-1.2357502546
12.5588855743,-73.8477077484,-3.6228149533
11.4210005999,-73.8598175049,-5.7810131311
17.7784655094,-73.8622589111,-1.2918452024
17.1420488358,-73.8616142273,-3.8562176824
16.3866317272,-73.8581733704,-6.3773865700
22.4856967926,-73.8617305756,-1.3986321688
21.9351358414,-73.8641357422,-4.2275637388
21.3556914330,-73.8605995178,-7.0348913670
13.1540746689,-78.6085796356,-1.2403693156
12.5301392078,-78.6262435913,-3.6220728159
11.3916867971,-78.6415328979,-5.7790027857
17.7757389545,-78.6239051819,-1.2899633050
17.1327204704,-78.6215648651,-3.8580238819
16.3907968998,-78.6109333038,-6.3975794315
22.4869728088,-78.6218967438,-1.3911987245
21.9365897179,-78.6224555969,-4.2263333797
21.3559274673,-78.6231651306,-7.0491505861
13.1463391781,-83.3920707703,-1.2410932753
12.5286655426,-83.4070014954,-3.6358847618
11.3788837194,-83.4203338623,-5.7921434641
17.8006877899,-83.3854866028,-1.3002712429
17.1674208641,-83.3783340454,-3.8879395723
16.4066841602,-83.3647613525,-6.4340777397
22.4957780838,-83.3840560913,-1.3971445560
21.9442605972,-83.3846168518,-4.2275320292
21.3605923653,-83.3851432800,-7.0469541550
15.7884247303,-2.3801289653,-123.7604770660
15.5491130352,-2.3801592565,-128.5280685425
15.3097920418,-2.3801830483,-133.2955970764
20.5737886429,-2.3799678012,-123.5413970947
20.3288521767,-2.3801088398,-128.2820911407
20.0840559006,-2.3801427004,-133.0226745605
15.7884585857,-7.1420388222,-123.7604045868
15.5491387844,-7.1420664787,-128.5280265808
15.3098154068,-7.1420878172,-133.2955780029
20.5739498138,-7.1419329643,-123.5423259735
20.3288855553,-7.1420241594,-128.2820873260
20.0838975906,-7.1420532465,-133.0216979980
15.7884831429,-11.9039473534,-123.7603855133
15.5491623878,-11.9039719105,-128.5280094147
15.3098349571,-11.9039924145,-133.2955513000
20.5737905502,-11.9038810730,-123.5418205261
20.3289184570,-11.9039411545,-128.2820892334
20.0840201378,-11.9039635658,-133.0221977234
58.9608831406,-159.5160713196,-16.3981006145
54.1634702682,-159.5227699280,-16.0062434673
49.4097719193,-159.5228805542,-15.5849106312
57.7829751968,-159.5265998840,-21.1349401474
52.9157085419,-159.5228271484,-20.5949749947
48.0522117615,-159.5228767395,-20.0574312210
56.6424570084,-159.5254364014,-25.8380565643
51.6679067612,-159.5228385925,-25.1837081909
46.6946582794,-159.5228805542,-24.5299601555
58.9047298431,-164.2928924561,-16.4232428074
54.1635217667,-164.2847290039,-16.0062587261
49.4118556976,-164.2847633362,-15.5871183872
57.7676839828,-164.2936439514,-21.1315684319
52.9156904221,-164.2847366333,-20.5949783325
48.0522012711,-164.2847747803,-20.0574197769
56.6363821030,-164.2915763855,-25.8384413719
51.6678829193,-164.2847518921,-25.1836972237
58.9122104645,-169.0514259338,-16.4184699059
54.1635074615,-169.0466270447,-16.0062553883
57.7692070007,-169.0550804138,-21.1316952705
52.9156932831,-169.0466461182,-20.5949721336
56.6342515945,-169.0535087585,-25.8362307549
30.5130214691,-88.1378059387,-22.2234930992
27.1908140182,-88.1217212677,-20.9542298317
23.8407707214,-88.0630340576,-19.6839790344
28.9136877060,-88.1017093658,-25.2154955864
25.8561482430,-88.0370464325,-23.7134690285
22.7704777718,-87.9894313812,-22.2173957825
27.2035279274,-87.9877529144,-28.1970243454
24.4234275818,-87.9574356079,-26.4638910294
21.6422348022,-87.9765186310,-24.7267327309
30.4700756073,-92.8786277771,-22.2751932144
27.0938572884,-92.8268451691,-21.0030565262
23.6762447357,-92.7937393188,-19.7407417297
28.7851772308,-92.7917804718,-25.2622370720
25.6769042015,-92.7591705322,-23.7595653534
22.5578694344,-92.7897624969,-22.2515692711
26.9876956940,-92.7272682190,-28.2358937263
24.1719875336,-92.7776775360,-26.4905905724
21.3389286995,-92.8728580475,-24.7449097633
30.3243584633,-97.5821990967,-22.3271613121
26.8728756905,-97.5743503571,-21.0495290756
23.3891363144,-97.6584377289,-19.7636232376
28.5445871353,-97.5347404480,-25.3008008003
25.3617067337,-97.6209201813,-23.7839622498
22.1635313034,-97.7528991699,-22.2665610313
26.6532802582,-97.6025714874,-28.2468395233
23.7602720261,-97.7314472198,-26.4988064766
20.9072890282,-97.8156890869,-24.7473425865
55.7931652069,-145.3004302979,-30.7191023827
50.1322422028,-145.2490997314,-30.0138010979
44.8885221481,-145.2371406555,-29.2783856392
53.9480304718,-145.2771606445,-35.9023017883
48.1802263260,-145.2375602722,-35.0924434662
42.5554237366,-145.2372169495,-34.2739362717
52.3434801102,-145.2454986572,-41.0698890686
46.2643709183,-145.2370796204,-40.1691675186
40.2224340439,-145.2372322083,-39.2694396973
55.3610057831,-150.0190505981,-30.7484059334
50.0896577835,-149.9991340637,-30.0161957741
44.8963909149,-149.9990997314,-29.2799892426
53.8069372177,-150.0084495544,-35.9092340469
48.1762151718,-149.9990386963,-35.0927305222
42.5553655624,-149.9991149902,-34.2739286423
52.3114919662,-150.0045547485,-41.0703763962
46.2643594742,-149.9990844727,-40.1692152023
40.2143640518,-149.9991188049,-39.2678737640
55.2913770676,-154.7666053772,-30.7513017654
50.0880985260,-154.7609634399,-30.0162882805
44.8882980347,-154.7609977722,-29.2784285545
53.7936124802,-154.7727203369,-35.9094448090
48.1762065887,-154.7609901428,-35.0927524567
42.5553560257,-154.7610054016,-34.2739138603
52.3059263229,-154.7670326233,-41.0615053177
46.2643213272,-154.7609939575,-40.1691999435
3.6227472275,-2.3800551662,-94.9850730896
8.8085545301,-2.3800066671,-94.6303882599
8.2423201799,-2.3800458564,-99.6510715485
7.6761168242,-2.3800864745,-104.6717567444
3.6227809042,-7.1419620514,-94.9850444794
8.8115508556,-7.1419191360,-94.6299839020
8.2423603535,-7.1419562101,-99.6510448456
7.6731956005,-7.1419935226,-104.6721038818
3.6228075325,-11.9038689137,-94.9850177765
8.8099080324,-11.9038302898,-94.6301727295
8.2423890829,-11.9038660526,-99.6510505676
7.6748822927,-11.9038994312,-104.6719055176
149.5753364563,-16.5743134022,-6.9118818045
149.6022491455,-16.5729722977,-2.3473160267
144.7970733643,-16.5793340206,-6.9472862482
144.8784103394,-16.5779311657,-2.3559427857
140.0188903809,-16.5843625069,-6.9826772213
140.1549148560,-16.5829005241,-2.3644562960
149.5803184509,-21.3362646103,-6.9106198549
149.6062049866,-21.3349146843,-2.3466734886
144.8020019531,-21.3412694931,-6.9460078478
144.8833923340,-21.3398585320,-2.3547555208
140.0238342285,-21.3462839127,-6.9814016819
140.1609230042,-21.3448143005,-2.3627530932
149.5852813721,-26.0981926918,-6.9093513489
149.6122436523,-26.0968251228,-2.3449867368
144.8069877625,-26.1031837463,-6.9447220564
144.8883514404,-26.1017527580,-2.3535502553
140.0287742615,-26.1081838608,-6.9801157713
140.1648101807,-26.1066961288,-2.3620618582
30.4159712791,-116.6658287048,-62.0055847168
24.2732224464,-116.6658706665,-61.6715316772
29.6209235191,-116.6658611298,-67.7759666443
28.8258562088,-116.6658573151,-73.5463256836
30.4180250168,-121.4277591705,-62.0068683624
29.6208977699,-121.4277515411,-67.7759437561
28.8237991333,-121.4277458191,-73.5450229645
30.4159502983,-126.1896553040,-62.0055608749
5.0476178527,-59.5229072571,-79.3085708618
10.6192162037,-59.5228929520,-78.8780384064
10.0023046732,-59.5229139328,-84.1758365631
9.3854155540,-59.5229406357,-89.4736328125
10.6219476461,-64.2848110199,-78.8774662018
10.0023207664,-64.2848300934,-84.1758155823
9.3826930523,-64.2848510742,-89.4741725922
10.6192227602,-69.0467262268,-78.8779964447
10.0023362637,-69.0467491150,-84.1757965088
33.9984736443,-88.1535778046,-79.6201896667
32.0484666824,-88.1176280975,-84.8099460602
30.2379140854,-88.0958690643,-90.0002479553
41.1106109619,-87.9985618591,-80.5993576050
38.1380567551,-88.1015377045,-85.6352863312
35.3577880859,-88.1386661530,-90.6729965210
48.1202116013,-88.0437755585,-81.5548973083
44.5617122650,-87.9758071899,-86.4574451447
40.8407373428,-88.1023311615,-91.3521900177
33.8354725838,-92.8947105408,-79.6179141998
31.9974608421,-92.8610134125,-84.8108272552
30.2453217506,-92.8562583923,-90.0031394958
40.7502965927,-92.8597755432,-80.5992336273
37.8703908920,-92.9149627686,-85.6323871613
35.2648591995,-92.8728046417,-90.6703758240
47.9694890976,-92.7651786804,-81.5570392609
44.2398347855,-92.7910213470,-86.4594535828
40.5336532593,-92.9267501831,-91.3476333618
33.7665958405,-97.6290168762,-79.6215190887
31.9845333099,-97.6183891296,-84.8110103607
30.2325453758,-97.6181602478,-90.0003738403
40.4346942902,-97.6800365448,-80.5958499908
37.7217750549,-97.6525497437,-85.6310367584
35.2264494896,-97.6205425262,-90.6704444885
47.7168436050,-97.5444221497,-81.5384140015
43.8822317123,-97.6402511597,-86.4594802856
40.3629455566,-97.6680259705,-91.3435039520
21.0893325806,-31.0014944077,-9.9654538631
16.3469641209,-31.0052824020,-9.2106113434
11.6172752380,-31.0157260895,-8.5271158218
21.0964837074,-30.9979157448,-13.0009264946
17.1048314571,-31.0027275085,-12.3732874393
13.0972583294,-31.0046525002,-11.7765481472
21.1441798210,-30.9983367920,-15.9878609180
17.8694980145,-31.0023527145,-15.5358967781
14.6120789051,-31.0046467781,-15.0643014908
21.0951423645,-35.7648649216,-9.9620547295
16.3353810310,-35.7704458237,-9.2010368109
11.5875861645,-35.7855749130,-8.5084029436
21.0853924751,-35.7642650604,-13.0032124519
17.1002559662,-35.7677640915,-12.3643364906
13.0926272869,-35.7742376328,-11.7614412308
21.1232161522,-35.7644100189,-15.9888195992
17.8690922260,-35.7671890259,-15.5280184746
14.6264483929,-35.7710428238,-15.0554468632
21.0791668892,-40.5270071030,-9.9551560879
16.3306245804,-40.5332775116,-9.1940904856
11.5911641121,-40.5540657043,-8.4993866682
21.0934920311,-40.5291290283,-12.9899792671
17.1000699997,-40.5309572220,-12.3583521843
13.0920927525,-40.5391016006,-11.7508115768
21.1445751190,-40.5291814804,-15.9791262150
17.8712968826,-40.5304298401,-15.5226960182
14.6150186062,-40.5348091125,-15.0449297428
24.2923655510,-16.6659250259,-151.4847793579
24.2265129089,-16.6659388542,-156.1542968750
29.0355057716,-16.6658890247,-151.1248283386
28.9749522209,-16.6659064293,-155.7734718323
28.9144058228,-16.6659402847,-160.4220809937
33.7829847336,-16.6663694382,-150.7642173767
33.7237849236,-16.6656889915,-155.3921241760
33.6689014435,-16.6655743122,-160.0198516846
24.2924790382,-21.4278283119,-151.4843521118
24.2265233994,-21.4278426170,-156.1542778015
29.0355219841,-21.4278049469,-151.1248168945
28.9749560356,-21.4278116226,-155.7734413147
28.9144258499,-21.4278268814,-160.4220733643
33.7801465988,-21.4281139374,-150.7648506165
33.7234687805,-21.4276762009,-155.3923110962
33.6682162285,-21.4277458191,-160.0198326111
24.2923913002,-26.1897430420,-151.4847335815
29.0355334282,-26.1897225380,-151.1248130798
28.9749717712,-26.1897249222,-155.7734260559
28.9144463539,-26.1897420883,-160.4220619202
33.7799811363,-26.1899957657,-150.7642974854
33.7233495712,-26.1896209717,-155.3923454285
33.6687927246,-26.1895394325,-160.0199089050
20.5634002686,-73.6792888641,-26.7707333565
18.7427210808,-73.6459846497,-28.4903845787
16.8045029640,-73.7286567688,-30.1993036270
23.0376167297,-73.7264919281,-28.6400699615
20.9050073624,-73.6377735138,-30.4468970299
18.6755366325,-73.6640243530,-32.2397432327
25.5017037392,-73.7876605988,-30.5130968094
23.0665621758,-73.6554641724,-32.4039125443
20.5289840698,-73.6319293976,-34.2808361053
20.4396543503,-78.4145431519,-26.8015666008
18.5717678070,-78.4362754822,-28.5140151978
16.5433106422,-78.6094913483,-30.2134990692
22.9320502281,-78.4300861359,-28.6696624756
20.7528438568,-78.4007835388,-30.4700422287
18.4094443321,-78.5396766663,-32.2578439713
25.4236397743,-78.4804954529,-30.5369143486
22.9277262688,-78.3895664215,-32.4273962975
20.2889966965,-78.4699420929,-34.2997465134
20.2778820992,-83.1939449310,-26.8282537460
18.2893090248,-83.3255729675,-28.5346279144
16.2670371532,-83.4692535400,-30.2162880898
22.7817254066,-83.1699333191,-28.6998419762
20.5107755661,-83.2427062988,-30.4918799400
18.1121206284,-83.4269981384,-32.2640819550
25.2838129997,-83.1812801361,-30.5703444481
22.7289042473,-83.1766281128,-32.4492731094
19.9905896187,-83.3606605530,-34.3093824387
149.6196136475,-59.4311866760,-6.8997126818
149.6466789246,-59.4295110703,-2.3357916474
144.8412857056,-59.4360418320,-6.9349864721
144.9228439331,-59.4343137741,-2.3441235423
140.0694122314,-59.4296436310,-6.9709736109
140.2030220032,-59.4332551956,-2.3500210643
149.6243553162,-64.1930446625,-6.8981444836
149.6503410339,-64.1913261414,-2.3347557783
144.8460006714,-64.1978702545,-6.9334319830
144.9276275635,-64.1961326599,-2.3426046371
140.0739402771,-64.1933240891,-6.9692399502
140.2089042664,-64.1961784363,-2.3480141759
149.6290626526,-68.9549160004,-6.8965306282
149.6560478210,-68.9531612396,-2.3326649666
144.8507347107,-68.9597072601,-6.9318399429
144.9322586060,-68.9579868317,-2.3410393596
140.0724182129,-68.9644756317,-6.9671581984
140.2092704773,-68.9626522064,-2.3486666083
20.1101737022,-16.6662197113,-38.0999612808
17.8493032455,-16.6320397854,-38.8075141907
15.5266563892,-16.6186366081,-39.5130634308
21.0477671623,-16.6635713577,-41.0538063049
18.6651577950,-16.6261956692,-41.2528829575
16.2255184650,-16.6125931740,-41.4516534805
21.9898691177,-16.6619956493,-44.0071525574
19.4857869148,-16.6201786995,-43.6980772018
16.9269306660,-16.6046924591,-43.3908395767
20.1161212921,-21.4278888702,-38.0837125778
17.8531928062,-21.3807697296,-38.8021812439
15.5222973824,-21.3647685051,-39.5202140808
21.0547242165,-21.4231648445,-41.0478687286
18.6682496071,-21.3730831146,-41.2481107712
16.2175688744,-21.3569455147,-41.4493360519
21.9962511063,-21.4194607735,-44.0110073090
19.4869265556,-21.3645973206,-43.6930017471
16.9160010815,-21.3476743698,-43.3787240982
20.1165766716,-26.1807107925,-38.0882253647
17.8411588669,-26.1241159439,-38.7982101440
15.4960386753,-26.1097836494,-39.5070142746
21.0508909225,-26.1746239662,-41.0433959961
18.6550951004,-26.1159758568,-41.2449102402
16.1920278072,-26.1013154984,-41.4464550018
21.9881186485,-26.1695885658,-43.9974460602
19.4718880653,-26.1057782173,-43.6901292801
16.8915157318,-26.0911197662,-43.3858003616
12.8909382820,-2.3112634309,-18.0138630867
10.7101800442,-2.3006290253,-18.8928413391
8.4683076143,-2.2990717683,-19.7706527710
13.4180941582,-2.3079839796,-19.9219045639
11.5621778965,-2.3004514053,-20.8537011147
9.6520265341,-2.2982870471,-21.7850847244
13.9475166798,-2.3075418193,-21.8289055824
12.4193139076,-2.3007389214,-22.8120818138
10.8438396454,-2.2984643653,-23.7958064079
12.9297659397,-7.1221724749,-17.9951143265
10.7394711971,-7.1102248430,-18.8870820999
8.4927227497,-7.1095606089,-19.7648363113
13.4420921803,-7.1184961796,-19.9067792892
11.5901563168,-7.1077359915,-20.8494439125
9.6910703182,-7.1077480316,-21.7804412842
13.9553918839,-7.1143300533,-21.8174514771
12.4414057732,-7.1049910784,-22.8085064888
10.8907227516,-7.1039465666,-23.7913994789
12.9512853622,-11.9048631191,-17.9579167366
10.7659270763,-11.8799653053,-18.8543605804
8.5320612192,-11.8739867210,-19.7411699295
13.4687497616,-11.9020400047,-19.8725047112
11.6184797287,-11.8842883110,-20.8189973831
9.7250454426,-11.8789746761,-21.7561578751
13.9866776466,-11.8993370533,-21.7878193855
12.4705796242,-11.8867847919,-22.7816925049
10.9181180000,-11.8806347847,-23.7682046890
76.2653579712,-73.8095378876,-252.0444221497
76.2413234711,-73.8129825592,-247.4785499573
76.2224407196,-73.8110122681,-242.9049682617
76.2276954651,-78.5807132721,-247.4786758423
76.2080688477,-78.5798587799,-242.8988037109
76.2134151459,-83.3388690948,-242.8888092041
10.8424348831,-16.6415243149,-26.7155218124
9.2220821381,-16.6643755436,-28.0669169426
7.4128499031,-16.7889435291,-29.4110751152
12.4791884422,-16.6386504173,-28.2709908485
10.8388142586,-16.6452341080,-29.5994553566
9.0696810484,-16.7137308121,-30.9210948944
14.1118319035,-16.6424472332,-29.8259787560
12.4397170544,-16.6358585358,-31.1307816505
10.6958670616,-16.6608419418,-32.4307379723
10.8454649448,-21.3914451599,-26.7048468590
9.2110359669,-21.4237241745,-28.0591988564
7.3810147047,-21.5664644241,-29.4098134041
12.4852831364,-21.3875198364,-28.2597641945
10.8345789909,-21.3985242844,-29.5916333199
9.0382704735,-21.4869561195,-30.9175314903
14.1193985939,-21.3924484253,-29.8152074814
12.4396200180,-21.3861470222,-31.1228561401
10.6792016029,-21.4207153320,-32.4246029854
10.8355076313,-26.1406154633,-26.6983180046
9.1833651066,-26.1827540398,-28.0533981323
7.3321557045,-26.3437256813,-29.4077372551
12.4766638279,-26.1342148781,-28.2518382072
10.8144583702,-26.1500053406,-29.5850081444
8.9897401333,-26.2601714134,-30.9152126312
14.1108615398,-26.1374917030,-29.8068461418
12.4230589867,-26.1335721016,-31.1160473824
10.6441972256,-26.1810512543,-32.4202966690
24.6412062645,-45.2373313904,-137.4593353271
24.5144157410,-45.2373466492,-142.1371459961
24.3876290321,-45.2373600006,-146.8149909973
29.3575081825,-45.2372674942,-137.1875343323
29.2407245636,-45.2373018265,-141.8327026367
29.1241512299,-45.2373466492,-146.4778785706
34.1117491722,-45.2541599274,-136.9153900146
33.9749441147,-45.2409248352,-141.5281639099
33.8618235588,-45.2374935150,-146.1402969360
24.6414098740,-49.9992370605,-137.4586944580
24.5144248009,-49.9992523193,-142.1371269226
24.3874444962,-49.9992656708,-146.8155975342
29.3573350906,-49.9991588593,-137.1875953674
29.2407455444,-49.9992246628,-141.8327064514
29.1241445541,-49.9992332458,-146.4778633118
34.0958271027,-50.0085210800,-136.9167060852
33.9701614380,-50.0004386902,-141.5282440186
33.8611340523,-49.9991273880,-146.1399612427
24.6412262917,-54.7611446381,-137.4593009949
24.5144352913,-54.7611570358,-142.1371116638
24.3876566887,-54.7611703873,-146.8149681091
29.3573293686,-54.7610969543,-137.1876373291
29.2407469749,-54.7611341476,-141.8327026367
29.1241450310,-54.7611255646,-146.4778404236
34.0824108124,-54.7646417618,-136.9156227112
33.9680099487,-54.7612800598,-141.5279884338
33.8613004684,-54.7607479095,-146.1403236389
57.9767456055,-116.6459197998,-92.1457328796
54.5514621735,-116.6637744904,-88.0552616119
51.3458061218,-116.6695346832,-83.9835681915
54.0949859619,-116.7464599609,-94.2395744324
50.8455591202,-116.7114601135,-91.2891559601
47.6676912308,-116.6812000275,-88.3381366730
50.6849746704,-116.6877593994,-96.3810157776
47.4752197266,-116.6685905457,-94.5357666016
44.3143138885,-116.6658287048,-92.6903896332
57.4010982513,-121.5020751953,-92.1331233978
54.1552543640,-121.4829444885,-88.0489864349
51.0241279602,-121.4592418671,-83.9643726349
53.8668470383,-121.4567108154,-94.2369289398
50.7156829834,-121.4354190826,-91.2869014740
47.6114892960,-121.4285812378,-88.3365230560
50.6171236038,-121.4285774231,-96.3600196838
47.4615573883,-121.4276657104,-94.5356006622
44.3121042252,-121.4277229309,-92.7114105225
57.1352682114,-126.2256870270,-92.1004734039
53.9648170471,-126.2038555145,-88.0404090881
50.9182109833,-126.1931457520,-83.9810829163
53.7698326111,-126.1907844543,-94.2365283966
50.6845989227,-126.1895961761,-91.2859287262
47.6062030792,-126.1895465851,-88.3360748291
50.6090984344,-126.1895523071,-96.3809185028
47.4612941742,-126.1896190643,-94.5356159210
44.3134326935,-126.1896266937,-92.6902904510
21.1268625259,-88.1424674988,-9.9930875301
16.3185896873,-88.1339359283,-9.3068243265
11.4882632494,-88.2469005585,-8.5526995659
21.1285610199,-88.1204452515,-13.0430917740
17.0328607559,-88.1007671356,-12.4937069416
12.9062795639,-88.1899070740,-11.8727202415
21.0854458809,-88.0694694519,-16.1028895378
17.7067437172,-88.0582008362,-15.6784131527
14.3150722980,-88.1291332245,-15.2135334015
21.1010332108,-92.9104099274,-10.0354301929
16.2379968166,-92.9560127258,-9.3198834658
11.4464701414,-93.0394058228,-8.5511358976
21.0378251076,-92.8755226135,-13.0914244652
16.9112229347,-92.9131927490,-12.5207197666
12.7901964188,-92.9983253479,-11.9086675644
20.9244494438,-92.8323860168,-16.1463069916
17.5362424850,-92.8873882294,-15.7107234001
14.1092543602,-92.9919452667,-15.2572760582
20.9302320480,-97.7378444672,-10.0527977943
16.0583403111,-97.8271369934,-9.3218792677
11.2828376293,-97.8352661133,-8.5777168274
20.8230910301,-97.7103328705,-13.1199007034
16.6345300674,-97.8225021362,-12.5377128124
12.4833989143,-97.8647155762,-11.9369468689
20.6519408226,-97.7248954773,-16.1750819683
17.1657853127,-97.8484840393,-15.7314245701
13.6797058582,-97.8865756989,-15.2725749016
8.0714564323,-88.0941219330,-40.3526325226
9.6534173489,-88.0940380096,-39.4382114410
11.2357053757,-88.0937843323,-38.5239610672
7.2681862116,-88.0940113068,-38.8130941391
8.7319544554,-88.0938968658,-37.8255167007
10.1958508492,-88.0936508179,-36.8380365372
6.4773772955,-88.0938606262,-37.2637023926
7.8105123043,-88.0937061310,-36.2128219604
9.1561056376,-88.0934696198,-35.1521568298
8.0690644979,-92.8562717438,-40.3509817123
9.6532430649,-92.8562488556,-39.4378976822
11.2374632359,-92.8562202454,-38.5248432159
7.2680312395,-92.8562107086,-38.8127975464
8.7317560911,-92.8561534882,-37.8251523972
10.1955311298,-92.8560867310,-36.8375377655
6.4794210196,-92.8561000824,-37.2647838593
7.8102922440,-92.8560047150,-36.2124052048
9.1536214352,-92.8558826447,-35.1502313614
8.0711349249,-97.6183109283,-40.3522405624
9.6529848576,-97.6183300018,-39.4376926422
11.2348613739,-97.6183471680,-38.5231494904
7.2677820921,-97.6183166504,-38.8126335144
8.7314230204,-97.6183242798,-37.8249120712
10.1950984001,-97.6183204651,-36.8371934891
6.4768708944,-97.6183166504,-37.2631731033
7.8098604679,-97.6183013916,-36.2121362686
9.1553343534,-97.6182594299,-35.1512460709
13.2750351429,-102.3811511993,-23.2025213242
11.9314851761,-102.3799819946,-24.2997756004
10.5983405113,-102.3801918030,-25.4022626877
15.0400776863,-102.3886127472,-24.2268309593
13.6140928268,-102.3802051544,-25.5454945564
12.2196462154,-102.3801956177,-26.8774247169
16.8361756802,-102.4121551514,-25.2596650124
15.3019957542,-102.3819751740,-26.7936463356
13.8410377502,-102.3801879883,-28.3526158333
13.2619311810,-107.1423053741,-23.2012581825
11.9304289818,-107.1423053741,-24.2994256020
10.5988824368,-107.1423015594,-25.3976178169
15.0019383430,-107.1422309875,-24.2112503052
13.6105532646,-107.1423149109,-25.5442953110
12.2191045284,-107.1423053741,-26.8772439957
16.7433383465,-107.1422615051,-25.2216954231
15.2906379700,-107.1423091888,-26.7891359329
13.8393342495,-107.1423053741,-28.3568711281
13.2627863884,-111.9041690826,-23.1965980530
11.9301664829,-111.9041709900,-24.2992429733
10.5975542068,-111.9041748047,-25.4019041061
15.0017075539,-111.9041786194,-24.2111148834
13.6102936268,-111.9041748047,-25.5441050529
12.2189004421,-111.9041767120,-26.8771271706
16.7406089306,-111.9041919708,-25.2256526947
15.2904264927,-111.9041748047,-26.7889704704
13.8402566910,-111.9041728973,-28.3523421288
45.6227779388,-130.9515380859,-98.0677719116
45.1678476334,-130.9515419006,-101.8826065063
48.9351444244,-130.9515151978,-99.2739028931
48.7949790955,-130.9515380859,-102.6956424713
48.6588001251,-130.9492301941,-106.1226482391
48.9291276932,-135.7134170532,-99.2814350128
48.7949810028,-135.7134361267,-102.6956634521
0.2001120970,-31.1809926033,-26.4509186745
-1.2067308202,-31.1022000313,-28.5251297951
-2.5561958104,-30.9933609962,-30.6058425903
2.0941644236,-31.1853208542,-27.9074525833
0.7081222273,-31.1417760849,-29.7513442039
-0.6252722852,-31.0581803322,-31.6029038429
3.9974197745,-31.1791825294,-29.3646245003
2.6407250464,-31.1612582207,-30.9814653397
1.3235770389,-31.1113924980,-32.6032876968
0.1783241481,-35.9369163513,-26.4421348572
-1.2235790417,-35.8462038040,-28.5227723122
-2.5682578832,-35.7427272797,-30.6095762253
2.0657928437,-35.9443368912,-27.9029898643
0.6858067811,-35.8926115036,-29.7481694221
-0.6412951648,-35.8010625839,-31.6016883850
3.9628327489,-35.9403991699,-29.3653697968
2.6121182591,-35.9169445038,-30.9779834747
1.3026882783,-35.8597230911,-32.5967550278
0.1488110647,-40.6860752106,-26.4430332184
-1.2456661835,-40.5825023651,-28.5214443207
-2.5796768069,-40.4912023544,-30.6050415039
2.0301195756,-40.6989202499,-27.8989233971
0.6582106948,-40.6359806061,-29.7460055351
-0.6616824940,-40.5384550095,-31.6010680199
3.9221361876,-40.6991395950,-29.3572258949
2.5776684582,-40.6667289734,-30.9748868942
1.2758892626,-40.6000909805,-32.5995965004
-2.3056661636,-73.8050670624,-24.8484139442
-4.8211539388,-73.8052902222,-23.0279846191
-7.3229829073,-73.8030090332,-21.2029118538
-3.5829331875,-73.8064823151,-27.2089490891
-6.1646451950,-73.8064575195,-25.8090052605
-8.7310837507,-73.8035926819,-24.4057526588
-4.8593260050,-73.8071002960,-29.5697307587
-7.5078798532,-73.8071498871,-28.5900588036
-10.1530134678,-73.8064746857,-27.6050267220
-2.3074330166,-78.5672225952,-24.8562221527
-4.8210166693,-78.5669288635,-23.0279936790
-7.3151800632,-78.5652275085,-21.1922993660
-3.5827187896,-78.5681838989,-27.2089095116
-6.1644433737,-78.5681095123,-25.8089652061
-8.7260249853,-78.5665626526,-24.4031896591
-4.8578636646,-78.5688877106,-29.5616488457
-7.5068203211,-78.5681953430,-28.5890607834
-10.1524338722,-78.5622253418,-27.6083421707
-2.3058586046,-83.3289127350,-24.8481011391
-4.8207292557,-83.3285427094,-23.0279059410
-7.3621501923,-83.3468189240,-21.1992177963
-3.5824978054,-83.3300170898,-27.2087788582
-6.1642153263,-83.3298988342,-25.8088479042
-8.7835772038,-83.3575973511,-24.3920464516
-4.8702221513,-83.3392791748,-29.5939950943
-7.5151865482,-83.3408966064,-28.6172552109
-10.1942102909,-83.3489303589,-27.5952796936
62.0451898575,-16.6646485329,-240.0517768860
62.0299501419,-16.6647746563,-235.4492454529
62.0544099808,-16.6606807709,-230.8392906189
62.0430583954,-21.4280166626,-240.0561027527
62.0280494690,-21.4280042648,-235.4534759521
62.0160150528,-21.4281101227,-230.8474006653
62.0451116562,-26.1917309761,-240.0516738892
62.0299673080,-26.1912112236,-235.4492149353
62.0166473389,-26.1903743744,-230.8474311829
32.3529968262,-45.2714385986,-62.0092811584
25.8340277672,-45.0720376968,-61.6874885559
18.7753791809,-45.2376365662,-61.3471450806
31.4605946541,-45.2074356079,-67.7942295074
24.8187274933,-45.0681705475,-67.5256805420
17.8376038074,-45.3228139877,-67.2484207153
30.4965801239,-45.1202039719,-73.5470619202
23.6985497475,-45.1889753342,-73.3571338654
17.0792708397,-45.2936439514,-73.1493301392
32.3339056969,-50.0240163803,-62.0105571747
25.7364535332,-49.8154258728,-61.6922922134
18.6330459118,-50.0360174179,-61.3479022980
31.4118542671,-49.9517965317,-67.8023929596
24.6836719513,-49.8544015884,-67.5268840790
17.7655727863,-50.0755405426,-67.2473678589
30.4302659035,-49.8698186874,-73.5433292389
23.5675911903,-49.9830236435,-73.3538093567
17.0449159145,-50.0353555679,-73.1501197815
32.3015089035,-54.7550706863,-62.0170106888
25.6093397141,-54.5699768066,-61.6950054169
18.5027902126,-54.8267345428,-61.3529615402
31.3508286476,-54.6721038818,-67.8042449951
24.5079789162,-54.6652612686,-67.5292987823
17.6966035366,-54.8220272064,-67.2470932007
30.3462595940,-54.6138925552,-73.4928665161
23.4046764374,-54.7912263870,-73.3553447723
17.0112304688,-54.7791404724,-73.1479988098
10.8146221638,-30.8912940025,-26.6945428848
9.1374588013,-30.9481472969,-28.0509428978
7.2820577621,-31.1171393394,-29.4062857628
12.4580419064,-30.8810229301,-28.2473707199
10.7803332806,-30.9043369293,-29.5809020996
8.9252804518,-31.0391016006,-30.9158415794
14.0938992500,-30.8812384605,-29.8022265434
12.3942811489,-30.8818044662,-31.1118311882
10.5816156864,-30.9533705711,-32.4186053276
10.7825968266,-35.6451082230,-26.6932234764
9.0633668900,-35.7310028076,-28.0516681671
7.2287852764,-35.8900899887,-29.4045553207
12.4294862747,-35.6296901703,-28.2465858459
10.7291884422,-35.6659355164,-29.5793175697
8.8396085501,-35.8298902512,-30.9174065590
14.0687675476,-35.6255826950,-29.8017020226
12.3531327248,-35.6338443756,-31.1106634140
10.4914612770,-35.7413034439,-32.4203333855
10.7386949062,-40.4049968719,-26.6959509850
8.9648624659,-40.5304517746,-28.0564312935
7.1662194729,-40.6640930176,-29.4015655518
12.3890230656,-40.3823528290,-28.2492227554
10.6512587070,-40.4432935715,-29.5821461678
8.7508584261,-40.6195135117,-30.9180483818
14.0311858654,-40.3722238541,-29.8036403656
12.2941989899,-40.3942308426,-31.1124329567
10.3829369545,-40.5419864655,-32.4265880585
16.2551558018,-88.0943775177,-78.7444133759
15.4581558704,-88.0943889618,-84.0461158752
22.0171957016,-88.0943222046,-78.9065647125
20.9412956238,-88.0943794250,-84.1882419586
19.8653616905,-88.0943908691,-89.4698677063
27.7897148132,-88.0978202820,-79.0682907104
26.4248151779,-88.0943241119,-84.3301582336
25.0695810318,-88.0943527222,-89.5918693542
16.2498383522,-92.8562908173,-78.7440071106
22.0172224045,-92.8562698364,-78.9065799713
20.9412832260,-92.8562850952,-84.1882228851
19.8653702736,-92.8563003540,-89.4698429108
27.7857995033,-92.8563823700,-79.0688591003
26.4244122505,-92.8562126160,-84.3302745819
25.0642595291,-92.8562889099,-89.5914916992
22.0172095299,-97.6181945801,-78.9065666199
20.9412922859,-97.6182022095,-84.1881961823
27.7792692184,-97.6180973053,-79.0686740875
26.4244241714,-97.6181888580,-84.3303127289
25.0695819855,-97.6182060242,-89.5918674469
20.5739164352,-59.5230312347,-123.5417823792
20.3290324211,-59.5230436325,-128.2819652557
20.5740303993,-64.2849340439,-123.5422973633
20.3290381432,-64.2849473953,-128.2819614410
20.5739336014,-69.0468482971,-123.5417633057
-8.2712090015,-31.2618498802,-6.1813949347
-9.4996813536,-31.2539262772,-3.8519342542
-10.2513352633,-31.2449431419,-1.3316247781
-13.0334851742,-31.0804767609,-7.9983971119
-14.2103137970,-31.0619850159,-4.8329815269
-15.2745614052,-31.0334954262,-1.6191747189
-17.2827239037,-30.9521188736,-9.8224589825
-18.5511484146,-30.9509463310,-5.8817887902
-19.7874565125,-30.9494338036,-1.9262909293
-8.2595859766,-36.0131788254,-6.1592398882
-9.4666792154,-35.9993200302,-3.8417235613
-10.2218750715,-35.9919595718,-1.3414085013
-13.0177910328,-35.8521413803,-7.9923655987
-14.1822268963,-35.8357734680,-4.8226416707
-15.2572522163,-35.8068399429,-1.6143878102
-17.2782967091,-35.7137947083,-9.8360767365
-18.5485100746,-35.7125263214,-5.8801711798
-19.7892637253,-35.7115182877,-1.9110049605
-8.2699921131,-40.8269567490,-6.1725736856
-9.4836287498,-40.8206443787,-3.8459778428
-10.2246186733,-40.8119258881,-1.3295033445
-13.0219910145,-40.6077480316,-7.9931304455
-14.1932647228,-40.5942668915,-4.8278734684
-15.2571530342,-40.5684089661,-1.6173326075
-17.2822239399,-40.4755487442,-9.8218576908
-18.5508980751,-40.4745006561,-5.8806310296
-19.7875037193,-40.4739961624,-1.9257999659
14.7965800762,-73.7087879181,-23.3144097328
13.1725113392,-73.8168849945,-24.4227137566
11.4734692574,-73.9803066254,-25.5165009499
16.6247620583,-73.6788158417,-24.3193197250
14.9857647419,-73.7263107300,-25.6628475189
13.2008283138,-73.9067211151,-26.9963803291
18.4469547272,-73.6674060822,-25.3161797523
16.7730782032,-73.6736354828,-26.8967862129
14.9521362782,-73.8169097900,-28.4683899879
14.6185178757,-78.5276107788,-23.3423376083
12.9246332645,-78.6947822571,-24.4374656677
11.3019795418,-78.7616939545,-25.5128245354
16.4793934822,-78.4611415863,-24.3432807922
14.7422749996,-78.6022682190,-25.6812806129
12.9867222309,-78.7361469269,-26.9993815422
18.3198819160,-78.4294834137,-25.3391766548
16.5643382072,-78.5103378296,-26.9187631607
14.6984252930,-78.6865196228,-28.4813165665
14.3496983051,-83.4190921783,-23.3560853004
12.6909375191,-83.5198535919,-24.4395418167
11.1238942146,-83.5030174255,-25.5118265152
16.2388820648,-83.3261871338,-24.3677310944
14.4690275192,-83.4800052643,-25.6899313927
12.7964897156,-83.5009250641,-26.9937019348
18.1188912392,-83.2468738556,-25.3719058037
16.2751493454,-83.4069499969,-26.9354305267
14.4774334431,-83.4918632507,-28.4737219810
0.2727440260,-45.2652616501,-34.2202215195
-1.6124907732,-45.2374143600,-33.4508266449
-3.4688985348,-45.2361497879,-32.6827487946
-0.3950309679,-45.2384529114,-35.7550897598
-2.1768057644,-45.2361669540,-35.2935581207
-3.9471788406,-45.2366285324,-34.8324766159
-1.0547205843,-45.2360219955,-37.2732992172
-2.7315799892,-45.2366676331,-37.1368513107
-4.4248463511,-45.2367048264,-36.9823493958
0.2517901585,-50.0076522827,-34.2255725861
-1.6199239045,-49.9972124100,-33.4505290985
-3.4708532691,-49.9982910156,-32.6768436432
-0.4037623368,-49.9972915649,-35.7547006607
-2.1773566753,-49.9983758926,-35.2935094833
-3.9471189976,-49.9984989166,-34.8324861526
-1.0573807880,-49.9983520508,-37.2670106888
-2.7315175831,-49.9985513687,-37.1368684769
-4.4233502150,-49.9985961914,-36.9882135391
0.2330698390,-54.7598857880,-34.2188329697
-1.6226110682,-54.7597074509,-33.4503059387
-3.4693551660,-54.7602472305,-32.6826848984
-0.4070403408,-54.7597675323,-35.7543716431
-2.1773066521,-54.7603387833,-35.2935161591
-3.9470659494,-54.7603683472,-34.8325099945
-1.0557100847,-54.7603912354,-37.2731809616
-2.7314756215,-54.7604351044,-37.1368894577
-4.4247642159,-54.7604713440,-36.9823732376
11.5450108051,-31.0931167603,-48.4328784943
13.7992639542,-31.0634479523,-51.5544214249
16.1361317635,-30.9672961235,-54.6617355347
13.8204908371,-30.9745154381,-46.8496160507
16.3743402958,-30.8524026871,-48.8881082535
18.8480157852,-30.7820792198,-50.9302701950
16.1192946434,-30.8442840576,-45.2605724335
18.7289404869,-30.8115968704,-46.2375268936
21.2832965851,-30.8467984200,-47.2136325836
11.5021681786,-35.8521003723,-48.4117050171
13.7415060997,-35.8280677795,-51.5537710190
16.0745136738,-35.7306585312,-54.6814241409
13.7392303944,-35.7516775131,-46.8515720367
16.2893989086,-35.6247234344,-48.8896284103
18.7884321213,-35.5314912796,-50.9286127090
16.0484013557,-35.6042451859,-45.2798089981
18.6806492805,-35.5558538437,-46.2374067307
21.2517814636,-35.5835428238,-47.1930522919
11.4456243515,-40.6091670990,-48.4303264618
13.6741836071,-40.5935049057,-51.5524082184
16.0032703876,-40.4986906052,-54.6598415375
13.6263782978,-40.5488567352,-46.8554935455
16.1755576134,-40.4153566360,-48.8938970566
18.7076039314,-40.2920417786,-50.9280500412
15.9508988857,-40.3830089569,-45.2610206604
18.6163859367,-40.3057031631,-46.2384309769
21.2006697655,-40.3192577362,-47.2148742676
6.4296169281,-30.9524250031,-21.0537080765
4.1028443575,-31.1592683792,-22.8249249458
1.9557128698,-31.2058019638,-24.5711612701
7.8467324972,-30.9309182167,-23.0065917969
5.7455946207,-31.1138434410,-24.6183028221
3.7604364753,-31.1873340607,-26.1983928680
9.2694110870,-30.9098038673,-24.9575052261
7.4410836697,-31.0311813354,-26.3990516663
5.5769886971,-31.1600923538,-27.8223853111
6.4060232639,-35.7211484909,-21.0475602150
4.0676606894,-35.9334526062,-22.8185911179
1.9248659760,-35.9701118469,-24.5684976578
7.8135354519,-35.6964416504,-23.0050830841
5.6929154992,-35.8936157227,-24.6158380508
3.7274625003,-35.9528293610,-26.1939749718
9.2321965694,-35.6699533463,-24.9599971771
7.3650039434,-35.8219251633,-26.4012050629
5.5396299362,-35.9278049469,-27.8162913322
6.3469845057,-40.5072937012,-21.0531544685
4.0209447145,-40.7105627060,-22.8132452965
1.8922419399,-40.7325124741,-24.5597949028
7.7602690458,-40.4729356766,-23.0060987473
5.6339023113,-40.6743345261,-24.6120095253
3.6856859624,-40.7174272537,-26.1893997192
9.1842290163,-40.4388618469,-24.9578948021
7.2756040096,-40.6206159592,-26.4026956558
5.4871895313,-40.6953535080,-27.8161735535
6.9911247492,-16.8211588860,-41.0531806946
6.3529762030,-16.8246939182,-39.6110849380
5.7051385641,-16.8290369511,-38.1508092880
5.4493662119,-16.8004672527,-41.4593276978
5.0520790815,-16.8056318760,-40.1628618240
4.5824754238,-16.8105161190,-38.8432054520
3.9446367621,-16.7664921284,-41.8626422882
3.7502853274,-16.7754459381,-40.6646375656
3.4832059145,-16.7825930119,-39.4881992340
6.9797216654,-21.5923109055,-41.0555086136
6.3400346041,-21.5963182449,-39.6109323502
5.6878794432,-21.6012921333,-38.1477375031
5.4388865232,-21.5703458786,-41.4605293274
5.0397404432,-21.5758819580,-40.1617116928
4.5665276647,-21.5812821388,-38.8394975662
3.9330953956,-21.5325498581,-41.8605051041
3.7379751801,-21.5424447060,-40.6619968414
3.4720921516,-21.5506920815,-39.4858016968
6.9546318054,-26.3564033508,-41.0516357422
6.3174448013,-26.3608636856,-39.6089477539
5.6703993082,-26.3663024902,-38.1481056213
5.4194298983,-26.3326044083,-41.4567861557
5.0218520164,-26.3384852409,-40.1599264145
4.5529350042,-26.3443155289,-38.8397626877
3.9226140380,-26.2916569710,-41.8593750000
3.7273122668,-26.3022856712,-40.6608734131
3.4596912265,-26.3114042282,-39.4840326309
-5.7185869217,-16.6648509502,-32.0209970474
-8.3885331154,-16.6651940346,-31.3688564301
-11.0570340157,-16.6652345657,-30.7168722153
-6.1565941572,-16.6651542187,-34.4497241974
-8.8052519560,-16.6652615070,-34.1451215744
-11.4539055824,-16.6653048992,-33.8404932022
-6.5931433439,-16.6652710438,-36.8786506653
-9.2219614983,-16.6653277874,-36.9213905334
-11.8489687443,-16.6636016369,-36.9627189636
-5.7187119722,-21.4269576073,-32.0275106430
-8.3884832859,-21.4271216393,-31.3688197136
-11.0573763847,-21.4271597862,-30.7101931572
-6.1565719843,-21.4271116257,-34.4496889114
-8.8052166700,-21.4271864891,-34.1450843811
-11.4464910030,-21.4215836525,-33.8403778076
-6.5934865475,-21.4271965027,-36.8719854355
-9.2219252586,-21.4272465706,-36.9213571548
-11.8343179226,-21.4178590775,-36.9679651260
-5.7194131613,-26.1888532639,-32.0208210945
-8.3884465694,-26.1890482903,-31.3687891960
-11.0681133270,-26.1899733543,-30.7565274239
-6.1565321684,-26.1890521049,-34.4496660233
-8.8051830530,-26.1891131401,-34.1450557709
-11.4562792778,-26.1799330711,-33.8800535202
-6.5930765867,-26.1891236305,-36.8785963058
-9.2218919992,-26.1891679764,-36.9213275909
-11.8349549770,-26.1741881371,-36.9624776840
29.2042980194,-59.5894098282,-94.9456710815
28.1924233437,-59.5789222717,-99.6807670593
27.2629752159,-59.5438098907,-104.4148921967
34.6165580750,-59.3742475510,-95.4890041351
33.3804802895,-59.4951190948,-100.0777282715
32.1992998123,-59.5812778473,-104.6661167145
39.9118289948,-59.3693466187,-96.0409946442
38.7750902176,-59.3226757050,-100.4765148163
37.5898513794,-59.3566770554,-104.9114494324
29.0923743248,-64.3484973907,-94.9422435760
28.1318583488,-64.3186426163,-99.6788940430
27.2344317436,-64.2920866013,-104.4176445007
34.4067831039,-64.1973543167,-95.4896678925
33.1850786209,-64.3153238297,-100.0789813995
32.0836982727,-64.3472824097,-104.6650104523
39.7644691467,-64.1020202637,-96.0379047394
38.6006212234,-64.1005630493,-100.4750041962
37.3629770279,-64.1863098145,-104.9099502563
29.0041017532,-69.0915069580,-94.9433689117
28.0863852501,-69.0602188110,-99.6782474518
27.2195568085,-69.0480594635,-104.4148311615
34.1705384254,-69.0383644104,-95.4927730560
33.0139274597,-69.1084747314,-100.0789451599
31.9882984161,-69.0948200226,-104.6629505157
39.5912981033,-68.8586196899,-96.0376491547
38.3630380630,-68.9311504364,-100.4768409729
37.1180019379,-69.0331535339,-104.9135646820
-0.1501133591,-59.5229196548,-62.3588247299
5.9425753951,-59.5228023529,-61.8843107224
5.6793252826,-59.5228509903,-67.8003177643
5.4161016345,-59.5228786469,-73.7163028717
12.0404925346,-59.5249509811,-61.4116868973
11.5825493336,-59.5226802826,-67.3393478394
11.1295583248,-59.5228080750,-73.2679290771
5.9425959587,-64.2847309113,-61.8843002319
5.6793396473,-64.2847595215,-67.8002853394
5.4161205888,-64.2847938538,-73.7162818909
12.0400130749,-64.2850341797,-61.4108152390
11.5822176933,-64.2846155167,-67.3394813538
11.1259801388,-64.2847642899,-73.2681961060
5.9425950050,-69.0466670990,-61.8842697144
5.6793600321,-69.0466899872,-67.8002490997
12.0350530148,-69.0464439392,-61.4110612869
11.5821623802,-69.0466251373,-67.3395404816
11.1296160221,-69.0467071533,-73.2679672241
11.0725703239,-73.8080577850,-48.4030990601
13.2164595127,-73.8113479614,-51.5241308212
15.3679809570,-73.8191204071,-54.6453895569
12.9908590317,-73.8319473267,-46.8291664124
15.3081741333,-73.8581981659,-48.8886156082
17.6457860470,-73.8823471069,-50.9462080002
14.9874494076,-73.8859939575,-45.2638816833
17.5134856701,-73.9085140228,-46.2601785660
20.1222329140,-73.8581829071,-47.2504520416
11.0713605881,-78.5701599121,-48.3816175461
13.2042098045,-78.5701122284,-51.5215101242
15.3405165672,-78.5713806152,-54.6619453430
12.9453768730,-78.5729751587,-46.8217077255
15.2358777523,-78.5872211456,-48.8790178299
17.5466945171,-78.6099414825,-50.9361286163
14.8860933781,-78.6075401306,-45.2722291946
17.3798453808,-78.6469955444,-46.2492103577
19.9194788933,-78.6672172546,-47.2247056961
11.0689299107,-83.3323287964,-48.4019031525
13.2033543587,-83.3323364258,-51.5210924149
15.3383121490,-83.3322277069,-54.6404275894
12.9318406582,-83.3320522308,-46.8183956146
15.1967508793,-83.3334026337,-48.8721351624
17.4786131382,-83.3433494568,-50.9271726608
14.8203003407,-83.3398990631,-45.2403545380
17.2684719563,-83.3683910370,-46.2358608246
19.7624311447,-83.4059238434,-47.2331295013
6.5892161131,-88.0941696167,-41.0252351761
5.9534955025,-88.0942249298,-39.5825929642
5.3079336882,-88.0941753387,-38.1217269897
5.1846623421,-88.0943489075,-41.4402914047
4.7756937742,-88.0946216583,-40.1427412033
4.2995029688,-88.0944271088,-38.8221731186
3.7894483209,-88.0943698883,-41.8511075974
3.5760021806,-88.0945262909,-40.6514997482
3.2943905592,-88.0942573547,-39.4738368988
6.5931591988,-92.8562831879,-41.0277557373
5.9554543495,-92.8562374115,-39.5829296112
5.3055512905,-92.8561592102,-38.1194419861
5.1878277063,-92.8562812805,-41.4425249100
4.7771056890,-92.8563289642,-40.1427946091
4.2971476912,-92.8562774658,-38.8198966980
3.7883188128,-92.8562831879,-41.8507671356
3.5744420886,-92.8563385010,-40.6508941650
3.2941159606,-92.8563041687,-39.4735870361
6.5889755487,-97.6182956696,-41.0249280930
5.9531846046,-97.6181564331,-39.5822324753
5.3075362444,-97.6180915833,-38.1213083267
5.1844785213,-97.6181297302,-41.4400348663
4.7756544352,-97.6178131104,-40.1425037384
4.2994371653,-97.6179180145,-38.8218784332
8.3420646191,-2.2997584597,-8.8691879511
6.0390943289,-2.2852592501,-9.8595371246
3.6507896185,-2.2885296468,-10.5827713013
9.9532895088,-2.3139425833,-12.0780310631
7.6713695526,-2.3092607446,-12.9844341278
5.2878257632,-2.3079157565,-13.7966399193
11.7193732262,-2.3158505447,-15.4023776054
9.4073398113,-2.3053910993,-16.2709023952
7.0319705009,-2.3063065857,-17.1036834717
8.3188992739,-7.1023210287,-8.8485532999
6.0234882832,-7.0741829872,-9.8305985928
3.6710926294,-7.0729464293,-10.5632326603
9.9588439465,-7.1039344072,-12.0463733673
7.6736935377,-7.0853940248,-12.9494795799
5.3020351529,-7.0723838806,-13.7752916813
11.7444403172,-7.1189429760,-15.3747503757
9.4287747145,-7.1062502861,-16.2533228397
7.0554903746,-7.1004829407,-17.0915079117
8.2991094589,-11.8720622063,-8.8429611921
6.0209038258,-11.8430521488,-9.8431003094
3.7003044486,-11.8437511921,-10.5714359283
9.9695343971,-11.8810272217,-12.0258667469
7.6864750385,-11.8481593132,-12.9483487606
5.3307856917,-11.8408882618,-13.7800405025
11.7693400383,-11.8998255730,-15.3398742676
9.4507335424,-11.8691961765,-16.2236366272
7.0843093395,-11.8600745201,-17.0709035397
9.8260257244,-74.0013542175,-26.7312555313
8.1740212440,-73.9686889648,-28.0502257347
6.5640385151,-73.8992347717,-29.3730225563
11.4563879967,-73.9832630157,-28.3026361465
9.7478725910,-73.9692268372,-29.5975070000
8.0827788115,-73.9162273407,-30.8938531876
13.0995283127,-73.9558277130,-29.8715729713
11.3276133537,-73.9651336670,-31.1435146332
9.6044831276,-73.9286727905,-32.4146881104
9.6779364347,-78.7386550903,-26.7259998322
8.0446442366,-78.6755027771,-28.0422916412
6.4577929974,-78.5979766846,-29.3615379333
11.2999880314,-78.7358627319,-28.2979340553
9.6136285067,-78.6896247864,-29.5890669823
7.9683467150,-78.6153125763,-30.8818860054
12.9295833111,-78.7280273438,-29.8675069809
11.1856720448,-78.6996498108,-31.1347370148
9.4841043949,-78.6349334717,-32.4028463364
9.5175228119,-83.4440422058,-26.7154126167
7.9049609900,-83.3659324646,-28.0232849121
6.3820037842,-83.3287010193,-29.3456053734
11.1358356476,-83.4576148987,-28.2863936424
9.4675761461,-83.3833293915,-29.5703916550
7.8758122921,-83.3345623016,-30.8638153076
12.7574369907,-83.4671421051,-29.8554410934
11.0365262032,-83.4029693604,-31.1175017357
9.3765226603,-83.3448371887,-32.3834643364
31.2991051674,-130.9515457153,-56.3000593185
32.2107815742,-130.9515647888,-50.5757379532
33.1225008965,-130.9515953064,-44.8514204025
28.1827950478,-130.9515762329,-46.0388269424
32.2107787132,-135.7134513855,-50.5757112503
33.1126198769,-135.7134628296,-44.8391695023
33.1224517822,-140.4753494263,-44.8513545990
29.6436815262,-45.1922140121,-94.9419288635
28.4510860443,-45.2957248688,-99.6845874786
27.4024004936,-45.3077573776,-104.4200706482
35.0313110352,-45.0501365662,-95.4908618927
33.8899083138,-45.0610027313,-100.0772476196
32.6515560150,-45.1678628922,-104.6651458740
40.1077537537,-45.1989097595,-96.0357894897
39.0717964172,-45.1128931046,-100.4797534943
37.9946308136,-45.0536556244,-104.9167976379
29.5015897751,-49.9950780869,-94.9390983582
28.3542780876,-50.0696306229,-99.6822986603
27.3502802849,-50.0576934814,-104.4205322266
34.9274392128,-49.8058490753,-95.4897766113
33.7456321716,-49.8586807251,-100.0751819611
32.5112705231,-49.9722156525,-104.6623592377
40.0608558655,-49.9272499084,-96.0374431610
38.9935369492,-49.8424253464,-100.4757022858
37.8855257034,-49.8036127090,-104.9074344635
29.3427329063,-54.8037281036,-94.9456844330
28.2672395706,-54.8304872513,-99.6822338104
27.3027710915,-54.8013362885,-104.4156208038
34.7957210541,-54.5744972229,-95.4892444611
33.5694966316,-54.6737928391,-100.0767402649
32.3471093178,-54.7850217819,-104.6653060913
40.0018358231,-54.6459035873,-96.0395965576
38.8965969086,-54.5762510300,-100.4765129089
37.7610378265,-54.5669107437,-104.9119815826
62.0655202866,-2.3797078514,-244.6435012817
62.0651817322,-11.9050586224,-244.6457405090
90.3813171387,-116.6613483429,-236.5630989075
90.3645477295,-116.6601333618,-231.9848594666
90.4120864868,-116.6565608978,-227.4054870605
85.6238708496,-116.6628036499,-227.9956741333
90.3495426178,-121.4328022003,-227.4129753113
-8.3784638643,-74.2092380524,-6.1492016315
-9.5268938541,-74.2446346283,-3.8332567215
-10.2222415209,-74.2358188629,-1.3259334125
-13.0449318886,-73.8676643372,-7.9868797064
-14.1780548096,-73.8866653442,-4.8197186589
-15.2248673439,-73.8805274963,-1.6139168739
-17.2843301296,-73.8061885834,-9.8238074780
-18.5508337021,-73.8056411743,-5.8791870475
-19.7866883278,-73.8062381744,-1.9251628816
-8.3922280073,-78.9534530640,-6.1297836304
-9.5123170614,-79.0023078918,-3.8247159719
-10.2099378109,-78.9939193726,-1.3362586831
-13.0482373238,-78.6139984131,-7.9834948778
-14.1658084393,-78.6341915131,-4.8112874031
-15.2189819813,-78.6309356689,-1.6098683178
-17.2792425156,-78.5668849945,-9.8346076012
-18.5483014584,-78.5671615601,-5.8779011965
-19.7882137299,-78.5677375793,-1.9098434448
-8.4216045141,-83.6454982758,-6.1423197985
-9.5360919237,-83.7024707794,-3.8278684020
-10.2176059484,-83.7025070190,-1.3240314038
-13.0768568516,-83.3623561859,-7.9924575090
-14.2030668259,-83.3829956055,-4.8223719001
-15.2429811954,-83.3822307587,-1.6145719290
-17.2850232124,-83.3279514313,-9.8216447830
-18.5512976646,-83.3286685944,-5.8791143298
-19.7869863510,-83.3291168213,-1.9251345098
-0.1502466332,-30.9514160156,-62.3589468002
-0.2231371962,-30.9513549805,-68.2624664307
-0.2975281999,-30.9514012337,-74.1662998199
5.9432528615,-30.9513678551,-61.8838081360
5.6791920066,-30.9512724876,-67.8002777100
5.4160100222,-30.9513745308,-73.7163810730
12.1684017181,-31.0393061638,-61.4158315659
11.6186990738,-30.9733462334,-67.3393497467
11.1342492104,-30.9542479515,-73.2676067352
-0.1532694008,-35.7132349014,-62.3578338623
-0.2235856019,-35.7132787704,-68.2610549927
-0.2938345261,-35.7133216858,-74.1644496918
5.9429749846,-35.7131004333,-61.8839397430
5.6792049408,-35.7132072449,-67.8002815247
5.4160323739,-35.7133007050,-73.7163791656
12.1493148804,-35.7852401733,-61.4152784348
11.6067993641,-35.7266826630,-67.3396663666
11.1287610531,-35.7149190903,-73.2677593231
-0.1502059344,-40.4750432968,-62.3589048386
-0.2230865434,-40.4751892090,-68.2624340057
5.9427174330,-40.4749689102,-61.8841066360
5.6792390347,-40.4751329422,-67.8002929688
5.4160464406,-40.4752159119,-73.7163696289
12.1214561462,-40.5284481049,-61.4151620865
11.5966722965,-40.4826402664,-67.3401050568
11.1310243607,-40.4758348465,-73.2674903870
25.3073782921,-30.9529423714,-123.3653793335
25.0638895035,-30.9515752792,-128.0696811676
24.8229050636,-30.9515447617,-132.7745475769
30.1044249535,-31.0007572174,-123.2472591400
29.8087768555,-30.9770283699,-127.8921718597
29.5440540314,-30.9575414658,-132.5403480530
35.3545274734,-30.8854999542,-123.1200256348
34.8614244461,-30.9646945000,-127.7158412933
34.4691858292,-30.9833669662,-132.3025817871
25.3061971664,-35.7142677307,-123.3640708923
25.0636725426,-35.7134370804,-128.0697498322
24.8226146698,-35.7134761810,-132.7756042480
30.0834283829,-35.7586536407,-123.2452964783
29.7945408821,-35.7330169678,-127.8919754028
29.5377430916,-35.7170562744,-132.5404663086
35.2567253113,-35.6820993423,-123.1170406342
34.8011579514,-35.7488508224,-127.7141704559
34.4262366295,-35.7592458725,-132.3059577942
25.3048615456,-40.4756431580,-123.3650627136
25.0634984970,-40.4753217697,-128.0698623657
24.8229436874,-40.4753923416,-132.7745590210
30.0583496094,-40.5127468109,-123.2438831329
29.7810945511,-40.4884376526,-127.8918590546
29.5327925682,-40.4773082733,-132.5407066345
35.1686887741,-40.4719991684,-123.1172561646
34.7396469116,-40.5186519623,-127.7133846283
34.3806276321,-40.5230617523,-132.3075828552
13.1309375763,-59.5719280243,-1.2260537819
12.5494914055,-59.5641403198,-3.5960600376
11.4426651001,-59.5527191162,-5.7499215603
17.7608120441,-59.5774726868,-1.2907382846
17.1243562698,-59.5781555176,-3.8509587646
16.3672137260,-59.5788431168,-6.3616930246
22.4711718559,-59.5733032227,-1.3972634375
21.9143042564,-59.5715456009,-4.2362871170
21.3361196518,-59.5788803101,-7.0565061569
13.1422412395,-64.3168659210,-1.2320724470
12.5429952145,-64.3157148361,-3.5985406041
11.4318318367,-64.3147068024,-5.7507210970
17.7558288574,-64.3397836685,-1.2869018018
17.1095621586,-64.3401718140,-3.8431164026
16.3627991676,-64.3399171829,-6.3592272997
22.4696917534,-64.3408069611,-1.3873036504
21.9072933197,-64.3453636169,-4.2401586175
21.3299846649,-64.3477144241,-7.0703433752
13.1585969925,-69.0715522766,-1.2328946523
12.5627634525,-69.0756034851,-3.6150012612
11.4352154732,-69.0808849335,-5.7713733912
17.7717239857,-69.1015281677,-1.2910321057
17.1356337070,-69.1012897491,-3.8528771996
16.3786296844,-69.0997333527,-6.3673254251
22.4782166481,-69.1048488617,-1.3947459161
21.9208531380,-69.1135902405,-4.2324620485
21.3445439339,-69.1078224182,-7.0453661680
-1.3349543214,-45.2365741730,-38.7449064255
-2.8604253531,-45.2367095947,-38.8647155762
-4.4258794785,-45.2367610931,-38.9781064987
-1.2306032032,-45.2369384766,-40.0940513611
-2.5543494821,-45.2370443344,-40.4859933853
-3.9170513749,-45.2367935181,-40.9076881409
-1.0679102764,-45.2371292114,-41.4293146133
-2.2232107520,-45.2372035980,-42.1222829819
-3.4019402266,-45.2368240356,-42.8390913010
-1.3330085576,-49.9985561371,-38.7495088577
-2.8625228703,-49.9986200333,-38.8632583618
-4.4295342565,-49.9986515045,-38.9722642899
-1.2280891389,-49.9986057281,-40.0958204269
-2.5537662804,-49.9986619949,-40.4864377975
-3.9183633327,-49.9986925125,-40.9070510864
-1.0689403340,-49.9986515045,-41.4257440567
-2.2213168442,-49.9986982346,-42.1241436005
-3.3995639086,-49.9987297058,-42.8443050385
-1.3348721862,-54.7604913712,-38.7449235916
-2.8603551090,-54.7605161667,-38.8647336960
-4.4258037210,-54.7605352402,-38.9781236649
-1.2305307537,-54.7602663040,-40.0940685272
-2.5542779267,-54.7602739334,-40.4860086441
-3.9169827700,-54.7605905533,-40.9076995850
-1.0678432509,-54.7601566315,-41.4293222427
-2.2231441140,-54.7601909637,-42.1222934723
-3.4018772244,-54.7606334686,-42.8390970230
1.7717065215,-88.0936279297,-35.0405120850
1.0611928590,-88.0941867828,-36.3209123611
0.3576262605,-88.0943641663,-37.5858812332
3.0463870764,-88.0938682556,-35.9719200134
2.2476736009,-88.0943832397,-37.0057601929
1.4941833317,-88.0943775177,-38.0655670166
4.3366320729,-88.0940418243,-36.9159049988
3.4411914945,-88.0941314697,-37.7577238083
2.5914836526,-88.0939979553,-38.6011390686
1.7698033750,-92.8559494019,-35.0357780457
1.0596433729,-92.8560886383,-36.3172721863
0.3574866557,-92.8562488556,-37.5870294571
3.0460679531,-92.8560104370,-35.9695167542
2.2476895452,-92.8561267853,-37.0041866302
1.4942883253,-92.8562068939,-38.0669927597
4.3377551436,-92.8560771942,-36.9180793762
3.4422450066,-92.8561611176,-37.7598562241
2.5911880732,-92.8562107086,-38.6009607315
1.7711603045,-97.6183300018,-35.0401010513
3.0458778739,-97.6181831360,-35.9714889526
4.3361641169,-97.6181087494,-36.9154624939
3.4408553839,-97.6181163788,-37.7570981979
34.1500101089,-45.2818813324,-40.2803773880
31.1422395706,-45.2818479538,-36.7453117371
28.1426329613,-45.2843627930,-33.2070736885
29.7797098160,-45.2875089645,-41.8037242889
27.6083998680,-45.2890501022,-38.4171714783
25.4368648529,-45.2905864716,-35.0308465958
25.3633999825,-45.2520751953,-43.3293361664
24.0153646469,-45.2463331223,-40.0938901901
22.6689825058,-45.2435226440,-36.8583135605
34.1692600250,-50.0473985672,-40.2839460373
31.1346530914,-50.0556116104,-36.7480440140
28.1207847595,-50.0549173355,-33.2051639557
29.7843303680,-50.0491847992,-41.8021726608
27.6129579544,-50.0506486893,-38.4154787064
25.4409847260,-50.0515537262,-35.0292358398
25.3182625771,-49.9796962738,-43.3281078339
23.9860429764,-49.9724063873,-40.0959978104
22.6575779915,-49.9713983536,-36.8640718460
34.1594910622,-54.8129644394,-40.2729654312
31.1424880028,-54.8229417801,-36.7444925308
28.1578187943,-54.8183212280,-33.2074351311
29.7880244255,-54.8100843430,-41.8008756638
27.6161327362,-54.8107109070,-38.4143304825
25.4420318604,-54.8087511063,-35.0288467407
25.2902250290,-54.6994524002,-43.3354644775
23.9420957565,-54.6910333633,-40.1010408401
22.5997114182,-54.6910438538,-36.8673858643
11.0688190460,-102.3802146912,-48.4015989304
13.2033207417,-102.3802013397,-51.5208501816
15.3378255367,-102.3801898956,-54.6401109695
12.9311399460,-102.3802337646,-46.8177986145
15.1886439323,-102.3802223206,-48.8696727753
17.4461636543,-102.3802509308,-50.9215860367
14.7934548855,-102.3802585602,-45.2340040207
17.1739573479,-102.3802604675,-46.2184991837
19.5544905663,-102.3802986145,-47.2030305862
15.3354687691,-107.1420955658,-54.6604709625
12.9311079979,-107.1421413422,-46.8177537918
15.1886100769,-107.1421318054,-48.8696260452
17.4461169243,-107.1421222687,-50.9215040207
14.7910597324,-107.1421585083,-45.2543449402
17.1739153862,-107.1421546936,-46.2184286118
19.5567955971,-107.1422042847,-47.1825590134
17.4460992813,-111.9040145874,-50.9214582443
14.7933793068,-111.9040489197,-45.2339076996
17.1738812923,-111.9040470123,-46.2183837891
19.5543851852,-111.9040355682,-47.2028684616
32.3546910286,-30.9992275238,-62.0120344162
25.9968309402,-30.8662233353,-61.6857089996
19.0159015656,-30.9375448227,-61.3549871445
31.5197663307,-30.9776034355,-67.7899646759
25.0572433472,-30.8068575859,-67.5224437714
18.0290293694,-31.0400762558,-67.2483749390
30.6142878532,-30.8970336914,-73.5503559113
24.0340108871,-30.8259434700,-73.3519706726
17.1992490292,-31.0497822762,-73.1485710144
32.3587293625,-35.7601432800,-62.0112304688
25.9576525688,-35.6020002365,-61.6851119995
18.9516434669,-35.6965751648,-61.3532714844
31.5043468475,-35.7268743515,-67.7932434082
24.9950032234,-35.5547418594,-67.5245037079
17.9706385136,-35.8033714294,-67.2501811981
30.5796747208,-35.6392850876,-73.5522022247
23.9455795288,-35.6010293961,-73.3535175323
17.1624596119,-35.8018999100,-73.1505012512
32.3582668304,-40.5194139481,-62.0088253021
25.9050583839,-40.3362627029,-61.6856021881
18.8806421757,-40.4593324661,-61.3521270752
31.4880337715,-40.4719219208,-67.7906303406
24.9166417122,-40.3066654205,-67.5260562897
17.9066534042,-40.5653772354,-67.2504482269
30.5440726280,-40.3804292679,-73.5514831543
23.8254914284,-40.3943223953,-73.3572616577
17.1195793152,-40.5498075485,-73.1494903564
19.2395281792,-73.7669010162,-38.1485261917
16.6983227730,-73.9143486023,-38.8432998657
14.3093559742,-73.9231662750,-39.5215625763
20.1164550781,-73.7697086334,-41.0922183990
17.4788730145,-73.9100952148,-41.2844867706
14.9895401001,-73.9163799286,-41.4595832825
20.9874358177,-73.7890377045,-44.0393981934
18.2647619247,-73.9079151154,-43.7260246277
15.6727054119,-73.9109153748,-43.3982543945
18.9535245895,-78.6438179016,-38.1433086395
16.5259451866,-78.6872310638,-38.8336868286
14.1851115227,-78.6560955048,-39.5198783875
19.8329710960,-78.6444492340,-41.0967702866
17.3096196651,-78.6803283691,-41.2746295929
14.8663959503,-78.6487541199,-41.4480514526
20.7224769592,-78.6521663666,-44.0519800186
18.0981707573,-78.6765117645,-43.7165565491
15.5498778820,-78.6419239044,-43.3767862320
18.7312188148,-83.4498767853,-38.1438331604
16.3697481155,-83.4283828735,-38.8194980621
14.0632240772,-83.3672771454,-39.4926424026
19.6170501709,-83.4435653687,-41.0874385834
17.1594903469,-83.4179992676,-41.2602529526
14.7537834644,-83.3628635406,-41.4313497543
20.5134735107,-83.4395217896,-44.0328569412
17.9526138306,-83.4080657959,-43.7022476196
15.4458994865,-83.3585243225,-43.3707809448
33.6268548965,-59.5231084824,-164.6528244019
21.0886259079,-59.5884141922,-9.9632642269
16.3449108601,-59.5792684555,-9.1852318048
11.6040463448,-59.5544919968,-8.4997385740
21.1056723595,-59.5849208832,-12.9876797199
17.1167137623,-59.5796909332,-12.3501615524
13.1052503586,-59.5515975952,-11.7643105984
21.1652765274,-59.5771741867,-15.9557259083
17.8882169724,-59.5794630051,-15.5154120922
14.6197259426,-59.5541772842,-15.0639071465
21.1044197083,-64.3488903046,-9.9620952606
16.3504092693,-64.3404836655,-9.1878257990
11.5878324509,-64.3143320084,-8.5114957094
21.1138982773,-64.3433942795,-12.9811596870
17.1217203140,-64.3415689468,-12.3523020744
13.1043348312,-64.2937965393,-11.7865614891
21.1327419281,-64.3391151428,-15.9972190857
17.8929414749,-64.3404254913,-15.5179855824
14.6263754368,-64.2909879684,-15.0927822590
21.1076126099,-69.1005249023,-9.9444346428
16.3566539288,-69.0988426208,-9.1935700178
11.5905900002,-69.0841331482,-8.5276930332
21.1272859573,-69.1002311707,-12.9749772549
17.1264619827,-69.0989131927,-12.3602616787
13.0917789936,-69.0526885986,-11.8047714233
21.1526226997,-69.1001453400,-15.9989352226
17.8959202766,-69.0941257477,-15.5305180550
14.5933725834,-69.0338134766,-15.1124024391
90.9270191193,-30.9519052505,-304.6968002319
90.8621597290,-30.9519128799,-300.1912002563
90.8160724640,-30.9531235695,-295.6771316528
86.1653919220,-30.9519104958,-300.8267059326
86.0961914062,-30.9519057274,-296.3174819946
90.9263153076,-35.7138156891,-304.6969680786
90.8621177673,-35.7137908936,-300.1911849976
90.8320541382,-35.7154712677,-295.6693115234
86.1653842926,-35.7138290405,-300.8267440796
86.0961818695,-35.7138080597,-296.3174438477
90.9269924164,-40.4757118225,-304.6967468262
90.8621520996,-40.4756851196,-300.1911468506
90.8641796112,-40.4724607468,-295.6668472290
86.0961933136,-40.4757127762,-296.3174362183
10.7175304890,-2.3047559466,-26.7565350533
9.0079518557,-2.3148545492,-28.1006679535
7.2123930454,-2.3836779369,-29.4002699852
12.3873605728,-2.3011085801,-28.3084058762
10.6747076511,-2.3113054782,-29.6364541054
8.8399736881,-2.3432737023,-30.9334206581
14.0444092751,-2.3006803375,-29.8595690727
12.3209493160,-2.3068020493,-31.1640644073
10.4941713810,-2.3164346097,-32.4599785805
10.7706503868,-7.1063854694,-26.7416052818
9.1447842121,-7.1194529533,-28.0789709091
7.3777140379,-7.2204673290,-29.4039239883
12.4168198109,-7.0997786522,-28.2993230820
10.7600367069,-7.1072756052,-29.6148986816
9.0114597082,-7.1590051651,-30.9212260246
14.0565872192,-7.0961072445,-29.8546276093
12.3674464226,-7.0989432335,-31.1485877037
10.6209256649,-7.1158798933,-32.4373598099
10.8190169334,-11.8831777573,-26.7272162437
9.2085441351,-11.8982181549,-28.0714702606
7.4193363190,-12.0105824471,-29.4085001945
12.4558315277,-11.8792850971,-28.2845444679
10.8181762695,-11.8831570148,-29.6053619385
9.0715998411,-11.9390082359,-30.9212126732
14.0889537334,-11.8793954849,-29.8401732445
12.4162111282,-11.8760654926,-31.1384015083
10.6845972538,-11.8949131966,-32.4326214790
62.0318660736,-45.2409076691,-235.4471282959
62.0182800293,-45.2387113571,-230.8527450562
62.0040979385,-50.0084552765,-230.8466377258
62.0094156265,-54.7677736282,-230.8364372253
-2.2818151563,-16.6653041840,-44.3107185364
-0.5037641264,-16.6650226116,-45.4009037018
1.2777668200,-16.6643300056,-46.4858922958
-1.2839565687,-16.6657364368,-43.3376531601
0.2502522059,-16.6647140980,-44.1084833145
1.7899857908,-16.6746032238,-44.8623332977
-0.3053966649,-16.6652288437,-42.3886051178
0.9844333269,-16.6763000488,-42.8660469055
2.3131422698,-16.7030615807,-43.2926836014
-2.2863473296,-21.4272408485,-44.3074197769
-0.5036160331,-21.4270730019,-45.4037694931
1.2804016974,-21.4265913963,-46.4921312332
-1.2866587196,-21.4270634651,-43.3337993622
0.2475139755,-21.4263362885,-44.1090316772
1.7864415050,-21.4352555275,-44.8663959503
-0.3079281752,-21.4263639450,-42.3873815536
0.9779432337,-21.4358906746,-42.8621501923
2.3040147126,-21.4633364677,-43.2889928818
-2.2817498744,-26.1891770363,-44.3106794357
-0.5039387513,-26.1891078949,-45.4008541107
1.2745603491,-26.1888170242,-46.4860219955
-1.2842553286,-26.1883230209,-43.3374967575
0.2463367367,-26.1880278587,-44.1086082458
1.7803051472,-26.1942009926,-44.8620386124
-0.3109369455,-26.1875877380,-42.3885345459
0.9736548634,-26.1936821938,-42.8656930923
2.2991739810,-26.2188358307,-43.2909088135
31.2992281914,-116.6657333374,-56.3000087738
32.2140789032,-116.6661148071,-50.5756568909
33.1652307510,-116.6745090485,-44.8499021530
25.3300371170,-116.6658878326,-56.2099494934
26.7564463615,-116.6658840179,-51.1244325638
28.1828083992,-116.6658077240,-46.0388269424
21.3020453453,-116.6659049988,-51.6730518341
23.2431592941,-116.6659393311,-47.2263374329
31.3089694977,-121.4277362823,-56.3122959137
32.2108130455,-121.4276638031,-50.5757036209
33.1146087646,-121.4278049469,-44.8392400742
25.3300218582,-121.4277763367,-56.2099208832
26.7564263344,-121.4277954102,-51.1244096756
28.1828422546,-121.4278068542,-46.0388889313
23.2529706955,-121.4278068542,-47.2385101318
31.2991180420,-126.1896572113,-56.3000802994
32.2108135223,-126.1896572113,-50.5757656097
33.1224627495,-126.1896553040,-44.8514070511
26.7564101219,-126.1896820068,-51.1243848801
28.1828074455,-126.1896991730,-46.0388517380
19.8964471817,-45.2373466492,-137.7458801270
34.6507120132,-102.3802051544,-123.1206626892
15.1757187843,-16.6883828640,-23.2451648712
13.7810719013,-16.6572980881,-24.3555445671
12.3578803539,-16.6421186924,-25.4683980942
16.9403157234,-16.7057290077,-24.2537603378
15.5012259483,-16.6774640083,-25.5898871422
14.0321152210,-16.6509132385,-26.9341416359
18.6875119209,-16.7081530094,-25.2637801170
17.2108955383,-16.6990208626,-26.8273887634
15.6953034401,-16.6617095470,-28.3989915848
15.1858048439,-21.4582023621,-23.2353248596
13.7904708385,-21.4156117439,-24.3394989967
12.3686127663,-21.3923673630,-25.4498658180
16.9495675564,-21.4764552116,-24.2421030998
15.5118811131,-21.4441885948,-25.5762524605
14.0403711796,-21.4044642448,-26.9198379517
18.6949682236,-21.4770288467,-25.2492408752
17.2210514545,-21.4685316086,-26.8164973259
15.7027952671,-21.4217944145,-28.3905744553
15.1921370029,-26.2223982811,-23.2211146355
13.7911362648,-26.1687068939,-24.3298840523
12.3645017147,-26.1408700943,-25.4453396797
16.9551675320,-26.2429590225,-24.2324218750
15.5147714615,-26.2030472755,-25.5672121048
14.0373787880,-26.1523356438,-26.9105501175
18.6989879608,-26.2434563637,-25.2449612617
17.2261843681,-26.2319116592,-26.8080687523
15.7025661469,-26.1732244492,-28.3778038025
21.1122560501,-73.8592014313,-9.9424734116
16.3646664619,-73.8538589478,-9.2107558250
11.5715042353,-73.8661670685,-8.5381765366
21.1325106621,-73.8618717194,-12.9747679234
17.1310768127,-73.8500862122,-12.3834693432
13.0698614120,-73.8265571594,-11.8189196587
21.1576914787,-73.8618965149,-15.9999659061
17.8929243088,-73.8338451385,-15.5599572659
14.5620961189,-73.7922592163,-15.1303746700
21.1267585754,-78.6234569550,-9.9538695812
16.3741660118,-78.5996322632,-9.2480058670
11.5299011469,-78.6536426544,-8.5453795195
21.1379628181,-78.6232414246,-12.9773540497
17.1311786175,-78.5872020721,-12.4267046452
13.0336334705,-78.6101799011,-11.8345370293
21.1478385925,-78.6193370819,-16.0080142021
17.8690106869,-78.5564155579,-15.6042127609
14.5239000320,-78.5584259033,-15.1551764011
21.1191005707,-83.3847770691,-9.9597384930
16.3632814884,-83.3499736786,-9.2836921215
11.5154727697,-83.4443225861,-8.5520666838
21.1444339752,-83.3800907135,-12.9963638783
17.1020216942,-83.3290863037,-12.4630944729
12.9797492027,-83.4011535645,-11.8509352207
21.1499528885,-83.3542766571,-16.0472157001
17.8096952438,-83.2890853882,-15.6435649395
14.4287691116,-83.3362922668,-15.1782658100
-0.1503054388,-16.6656780243,-62.3590002060
-0.2232064158,-16.6656129360,-68.2625350952
-0.2975976281,-16.6656675339,-74.1663722992
5.9447089434,-16.6665403843,-61.8838272095
5.6793900728,-16.6654448509,-67.8001766205
5.4159145355,-16.6656050682,-73.7163944244
12.2225391865,-16.7755117416,-61.4195785522
11.6482954025,-16.7096672058,-67.3413982391
11.1421952248,-16.6715567112,-73.2679786682
-0.1533276737,-21.4274864197,-62.3578882217
-0.2236570753,-21.4275240898,-68.2611160278
-0.2938984707,-21.4275755882,-74.1645145416
5.9440594912,-21.4281406403,-61.8837013245
5.6792672276,-21.4274005890,-67.8002510071
5.4159535766,-21.4275274277,-73.7163887024
12.2107090950,-21.5358519554,-61.4173641205
11.6394200325,-21.4673714638,-67.3401203156
11.1348454952,-21.4329667091,-73.2681255341
-0.1502661556,-26.1893081665,-62.3589639664
-0.2231605351,-26.1894440651,-68.2624874115
-0.2975492664,-26.1894927025,-74.1663208008
5.9436262846,-26.1897325516,-61.8837203979
5.6792017817,-26.1893477440,-67.8002815247
5.4159846306,-26.1894578934,-73.7163829803
12.1890439987,-26.2899241447,-61.4164352417
11.6298425198,-26.2211165428,-67.3394699097
11.1361544132,-26.1937055588,-73.2677230835
43.5423145294,-145.2372093201,-57.0886583328
49.7410335541,-145.2390022278,-57.6075143814
38.0415534973,-145.2372283936,-50.6463003159
44.2487649918,-145.2372055054,-51.3361692429
50.4575452805,-145.2386016846,-52.0282268524
38.7378845215,-145.2372245789,-44.7224740982
44.9552087784,-145.2371673584,-45.5836753845
51.1793708801,-145.2373580933,-46.4497671127
49.7330741882,-150.0065231323,-57.6036396027
44.2487421036,-149.9990997314,-51.3361539841
50.4481954575,-150.0068092346,-52.0262470245
44.9551725388,-149.9990921021,-45.5836763382
51.1660690308,-150.0057144165,-46.4478130341
49.7332563400,-154.7684288025,-57.6069192886
50.4481906891,-154.7687339783,-52.0262603760
44.9551715851,-154.7609901428,-45.5836620331
51.1696968079,-154.7641525269,-46.4372491837
8.0792344809,-73.8064651489,-40.3554611206
9.7189149857,-73.8321685791,-39.4527034760
11.4130542278,-73.8868026733,-38.5562086105
7.2750737667,-73.8059329987,-38.8157653809
8.7923476696,-73.8286724091,-37.8392772675
10.3634839058,-73.8826637268,-36.8695621490
6.4837521315,-73.8055229187,-37.2663230896
7.8664906025,-73.8254661560,-36.2259407043
9.3154327869,-73.8787422180,-35.1826963425
8.0693013668,-78.5696144104,-40.3516807556
9.6656975746,-78.5690670013,-39.4425287247
11.3173735142,-78.5986518860,-38.5443811417
7.2682269812,-78.5695190430,-38.8135385513
8.7421535254,-78.5681304932,-37.8293523788
10.2672505379,-78.5937519073,-36.8560428619
6.4795944691,-78.5693950653,-37.2655982971
7.8190362453,-78.5674877167,-36.2163076401
9.2183318138,-78.5893955231,-35.1677589417
8.0714982748,-83.3319644928,-40.3528518677
9.6537785530,-83.3316040039,-39.4386348724
11.2494161129,-83.3316917419,-38.5288009644
7.2682234049,-83.3318233490,-38.8133335114
8.7321733236,-83.3314704895,-37.8258962631
10.2065324783,-83.3305587769,-36.8421049118
6.4774038792,-83.3316555023,-37.2639656067
7.8106175661,-83.3313140869,-36.2131919861
9.1644105911,-83.3298320770,-35.1556072235
40.2351150513,-102.3800716400,-109.5675868988
39.8667364120,-102.3801555634,-114.0194320679
39.4983758926,-102.3801918030,-118.4712409973
44.3929405212,-102.3864479065,-109.7554473877
44.1434221268,-102.3808593750,-114.0605258942
43.9093446732,-102.3800754547,-118.3649044037
48.7096433640,-102.4410381317,-109.9363365173
48.5197238922,-102.4161815643,-114.0929260254
48.3680105209,-102.3951320648,-118.2552623749
40.2377405167,-107.1420669556,-109.5648002625
39.8667325974,-107.1420803070,-114.0194282532
39.4957294464,-107.1420841217,-118.4740543365
44.3712043762,-107.1420326233,-109.7567558289
44.1395359039,-107.1419677734,-114.0608654022
43.9089460373,-107.1420459747,-118.3649749756
48.5583028793,-107.1653671265,-109.9323940277
48.4240798950,-107.1475048065,-114.0892086029
48.3265266418,-107.1428985596,-118.2555427551
40.2350950241,-111.9039669037,-109.5676155090
39.8667268753,-111.9039745331,-114.0194149017
39.4983625412,-111.9039897919,-118.4712181091
44.3701229095,-111.9039173126,-109.7568321228
44.1395444870,-111.9039630890,-114.0608940125
43.9089250565,-111.9039726257,-118.3649673462
48.5084495544,-111.9084682465,-109.9346866608
48.4087371826,-111.9053382874,-114.0965824127
48.3199739456,-111.9037055969,-118.2584819794
5.5710998774,-45.4478778839,-30.7761659622
4.2220222354,-45.4252834320,-32.2309155464
2.9091819525,-45.3733110428,-33.6905651093
7.0793203115,-45.4340448380,-32.2196898460
5.6717246771,-45.4271965027,-33.5186109543
4.2972813249,-45.3919982910,-34.8195095062
8.5959147215,-45.4132299423,-33.6613759995
7.1274195910,-45.4227180481,-34.8054399490
5.7053627968,-45.4034090042,-35.9398155212
5.5073837042,-50.2026596069,-30.7685251236
4.1695544124,-50.1676540375,-32.2273383141
2.8696599901,-50.1042194366,-33.6920948029
7.0100915432,-50.1937313080,-32.2159805298
5.6132720709,-50.1750850677,-33.5146856308
4.2504960895,-50.1287946701,-34.8169775009
8.5196937323,-50.1785602570,-33.6618022919
7.0624521971,-50.1760540009,-34.8019762039
5.6509801149,-50.1460838318,-35.9335689545
5.4392151833,-54.9497747421,-30.7669930458
4.1131388545,-54.9007139206,-32.2247228622
2.8247487247,-54.8271160126,-33.6880397797
6.9345095158,-54.9471540451,-32.2117891312
5.5500431061,-54.9148616791,-33.5110263824
4.2010707855,-54.8566370010,-34.8150568008
8.4355973005,-54.9385433197,-33.6556339264
6.9924283028,-54.9223537445,-34.7981119156
5.5955226421,-54.8802509308,-35.9336309433
76.4619674683,-30.9502553940,-279.4427413940
76.4210033417,-30.9504795074,-274.8833465576
76.3824100494,-30.9518680573,-270.3218994141
76.3788108826,-35.7187948227,-270.3203735352
76.4188613892,-40.4887895584,-274.8842315674
76.3847751617,-40.4816150665,-270.3241653442
13.9104573727,-102.3803329468,-31.5548844337
12.2863893509,-102.3803558350,-32.7871375084
10.6623401642,-102.3803615570,-34.0194358826
15.4652938843,-102.3803443909,-33.5875782967
13.6498262882,-102.3803558350,-34.6898269653
11.8343272209,-102.3803539276,-35.7920970917
17.0201625824,-102.3803234100,-35.6202831268
15.0132517815,-102.3803539276,-36.5925159454
13.0063023567,-102.3803424835,-37.5647649765
13.9064197540,-107.1422863007,-31.5522575378
12.2861006260,-107.1422767639,-32.7870526314
10.6657977104,-107.1422672272,-34.0218591690
15.4649970531,-107.1422748566,-33.5874438286
13.6495602131,-107.1422634125,-34.6897354126
11.8341474533,-107.1422500610,-35.7920379639
17.0235867500,-107.1422634125,-35.6226387024
15.0130250454,-107.1422462463,-36.5924186707
13.0024912357,-107.1422328949,-37.5622196198
13.9099318981,-111.9041519165,-31.5546689034
12.2859919071,-111.9041442871,-32.7869949341
10.6620583534,-111.9041347504,-34.0193204880
15.4648644924,-111.9041385651,-33.5873723030
13.6494657993,-111.9041328430,-34.6896791458
11.8340773582,-111.9041175842,-35.7919836044
17.0198009014,-111.9041156769,-35.6200695038
15.0129427910,-111.9041175842,-36.5923595428
13.0060865879,-111.9041080475,-37.5646495819
33.5509195328,-2.3802290952,-178.5548934937
33.5508642197,-7.1421585083,-178.5551605225
33.5514640808,-11.9040627480,-178.5548324585
30.1204042435,-16.5479996204,-94.9623756409
28.8929886818,-16.6310944557,-99.7040061951
27.6815752983,-16.7147266865,-104.4435386658
35.2809200287,-16.5846848488,-95.5125064850
34.2315540314,-16.5173962116,-100.1068477631
33.1129555702,-16.4944279194,-104.6955528259
40.1768550873,-16.7103900909,-96.0415859222
39.2203207016,-16.6543471813,-100.4922008514
38.2138557434,-16.5668148994,-104.9431819916
30.0930261612,-21.2968506813,-94.9566173553
28.8619761467,-21.3910918236,-99.6990642548
27.6516385078,-21.4839262962,-104.4400997162
35.2695846558,-21.3289237022,-95.5093784332
34.2149782181,-21.2657761574,-100.1008033752
33.0883440971,-21.2575135231,-104.6872730255
40.1789855957,-21.4695630074,-96.0429553986
39.2161674500,-21.4089307785,-100.4880561829
38.2006950378,-21.3244295120,-104.9319400787
30.0514521599,-26.0508379936,-94.9546298981
28.8190445900,-26.1542625427,-99.6934986115
27.6141562462,-26.2525362968,-104.4320163727
35.2475843430,-26.0727753639,-95.5057544708
34.1856746674,-26.0157971382,-100.0947036743
33.0480637550,-26.0204715729,-104.6802558899
40.1769542694,-26.2258877754,-96.0384235382
39.2058792114,-26.1593885422,-100.4864616394
38.1862545013,-26.0758328438,-104.9338836670
19.5543637276,-116.6659240723,-47.2028274536
36.6125478745,-130.9515304565,-62.4494380951
35.8261528015,-130.9515304565,-68.2790431976
35.0397853851,-130.9515304565,-74.1086521149
42.8601465225,-130.9513702393,-62.9827127457
42.2017869949,-130.9514579773,-69.0185184479
41.5435743332,-130.9514961243,-75.0542831421
49.1549978256,-130.9625549316,-63.5098381042
48.5840873718,-130.9518775940,-69.7558784485
48.0487537384,-130.9511299133,-75.9988174438
36.6149759293,-135.7134323120,-62.4533596039
42.8600082397,-135.7133789062,-62.9827823639
42.2017784119,-135.7133979797,-69.0185203552
41.5435571671,-135.7133941650,-75.0542640686
49.1051244736,-135.7190551758,-63.5096750259
48.5719470978,-135.7239265442,-69.7570819855
48.0475416183,-135.7179832458,-76.0045547485
42.8599948883,-140.4753036499,-62.9827766418
42.2017822266,-140.4753112793,-69.0185089111
49.1051464081,-140.4834747314,-63.5134592056
48.5726079941,-140.4880905151,-69.7566394806
48.0465517044,-140.4823722839,-76.0000286102
76.0422897339,-130.9512443542,-169.4210510254
76.0145320892,-130.9515914917,-164.8420524597
76.0444107056,-130.9438934326,-160.2575874329
71.3325443268,-130.9521026611,-169.9565544128
71.3100719452,-130.9536972046,-165.3795051575
71.2923831940,-130.9534301758,-160.8039169312
66.5961875916,-130.9534034729,-161.3412475586
76.0349388123,-135.7177238464,-169.4186058044
76.0143775940,-135.7135238647,-164.8421287537
75.9907321930,-135.7136611938,-160.2656326294
71.3138351440,-135.7135581970,-165.3795433044
71.2949657440,-135.7135162354,-160.8031387329
76.0143356323,-140.4754562378,-164.8420982361
75.9911155701,-140.4759826660,-160.2657623291
19.0982818604,-116.6662349701,-9.9514937401
14.3506042957,-116.6660003662,-9.1854697466
9.6031701565,-116.6658992767,-8.4199396372
19.1232867241,-116.6662693024,-12.9760627747
15.1223709583,-116.6659984589,-12.3511450291
11.1215155125,-116.6659336090,-11.7264683247
19.1484990120,-116.6662673950,-16.0007154942
15.8940932751,-116.6660461426,-15.5168249607
12.6398465633,-116.6659698486,-15.0330083370
19.1113357544,-121.4279003143,-9.9536912441
14.3499853611,-121.4278316498,-9.1854426861
19.1224808693,-121.4279403687,-12.9757306576
15.1219332218,-121.4278545380,-12.3510758877
19.1337041855,-121.4279327393,-15.9977674484
15.8938636780,-121.4278774261,-15.5167024136
12.6540355682,-121.4278469086,-15.0356388092
19.0968251228,-126.1897697449,-9.9509062767
19.1223659515,-126.1897773743,-12.9756450653
19.1479086876,-126.1897792816,-16.0003843307
-8.6366082430,-16.6638433933,-49.4845266342
-6.1056320071,-16.6643280983,-52.7879800797
-3.5759365559,-16.6656334400,-56.0960702896
-6.2798639536,-16.6654512882,-47.6458673477
-4.0145631731,-16.6654598713,-50.0947599411
-1.7492518574,-16.6654653549,-52.5436649323
-3.9229635894,-16.6653945446,-45.8057909012
-1.9231716059,-16.6653840542,-47.3987512589
0.0767692514,-16.6652746201,-48.9917144775
-8.6406135559,-21.4274086952,-49.4660329819
-6.1047340631,-21.4274263382,-52.7872104645
-3.5699847341,-21.4274401665,-56.1120910645
-6.2798320651,-21.4273648262,-47.6458425522
-4.0145339966,-21.4273748398,-50.0947313309
-1.7492275760,-21.4273819923,-52.5436363220
-3.9178574681,-21.4273138046,-45.8221197128
-1.9231358636,-21.4273056984,-47.3987245560
0.0716071483,-21.4272480011,-48.9753370285
-8.6364991665,-26.1905055046,-49.4844980240
-6.1055741310,-26.1905269623,-52.7879323959
-3.5758789480,-26.1892623901,-56.0960206985
-6.2798025608,-26.1892852783,-47.6458196640
-4.0145061910,-26.1892971992,-50.0947122574
-1.7492043301,-26.1893062592,-52.5436143875
-3.9229007363,-26.1892375946,-45.8057432175
-1.9231071901,-26.1892304420,-47.3987045288
0.0766860191,-26.1892137527,-48.9916801453
62.0453586578,-2.3787545783,-240.0478935242
62.0307044983,-2.3792695096,-235.4468994141
62.0199203491,-2.3811335860,-230.8444671631
57.2864313126,-2.3803354573,-231.4017524719
62.0427217484,-7.1422793865,-240.0525665283
62.0296516418,-7.1422272921,-235.4488410950
62.0119113922,-7.1411036253,-230.8411026001
57.2864694595,-7.1422398090,-231.4017448425
62.0450277328,-11.9059648514,-240.0499801636
62.0307741165,-11.9051785469,-235.4468612671
62.0463838577,-11.8971807957,-230.8361816406
-8.6310533285,-2.3768271290,-49.4906740189
-6.1040441990,-2.3775698269,-52.7843427658
-3.5791928470,-2.3798040989,-56.0831222534
-6.2800027728,-2.3796800166,-47.6460084915
-4.0146979392,-2.3796689549,-50.0949039459
-1.7493618056,-2.3796524327,-52.5438318253
-3.9270280004,-2.3795535473,-45.7932214737
-1.9230000135,-2.3792099896,-47.3989496231
0.0832647998,-2.3780424835,-49.0050725937
-8.6381281614,-7.1416684389,-49.4534111023
-6.1019497514,-7.1416715384,-52.7777347565
-3.5700725913,-7.1416853666,-56.1122426987
-6.2799401879,-7.1416046619,-47.6459455490
-4.0146298707,-7.1416022778,-50.0948343277
-1.7493110485,-7.1416003704,-52.5437622070
-3.9179663956,-7.1415213346,-45.8222208023
-1.9232283700,-7.1414669752,-47.3988275528
0.0727069918,-7.1409715414,-48.9756526947
-8.6353454590,-11.9060387611,-49.4781932831
-6.1042224765,-11.9057793617,-52.7832221985
-3.5759626627,-11.9035680294,-56.0961294174
-6.2798989415,-11.9035253525,-47.6459007263
-4.0145936310,-11.9035301208,-50.0947933197
-1.7492725626,-11.9035339355,-52.5437078476
-3.9229984283,-11.9034600258,-45.8058233261
-1.9232147858,-11.9034450054,-47.3987779617
0.0770677775,-11.9032232761,-48.9917840958
20.7609658241,-88.0157833099,-18.8049182892
17.8619985580,-88.0415821075,-18.3476977348
14.9269211292,-88.1162033081,-17.8678541183
19.9866847992,-88.0009918213,-21.1455883980
17.4886355400,-88.0506649017,-20.5030779839
14.9390921593,-88.1547222137,-19.8453111649
19.1463818550,-88.0338592529,-23.4757537842
17.0433890820,-88.1159801483,-22.6504344940
14.9210660458,-88.2211685181,-21.8120026588
20.5803737640,-92.8243293762,-18.8376417160
17.6141922474,-92.9194202423,-18.3772768974
14.6035082340,-93.0284519196,-17.9033312798
19.7163181305,-92.8830757141,-21.1744461060
17.1455926895,-92.9959850311,-20.5255475044
14.5871922970,-93.0658855438,-19.8636088371
18.7743039131,-92.9779491425,-23.4954056740
16.6744761467,-93.0476703644,-22.6578459740
14.6063880920,-93.0624370575,-21.8102149963
20.1968011856,-97.7882328033,-18.8611683846
17.1950755119,-97.8664817810,-18.3899369240
14.1979393959,-97.8496360779,-17.8984332085
19.2925724983,-97.8367595673,-21.1815047264
16.7471947670,-97.8505134583,-20.5177702904
14.2081129551,-97.7940845490,-19.8358650208
18.3994851112,-97.8276004791,-23.4763236046
16.3273324966,-97.7970752716,-22.6258721352
14.2494907379,-97.7419662476,-21.7648873329
20.9571242332,-45.2926445007,-18.6293802261
18.1635127068,-45.2933750153,-18.1755113602
15.4014494419,-45.2948865891,-17.6808857918
20.3180546761,-45.2921171188,-20.9931674004
17.9685478210,-45.2944297791,-20.3233757019
15.6118280888,-45.2886495590,-19.6572914124
19.7123336792,-45.2936096191,-23.3136711121
17.7716479301,-45.2936515808,-22.4715938568
15.8106026649,-45.2686538696,-21.6353225708
20.9806804657,-50.0560293198,-18.6141815186
18.1677732468,-50.0554141998,-18.1733021736
15.3945381641,-50.0519561768,-17.6840958595
20.3225030899,-50.0539903641,-20.9913339615
17.9726228714,-50.0560874939,-20.3214983940
15.6057581902,-50.0362796783,-19.6600785255
19.7087979317,-50.0552501678,-23.3153166771
17.7699904442,-50.0476703644,-22.4718365669
15.8042039871,-50.0064439774,-21.6372885704
20.9803957939,-54.8144874573,-18.5956735611
18.1719083786,-54.8174371719,-18.1724085808
15.3975594044,-54.7998733521,-17.6888270378
20.3271107674,-54.8158712387,-20.9902234077
17.9754920006,-54.8156270981,-20.3221926689
15.5916502476,-54.7735242844,-19.6709375381
19.7199430466,-54.8150653839,-23.3115143776
17.7607159615,-54.7909183502,-22.4769988060
15.7712235451,-54.7358865738,-21.6529712677
135.4366378784,-30.8734774590,-2.3727539182
130.7109489441,-30.8784165382,-2.3804535270
125.9857940674,-30.8831038475,-2.3870966434
135.2513046265,-30.8750376701,-7.0130490065
130.4647483826,-30.8800277710,-7.0460959673
125.6780548096,-30.8849592209,-7.0789272785
135.4404144287,-35.6352767944,-2.3719722629
130.7158622742,-35.6402025223,-2.3791800737
125.9917392731,-35.6450119019,-2.3852407932
135.2562332153,-35.6368722916,-7.0117249489
130.4696674347,-35.6418542862,-7.0447670221
125.6829509735,-35.6467905045,-7.0776284933
135.4485816956,-40.3958940506,-2.3702752590
130.7228088379,-40.4008026123,-2.3779492974
125.9951515198,-40.4068317413,-2.3848726153
135.2652778625,-40.3964281082,-7.0105235577
130.4786720276,-40.4014072418,-7.0435717106
125.6878700256,-40.4085721970,-7.0762298107
11.0689053535,-88.0943450928,-48.4017906189
13.2033934593,-88.0943660736,-51.5210285187
15.3378956318,-88.0943908691,-54.6403131485
12.9313101768,-88.0943241119,-46.8180637360
15.1891164780,-88.0942344666,-48.8700151443
17.4503262043,-88.0952014923,-50.9228696823
14.7955904007,-88.0939846039,-45.2349967957
17.1982364655,-88.1016998291,-46.2241373062
19.6418356895,-88.1265926361,-47.2177658081
11.0712299347,-92.8563194275,-48.3813076019
13.2033600807,-92.8562984467,-51.5209541321
15.3355689049,-92.8563537598,-54.6606731415
12.9312517643,-92.8563404083,-46.8179445267
15.1887271404,-92.8563346863,-48.8698272705
17.4463758469,-92.8562278748,-50.9217357635
14.7912383080,-92.8563423157,-45.2545738220
17.1754114628,-92.8563022614,-46.2190408707
19.5766716003,-92.8625068665,-47.1865196228
11.0688474178,-97.6182575226,-48.4016418457
13.2033417225,-97.6182403564,-51.5208930969
15.3378419876,-97.6182441711,-54.6401710510
12.9311823845,-97.6182861328,-46.8178539276
15.1886808872,-97.6182689667,-48.8697385788
17.4462335110,-97.6183166504,-50.9216842651
14.7935211658,-97.6183090210,-45.2340841293
17.1739742756,-97.6183013916,-46.2185659409
19.5555071831,-97.6182289124,-47.2032403946
-1.3348231763,-59.5223207474,-38.7449407578
-2.8603026271,-59.5223789215,-38.8647518158
-4.4257556796,-59.5224208832,-38.9781351089
-1.2304811627,-59.5226526260,-40.0940847397
-2.5542327166,-59.5227241516,-40.4860229492
-3.9169411063,-59.5224742889,-40.9077081680
-1.0677996427,-59.5228538513,-41.4293346405
-2.2231040001,-59.5229063034,-42.1223049164
-3.4018402696,-59.5225238800,-42.8391036987
-1.3328506351,-64.2842254639,-38.7495622635
-2.8623649180,-64.2842607498,-38.8633012772
-4.4293881655,-64.2843017578,-38.9722900391
-1.2279399633,-64.2842903137,-40.0958576202
-2.5536278784,-64.2843294144,-40.4864711761
-3.9182359576,-64.2843694687,-40.9070672989
-1.0688062683,-64.2843503952,-41.4257745743
-2.2211939692,-64.2843923569,-42.1241655350
-3.3994509578,-64.2844276428,-42.8443126678
-1.3346652389,-69.0461387634,-38.7449617386
-2.8601626456,-69.0461597443,-38.8647565842
-4.4256304502,-69.0461921692,-38.9781265259
-1.2303453982,-69.0459423065,-40.0940952301
-2.5541122556,-69.0459537506,-40.4860172272
-3.9168334603,-69.0462837219,-40.9076890945
-1.0676819235,-69.0458602905,-41.4293403625
-2.2230000794,-69.0458984375,-42.1222925186
-3.4017470479,-69.0463581085,-42.8390769958
15.7885031700,-16.6658625603,-123.7603683472
15.5491793156,-16.6658840179,-128.5279903412
15.3098504543,-16.6659045219,-133.2955398560
20.5737895966,-16.6658082008,-123.5418262482
20.3289380074,-16.6658601761,-128.2820758820
20.0840315819,-16.6658785343,-133.0221786499
15.7885184288,-21.4277677536,-123.7603530884
15.5491921902,-21.4277877808,-128.5279712677
15.3098649979,-21.4278078079,-133.2955322266
20.5739102364,-21.4277210236,-123.5423583984
20.3289470673,-21.4277687073,-128.2820644379
20.0839347839,-21.4277830124,-133.0216369629
15.7885377407,-26.1896815300,-123.7603378296
15.5492086411,-26.1897006035,-128.5279617310
20.5738315582,-26.1896452904,-123.5418415070
20.3289561272,-26.1896848679,-128.2820549011
20.0840578079,-26.1896977425,-133.0221405029
76.3842296600,-45.2396402359,-270.3274917603
9.3404499292,-88.1279201508,-26.6847176552
7.8080577850,-88.0910491943,-27.9989557266
6.3649559021,-88.0919265747,-29.3392877579
10.9530882835,-88.1454429626,-28.2569646835
9.3516225815,-88.0970478058,-29.5429472923
7.8442510366,-88.0922203064,-30.8532662392
12.5726239681,-88.1656036377,-29.8295273781
10.9026820660,-88.1079273224,-31.0884165764
9.3252027035,-88.0922946930,-32.3679771423
9.2267825603,-92.8533191681,-26.6490693092
7.7894960642,-92.8541107178,-27.9910616875
6.3653376102,-92.8546390533,-29.3389668465
10.8172142506,-92.8573513031,-28.2179656029
9.3170852661,-92.8545608521,-29.5296502113
7.8426613808,-92.8550624847,-30.8520903587
12.4168596268,-92.8670005798,-29.7892713547
10.8459498882,-92.8550968170,-31.0688562393
9.3199627399,-92.8554306030,-32.3651957512
9.2132393122,-97.6170444489,-26.6427192688
7.7882926464,-97.6174411774,-27.9903640747
6.3633539677,-97.6177864075,-29.3380031586
10.7887189388,-97.6173324585,-28.2057604790
9.3151657581,-97.6176624298,-29.5286517143
7.8417611122,-97.6179180145,-30.8515696526
12.3653261662,-97.6177272797,-29.7691965103
10.8420214653,-97.6178798676,-31.0669231415
9.3201627731,-97.6180496216,-32.3651404381
149.5902366638,-30.8600811958,-6.9080712795
149.6172142029,-30.8586883545,-2.3437942863
144.8119239807,-30.8650598526,-6.9434213638
144.8933067322,-30.8636026382,-2.3523210287
140.0336952209,-30.8700466156,-6.9788130522
140.1697425842,-30.8685307503,-2.3608301282
149.5951690674,-35.6219577789,-6.9067735672
149.6211204529,-35.6205358505,-2.3430895805
144.8168182373,-35.6269216537,-6.9420995712
144.8982429504,-35.6254339218,-2.3510626554
140.0386047363,-35.6318922043,-6.9774883986
140.1757087708,-35.6303443909,-2.3590535522
149.6001014709,-40.3838005066,-6.9054471254
149.6271209717,-40.3823375702,-2.3413205147
144.8217773438,-40.3887491226,-6.9407516718
144.9031791687,-40.3872251511,-2.3497720361
140.0435333252,-40.3936996460,-6.9761359692
140.1795883179,-40.3921146393,-2.3582680225
-10.3961291313,-45.2388925552,-19.4907779694
-14.0084874630,-45.2360677719,-17.7464087009
-17.5896153450,-45.2327051163,-16.0106949806
-11.8368434906,-45.2363748550,-23.0705680847
-15.4349811077,-45.2364320755,-21.7931237221
-18.9818139076,-45.2317476273,-20.5274605751
-13.2562623024,-45.2365789413,-26.6375031471
-16.8457376957,-45.2366266251,-25.8269128799
-20.4268198013,-45.2345924377,-25.0339841843
-10.3975844383,-49.9991607666,-19.4997596741
-14.0086312294,-49.9977111816,-17.7463781834
-17.5790336132,-49.9917488098,-16.0066664219
-11.8367490768,-49.9981775284,-23.0705599785
-15.4349257946,-49.9982366562,-21.7931036949
-18.9581708908,-49.9879226685,-20.5332331657
-13.2563281059,-49.9984416962,-26.6285381317
-16.8456506729,-49.9985017776,-25.8268523216
-20.4144515991,-49.9928598404,-25.0440864563
-10.4531335831,-54.7765722275,-19.5113968849
-14.0597422123,-54.7751092911,-17.7611684799
-17.6021759510,-54.7550840378,-15.9984173775
-11.8914647102,-54.7807731628,-23.0903339386
-15.4868049622,-54.7796802521,-21.8071045876
-19.0049386024,-54.7534933090,-20.5132479668
-13.2508077621,-54.7674674988,-26.6233158112
-16.8385212421,-54.7685251236,-25.8032507896
-20.4413256645,-54.7583198547,-25.0266652107
29.3573846817,-73.8087577820,-137.1876335144
29.2408103943,-73.8087749481,-141.8326873779
34.0706310272,-73.8167381287,-136.9147872925
33.9640798569,-73.8170070648,-141.5278244019
33.8581976891,-73.8165168762,-146.1409492493
29.3573861122,-78.5706710815,-137.1876182556
34.0724701881,-78.5733814240,-136.9164352417
33.9663281441,-78.5733013153,-141.5281524658
33.8601713181,-78.5732517242,-146.1399726868
34.0735049248,-83.3325767517,-136.9159660339
33.9671206474,-83.3325958252,-141.5282821655
33.8607254028,-83.3326129913,-146.1407508850
5.3650561571,-59.6866636276,-30.7634968758
4.0536985397,-59.6223630905,-32.2228903770
2.7788144350,-59.5491504669,-33.6864757538
6.8536715508,-59.6912622452,-32.2076454163
5.4837683439,-59.6441555023,-33.5080823898
4.1490357518,-59.5766477585,-34.8131427765
8.3472647667,-59.6903152466,-33.6517887115
6.9186433554,-59.6591329575,-34.7942438126
5.5373005867,-59.6046380997,-35.9310026169
5.2871960402,-64.4102706909,-30.7577424049
3.9911572933,-64.3346290588,-32.2204766273
2.7410375774,-64.2863855362,-33.6866083145
6.7695235014,-64.4233026505,-32.2038197517
5.4157485962,-64.3610477448,-33.5050573349
4.0980215073,-64.2997646332,-34.8099164963
8.2562583685,-64.4307880402,-33.6503849030
6.8437576294,-64.3838119507,-34.7903833389
5.4770025015,-64.3221302032,-35.9246921539
5.2073450089,-69.1181888580,-30.7571797371
3.9318933487,-69.0564002991,-32.2157821655
2.7208679318,-69.0436630249,-33.6808147430
6.6831364632,-69.1400279999,-32.1993870735
5.3463109732,-69.0736885071,-33.4999990463
4.0625039339,-69.0443935394,-34.8056688309
8.1619685888,-69.1570167542,-33.6421537399
6.7675411701,-69.0961208344,-34.7852706909
5.4258971214,-69.0512828827,-35.9221534729
76.3469161987,-30.9518437386,-265.7596359253
76.3171863556,-30.9518599510,-261.1930541992
76.3055706024,-30.9527292252,-256.6183662415
71.6063518524,-30.9518408775,-261.7936630249
71.5755653381,-30.9518337250,-257.2214965820
76.3462867737,-35.7137565613,-265.7597503662
76.3171386719,-35.7137384415,-261.1930007935
76.3191471100,-35.7152032852,-256.6115341187
71.6063480377,-35.7137556076,-261.7936325073
71.5755615234,-35.7137374878,-257.2214584351
76.3508186340,-40.4756126404,-265.7617263794
76.3171844482,-40.4756259918,-261.1930007935
76.3545818329,-40.4723939896,-256.6084289551
71.6063613892,-40.4756546021,-261.7936248779
71.5755786896,-40.4756422043,-257.2214775085
2.6664253585,-45.2368354797,-49.7484502792
1.5213780664,-45.2369737625,-53.6144676208
0.3757594153,-45.2371177673,-57.4819507599
5.6245073080,-45.2416934967,-49.5623378754
5.7986551523,-45.2372379303,-53.3073558807
5.9822958708,-45.2367439270,-57.0531396866
8.6765409708,-45.3119735718,-49.3859262466
10.1901185513,-45.3102579117,-53.0110502243
11.7032701969,-45.3052310944,-56.6345596313
2.6918647252,-49.9987955093,-49.7461614609
1.5213920139,-49.9988813400,-53.6144561768
0.3509443291,-49.9989290237,-57.4828910828
5.6163113117,-49.9991579056,-49.5620002747
5.7975890636,-49.9985399246,-53.3072767258
5.9819285274,-49.9986801147,-57.0532417297
8.6146377325,-50.0489549637,-49.3850297928
10.1543965340,-50.0471410751,-53.0083618164
11.6919047832,-50.0426969528,-56.6302738190
2.6665004678,-54.7607183456,-49.7484683990
1.5214083232,-54.7607889175,-53.6144409180
0.3758052159,-54.7607421875,-57.4819145203
5.6129645109,-54.7603664398,-49.5614900589
5.7971833348,-54.7605648041,-53.3073492050
5.9817780256,-54.7607383728,-57.0533123016
8.6065133810,-54.7849054337,-49.3792352676
10.1196891069,-54.7829017639,-53.0049314499
11.6315765381,-54.7814092636,-56.6302614212
16.3812038898,-16.7419185638,-78.7500953674
15.4953699112,-16.6865630150,-84.0477333069
14.6654622555,-16.6681339741,-89.3479595184
22.8429780006,-16.6692190170,-78.9140872955
21.3446493149,-16.7652385235,-84.1986007690
20.0233116150,-16.7509233952,-89.4792137146
29.4283308983,-16.5811748505,-79.0728511810
27.7494630814,-16.5581355095,-84.3476867676
25.9009566307,-16.6598081589,-89.6080474854
16.3620898724,-21.4994397163,-78.7468776703
15.4880955219,-21.4450926781,-84.0464038849
14.6697177887,-21.4297480583,-89.3480796814
22.8131971359,-21.4240503311,-78.9124279022
21.3180017471,-21.5261979103,-84.1958446503
20.0078763962,-21.5091214180,-89.4757404327
29.4203462601,-21.3228640556,-79.0706233978
27.7233953476,-21.3029499054,-84.3454761505
25.8653769493,-21.4149069786,-89.6057090759
16.3527553082,-26.2530078888,-78.7461738586
15.4807193279,-26.2022662163,-84.0459938049
14.6633186340,-26.1910223961,-89.3475418091
22.7730250359,-26.1808104515,-78.9102210999
21.2848129272,-26.2846097946,-84.1936187744
19.9907526970,-26.2631464005,-89.4734992981
29.3860354424,-26.0626745224,-79.0682640076
27.6827383041,-26.0510859489,-84.3423690796
25.8309025764,-26.1712222099,-89.6030254364
13.9208729267,-2.3791308341,-94.4874324799
13.2798876762,-2.3799287828,-99.4795284271
12.6411056519,-2.3800439726,-104.4703388214
19.1128497124,-2.3937265708,-94.5617637634
18.3007400036,-2.3799688040,-99.4766597748
17.5447549820,-2.3789582919,-104.3917922974
24.5067863464,-2.4399361927,-94.6470470428
23.5463871956,-2.4305850159,-99.4794445038
22.6177210808,-2.3994848916,-104.3128356934
13.9171860218,-7.1414883137,-94.4855079651
13.2798953056,-7.1418814659,-99.4794712067
12.6437711716,-7.1419541836,-104.4729633331
19.0583319664,-7.1651953459,-94.5749588013
18.2822909355,-7.1428285837,-99.4825916290
17.5430023670,-7.1414932013,-104.3928985596
24.4858484268,-7.2253427505,-94.6632423401
23.4810357094,-7.2147336006,-99.5055847168
22.5662541389,-7.1725063324,-104.3331375122
13.9181010723,-11.9036414623,-94.4873085022
13.2799005508,-11.9038047791,-99.4794921875
12.6423189640,-11.9038677216,-104.4714756012
19.0344524384,-11.9333527088,-94.5742492676
18.2706315517,-11.9069495201,-99.4821357727
17.5415904522,-11.9039285183,-104.3930053711
24.4583244324,-11.9937505722,-94.6668796539
23.4462509155,-11.9864349365,-99.5048561096
22.5380516052,-11.9424381256,-104.3326721191
-2.1356314793,-45.3745203018,-24.8488779068
-4.7301116586,-45.3077020645,-23.0257806778
-7.2977734804,-45.2610445023,-21.2059297562
-3.5422815979,-45.2594833374,-27.2093243599
-6.1596803665,-45.2370786667,-25.8095388412
-8.7463055849,-45.2361335754,-24.4092736244
-4.8581984639,-45.2364301682,-29.5698251724
-7.5084668398,-45.2364978790,-28.5900850296
-10.1568727493,-45.2365398407,-27.6104903221
-2.1706068665,-50.1001472473,-24.8566479683
-4.7524704337,-50.0422554016,-23.0259003639
-7.3082280159,-50.0096263885,-21.1984996796
-3.5589774549,-50.0061140060,-27.2096710205
-6.1625499725,-49.9979438782,-25.8094239235
-8.7466616631,-49.9979476929,-24.4092302322
-4.8580412865,-49.9980125427,-29.5617480278
-7.5083734989,-49.9983463287,-28.5900902748
-10.1580832005,-49.9983739853,-27.6185297966
-2.2060414478,-54.8229541779,-24.8489346504
-4.7765215635,-54.7791337967,-23.0268006325
-7.3215593100,-54.7620067596,-21.2074704170
-3.5730050206,-54.7601137161,-27.2097220421
-6.1641943455,-54.7593898773,-25.8092360497
-8.7467671633,-54.7598161697,-24.4092364311
-4.8597926497,-54.7600259781,-29.5697221756
-7.5082693100,-54.7601480484,-28.5900955200
-10.1567368507,-54.7601871490,-27.6105036736
91.1847915649,-16.6655788422,-318.1476287842
91.0895900726,-16.6662414074,-313.6663818359
91.0034713745,-16.6662015915,-309.1889038086
91.0896053314,-21.4281401634,-313.6663513184
91.0029258728,-21.4281353951,-309.1891632080
91.0034236908,-26.1900362968,-309.1888351440
25.3039970398,-59.5230073929,-123.3653049469
25.0634856224,-59.5230360031,-128.0699329376
24.8229789734,-59.5230464935,-132.7745323181
29.9811658859,-59.5244455338,-123.2430744171
29.7530245781,-59.5229759216,-127.8916950226
29.5279650688,-59.5229749680,-132.5406417847
34.7847595215,-59.5644063950,-123.1204967499
34.5006299019,-59.5478239059,-127.7132549286
34.2493042946,-59.5297775269,-132.3063316345
25.3043112755,-64.2849273682,-123.3642158508
25.0634865761,-64.2849378586,-128.0698966980
24.8226866722,-64.2849512100,-132.7755737305
29.9780445099,-64.2849903107,-123.2428779602
29.7526946068,-64.2848396301,-127.8917884827
29.5279922485,-64.2849292755,-132.5406265259
34.7216920853,-64.3192262650,-123.1201801300
34.4590559006,-64.3039922714,-127.7129077911
34.2340826988,-64.2909784317,-132.3070373535
25.3040027618,-69.0468406677,-123.3653011322
25.0634970665,-69.0468521118,-128.0699005127
24.8229975700,-69.0468654633,-132.7745132446
29.9774250984,-69.0467166901,-123.2429504395
29.7526688576,-69.0468158722,-127.8918609619
29.5280027390,-69.0468559265,-132.5406913757
34.6745576859,-69.0693550110,-123.1172542572
34.4389481544,-69.0650863647,-127.7127170563
34.2286047935,-69.0568180084,-132.3079986572
42.3104610443,-116.6658515930,-96.8616676331
41.5407066345,-116.6658477783,-101.0695190430
40.7709865570,-116.6658649445,-105.2774219513
45.6228666306,-116.6657485962,-98.0678615570
45.1678514481,-116.6658210754,-101.8826351166
44.7129106522,-116.6658592224,-105.6974258423
48.9459238052,-116.6674785614,-99.2734794617
48.7906970978,-116.6665878296,-102.6884193420
48.6479701996,-116.6659908295,-106.1048717499
42.3164453506,-121.4277324677,-96.8541469574
41.5407085419,-121.4277458191,-101.0694808960
40.7649745941,-121.4277629852,-105.2849063873
45.6228303909,-121.4277439117,-98.0678081512
45.1678514481,-121.4277420044,-101.8826122284
44.7128992081,-121.4277534485,-105.6973934174
48.9291896820,-121.4276523590,-99.2814979553
48.7943754196,-121.4278659821,-102.6946067810
48.6604404449,-121.4280490875,-106.1043491364
42.3104238510,-126.1896381378,-96.8616466522
41.5407066345,-126.1896533966,-101.0695018768
45.6227827072,-126.1896381378,-98.0677814484
45.1678504944,-126.1896457672,-101.8826179504
44.7129135132,-126.1896514893,-105.6974105835
48.9351797104,-126.1896305084,-99.2739162445
48.7950019836,-126.1896381378,-102.6956558228
48.6603946686,-126.1877937317,-106.1213512421
28.9405727386,-73.8285617828,-94.9418087006
28.0610566139,-73.8114433289,-99.6781406403
27.2159762383,-73.8086605072,-104.4146900177
33.9442067146,-73.8624057770,-95.4934711456
32.8874144554,-73.8640441895,-100.0772247314
31.9183192253,-73.8318462372,-104.6605167389
39.3344707489,-73.6764812469,-96.0399627686
38.0665416718,-73.8070201874,-100.4827632904
36.8807773590,-73.8706703186,-104.9154682159
28.9029965401,-78.5752735138,-94.9386215210
28.0533809662,-78.5706958771,-99.6779880524
27.2159924507,-78.5705204010,-104.4176292419
33.7832207680,-78.6295452118,-95.4888877869
32.7983884811,-78.5993232727,-100.0735244751
31.8753514290,-78.5765476227,-104.6599349976
39.0425682068,-78.5250873566,-96.0403690338
37.8074245453,-78.6385517120,-100.4791793823
36.7112283707,-78.6395206451,-104.9092979431
28.8909249306,-83.3327159882,-94.9412994385
28.0524320602,-83.3324012756,-99.6780834198
27.2154736519,-83.3324947357,-104.4148254395
33.6748566628,-83.3647518158,-95.4859123230
32.7445926666,-83.3400382996,-100.0721168518
31.8597426414,-83.3328475952,-104.6598281860
38.7605848312,-83.3710517883,-96.0394439697
37.6269979477,-83.4021739960,-100.4739627838
36.6008815765,-83.3697433472,-104.9069957733
15.5831825733,-45.1157331467,-31.5880742073
13.7409796715,-45.1304445267,-32.8311648369
11.7289378643,-45.2751111984,-34.0793123245
17.1805403233,-45.1161327362,-33.6144981384
15.1561949253,-45.1108064651,-34.7285213470
13.0005903244,-45.2086791992,-35.8415565491
18.7780337334,-45.1260938644,-35.6414690018
16.5689539909,-45.0986366272,-36.6263790131
14.2587871552,-45.1581010818,-37.6068162918
15.5180573463,-49.8647127151,-31.5934562683
13.6448752880,-49.9050254822,-32.8376569748
11.5911374092,-50.0880069733,-34.0888881683
17.1230027676,-49.8583679199,-33.6216478348
15.0711729527,-49.8733053207,-34.7346010208
12.8412871361,-50.0315980911,-35.8530759811
18.7284283638,-49.8612155914,-35.6502876282
16.4900596142,-49.8532323837,-36.6320858002
14.1070921421,-49.9682025909,-37.6142597198
15.4412741661,-54.6210756302,-31.6065521240
13.4982557297,-54.7154531479,-32.8498797417
11.4584124088,-54.8861198425,-34.0882759094
17.0473418236,-54.6065702438,-33.6314601898
14.9522578716,-54.6559076309,-34.7432289124
12.6840350628,-54.8490295410,-35.8601274490
18.6536364555,-54.6007757187,-35.6569671631
16.3852386475,-54.6215677261,-36.6398048401
13.9311449528,-54.7991619110,-37.6284523010
43.0029125214,-88.1242599487,-96.8731517792
41.9617424011,-88.1818599701,-101.0816268921
41.0079364777,-88.1704158783,-105.2843933105
46.8241119385,-87.9720382690,-98.0720500946
46.1233501434,-88.0401458740,-101.8890323639
45.4130268097,-88.1232795715,-105.7073192596
50.6145401001,-87.9713764191,-99.2541408539
50.3355045319,-87.9463977814,-102.6855125427
50.1445655823,-87.9579067230,-106.1273384094
42.7151298523,-92.9473838806,-96.8632068634
41.7629032135,-92.9277400970,-101.0737648010
40.8672857285,-92.8928852081,-105.2851257324
46.4596061707,-92.8445911407,-98.0699520111
45.7711429596,-92.9079608917,-101.8865642548
45.1165914536,-92.9419765472,-105.7009506226
50.2614555359,-92.7126808167,-99.2483177185
49.9594764709,-92.7371826172,-102.6718368530
49.6699504852,-92.7953624725,-106.1050300598
42.5066776276,-97.6837596893,-96.8642368317
41.6283864975,-97.6484680176,-101.0687313080
40.7964439392,-97.6258754730,-105.2763347626
46.1110734940,-97.7031345367,-98.0687484741
45.4904174805,-97.7027759552,-101.8822078705
44.9085178375,-97.6801261902,-105.6954898834
49.8869333267,-97.5577335358,-99.2372474670
49.5781812668,-97.6128177643,-102.6668548584
49.2792930603,-97.6661167145,-106.1053867340
24.6412382126,-59.5230588913,-137.4592895508
24.5144486427,-59.5230722427,-142.1371078491
29.3573546410,-59.5230464935,-137.1876487732
29.2407493591,-59.5230560303,-141.8326988220
29.1241850853,-59.5230760574,-146.4778366089
34.0756955147,-59.5235576630,-136.9155883789
33.9672756195,-59.5228509903,-141.5280113220
33.8615226746,-59.5225419998,-146.1403198242
24.6414446831,-64.2849645615,-137.4586639404
29.3573598862,-64.2849617004,-137.1876602173
29.2407679558,-64.2849683762,-141.8327064514
29.1241931915,-64.2849826813,-146.4778366089
34.0701532364,-64.2895841599,-136.9143028259
33.9607334137,-64.2939634323,-141.5277786255
33.8580207825,-64.2892389297,-146.1417198181
24.6412625313,-69.0468788147,-137.4592819214
29.3573684692,-69.0468673706,-137.1876564026
29.2407994270,-69.0468788147,-141.8327026367
29.1242332458,-69.0468883514,-146.4778366089
34.0679826736,-69.0568008423,-136.9128074646
33.9585847855,-69.0615749359,-141.5274887085
33.8561820984,-69.0564231873,-146.1427345276
18.9617624283,-102.4499301910,-26.7579636574
17.2061052322,-102.3894958496,-28.4110765457
15.5652730465,-102.3803558350,-30.0951514244
21.4698386192,-102.4951400757,-28.6728706360
19.3356752396,-102.4096164703,-30.3984942436
17.3386030197,-102.3813705444,-32.1508517265
23.9950690269,-102.5325717926,-30.5825886726
21.4815998077,-102.4371814728,-32.3870697021
19.1160006523,-102.3830451965,-34.2078752518
18.7845997810,-107.1443061829,-26.7087597847
17.1718010902,-107.1421985626,-28.3992304802
15.5692374706,-107.1422920227,-30.0931367874
21.2255258560,-107.1604251862,-28.6141409874
19.2566318512,-107.1424999237,-30.3751883507
17.3331584930,-107.1422748566,-32.1491174698
23.7072286606,-107.1966114044,-30.5257496834
21.3484230042,-107.1451950073,-32.3540878296
19.0970373154,-107.1421871185,-34.2050714493
18.7801575661,-111.9042053223,-26.7037510872
17.1716132164,-111.9041709900,-28.3991394043
15.5630733967,-111.9041595459,-30.0945229530
21.1749167442,-111.9040279388,-28.6001005173
19.2538442612,-111.9041709900,-30.3745846748
17.3329877853,-111.9041423798,-32.1489858627
23.5767140388,-111.9057941437,-30.4984679222
21.3359813690,-111.9040889740,-32.3500037193
19.1029109955,-111.9041309357,-34.2034626007
8.2457259893,-59.5750837326,-8.8106130362
6.0867577791,-59.6076192856,-9.7909471989
3.8152234852,-59.6114616394,-10.5268673897
9.9730898142,-59.5544338226,-11.9866406918
7.7378617525,-59.5982913971,-12.9383955002
5.3919370174,-59.6383562088,-13.7602012157
11.7662975788,-59.5193119049,-15.3000545502
9.4328399897,-59.5415077209,-16.2116677761
6.9773188829,-59.6017007828,-17.0822076797
8.2208443880,-64.3619260788,-8.8056993484
6.0550841093,-64.3976030350,-9.7754356861
3.7789785266,-64.4097795486,-10.5221519470
9.9539600611,-64.3330583572,-11.9852380753
7.6989239454,-64.3798522949,-12.9241948128
5.3205384612,-64.4466686249,-13.7595994473
11.7431616783,-64.2873601913,-15.3119540215
9.3860230446,-64.3160943985,-16.2173824310
6.8658775091,-64.4344072342,-17.0922539234
8.1992100477,-69.1387176514,-8.8189650774
6.0365798473,-69.1754989624,-9.7967453003
3.7424713373,-69.1898441315,-10.5362544060
9.9313849211,-69.1220512390,-12.0027604103
7.6701310873,-69.1709556580,-12.9493339062
5.2433265448,-69.2676811218,-13.7738878727
11.7037987709,-69.0614223480,-15.3270645142
9.3241103888,-69.0962047577,-16.2299809456
6.7344220877,-69.2726421356,-17.0943355560
15.6872985363,-30.8885865211,-31.5826840401
13.8997263908,-30.8711767197,-32.8263487816
12.0355503559,-30.9049115181,-34.0653924942
17.2796936035,-30.9008741379,-33.6103334427
15.3054473400,-30.8663783073,-34.7243270874
13.2609589100,-30.8824806213,-35.8340291977
18.8700094223,-30.9191670418,-35.6386871338
16.7102801800,-30.8664941788,-36.6225614548
14.4804890156,-30.8667802811,-37.6031265259
15.6591639519,-35.6294040680,-31.5788865089
13.8617365360,-35.6184911728,-32.8252792358
11.9736244678,-35.6713142395,-34.0672359467
17.2561738491,-35.6392831802,-33.6090421677
15.2693603039,-35.6104326248,-34.7232131958
13.2038905621,-35.6410112381,-35.8327817917
18.8527183533,-35.6569976807,-35.6396303177
16.6760239601,-35.6077585220,-36.6216821671
14.4251809120,-35.6192607880,-37.5994958878
15.6291279793,-40.3712491989,-31.5832266808
13.8101592064,-40.3705272675,-32.8270030022
11.8672699928,-40.4608602524,-34.0696582794
17.2237663269,-40.3771533966,-33.6104202271
15.2205088139,-40.3578090668,-34.7246780396
13.1223664284,-40.4117431641,-35.8343238831
18.8185319901,-40.3920145035,-35.6380052567
16.6296339035,-40.3511772156,-36.6229801178
14.3578155041,-40.3811254501,-37.6030378342
14.1558270454,-88.1812438965,-31.6210942268
12.3691508770,-88.1185607910,-32.8140897751
10.6713712215,-88.0926628113,-34.0237922668
15.7389221191,-88.1916332245,-33.6541061401
13.7480227947,-88.1265811920,-34.7189493179
11.8463532925,-88.0934047699,-35.7973270416
17.3266160488,-88.2010078430,-35.6861810684
15.1300776005,-88.1355571747,-36.6236295700
13.0227811337,-88.0947513580,-37.5711517334
13.9833800793,-92.8784637451,-31.5791440010
12.2940487862,-92.8557434082,-32.7906484604
10.6671228409,-92.8557300568,-34.0225982666
15.5633759499,-92.8890419006,-33.6177539825
13.6612317562,-92.8564910889,-34.6945514679
11.8352835178,-92.8559455872,-35.7927494049
17.1474759579,-92.9006137848,-35.6560029984
15.0308599472,-92.8579730988,-36.5989789963
13.0036401749,-92.8560695648,-37.5629386902
13.9150280952,-97.6185054779,-31.5566272736
12.2870552540,-97.6180896759,-32.7873992920
10.6628801823,-97.6181831360,-34.0195875168
15.4731025696,-97.6192207336,-33.5904932022
13.6503133774,-97.6182308197,-34.6900882721
11.8347573280,-97.6182918549,-35.7922496796
17.0342473984,-97.6203403473,-35.6251459122
15.0138030052,-97.6182861328,-36.5928134918
13.0066266060,-97.6183471680,-37.5649166107
1.9464391321,-31.0897483826,-35.0497961044
1.1649860628,-31.0407042503,-36.3255987167
0.4083269136,-30.9894390106,-37.5879116058
3.2797905207,-31.1107969284,-35.9865026474
2.3984821439,-31.0724210739,-37.0138664246
1.5826916248,-31.0263271332,-38.0696372986
4.6370378733,-31.1245660782,-36.9370136261
3.6467132568,-31.0953502655,-37.7706565857
2.7224299610,-31.0568833351,-38.6082849503
1.9240011722,-35.8370504379,-35.0437440872
1.1473609991,-35.7843255997,-36.3215637207
0.3953152895,-35.7367544174,-37.5891342163
3.2548376322,-35.8611564636,-35.9823579788
2.3791155815,-35.8186702728,-37.0113372803
1.5673664063,-35.7709426880,-38.0707597733
4.6091637015,-35.8776063919,-36.9373302460
3.6240860820,-35.8448915482,-37.7713508606
2.7036832273,-35.8033809662,-38.6073675156
1.9010030031,-40.5772428513,-35.0470447540
1.1285221651,-40.5228099823,-36.3245315552
0.3813672191,-40.4845352173,-37.5877056122
3.2248813510,-40.6052141190,-35.9825782776
2.3553209603,-40.5584344864,-37.0116615295
1.5484753698,-40.5115756989,-38.0687484741
4.5728352666,-40.6253881454,-36.9324216843
3.5942977667,-40.5881843567,-37.7673435211
2.6815558672,-40.5439128876,-38.6064805984
20.1052527428,-30.9245376587,-38.0847740173
17.8170804977,-30.8647294044,-38.7958030701
15.4589722157,-30.8564066887,-39.5044746399
21.0370693207,-30.9169540405,-41.0403156281
18.6292400360,-30.8563027382,-41.2429733276
16.1537725925,-30.8474969864,-41.4444217682
21.9728360176,-30.9114880562,-43.9948415756
19.4446725845,-30.8450903893,-43.6886377335
16.8521301746,-30.8366627693,-43.3841543198
20.0825276375,-35.6621065140,-38.0734529495
17.7828717232,-35.6045312881,-38.7950849533
15.4105548859,-35.6066312790,-39.5132226944
21.0137825012,-35.6534719467,-41.0390501022
18.5929498672,-35.5957269669,-41.2425155640
16.1019623280,-35.5974740982,-41.4436883926
21.9501662254,-35.6474504471,-44.0034599304
19.4068641663,-35.5839138031,-43.6885213852
16.7970263958,-35.5862751007,-43.3738603592
20.0539045334,-40.3958368301,-38.0838174820
17.7360510826,-40.3460340500,-38.7963371277
15.3413457870,-40.3637199402,-39.5042896271
20.9802875519,-40.3865423203,-41.0398969650
18.5434579849,-40.3369350433,-41.2438373566
16.0337913036,-40.3540220261,-41.4442615509
21.9128866196,-40.3794050217,-43.9947347641
19.3555021286,-40.3246726990,-43.6899757385
16.7293756008,-40.3428974152,-43.3842601776
43.7290430069,-116.6658840179,-122.7649097443
43.5998220444,-116.6659011841,-127.2606697083
48.2208118439,-116.6658573151,-122.5735912323
48.1420526505,-116.6658840179,-127.0181369781
48.0672149658,-116.6663017273,-131.4654541016
48.2154178619,-121.4327068329,-122.5724487305
48.1354570389,-121.4369564056,-127.0175838470
48.0586023331,-121.4356212616,-131.4608955383
48.2140665054,-126.1999950409,-122.5704231262
33.5514874458,-16.6659724712,-178.5548248291
33.5515027046,-26.1897921562,-178.5547904968
7.5343878269,-2.4347227607,-42.7014646530
5.7717584372,-2.4254331891,-43.0035018921
4.0003063083,-2.4085423576,-43.3219995499
7.8480601311,-2.4334302144,-44.6393280029
5.7650394440,-2.4206178784,-44.8738021851
3.6739970446,-2.3940835100,-45.1139402390
8.1605421305,-2.4322168883,-46.5780572891
5.7577375174,-2.4131021682,-46.7456121445
3.3578950167,-2.3797802749,-46.9163541794
7.4564070702,-7.2420126200,-42.7264289856
5.6735992432,-7.2237035036,-43.0351924896
3.9330992103,-7.1930216551,-43.3592004776
7.7706158161,-7.2376837730,-44.6672000885
5.6686323881,-7.2121465206,-44.9021329880
3.6108489037,-7.1708632708,-45.1300220490
8.0872701406,-7.2326350212,-46.6077432632
5.6683697701,-7.1990389824,-46.7700233459
3.3057083786,-7.1499065161,-46.9228363037
7.4488985538,-12.0351738930,-42.7292842865
5.6507273912,-12.0125443935,-43.0311832428
3.8970783353,-11.9751098156,-43.3535757065
7.7534817457,-12.0284082890,-44.6679258347
5.6417355537,-11.9975123405,-44.8976907730
3.5819161534,-11.9472088814,-45.1270484924
8.0599111319,-12.0216970444,-46.6069889069
5.6400673389,-11.9810330868,-46.7654085159
3.2881204188,-11.9204812050,-46.9228305817
47.8042736053,-73.8073730469,-190.9453201294
28.8893775940,-88.0942993164,-94.9413738251
28.0524234772,-88.0943908691,-99.6781272888
27.2154746056,-88.0944156647,-104.4148197174
33.6122512817,-88.1028327942,-95.4843387604
32.7247242928,-88.0948429108,-100.0719509125
31.8577756882,-88.0942974091,-104.6598625183
38.5273323059,-88.1664276123,-96.0338592529
37.4986562729,-88.1330127716,-100.4680881500
36.5306158066,-88.1048908234,-104.9049797058
28.8888530731,-92.8562793732,-94.9385833740
28.0524187088,-92.8563098907,-99.6781215668
27.2160005569,-92.8563175201,-104.4176521301
33.5896334648,-92.8567123413,-95.4841384888
32.7223606110,-92.8561954498,-100.0719909668
31.8577117920,-92.8562965393,-104.6599311829
38.3905239105,-92.8936634064,-96.0314064026
37.4230165482,-92.8664398193,-100.4657955170
36.5030879974,-92.8570270538,-104.9021224976
28.8893723488,-97.6182041168,-94.9414215088
28.0524210930,-97.6182193756,-99.6781024933
27.2154774666,-97.6182270050,-104.4147872925
33.5869174004,-97.6181106567,-95.4841136932
32.7223138809,-97.6181964874,-100.0720500946
31.8577175140,-97.6182289124,-104.6599292755
38.3124074936,-97.6268463135,-96.0265445709
37.3953275681,-97.6187248230,-100.4658355713
36.5000619888,-97.6180934906,-104.9050445557
61.9391107559,-102.3820724487,-184.7980041504
61.9319486618,-102.3824234009,-180.2027320862
61.9673357010,-102.3785457611,-175.5997810364
57.2141561508,-102.3803081512,-180.7110671997
57.2116222382,-102.3802986145,-176.1092529297
61.9303655624,-107.1495227814,-184.7981529236
61.9186573029,-107.1520652771,-180.2016830444
61.9150390625,-107.1512374878,-175.6011161804
61.9200735092,-111.9111213684,-175.5917778015
34.0874495506,-2.4129438675,-40.3078470230
31.0941710472,-2.4073136756,-36.7793712616
28.1086659431,-2.4014801029,-33.2493634224
29.7299704552,-2.4189901697,-41.8352050781
27.5570893288,-2.4152763812,-38.4530496597
25.3835501671,-2.4090229240,-35.0725975037
25.3540248871,-2.4103352074,-43.3641881943
23.9925861359,-2.4039902964,-40.1311626434
22.6296334267,-2.3928863084,-36.8984794617
34.1200480461,-7.1766557693,-40.3070087433
31.0891442299,-7.1748474836,-36.7730312347
28.0737771988,-7.1713925600,-33.2344784737
29.7346034050,-7.1826612949,-41.8289184570
27.5618801117,-7.1803861856,-38.4456853867
25.3891620636,-7.1768000126,-35.0636434555
25.3404998779,-7.1851814985,-43.3511371613
24.0060887337,-7.1810681820,-40.1211423874
22.6700434685,-7.1737530231,-36.8921537399
34.1108555794,-11.9406805038,-40.2996759415
31.1037292480,-11.9431965351,-36.7680482864
28.1052927971,-11.9428532124,-33.2322325706
29.7393450737,-11.9468207359,-41.8246393204
27.5670914650,-11.9464757442,-38.4413633347
25.3953046799,-11.9456651211,-35.0591011047
25.3651766777,-11.9507782459,-43.3495340347
24.0167002678,-11.9501974583,-40.1162834167
22.6675815582,-11.9487993717,-36.8837757111
7.0558609962,-88.0942459106,-42.7039003372
5.4073053598,-88.0942554474,-43.0123577118
3.7685164213,-88.0942440033,-43.3413572311
7.4017198086,-88.0942993164,-44.6453533173
5.4519284964,-88.0943012238,-44.8822278976
3.5021463633,-88.0943012238,-45.1191196442
7.7476079464,-88.0943260193,-46.5868301392
5.4974429607,-88.0943241119,-46.7528657913
3.2472851574,-88.0943183899,-46.9189157486
7.0500462055,-92.8563060760,-42.7023706436
5.4071348906,-92.8562946320,-43.0120277405
3.7745970488,-92.8562889099,-43.3426570892
7.4016736746,-92.8563137054,-44.6452207565
5.4518988132,-92.8562984467,-44.8821191788
7.7533230782,-92.8563060760,-46.5880842209
5.4974296093,-92.8562870026,-46.7527818680
7.0556914806,-97.6182823181,-42.7036495209
7.4016146660,-97.6182670593,-44.6451578140
7.7475471497,-97.6182498932,-46.5866746902
15.1936898232,-30.9813146591,-23.2140173912
13.7867982388,-30.9190516472,-24.3245725632
12.3538994789,-30.8895730972,-25.4407401085
16.9586489201,-31.0060172081,-24.2246565819
15.5127179623,-30.9556756020,-25.5613489151
14.0274446011,-30.8983216286,-26.9054074287
18.7034749985,-31.0079073906,-25.2378959656
17.2272412777,-30.9893336296,-26.8018894196
15.6944818497,-30.9190711975,-28.3728127480
15.1896679401,-35.7333269119,-23.2141180038
13.7775561810,-35.6671934128,-24.3228163719
12.3372435570,-35.6388549805,-25.4356408119
16.9593279362,-35.7640752792,-24.2192225456
15.5053720474,-35.7022390366,-25.5586442947
14.0109207630,-35.6437072754,-26.9042382240
18.7088484764,-35.7708606720,-25.2278580666
17.2234492302,-35.7399234772,-26.7981953621
15.6787319183,-35.6616287231,-28.3756780624
15.1817324162,-40.4772338867,-23.2093167305
13.7617106438,-40.4137067795,-24.3249068260
12.3084914684,-40.3897590637,-25.4431538582
16.9564485550,-40.5154857635,-24.2167892456
15.4913949966,-40.4430046082,-25.5596146584
13.9862987995,-40.3894233704,-26.9069166183
18.7114357948,-40.5316286087,-25.2284197807
17.2137269974,-40.4827060699,-26.7973728180
15.6581413746,-40.4025468826,-28.3731880188
20.7046155930,-2.3767380366,-26.7671871185
19.0689959526,-2.3606099671,-28.4659457207
17.4095571041,-2.3273714897,-30.1680436134
23.0902543068,-2.3901675931,-28.6573209763
21.1636438370,-2.3858742502,-30.4313092232
19.2083635330,-2.3484473156,-32.2110390663
25.4797616005,-2.3971087512,-30.5457382202
23.2528891563,-2.3998469712,-32.3989863396
20.9969749451,-2.3724549511,-34.2565202713
20.7044591904,-7.1613181829,-26.7587642670
19.0804214478,-7.1550726891,-28.4547424316
17.4197440147,-7.1195749044,-30.1588678360
23.0870151520,-7.1648970842,-28.6500458717
21.1759786606,-7.1686851978,-30.4193530083
19.2111921310,-7.1372033358,-32.2014298439
25.4838752747,-7.1675837040,-30.5343708992
23.2612476349,-7.1730901003,-32.3881387711
20.9947600365,-7.1576145887,-34.2473917007
20.7194595337,-11.9373652935,-26.7474427223
19.0958585739,-11.9384937286,-28.4432349205
17.4325273037,-11.9037768841,-30.1462750435
23.0945410728,-11.9384825230,-28.6431818008
21.1860709190,-11.9440174103,-30.4117612839
19.2269167900,-11.9217398167,-32.1909661293
25.4852652550,-11.9394340515,-30.5307745934
23.2687258720,-11.9448924065,-32.3826332092
21.0159597397,-11.9399323463,-34.2383165359
11.0497760773,-116.6659851074,-17.8638882637
8.9573123455,-116.6659870148,-18.7544841766
11.5793919563,-116.6660079956,-19.7859191895
9.8103871346,-116.6660099030,-20.7233872414
12.1090123653,-116.6660270691,-21.7079372406
10.6634662151,-116.6660289764,-22.6922874451
11.3861854076,-45.3632335663,-48.4276199341
13.5988018513,-45.3574056625,-51.5506601334
15.8851656914,-45.2950706482,-54.6626205444
13.5180335045,-45.3392200470,-46.8580732346
16.0517318249,-45.2111768723,-48.8988943100
18.5868544579,-45.0803184509,-50.9326896667
15.8202402592,-45.1817731857,-45.2677516937
18.5304007530,-45.0656156540,-46.2406435013
21.1366863251,-45.0568151474,-47.2169237137
11.3265066147,-50.1119251251,-48.4039554596
13.5216453075,-50.1141805649,-51.5475244522
15.7509071827,-50.0958137512,-54.6877117157
13.4221892357,-50.1126546860,-46.8564767838
15.9014835358,-50.0260400772,-48.9056463242
18.4299218655,-49.8965435028,-50.9438409805
15.6737616062,-49.9859094620,-45.2926292419
18.4125483036,-49.8433341980,-46.2436952591
21.0557579994,-49.7989902496,-47.1985101700
11.2600207329,-54.8535118103,-48.4205684662
13.4458742142,-54.8614578247,-51.5437707901
15.6520502567,-54.8635396957,-54.6673698425
13.3272950649,-54.8779697418,-46.8538236618
15.7489950657,-54.8391628265,-48.9109878540
18.2749214172,-54.7088222504,-50.9520835876
15.5109779835,-54.8054695129,-45.2785320282
18.2522373199,-54.6502170563,-46.2498016357
20.9401922226,-54.5527153015,-47.2211799622
10.6714231968,-45.1766729355,-26.7008781433
8.8452126980,-45.3438463211,-28.0630440712
7.0991905928,-45.4361658096,-29.3987221718
12.3335542679,-45.1412200928,-28.2547287941
10.5367031097,-45.2464799881,-29.5898618698
8.6672837734,-45.4009895325,-30.9168496132
13.9814460278,-45.1230077744,-29.8091068268
12.2108256817,-45.1677742004,-31.1171441078
10.2651171684,-45.3450107574,-32.4314560890
10.5652465820,-49.9731941223,-26.7088088989
8.7245252132,-50.1538667679,-28.0655660629
7.0264267921,-50.2049102783,-29.3952898979
12.2548780441,-49.9115047455,-28.2628898621
10.3900852203,-50.0726537704,-29.6003799438
8.5808535814,-50.1781978607,-30.9147429466
13.9158306122,-49.8800382614,-29.8178815842
12.0825514793,-49.9730386734,-31.1270685196
10.1521544456,-50.1386995316,-32.4318966866
10.4215803146,-54.7983150482,-26.7209858894
8.6200606823,-54.9433546066,-28.0636687279
6.9449162483,-54.9679822922,-29.3902606964
12.1390316486,-54.7056837082,-28.2738885880
10.2465422153,-54.8907718658,-29.6062998772
8.4914472103,-54.9481840134,-30.9119024277
13.8242287636,-54.6486167908,-29.8281307220
11.9158761501,-54.8063554764,-31.1404719353
10.0478935242,-54.9206018448,-32.4313316345
27.0661091805,-102.5072174072,-1.5567533672
26.4541988373,-102.5159416199,-4.6329845786
25.8092579842,-102.5261688232,-7.7168730497
31.7960791588,-102.4379463196,-1.6678083539
31.0429139137,-102.4402656555,-5.0052182674
30.2741494179,-102.4442691803,-8.3472000360
36.4551286697,-102.4194469452,-1.7787982225
35.5539703369,-102.4200305939,-5.3839961290
34.6516742706,-102.4209957123,-8.9900158644
26.7025642395,-107.5252914429,-1.5687046945
26.0651459694,-107.5368900299,-4.6551173329
25.3733463287,-107.5369377136,-7.7483055592
31.6315422058,-107.2527885437,-1.6726772785
30.8415479660,-107.2723484039,-5.0204831958
30.0059356689,-107.3052825928,-8.3736875057
36.4176273346,-107.1898479462,-1.7726316750
35.4840097427,-107.1935653687,-5.3973394036
34.5436267853,-107.1912631989,-9.0225968361
26.1005101204,-112.3850841522,-1.5682224631
25.3858809471,-112.3198261261,-4.6613705754
24.6294484138,-112.2326908112,-7.7407914400
31.2311806679,-112.2542457581,-1.6771265268
30.4039907455,-112.2707023621,-5.0345961452
29.5000181198,-112.2967262268,-8.3937989473
36.2147521973,-111.9802131653,-1.7793799639
35.2407474518,-112.0121803284,-5.3995904326
34.2276482582,-112.0570430756,-9.0243738890
90.6911735535,-73.8089904785,-286.6416397095
90.6424598694,-73.8090076447,-282.1146621704
90.6418647766,-78.5708923340,-282.1150054932
12.7623543739,-73.7827491760,-17.9788126945
10.4071960449,-73.8609390259,-18.8842315674
7.8443198204,-74.0768775940,-19.7525234222
13.2071347237,-73.7550754547,-19.9051547050
11.1438183784,-73.8618068695,-20.8536872864
8.9471281767,-74.0475425720,-21.7696237564
13.6436254978,-73.7361354828,-21.8286747932
11.8844461441,-73.8684406281,-22.8193230629
10.0737807751,-74.0186100006,-23.7866058350
12.6672410965,-78.5613632202,-18.0029053688
10.2145106792,-78.7184906006,-18.9021954536
7.6895092726,-78.8383007050,-19.7521715164
13.0757644176,-78.5445728302,-19.9293093681
10.9209301472,-78.7279376984,-20.8670072556
8.7962728739,-78.8071269989,-21.7705574036
13.4646732807,-78.5563449860,-21.8522582054
11.6464226246,-78.7385025024,-22.8311586380
9.9235241413,-78.7812900543,-23.7882366180
12.5004117489,-83.3833045959,-18.0333914757
9.9871413708,-83.5601100922,-18.9102935791
7.5301074982,-83.5601711273,-19.7556943893
12.8569104671,-83.4097747803,-19.9567313194
10.6906263828,-83.5548381805,-20.8716502190
8.6269447803,-83.5319824219,-21.7702279091
13.2068712711,-83.4433517456,-21.8720636368
11.4306242466,-83.5380249023,-22.8327689171
9.7448894978,-83.5107803345,-23.7837138176
33.2596850395,-45.2844076157,-56.3012628555
34.1763443947,-45.2845258713,-50.5758552551
35.0925984383,-45.2819051743,-44.8515281677
27.1287393570,-45.1675491333,-56.2219839096
28.6955180168,-45.2696666718,-51.1279592514
30.1491065025,-45.2866249084,-46.0399599075
20.5163831711,-45.0790815353,-56.1357765198
22.9062581062,-45.0693941116,-51.6882381439
25.0950446129,-45.1987714767,-47.2354593277
33.2710113525,-50.0449371338,-56.3122301102
34.1812548637,-50.0463647842,-50.5753068924
35.0862956047,-50.0437402725,-44.8391170502
27.0707287788,-49.8907604218,-56.2243003845
28.6729941368,-50.0098495483,-51.1301937103
30.1513881683,-50.0462913513,-46.0388555527
20.3328738213,-49.8983860016,-56.1296119690
22.8161087036,-49.8073148727,-51.6928110123
25.0583319664,-49.9197425842,-47.2493457794
33.2631711960,-54.8022899628,-56.3019218445
34.1860456467,-54.8079309464,-50.5730648041
35.1059594154,-54.8074769974,-44.8437490463
26.9907708168,-54.6114292145,-56.2253646851
28.6337924004,-54.7364778519,-51.1324205399
30.1510634422,-54.8031949997,-46.0377206802
20.1906301975,-54.7036485672,-56.1464052200
22.7025060654,-54.5539722443,-51.6972789764
24.9838213921,-54.6359739304,-47.2402629852
39.2395114899,-88.0947227478,-122.9560527802
39.0576686859,-88.0943412781,-127.5032825470
38.8772735596,-88.0944461823,-132.0506629944
43.8233289719,-88.1297302246,-122.7592678070
43.6369838715,-88.1085758209,-127.2576961517
43.4782781601,-88.0969467163,-131.7557983398
48.8438787460,-88.1420097351,-122.5454139709
48.4690885544,-88.1537284851,-127.0018386841
48.2367191315,-88.1437587738,-131.4528083801
39.2388734818,-92.8562507629,-122.9551391602
39.0575761795,-92.8563365936,-127.5033397675
38.8763217926,-92.8563766479,-132.0516357422
43.7527389526,-92.8638763428,-122.7631435394
43.6038503647,-92.8573017120,-127.2602348328
43.4709520340,-92.8562583923,-131.7564315796
48.4646949768,-92.9303569794,-122.5688762665
48.2754106522,-92.9028034210,-127.0133819580
48.1199493408,-92.8754062653,-131.4592132568
39.2378787994,-97.6182479858,-122.9561557770
39.0575790405,-97.6182727814,-127.5033397675
38.8772783279,-97.6182746887,-132.0506515503
43.7306947708,-97.6183166504,-122.7648067474
43.5998849869,-97.6181316376,-127.2606372833
43.4705734253,-97.6182117462,-131.7565345764
48.3121232986,-97.6498451233,-122.5698013306
48.1765489578,-97.6291942596,-127.0167255402
48.0715694427,-97.6200351715,-131.4616279602
9.3194861412,-16.8201088905,-42.1253776550
9.7891061306,-16.8149054050,-44.0569810867
10.2598345280,-16.8105823994,-45.9890651703
11.2665786743,-16.7778367996,-41.2167596817
11.8187832832,-16.7666559219,-43.0597553253
12.3843324184,-16.7479717731,-44.9031152725
13.3662574291,-16.6392545700,-40.2938899994
13.9855525494,-16.6321082115,-42.0519437790
14.6080052853,-16.6221504211,-43.8098211288
9.3028576374,-21.5888280869,-42.1247701645
9.7701504230,-21.5832486153,-44.0581789017
10.2385716438,-21.5786652565,-45.9920129776
11.2383048534,-21.5455350876,-41.2190532684
11.7845833302,-21.5365490913,-43.0631494522
12.3417546749,-21.5220265388,-44.9068660736
13.3444492817,-21.3956294060,-40.2938251495
13.9645934105,-21.3863258362,-42.0504579544
14.5882065296,-21.3736357689,-43.8065795898
9.2741816044,-26.3532023430,-42.1257877350
9.7423973083,-26.3474640846,-44.0578441620
10.2118761539,-26.3425149918,-45.9902143478
11.1997377872,-26.3112120628,-41.2185726166
11.7433688641,-26.3029003143,-43.0639972687
12.2933559418,-26.2924985886,-44.9084806442
13.3078539371,-26.1528620720,-40.2886991501
13.9270164967,-26.1419992447,-42.0473442078
14.5491826534,-26.1278424263,-43.8054628372
12.2908360958,-102.7879085541,-0.8736903333
11.6323242188,-102.8467903137,-3.3947852254
10.4759330750,-102.8204765320,-5.6830115318
17.3039619923,-102.8488063812,-1.3043962717
16.6039290428,-102.8615741730,-3.8944348693
15.7130362988,-102.8575973511,-6.4554828405
22.2178611755,-102.6618919373,-1.4061189592
21.6198892593,-102.6866397858,-4.2613520026
20.9298539162,-102.7126121521,-7.1197983027
11.3905429840,-107.2091922760,-1.0908755724
10.6678071022,-107.1883602142,-3.4875171185
9.5759760141,-107.1616020203,-5.6723448038
16.4266285896,-107.5381278992,-1.2958666086
15.6690237522,-107.4807014465,-3.8637008667
14.7837400436,-107.4000720978,-6.3974399567
21.6769752502,-107.7254295349,-1.4101148546
21.0125675201,-107.6729545593,-4.2813411355
20.2583661079,-107.5773887634,-7.1379016638
11.1759819984,-111.9028587341,-1.2174237871
10.5302034616,-111.9032821655,-3.5556738973
9.4829488993,-111.9037227631,-5.7168637514
15.7982053757,-111.9195728302,-1.2910296321
15.1513423920,-111.9105911255,-3.8496659398
14.3834764957,-111.9029598236,-6.3608949184
20.8825192451,-112.1537284851,-1.4057064652
20.2395415306,-112.0829124451,-4.2501373887
19.5341544151,-111.9969921112,-7.0735806227
29.9916200638,-30.8130645752,-94.9488029480
28.7633681297,-30.9219274521,-99.6874198914
27.5698976517,-31.0195803642,-104.4267578125
35.2141141891,-30.8163709641,-95.5016002655
34.1411476135,-30.7670097351,-100.0889835358
32.9911966324,-30.7869019508,-104.6733512878
40.1708927155,-30.9772186279,-96.0375156403
39.1887340546,-30.9050035477,-100.4842987061
38.1619682312,-30.8226518631,-104.9281082153
29.9031324387,-35.5920162201,-94.9415130615
28.6842012405,-35.7011985779,-99.6831073761
27.5196132660,-35.7843198776,-104.4254379272
35.1684417725,-35.5600547791,-95.4973831177
34.0790014267,-35.5233364105,-100.0838584900
32.9113087654,-35.5647935867,-104.6663227081
40.1593713760,-35.7240600586,-96.0396461487
39.1598320007,-35.6445541382,-100.4813671112
38.1115140915,-35.5678052902,-104.9174919128
29.7773499489,-40.3921184540,-94.9437808990
28.5695252419,-40.5002307892,-99.6842803955
27.4611024857,-40.5483083725,-104.4211673737
35.1089000702,-40.3041515350,-95.4937820435
33.9959220886,-40.2879648209,-100.0810050964
32.7893357277,-40.3637523651,-104.6657905579
40.1392555237,-40.4647731781,-96.0365943909
39.1223802567,-40.3794956207,-100.4820117950
38.0593652725,-40.3093690872,-104.9216709137
13.9176611900,-45.2371940613,-94.4874973297
13.2800292969,-45.2372341156,-99.4794521332
12.6424152851,-45.2372541428,-104.4713497162
18.9739603996,-45.2392148972,-94.5671901703
18.2552626133,-45.2371673584,-99.4799327850
17.5400769711,-45.2372093201,-104.3930358887
24.1777124405,-45.3061532974,-94.6501827240
23.2852830887,-45.2665443420,-99.4815483093
22.4472293854,-45.2415180206,-104.3148746490
13.9162094593,-49.9991197586,-94.4859981537
13.2800455093,-49.9991397858,-99.4794044495
12.6439070702,-49.9991636276,-104.4728069305
18.9714474678,-49.9997491837,-94.5669326782
18.2550377846,-49.9990501404,-99.4800338745
17.5401070118,-49.9991407394,-104.3929996490
24.1321110725,-50.0513687134,-94.6494007111
23.2617564201,-50.0144767761,-99.4807510376
22.4400677681,-50.0007696152,-104.3131008148
13.9176845551,-54.7610340118,-94.4875030518
13.2800543308,-54.7610492706,-99.4794139862
12.6424415112,-54.7610702515,-104.4713172913
18.9703111649,-54.7610330582,-94.5669822693
18.2549834251,-54.7609920502,-99.4800949097
17.5401244164,-54.7610635757,-104.3930625916
24.0894775391,-54.7932310104,-94.6469383240
23.2435722351,-54.7668533325,-99.4806938171
22.4389724731,-54.7614097595,-104.3144321442
0.2240054477,-88.0935401917,-34.2173070908
-1.6222644970,-88.0934886932,-33.4497613907
-3.3780964017,-88.0777721405,-32.6828193665
-0.4069140125,-88.0937805176,-35.7538719177
-2.1766452491,-88.0937824249,-35.2930984497
-1.0551391393,-88.0939693451,-37.2728023529
0.2252375297,-92.8559188843,-34.2228679657
-1.6225097775,-92.8559246063,-33.4495000839
-0.4070736505,-92.8560829163,-35.7536592484
25.3040127754,-73.8087368011,-123.3652877808
25.0635051727,-73.8087482452,-128.0698909760
24.8230071068,-73.8087615967,-132.7745132446
29.9773473740,-73.8087024689,-123.2430229187
29.7526917458,-73.8087425232,-127.8918724060
29.5280008316,-73.8087463379,-132.5406761169
34.6536493301,-73.8186569214,-123.1198673248
34.4393610954,-73.8171138763,-127.7131557465
34.2302145958,-73.8165473938,-132.3064804077
25.3043222427,-78.5706520081,-123.3641777039
25.0635128021,-78.5706634521,-128.0698547363
29.9773693085,-78.5706462860,-123.2430419922
29.7526841164,-78.5706520081,-127.8918399811
29.5280103683,-78.5706577301,-132.5406074524
34.6501150131,-78.5735778809,-123.1215572357
34.4409499168,-78.5733947754,-127.7135200500
34.2324376106,-78.5733833313,-132.3055076599
25.3040261269,-83.3325538635,-123.3652629852
29.9773621559,-83.3325481415,-123.2430248260
29.7526917458,-83.3325557709,-127.8918399811
29.5280156136,-83.3325672150,-132.5406455994
34.6507139206,-83.3324470520,-123.1206531525
34.4418635368,-83.3325309753,-127.7137680054
34.2330250740,-83.3325595856,-132.3068084717
9.0880318880,-45.3837289810,-42.1184120178
9.5588731766,-45.3745355606,-44.0510520935
10.0314366817,-45.3662853241,-45.9837303162
10.9500200748,-45.3797082901,-41.2121963501
11.4880659580,-45.3728199005,-43.0589427948
12.0279335976,-45.3664731979,-44.9059057236
12.8795783520,-45.3180303574,-40.3030881882
13.4969356060,-45.3049421310,-42.0618705750
14.1279797554,-45.2814559937,-43.8186435699
9.0277155638,-50.1328220367,-42.1137561798
9.4988536835,-50.1226511002,-44.0478878021
9.9720258713,-50.1129884720,-45.9820480347
10.8707270622,-50.1420726776,-41.2097291946
11.4084906578,-50.1349096298,-43.0563230515
11.9479820728,-50.1283731461,-44.9031476974
12.7671229839,-50.1049308777,-40.3048372269
13.3795571327,-50.0949687958,-42.0638933182
13.9961278439,-50.0841312408,-43.8225069046
8.9623180628,-54.8753786087,-42.1119966507
9.4375185966,-54.8640031815,-44.0444269180
9.9144992828,-54.8528661728,-45.9769439697
10.7874236107,-54.8989000320,-41.2069644928
11.3257069588,-54.8912210464,-43.0535526276
11.8658285141,-54.8842706680,-44.9002857208
12.6591753960,-54.8840131760,-40.3020830154
13.2669210434,-54.8763494492,-42.0629825592
13.8780419827,-54.8679580688,-43.8240509033
4.9554622769,-102.3801631927,-20.9710407257
3.1557609141,-102.3803672791,-22.7500147820
1.3561935872,-102.3804531097,-24.5290570259
6.3394923210,-102.3802585602,-22.9328150749
4.7029132843,-102.3803768158,-24.5384011269
3.0664196312,-102.3804340363,-26.1440467834
7.7235581875,-102.3802967072,-24.8945670128
6.2500662804,-102.3803825378,-26.3267850876
4.7766367197,-102.3804187775,-27.7590427399
4.9579266310,-107.1422615051,-20.9675302505
3.1553616822,-107.1423130035,-22.7499208450
1.3528133780,-107.1423377991,-24.5323309898
6.3389631510,-107.1422863007,-22.9326152802
4.7025573254,-107.1423130035,-24.5383009911
3.0661692619,-107.1423187256,-26.1439962387
7.7199838161,-107.1423034668,-24.8977046013
6.2497437000,-107.1423130035,-26.3266820908
4.7795162797,-107.1423053741,-27.7556667328
4.9546238780,-111.9041538239,-20.9707503319
6.3387811184,-111.9041633606,-22.9325275421
7.7229292393,-111.9041728973,-24.8943047523
15.0605103970,-59.4283885956,-23.2528929710
13.5833745003,-59.4161796570,-24.3709297180
12.0388379097,-59.4552373886,-25.4824948311
16.8598761559,-59.4471759796,-24.2499084473
15.3325276375,-59.4028396606,-25.6029944420
13.7483537197,-59.4084148407,-26.9497976303
18.6556358337,-59.4933156967,-25.2462973595
17.0757803917,-59.4087762833,-26.8330841064
15.4439361095,-59.3844099045,-28.4147558212
14.9956786633,-64.1769523621,-23.2778973579
13.4948277473,-64.1826305389,-24.3871440887
11.8823802471,-64.2800521851,-25.4922094345
16.8040077686,-64.1790189743,-24.2715349197
15.2517573833,-64.1562414169,-25.6223235130
13.6248366833,-64.1950931549,-26.9653272629
18.6085267067,-64.2090930939,-25.2615880966
17.0032296181,-64.1483659744,-26.8530421257
15.3366637230,-64.1504125595,-28.4361515045
14.9122743607,-68.9355735779,-23.2936830521
13.3721225262,-68.9685287476,-24.4039769173
11.6756670475,-69.1398563385,-25.5103917122
16.7284736633,-68.9215068817,-24.2956981659
15.1444261074,-68.9231777191,-25.6420774460
13.4341902733,-69.0368137360,-26.9826464653
18.5398578644,-68.9298839569,-25.2898845673
16.9062454700,-68.9002285004,-26.8749208450
15.1833982468,-68.9512119293,-28.4501247406
9.2117630243,-102.3803005219,-26.6424231529
7.7871446609,-102.3803787231,-27.9901142120
6.3625897169,-102.3804054260,-29.3378400803
10.7873139381,-102.3802986145,-28.2054057121
9.3141510487,-102.3803691864,-29.5283961296
7.8410588503,-102.3803920746,-30.8514180183
12.3628537655,-102.3803100586,-29.7683758736
10.8411631584,-102.3803558350,-31.0666589737
9.3195273876,-102.3803710938,-32.3649907112
9.2103981972,-107.1423110962,-26.6417918205
7.7868398428,-107.1423149109,-27.9900183678
6.3632934093,-107.1423015594,-29.3382472992
10.7868704796,-107.1423053741,-28.2052521706
9.3138483763,-107.1423053741,-29.5283088684
7.8408415318,-107.1422920227,-30.8513541222
12.3633484840,-107.1422977448,-29.7687087059
10.8408596516,-107.1422882080,-31.0665798187
9.3183866739,-107.1422767639,-32.3644576073
9.2111666203,-111.9041767120,-26.6421794891
10.7867183685,-111.9041728973,-28.2051692009
9.3137294054,-111.9041633606,-29.5282392502
12.3622722626,-111.9041633606,-29.7681541443
10.8407461643,-111.9041500092,-31.0665121078
2.6707425565,-16.6663780212,-49.7487621307
1.5212789923,-16.6653783321,-53.6144676208
0.3756180927,-16.6656084061,-57.4820261002
5.6871478558,-16.7159507275,-49.5651397705
5.8278051019,-16.6825172901,-53.3074760437
5.9913422465,-16.6700043678,-57.0535898209
8.8270875216,-16.7912838459,-49.3919277191
10.3452644348,-16.7903828621,-53.0180377960
11.8660140038,-16.8013677597,-56.6424455643
2.6948191747,-21.4285688400,-49.7462205887
1.5212278739,-21.4273200035,-53.6144685745
0.3508273549,-21.4274291992,-57.4829702377
5.6785588264,-21.4768567085,-49.5642108917
5.8211534023,-21.4420495033,-53.3070268631
5.9884967208,-21.4316811562,-57.0534057617
8.7832168341,-21.5567741394,-49.3938913345
10.3282375336,-21.5555710793,-53.0176658630
11.8758943081,-21.5664372444,-56.6390028000
2.6686165407,-26.1902770996,-49.7484359741
1.5212343708,-26.1892623901,-53.6144580841
0.3756936379,-26.1892595291,-57.4819965363
5.6702368259,-26.2335586548,-49.5639286041
5.8157203794,-26.2001070976,-53.3072528839
5.9865907431,-26.1924328804,-57.0532836914
8.7923724651,-26.3169760704,-49.3913650513
10.3084433079,-26.3146800995,-53.0170125961
11.8273618221,-26.3238868713,-56.6399354935
15.7885887623,-45.2373180389,-123.7602863312
20.5738825798,-45.2373037338,-123.5418262482
20.3289995193,-45.2373170853,-128.2820014954
20.0841121674,-45.2373332977,-133.0221061707
15.7885968685,-49.9992237091,-123.7602767944
20.5739955902,-49.9992065430,-123.5423336029
20.3290104866,-49.9992246628,-128.2819900513
20.0840115547,-49.9992389679,-133.0215644836
20.5739035606,-54.7611169815,-123.5417938232
20.3290238380,-54.7611312866,-128.2819728851
20.0841317177,-54.7611465454,-133.0220718384
1.0983546227,-16.6709909439,-12.2583196163
-2.0824778229,-16.9166319370,-15.2007873058
-5.0866149068,-16.8912489414,-18.1946499348
2.9295497388,-16.6560449600,-15.4124305248
0.0701040775,-16.8955869675,-17.9015812874
-2.6058494747,-16.9028480053,-20.4063673019
4.7787916660,-16.6655857563,-18.5576035976
2.2499055564,-16.8718073368,-20.5920319557
-0.1127157584,-16.9001822472,-22.6187705994
1.1423810869,-21.4474754333,-12.2607159615
-2.0853032917,-21.7006411552,-15.1941366196
-5.0988431573,-21.6697483063,-18.1930744648
2.9450183064,-21.4312405586,-15.4180462360
0.0601139814,-21.6753540039,-17.8975462914
-2.6147893071,-21.6834387779,-20.3973975182
4.7718480825,-21.4335327148,-18.5705721378
2.2352639139,-21.6483139992,-20.5911540985
-0.1183558106,-21.6800222397,-22.6037387848
1.1754921228,-26.2215189934,-12.2718636990
-2.0827885419,-26.4837527275,-15.1882989407
-5.0986592770,-26.4395308495,-18.1761188507
2.9672495574,-26.2030830383,-15.4134612083
0.0551322848,-26.4532966614,-17.8915162086
-2.6236459613,-26.4554100037,-20.3895711899
4.7791246176,-26.2014260292,-18.5606327057
2.2207003832,-26.4238376617,-20.5874428749
-0.1372344419,-26.4523839951,-22.6063690186
8.7365974188,-88.0942115784,-42.0890035629
9.2371833324,-88.0942840576,-44.0240507126
9.7378013134,-88.0943241119,-45.9591140747
10.3955359459,-88.0941524506,-41.1691446304
10.9583363533,-88.0942401886,-43.0183238983
11.5211646557,-88.0942955017,-44.8675374985
12.0548553467,-88.0939197540,-40.2494916916
12.6797065735,-88.0940322876,-42.0127668381
13.3046543598,-88.0941123962,-43.7760915756
8.7376824617,-92.8563079834,-42.0871543884
9.2371096611,-92.8563270569,-44.0238914490
9.7365674973,-92.8563308716,-45.9606342316
10.3953945637,-92.8563079834,-41.1688804626
10.9582214355,-92.8563365936,-43.0181150436
11.5210812092,-92.8563442230,-44.8673706055
12.0531437397,-92.8563003540,-40.2506504059
12.6793663502,-92.8563365936,-42.0123882294
13.3056175709,-92.8563404083,-43.7741518021
8.7363584042,-97.6183032990,-42.0886821747
9.2370221615,-97.6182899475,-44.0238027573
9.7377002239,-97.6182746887,-45.9589233398
10.3951995373,-97.6183280945,-41.1687183380
10.9580867290,-97.6183147430,-43.0179891586
11.5209898949,-97.6182994843,-44.8672695160
12.0540668964,-97.6183528900,-40.2487697601
12.6791658401,-97.6183433533,-42.0121994019
13.3042809963,-97.6183242798,-43.7756376266
90.9265708923,-2.3805386300,-304.6972503662
90.8622283936,-2.3805406731,-300.1912841797
90.8021736145,-2.3813855498,-295.6828231812
86.2345504761,-2.3805040990,-305.3359909058
86.1653499603,-2.3804887520,-300.8268051147
86.0961475372,-2.3804752382,-296.3175659180
90.9262695312,-7.1423938274,-304.6970596313
90.8621006012,-7.1423963308,-300.1912689209
90.8061408997,-7.1423203945,-295.6805572510
86.2345561981,-7.1424108744,-305.3359680176
86.1653518677,-7.1423970461,-300.8268280029
86.0961589813,-7.1423860788,-296.3175354004
90.9270076752,-11.9042770863,-304.6968383789
90.8621406555,-11.9042818546,-300.1912307739
90.8079662323,-11.9027960300,-295.6805419922
86.2345733643,-11.9043176174,-305.3359527588
86.1653747559,-11.9043028355,-300.8267669678
86.0961723328,-11.9042925835,-296.3175354004
8.2415907383,-59.6155052185,-40.3727226257
9.9650900364,-59.6545562744,-39.4731283188
11.7300670147,-59.6621503830,-38.5752573013
7.4345084429,-59.6156673431,-38.8323974609
9.0329451561,-59.6582794189,-37.8591299057
10.6689805984,-59.6725378036,-36.8882417679
6.6417207718,-59.6167573929,-37.2822093964
8.1025683880,-59.6621723175,-36.2448558807
9.6111857891,-59.6826992035,-35.2006978989
8.1758768559,-64.3388519287,-40.3670730591
9.8800058365,-64.3913927078,-39.4682674408
11.6249730587,-64.4181270599,-38.5725383759
7.3719129562,-64.3372802734,-38.8283996582
8.9506734610,-64.3917980194,-37.8543634415
10.5664033890,-64.4239606857,-36.8839864731
6.5816628933,-64.3362064362,-37.2800388336
8.0226123333,-64.3926687241,-36.2403221130
9.5106515884,-64.4297056198,-35.1949253082
8.1179084778,-69.0624904633,-40.3621644974
9.7976658344,-69.1154899597,-39.4619626999
11.5152182579,-69.1608142853,-38.5648183823
7.3122014999,-69.0603923798,-38.8222284317
8.8699129820,-69.1125888824,-37.8485174179
10.4635007381,-69.1617355347,-36.8779001236
6.5198127031,-69.0585422516,-37.2726001740
7.9432274103,-69.1098423004,-36.2349443436
9.4139802456,-69.1628284454,-35.1905736923
8.1706805229,-73.9206905365,-8.8220990896
6.0095311403,-73.9612121582,-9.8044228554
3.6956617236,-73.9802341461,-10.5429978371
9.8961430788,-73.9127082825,-12.0113499165
7.6222147942,-73.9723682404,-12.9655172825
5.1480172873,-74.0772762299,-13.7812972069
11.6497068405,-73.8398933411,-15.3420171738
9.2292400599,-73.9021968842,-16.2478475571
6.5885752439,-74.0939579010,-17.0903866291
8.1379605532,-78.7006034851,-8.8159552813
5.9717295170,-78.7432441711,-9.7919569016
3.6389057338,-78.7633857727,-10.5359163284
9.8452752829,-78.7045001984,-12.0091726780
7.5415869951,-78.7817554474,-12.9551804066
5.0302221179,-78.8620605469,-13.7658987045
11.5778076649,-78.6199264526,-15.3597857952
9.0875376463,-78.7417793274,-16.2644023895
6.4395389557,-78.8725109100,-17.0868604183
8.1262842417,-83.4782867432,-8.8252272606
5.9515352249,-83.5198726654,-9.8160431385
3.5763640404,-83.5268630981,-10.5485346317
9.7987333536,-83.5022659302,-12.0358536243
7.4575872421,-83.5883274078,-12.9903960228
4.9000470042,-83.6238479614,-13.7840659618
11.4749510288,-83.4119548798,-15.3908088207
8.9068216085,-83.5670509338,-16.2799191475
6.2731566429,-83.6039600372,-17.0906233788
5.1261180043,-73.8273239136,-30.7496914864
3.8964629173,-73.8047275543,-32.2103519440
2.7176660597,-73.8071613312,-33.6797542572
6.5935300589,-73.8451480865,-32.1916475296
5.2932448983,-73.8079929352,-33.4927396774
4.0514391661,-73.8067836761,-34.8030653000
8.0664130449,-73.8659706116,-33.6345024109
6.6982554197,-73.8172092438,-34.7766981125
5.3999356031,-73.8057308197,-35.9172573090
5.0714396834,-78.5664920807,-30.7371883392
3.8886305690,-78.5686244965,-32.2079157829
2.7188203931,-78.5691776276,-33.6826944351
6.5222303867,-78.5713615417,-32.1799931526
5.2740881443,-78.5682697296,-33.4879455566
4.0510168672,-78.5693111420,-34.8027696609
7.9801608324,-78.5810317993,-33.6244029999
6.6621235609,-78.5674781799,-34.7688646317
5.3956024647,-78.5693817139,-35.9130334854
5.0596361756,-83.3301734924,-30.7359852791
3.8886474371,-83.3308467865,-32.2077026367
2.7179583609,-83.3312206268,-33.6795616150
6.4964146614,-83.3301219940,-32.1726136208
5.2730850577,-83.3310718536,-33.4873466492
4.0511406660,-83.3313617706,-34.8026313782
7.9353775978,-83.3296871185,-33.6100797653
6.6575278044,-83.3312301636,-34.7669858932
5.3967703581,-83.3314971924,-35.9158515930
27.4942831993,-2.3013835913,-8.0308662653
26.9396557808,-2.2885449585,-4.6814565063
28.8706679344,-2.2907122243,-1.5350505114
26.2816433907,-7.1085600853,-7.8575739861
26.0986599922,-7.1077078581,-4.6037736535
27.5790419579,-7.1067379713,-1.4860190749
27.4767422676,-11.8988645077,-8.0025246143
26.9128837585,-11.9075186253,-4.6681226492
28.8411765099,-11.9039833546,-1.5377910137
29.4289002419,-7.1077048779,-4.8844574094
34.4270348549,-7.1129340911,-5.3044418097
31.9295458794,-2.3029226018,-5.0986295938
25.2914628983,-2.3084193431,-13.9275739193
26.9822921753,-2.3056447739,-11.0756802559
24.5897736549,-7.1150398254,-13.7231993675
25.8514733315,-7.1108359098,-10.8246572018
25.2917990685,-11.9067330360,-13.8990566730
26.9725961685,-11.9005217552,-11.0506496429
119.6163043976,-2.3109573340,-2.3908340931
120.5696105957,-2.3045565877,-7.1227384806
120.9583301544,-7.0784157515,-2.3855596781
121.4827175140,-7.0799050331,-7.1167099476
119.6270618439,-11.8481905460,-2.3893467784
120.5809020996,-11.8572196960,-7.1201928854
117.8782062531,-7.0837267637,-7.1321576238
112.4713764191,-7.0894637350,-7.1636258364
115.1739387512,-2.3173129186,-7.1538727880
115.1876850128,-11.8558919430,-7.1514049768
125.1632480621,-2.3681240631,-389.9759597778
126.4674530029,-2.3797996045,-385.4711380005
125.1867637634,-7.1421072483,-385.5299758911
126.4667510986,-11.9075543880,-385.4686203003
127.7393150330,-7.1422765255,-389.8723983765
132.8807106018,-7.1448444404,-389.6617431641
130.2996387482,-2.3822590550,-389.7666702271
130.2961387634,-11.9071798325,-389.7663879395
127.7482109070,-2.3659650965,-378.1533660889
126.0333766937,-7.1414828300,-379.9342346191
127.7360172272,-11.8876852989,-378.1713027954
127.7642478943,-7.1219389532,-373.1422500610
132.9472770691,-7.0946552088,-377.8723220825
34.0575571060,-2.3947544093,-33.6982297897
31.0679507256,-2.3876888843,-29.1376237869
33.6722402573,-7.1689532995,-34.4411373138
30.6316456795,-7.1625721455,-29.5520892143
34.0728516579,-11.9490890503,-33.6752319336
31.1271429062,-11.9362654686,-29.0679960251
35.4101266861,-7.1618413925,-30.3593444824
120.3446788788,-2.3783215708,-379.8236465454
120.3556346893,-7.1421911716,-381.0619354248
120.3458728790,-11.9067947865,-379.8223724365
115.2414379120,-7.1422222853,-377.8222503662
115.1738090515,-7.1399692653,-372.8971099854
115.4968280792,-2.3775040160,-375.8788681030
115.5027580261,-11.9022479057,-375.8725280762
113.9532909393,-7.1394633333,-368.5805969238
112.1374530792,-7.1406807985,-364.3368301392
113.7462348938,-7.1392274435,-359.8156280518
118.9827003479,-7.1373887109,-363.7949066162
104.6024456024,-7.1470069237,-338.7144622803
101.9455966949,-2.3929352321,-339.0216979980
101.9697341919,-11.8984386921,-339.0191879272
98.9947528839,-2.3962006794,-326.0626678467
97.2627773285,-7.1426073313,-326.2791976929
98.9925251007,-11.8888573647,-326.0638732910
104.2381610870,-7.1426555329,-325.4141006470
97.2499904633,-2.3828379537,-303.8764801025
95.8579769135,-2.3646045087,-299.5361175537
97.2463760376,-2.3535597876,-294.8363189697
95.9271984100,-7.1422268152,-304.0447769165
94.9621143341,-7.1419820786,-299.6491622925
95.8490734100,-7.1391144991,-295.0272903442
97.2440547943,-11.8991465569,-303.8758850098
95.8542480469,-11.9177763462,-299.5373382568
97.2007217407,-11.9019522667,-294.8490066528
98.5552692413,-7.1372528076,-299.2011871338
104.3050231934,-7.1272286782,-298.5270538330
101.4212512970,-2.3544263644,-298.8472900391
101.3676795959,-11.9013037682,-298.8588333130
98.5633907318,-2.3146683309,-286.8158264160
96.1989040375,-7.1292680502,-288.2222671509
98.5289249420,-11.8493382931,-286.8138198853
98.4133377075,-7.0430898732,-281.2186813354
104.7492752075,-7.0930154785,-286.6863784790
81.4284858704,-2.3775786168,-274.2232589722
82.7255077362,-2.3828144706,-269.5007629395
80.5443153381,-7.1422879696,-274.3369064331
81.3979625702,-7.1423239708,-269.6733703613
81.4275398254,-11.9068465233,-274.2236022949
82.7155189514,-11.8989789486,-269.5041351318
82.6954631805,-2.3799698644,-264.9437103271
81.3320808411,-2.3631307442,-260.5498733521
82.7927360535,-2.3570003974,-255.7917442322
81.3616847992,-7.1419849396,-265.1153182983
80.4290027618,-7.1416689157,-260.6652069092
81.3649730682,-7.1416481733,-255.9848594666
82.6829586029,-11.9019103050,-264.9452285767
81.3241653442,-11.9182844162,-260.5519256592
82.7203197479,-11.9064612389,-255.8089294434
84.0501880646,-7.1388725042,-260.2126922607
89.8519439697,-7.1401522793,-259.5457115173
86.9619808197,-2.3598659150,-259.8516654968
86.8687133789,-11.9108631611,-259.8693847656
84.2097091675,-2.3123548806,-247.6846389771
81.7889919281,-7.1287918091,-249.0982856750
84.1399326324,-11.8530075550,-247.6862792969
84.0814647675,-7.0418344162,-242.0322151184
90.3843555450,-7.1016687334,-247.5661964417
67.0495510101,-2.3770813554,-234.8412437439
68.3784217834,-2.3745985899,-230.0858612061
66.1649913788,-7.1421388388,-234.9472885132
67.0312118530,-7.1407160759,-230.2469062805
67.0484619141,-11.9069521427,-234.8415107727
68.3900299072,-11.8992564678,-230.0802078247
69.5742740631,-2.3777099680,-221.9257354736
67.3337659836,-7.1408334970,-223.3200302124
69.5291318893,-11.8881340027,-221.9073944092
69.2980051041,-7.1215183573,-216.2090682983
75.5677070618,-7.1679770551,-221.8454666138
50.4193887711,-2.4330445309,-90.8816432953
48.2659263611,-7.1856250763,-90.4529304504
50.4293870926,-11.9334409237,-90.8728256226
53.6946897507,-7.1807185672,-94.7402191162
44.0748004913,-2.3957257229,-105.3502616882
43.6357393265,-2.4078778775,-101.1432056427
45.2632093430,-2.4288005205,-97.3961467743
42.9931058884,-7.1756652594,-105.2090415955
42.9546413422,-7.1911922693,-100.9866981506
44.3228635788,-7.1922926903,-97.0778846741
44.0938816071,-11.9518127441,-105.3403987885
43.6536560059,-11.9669687748,-101.1343803406
45.2737894058,-11.9533388615,-97.3919868469
45.7061357498,-7.1920737028,-101.5999622345
49.8048324585,-7.1877413616,-102.5160217285
47.7387485504,-2.4278611420,-102.0574455261
47.7446660995,-11.9517462254,-102.0512428284
42.8331480026,-2.2112099798,-118.4231338501
41.9113388062,-2.1910759937,-114.0536842346
43.4694061279,-2.3323902828,-109.6995162964
41.5050315857,-6.9600534439,-118.4540481567
41.0365438461,-6.9919131994,-114.0569686890
42.2928161621,-7.1126730442,-109.6575336456
42.8227005005,-11.8312585354,-118.4212684631
41.9101572037,-11.8589584827,-114.0519523621
43.4972810745,-11.9261395931,-109.6933345795
44.4019165039,-7.1420763731,-114.0686836243
49.2600593567,-7.1904830486,-114.1118087769
46.8137416840,-2.3973096116,-114.0896396637
46.8286638260,-11.9421854019,-114.0865135193
41.9220466614,-2.0651835087,-131.9294319153
40.8238115311,-2.0236575808,-127.4936828613
42.4939947128,-2.1586208381,-122.9209442139
40.4002914429,-6.8191509247,-132.0142021179
39.7836217880,-6.8272236586,-127.5424118042
41.0857677460,-6.8997100592,-122.9815196991
41.8665733337,-11.6732032299,-131.9471855164
40.7652807236,-11.6773154736,-127.5049247742
42.4605464935,-11.7823629379,-122.9226016998
43.5744113922,-6.9859988689,-127.3719406128
48.8954067230,-7.1798742078,-127.0984745026
46.2578468323,-2.3063551481,-127.2384605408
46.2601633072,-11.8807477951,-127.2328224182
40.7841300964,-2.2281206249,-145.6183662415
39.6366147995,-2.1317516589,-141.1482925415
41.5612812042,-2.0725752376,-136.4920883179
39.2806472778,-7.0783035755,-145.7349929810
38.5913715363,-7.0314598083,-141.2154312134
39.9887142181,-6.8733872175,-136.5871047974
40.7413587570,-11.7978327274,-145.6382179260
39.6273231506,-11.7472629547,-141.1664619446
41.5094385147,-11.6730628014,-136.5063667297
42.6956501007,-6.8725029230,-140.9510307312
48.4892501831,-7.0376690554,-140.5995712280
45.6607942581,-2.1490638538,-140.7605667114
45.6259088516,-11.6984653473,-140.7853164673
40.1526851654,-2.3364728267,-159.4323806763
38.8909492493,-2.3434358712,-154.9516220093
40.5425634384,-2.2646867696,-150.2289085388
38.7571849823,-7.1326304674,-159.5682868958
37.9319334030,-7.1353057623,-155.0361289978
39.0388212204,-7.1090798378,-150.3438224792
40.0954914093,-11.8843030930,-159.4332695007
38.8123855591,-11.9125411510,-154.9584770203
40.4479885101,-11.8379826546,-150.2432899475
41.7113342285,-7.0891591311,-154.7271347046
47.7065496445,-7.0213990530,-154.2651252747
44.7284297943,-2.2579060814,-154.4871749878
44.6046667099,-11.8317737579,-154.4838829041
39.9509363174,-2.3846112471,-173.2939376831
38.6312122345,-2.3640767213,-168.8066139221
40.0507450104,-2.3375539452,-164.0412330627
38.6246709824,-7.1420814991,-173.4280014038
37.7333831787,-7.1418693066,-168.8958015442
38.6825971603,-7.1362968683,-164.1872062683
39.9468603134,-11.8986563683,-173.2930335999
38.6277332306,-11.9164969921,-168.8089599609
40.0187015533,-11.8860757351,-164.0534248352
41.3263454437,-7.1350742579,-168.5414772034
46.8833627701,-7.0710915393,-168.0180778503
44.1225051880,-2.3221864213,-168.2582893372
44.0182294846,-11.8788650036,-168.2838478088
39.9138250351,-2.3834013687,-187.1667098999
38.5786142349,-2.3673502650,-182.6817398071
39.9322624207,-2.3847239933,-177.9183387756
38.5826520920,-7.1421774626,-187.3073654175
37.6812143326,-7.1420818567,-182.7740745544
38.6040363312,-7.1420973539,-178.0543785095
39.9098958969,-11.9010119438,-187.1660842896
38.5777053833,-11.9168684483,-182.6815834045
39.9287252426,-11.8994421959,-177.9193115234
41.2642269135,-7.1421232224,-182.4020080566
46.6062126160,-7.1422062151,-181.8483772278
43.9236078262,-2.3876993568,-182.1254348755
43.9150285721,-11.8963415623,-182.1261672974
39.9093093872,-2.3858203513,-191.7947883606
42.2870321274,-7.1426417828,-196.4179649353
47.6259813309,-7.1426803185,-195.8114852905
44.4323091507,-2.3829276668,-196.0617218018
44.4326810837,-11.9018092155,-196.0188789368
-8.9266567230,-7.1418198347,-54.6855211258
-7.6669399738,-7.1419178247,-58.8409337997
38.1351337433,-2.4249642044,-68.3419437408
40.6441831589,-2.4296602779,-62.6022834778
36.9480028152,-7.1912807226,-68.1974124908
38.8907117844,-7.1868166924,-62.4373693466
38.1448106766,-11.9548344612,-68.3373298645
40.6505107880,-11.9399647713,-62.5980129242
41.3909130096,-2.4221540820,-56.7296457291
40.3392438889,-2.3988679415,-50.7143726349
39.6562633514,-7.1832815409,-56.5714988708
39.1726303101,-7.1803429127,-50.5804405212
41.3965511322,-11.9405269623,-56.7235584259
40.3468217850,-11.9594171047,-50.7080001831
27.4596219063,-16.6853189468,-7.9920885563
26.8905706406,-16.6744987965,-4.6609158516
25.2844324112,-16.6857194901,-13.8843348026
26.9604911804,-16.6871874332,-11.0381834507
24.5690879822,-21.4610028267,-13.6766214371
25.8156504631,-21.4600195885,-10.7834517956
25.2708377838,-26.2310581207,-13.8647623062
119.6324844360,-16.5977458954,-2.3885176778
120.5858249664,-16.5905137062,-7.1188241243
120.9739360809,-21.3646011353,-2.3830042481
121.4973926544,-21.3657097816,-7.1125886440
119.6420135498,-26.1343235970,-2.3866336942
120.5955371857,-26.1428322792,-7.1162964106
117.8929443359,-21.3696660995,-7.1284600496
112.4884300232,-21.3756237030,-7.1600209475
115.1926689148,-16.6035084724,-7.1501119137
115.2022628784,-26.1416902542,-7.1476798058
127.7498836517,-19.6484286785,-385.4176101685
132.8586502075,-19.6480031013,-389.6609649658
112.6652698517,-16.6553866863,-368.6755371094
111.2743053436,-16.6521451473,-364.4046554565
112.4600410461,-16.6615781784,-359.9247741699
111.1774406433,-21.4280371666,-360.0319213867
111.2769145966,-26.2035794258,-364.4041976929
112.4616146088,-26.1939592361,-359.9198913574
113.8545379639,-21.4246015549,-364.1980819702
118.9971523285,-21.4247324467,-363.7935409546
116.4183616638,-16.6587405205,-363.9972457886
116.4147815704,-26.1918292046,-363.9966125488
118.7737216949,-21.4260609150,-352.1935119629
100.8179187775,-21.4281520844,-339.8293685913
106.0702819824,-21.4286119938,-339.2192459106
102.7021312714,-16.6694824696,-339.2662277222
102.7033748627,-26.1872706413,-339.2655334473
98.9896430969,-16.6777820587,-326.0641860962
97.2570266724,-21.4281663895,-326.2797546387
98.9897098541,-26.1785535812,-326.0641784668
104.2218189240,-21.4280834198,-325.4161758423
97.4718990326,-16.6683273315,-317.3270416260
96.0600166321,-16.6538846493,-313.0117111206
97.3119182587,-16.6711606979,-308.3673934937
96.1584186554,-21.4281435013,-317.4918441772
95.1732139587,-21.4281187057,-313.1221618652
95.9965953827,-21.4280366898,-308.5322265625
97.4719486237,-26.1879587173,-317.3270111084
96.0599918365,-26.2023258209,-313.0116958618
97.3114032745,-26.1849803925,-308.3674011230
98.7176990509,-21.4280877113,-312.6767654419
104.0164813995,-21.4289414883,-312.0184020996
101.3468132019,-16.6736924648,-312.3472671509
101.3458976746,-26.1821584702,-312.3471221924
97.2439289093,-16.6716666222,-303.8759765625
95.8533916473,-16.6533455849,-299.5372467041
97.1977043152,-16.6597051620,-294.8477172852
95.9269313812,-21.4279713631,-304.0449752808
94.9611206055,-21.4279880524,-299.6494674683
95.8329963684,-21.4287452698,-295.0301818848
97.2426872253,-26.1845712662,-303.8759841919
95.8522624969,-26.2032341957,-299.5378646851
97.1816558838,-26.1903629303,-294.8517227173
98.5360126495,-21.4290618896,-299.2053985596
104.2502174377,-21.4277329445,-298.5317840576
101.3659725189,-16.6690800190,-298.8589553833
101.3198947906,-26.1839528084,-298.8649368286
104.6998348236,-21.4067058563,-286.6855087280
83.5645103455,-16.6642539501,-278.7430419922
81.4294738770,-16.6641478539,-274.2213134766
82.7152767181,-16.6713812351,-269.5048370361
82.9628162384,-21.4281415939,-279.0671386719
80.5482196808,-21.4280357361,-274.3322906494
81.3973960876,-21.4279403687,-269.6747817993
83.5873584747,-26.1950287819,-278.7336654663
81.4293766022,-26.1915731430,-274.2215728760
82.7127532959,-26.1849699020,-269.5054626465
85.5896167755,-21.4281191826,-274.1590347290
90.9916286469,-21.4368450642,-273.4780426025
87.5097732544,-16.6712152958,-273.6711883545
87.5285129547,-26.1881613731,-273.6618270874
82.6820678711,-16.6692848206,-264.9457855225
81.3223533630,-16.6535129547,-260.5516586304
82.7149982452,-16.6662409306,-255.8071060181
81.3598232269,-21.4279170036,-265.1169815063
80.4267082214,-21.4279332161,-260.6655502319
81.3385219574,-21.4326457977,-255.9872970581
82.6784400940,-26.1880989075,-264.9464797974
81.3212985992,-26.2042980194,-260.5522766113
82.6959838867,-26.1957602501,-255.8091392517
84.0142555237,-21.4325222969,-260.2173690796
89.7931232452,-21.4451947212,-259.5464706421
86.8640403748,-16.6763651371,-259.8698310852
86.8292617798,-26.1985716820,-259.8733520508
90.3270149231,-21.4140658379,-247.5645484924
69.1632671356,-16.6641685963,-239.4239959717
67.0503025055,-16.6637012959,-234.8393745422
68.3974800110,-16.6607756615,-230.0892524719
68.5550441742,-21.4279465675,-239.7458419800
66.1689395905,-21.4279255867,-234.9428939819
67.0349082947,-21.4286093712,-230.2634887695
69.1690349579,-26.1952543259,-239.4085464478
67.0616054535,-26.1969676018,-234.8357696533
68.3609256744,-26.1966314316,-230.1014862061
71.1991748810,-21.4288806915,-234.8313560486
76.6013431549,-21.4398252964,-234.1944160461
73.1390495300,-16.6668434143,-234.3507461548
73.1426677704,-26.2000174522,-234.3381767273
50.4348516464,-16.7189276218,-90.8711109161
48.2823190689,-21.4714183807,-90.4478092194
50.4456233978,-26.2191743851,-90.8676834106
53.7079792023,-21.4665200710,-94.7344303131
44.0995798111,-16.7139527798,-105.3365383148
43.6591300964,-16.7040364742,-101.1325397491
45.2792749405,-16.7151510715,-97.3902587891
43.0109977722,-21.4744043350,-105.1972446442
42.9727935791,-21.4791407585,-100.9805412292
44.3393087387,-21.4781026840,-97.0728282928
44.1092023849,-26.2379117012,-105.3344554901
43.6688327789,-26.2521553040,-101.1296920776
45.2901439667,-26.2390532494,-97.3869628906
45.7224807739,-21.4778690338,-101.5951309204
49.8162889481,-21.4734716415,-102.5112953186
47.7501382828,-16.7138874531,-102.0495281219
47.7610616684,-26.2374525070,-102.0463352203
42.8232212067,-16.6183254719,-118.4194602966
41.9161396027,-16.6140236855,-114.0473213196
43.5019493103,-16.7041158676,-109.6882896423
41.5307264328,-21.3289527893,-118.4408531189
41.0615348816,-21.3525099754,-114.0381069183
42.3228540421,-21.4485201836,-109.6400222778
42.8224067688,-26.1381869316,-118.4113960266
41.9130201340,-26.1629977226,-114.0399341583
43.5098991394,-26.2171807289,-109.6847648621
44.4352340698,-21.4625568390,-114.0589332581
49.2705211639,-21.4771761894,-114.1073360443
46.8367118835,-16.7237606049,-114.0835647583
46.8457651138,-26.2299256325,-114.0808944702
41.8707723618,-16.4635853767,-131.9390373230
40.7748718262,-16.4345533848,-127.4981632233
42.4627923965,-16.5686042309,-122.9199600220
40.3856792450,-21.1804165840,-132.0079002380
39.7699279785,-21.1844601631,-127.5353813171
41.0985574722,-21.2693586349,-122.9726657867
41.8036861420,-25.9953436852,-131.9345664978
40.7209253311,-26.0008096695,-127.4945125580
42.4487514496,-26.0901551247,-122.9158725739
43.5973281860,-21.3315734863,-127.3629608154
48.9083442688,-21.4702277184,-127.0934734344
46.2665987015,-16.6657462120,-127.2317733765
46.2628049850,-26.1711707115,-127.2269306183
40.6897039413,-16.5980706215,-145.6352043152
39.5916414261,-16.5084397793,-141.1707038879
41.5041704178,-16.4665484428,-136.5140609741
39.1444664001,-21.4288005829,-145.7411422729
38.4596862793,-21.3875637054,-141.2356300354
39.9303855896,-21.2371683121,-136.5907478333
40.5671043396,-26.1647491455,-145.6368293762
39.4747247696,-26.1052522659,-141.1629600525
41.4001560211,-26.0068717003,-136.4958190918
42.6513738632,-21.2209253311,-140.9546813965
48.4654560089,-21.3449821472,-140.5918006897
45.6115598679,-16.4976954460,-140.7795562744
45.5381174088,-26.0169625282,-140.7734947205
40.0773544312,-16.6577758789,-159.4298973083
38.7836246490,-16.6526308060,-154.9572181702
40.4079427719,-16.6255531311,-150.2357330322
38.7112188339,-21.4280896187,-159.5696220398
37.8568096161,-21.4299726486,-155.0409355164
38.9105148315,-21.4379615784,-150.3449592590
40.0357742310,-26.1880455017,-159.4427909851
38.7479305267,-26.2063040733,-154.9607276917
40.2858219147,-26.1863379478,-150.2340698242
41.5387535095,-21.4341287613,-154.7195663452
47.5253133774,-21.3976480961,-154.2569808960
44.5547342300,-16.6296389103,-154.4745292664
44.3925008774,-26.1996998787,-154.4820442200
39.9469032288,-16.6711766720,-173.2930259705
38.6276311874,-16.6528789997,-168.8089408875
40.0135536194,-16.6572163105,-164.0499687195
38.6246900558,-21.4279718399,-173.4279785156
37.7333068848,-21.4277806282,-168.8957939148
38.6668834686,-21.4277763367,-164.1898040771
39.9465961456,-26.1847214699,-173.2932777405
38.6273908615,-26.2022905350,-168.8088836670
39.9918794632,-26.1855587959,-164.0617523193
41.3118801117,-21.4282474518,-168.5481719971
46.7256393433,-21.4151279926,-168.0279502869
44.0127563477,-16.6616854668,-168.2812118530
43.9635438919,-26.1814465523,-168.2876892090
39.9095163345,-16.6685845852,-187.1664733887
38.5777053833,-16.6531116962,-182.6815795898
39.9287338257,-16.6704964638,-177.9192886353
38.5834321976,-21.4254946709,-187.3087692261
37.6815824509,-21.4271755219,-182.7740097046
38.6040802002,-21.4279656410,-178.0543441772
39.8505992889,-26.1662297249,-187.1504783630
38.5776834488,-26.2026877403,-182.6827011108
39.9283924103,-26.1853060722,-177.9195060730
41.2649774551,-21.4255638123,-182.4034767151
46.5365791321,-21.4052762985,-181.8310699463
43.9146461487,-16.6730923653,-182.1265411377
43.8540706635,-26.1599254608,-182.1087417603
38.1502180099,-16.7112379074,-68.3351058960
40.6558732986,-16.7158865929,-62.5955915451
36.9642200470,-21.4773001671,-68.1907520294
38.9067811966,-21.4728989601,-62.4301385880
38.1609678268,-26.2406959534,-68.3309116364
40.6665639877,-26.2259740829,-62.5911979675
41.4018402100,-16.7086570263,-56.7209177017
40.3519496918,-16.6860477924,-50.7051687241
39.6721630096,-21.4697470665,-56.5635509491
39.1883459091,-21.4678316116,-50.5717639923
41.4125814438,-26.2269382477,-56.7163410187
40.3629646301,-26.2468852997,-50.7003879547
25.2667651176,-30.9961876869,-13.8578424454
24.5559506416,-35.7614116669,-13.6545734406
25.2657566071,-40.5242071152,-13.8485894203
119.6471748352,-30.8835396767,-2.3857865930
120.6004924774,-30.8760461807,-7.1149030924
120.9885864258,-35.6502857208,-2.3801277876
121.5121154785,-35.6511383057,-7.1086298227
119.6563491821,-40.4211740494,-2.3818863034
120.6108169556,-40.4299898148,-7.1116271019
117.9076690674,-35.6552057266,-7.1246962547
112.5022258759,-35.6629028320,-7.1569200754
115.2072715759,-30.8891921043,-7.1463492513
115.2167358398,-40.4306230545,-7.1438127160
118.9830818176,-33.9362335205,-363.7952423096
98.9926738739,-30.9676561356,-326.0639495850
97.2645664215,-35.7110557556,-326.2786712646
99.0541820526,-40.4964723587,-326.1029586792
104.2319622040,-35.7105627060,-325.4129867554
97.4719543457,-30.9540200233,-317.3269500732
96.0600090027,-30.9396109581,-313.0116577148
97.3113098145,-30.9567751884,-308.3673782349
96.1585025787,-35.7138004303,-317.4916992188
95.1732559204,-35.7138347626,-313.1221084595
95.9966278076,-35.7137575150,-308.5321502686
97.4716911316,-40.4737300873,-317.3270721436
96.0600337982,-40.4880151749,-313.0116882324
97.3113784790,-40.4706449509,-308.3674926758
98.7178020477,-35.7137641907,-312.6765899658
104.0034389496,-35.7138290405,-312.0157623291
101.3458061218,-30.9595561028,-312.3470535278
101.3455581665,-40.4678239822,-312.3470230103
97.2425289154,-30.9571704865,-303.8759536743
95.8520488739,-30.9387378693,-299.5378036499
97.1795711517,-30.9442052841,-294.8445816040
95.9268665314,-35.7136859894,-304.0449218750
94.9606380463,-35.7136316299,-299.6495971680
95.8428974152,-35.7144498825,-295.0190963745
97.2420845032,-40.4700345993,-303.8759765625
95.8509387970,-40.4881591797,-299.5381622314
97.2114868164,-40.4715728760,-294.8403625488
98.5248527527,-35.7122259140,-299.2067413330
104.0569496155,-35.7050328255,-298.5309677124
101.3105697632,-30.9462203979,-298.8616867065
101.1947841644,-40.4700460434,-298.8669967651
104.4927597046,-35.7180047035,-286.6714248657
83.5983848572,-30.9813842773,-278.6865997314
81.4297657013,-30.9504914284,-274.2207870483
82.7127761841,-30.9572954178,-269.5054321289
83.0065441132,-35.7746934891,-278.9702072144
80.5565357208,-35.7123613358,-274.3299560547
81.3994960785,-35.7171363831,-269.6739730835
84.2301139832,-40.6515941620,-278.6870956421
82.6635761261,-40.8021812439,-274.2502059937
83.3292427063,-40.6459522247,-269.5266952515
85.6373329163,-35.7698602676,-274.0630645752
91.0369281769,-35.7768974304,-273.3741607666
87.5389862061,-30.9886450768,-273.6151123047
88.7817134857,-40.8116312027,-273.6399230957
82.6780166626,-30.9546031952,-264.9464111328
81.3207244873,-30.9388971329,-260.5521469116
82.6968841553,-30.9496297836,-255.8046493530
81.3606891632,-35.7115888596,-265.1179122925
80.4261474609,-35.7133684158,-260.6657409668
81.3432865143,-35.7158937454,-255.9776687622
82.6747264862,-40.4720888138,-264.9462585449
81.3194961548,-40.4885082245,-260.5527648926
82.7296352386,-40.4722938538,-255.7957992554
84.0016841888,-35.7120113373,-260.2196998596
89.6545886993,-35.7169919014,-259.5455665588
86.8249244690,-30.9566054344,-259.8733978271
86.7113742828,-40.4714717865,-259.8728370667
90.1685276031,-35.7184529305,-247.5543861389
68.3453464508,-30.9506444931,-225.4826240540
67.0027217865,-30.9347491264,-221.0415687561
68.4175395966,-30.9663186073,-216.2866134644
67.0231895447,-35.7138042450,-225.6466445923
66.1086330414,-35.7135095596,-221.1560173035
67.0372123718,-35.7293939590,-216.4588470459
68.3442955017,-40.4847049713,-225.4745788574
67.0052375793,-40.5015850067,-221.0361289978
68.3871288300,-40.5030841827,-216.2848930359
69.7036457062,-35.7216348648,-220.7324066162
75.5402946472,-35.7577791214,-220.1024551392
72.5774116516,-30.9721345901,-220.4101104736
72.5542774200,-40.5124006271,-220.4030227661
70.1186981201,-31.0525679588,-208.1619873047
67.7744474411,-35.9235258102,-209.4764404297
69.9786062241,-40.5420475006,-208.0873146057
70.2001085281,-35.8482708931,-202.4146995544
76.2262210846,-35.7306551933,-208.0592842102
50.4510145187,-31.0045762062,-90.8659706116
48.2984876633,-35.7569761276,-90.4426555634
50.4638433456,-40.5057888031,-90.8627986908
53.7240066528,-35.7518973351,-94.7294273376
44.1117506027,-30.9965734482,-105.3313293457
43.6732969284,-30.9884696007,-101.1281414032
45.2955398560,-31.0007991791,-97.3852767944
43.0079135895,-35.7479457855,-105.1919803619
42.9806270599,-35.7598257065,-100.9763298035
44.3551988602,-35.7635860443,-97.0679206848
44.1088752747,-40.5115385056,-105.3293838501
43.6760673523,-40.5318336487,-101.1251144409
45.3052263260,-40.5244503021,-97.3824138641
45.7387924194,-35.7635021210,-101.5902690887
49.8325710297,-35.7590541840,-102.5064582825
47.7664813995,-30.9995288849,-102.0446662903
47.7774105072,-40.5229492188,-102.0415077209
42.8025102615,-30.8983235359,-118.4127254486
41.8963756561,-30.8894109726,-114.0377197266
43.5038452148,-30.9809732437,-109.6810417175
41.4489593506,-35.5815467834,-118.4315567017
40.9858093262,-35.5957660675,-114.0282077789
42.2892131805,-35.7006263733,-109.6329936981
42.7283411026,-40.3739147186,-118.4039821625
41.8219575882,-40.3917579651,-114.0319633484
43.4809617996,-40.4721317291,-109.6795310974
44.4200601578,-35.7285833359,-114.0551185608
49.2860164642,-35.7621450424,-114.1032695770
46.8497724533,-31.0074563026,-114.0800056458
46.8483266830,-40.5056705475,-114.0756111145
41.7640790939,-30.7775168419,-131.9272117615
40.6840972900,-30.7407984734,-127.4886112213
42.4241266251,-30.8520650864,-122.9123096466
40.1851978302,-35.5211915970,-132.0037651062
39.5987710953,-35.5028171539,-127.5282192230
40.9864349365,-35.5386009216,-122.9649372101
41.5595016479,-40.3086280823,-131.9347839355
40.5007276535,-40.2960700989,-127.4871120453
42.3181047440,-40.3346824646,-122.9089660645
43.5056505203,-35.5946455002,-127.3555450439
48.9021072388,-35.7457280159,-127.0921764374
46.2522354126,-30.9436016083,-127.2250633240
46.1841478348,-40.4149980545,-127.2277355194
40.5032396317,-30.9638285637,-145.6365585327
39.4157037735,-30.8656797409,-141.1604461670
41.3566274643,-30.7965378761,-136.5011329651
39.0258750916,-35.7505855560,-145.7480239868
38.2943840027,-35.7593021393,-141.2405357361
39.7277479172,-35.5998334885,-136.5904846191
40.3899126053,-40.4976139069,-145.6342620850
39.2168684006,-40.5233850479,-141.1666831970
41.1286315918,-40.3653650284,-136.4963417053
42.4446830750,-35.5581741333,-140.9521484375
48.3262062073,-35.6479711533,-140.5815811157
45.4665193558,-30.8036603928,-140.7661094666
45.2587709427,-40.3759517670,-140.7622566223
40.0330047607,-30.9589433670,-159.4425926208
38.7430000305,-30.9400625229,-154.9602851868
40.2527923584,-30.9648017883,-150.2351837158
38.7064342499,-35.7137851715,-159.5706748962
37.8437156677,-35.7138280869,-155.0430221558
38.8486728668,-35.7295322418,-150.3543472290
40.0237703323,-40.4717893600,-159.4468154907
38.7352323532,-40.4909553528,-154.9637145996
40.1924800873,-40.4788846970,-150.2384109497
41.4516000748,-35.7277908325,-154.7200088501
47.3042955399,-35.7463965416,-154.2601203918
44.3536081314,-30.9845838547,-154.4816436768
44.2741470337,-40.4896345139,-154.4853057861
39.9437608719,-30.9541573524,-173.2928695679
38.6272573471,-30.9386701584,-168.8088722229
39.9901409149,-30.9561920166,-164.0623550415
38.6214637756,-35.7101612091,-173.4274177551
37.7334766388,-35.7129840851,-168.8957328796
38.6653022766,-35.7135477066,-164.1903724670
39.8993330002,-40.4542856216,-173.2814788818
38.6271038055,-40.4884843826,-168.8099136353
39.9852399826,-40.4710798264,-164.0642242432
41.3070573807,-35.7102155685,-168.5478439331
46.5992145538,-35.6959867477,-168.0179824829
43.9584398270,-30.9597725868,-168.2876434326
43.9027767181,-40.4471597672,-168.2759170532
40.4445829391,-31.0554976463,-187.2030792236
38.5879898071,-30.9511466026,-182.6801490784
39.9291048050,-30.9574117661,-177.9201889038
39.7997274399,-35.9370355606,-187.3926124573
38.6082077026,-35.7175989151,-178.0538291931
41.2374267578,-40.6788148880,-187.2164115906
39.8889694214,-40.7390623093,-182.7896308899
40.5280075073,-40.6082239151,-177.9700202942
42.4945678711,-35.9263010025,-182.4773597717
47.7336273193,-35.8896961212,-181.8803520203
44.4521999359,-31.0577359200,-182.1560668945
45.8444051743,-40.7964611053,-182.2229309082
38.1662540436,-30.9970183372,-68.3290023804
40.6719036102,-31.0018239021,-62.5891752243
36.9800271988,-35.7629661560,-68.1850051880
38.9227781296,-35.7587757111,-62.4240169525
38.1763057709,-40.5264682770,-68.3256759644
40.6824655533,-40.5117874146,-62.5854463577
41.4179687500,-30.9950337410,-56.7142477036
40.3684511185,-30.9733586311,-50.6982069016
39.6883058548,-35.7560119629,-56.5571851730
39.2048940659,-35.7547216415,-50.5650682449
41.4285593033,-40.5130195618,-56.7104129791
40.3792228699,-40.5333242416,-50.6941919327
25.2689781189,-45.2856235504,-13.8457911015
24.5724496841,-50.0483636856,-13.6475574970
26.2870864868,-55.0738334656,-14.2688071728
112.5217418671,-48.1703405380,-7.1604194641
34.1095786095,-45.2662210464,-33.6531119347
31.1935100555,-45.3115930557,-29.0528721809
37.6872777939,-50.0446386337,-36.7150144577
33.7247996330,-50.0435504913,-34.4064884186
30.7640295029,-50.1052112579,-29.5010547638
38.5470991135,-54.9503011703,-34.8123922348
34.4938902855,-55.0851297379,-32.4269814491
31.4145975113,-54.9431333542,-28.4527697563
35.5467777252,-50.0959672928,-30.3061399460
98.9226627350,-45.3039979935,-325.1534500122
104.1757717133,-50.0074281693,-323.7486267090
97.4791927338,-45.2373552322,-317.3304901123
96.0599117279,-45.2250976562,-313.0116729736
97.3113212585,-45.2424993515,-308.3675003052
96.1826896667,-50.0009336472,-317.5016632080
95.1730995178,-49.9994287491,-313.1221008301
95.9966316223,-49.9994878769,-308.5322189331
97.5182056427,-54.7621688843,-317.3357620239
96.0599575043,-54.7738437653,-313.0117340088
97.3113956451,-54.7564067841,-308.3675842285
98.7145614624,-49.9991483688,-312.6749267578
103.9908180237,-50.0019121170,-312.0117416382
101.3437728882,-45.2407321930,-312.3461532593
101.3369827271,-54.7605581284,-312.3449249268
97.2420368195,-45.2429847717,-303.8759918213
95.8509368896,-45.2246465683,-299.5381698608
97.1858119965,-45.2293634415,-294.8568115234
95.9268817902,-49.9994649887,-304.0449676514
94.9606456757,-49.9994897842,-299.6495819092
95.8031120300,-50.0004072189,-295.0455856323
97.2420158386,-54.7557992935,-303.8759994507
95.8506240845,-54.7739267349,-299.5382003784
97.1239185333,-54.7624979019,-294.8742904663
98.5190067291,-50.0003004074,-299.2168579102
103.8855056763,-49.9993467331,-298.5466308594
101.1888542175,-45.2399854660,-298.8734054565
101.1552162170,-54.7563524246,-298.8770751953
82.6750030518,-45.2437648773,-264.9408264160
81.3197116852,-45.2244081497,-260.5527038574
82.7030658722,-45.2257051468,-255.8089790344
81.3630161285,-50.0040931702,-265.0973205566
80.4332160950,-50.0015439987,-260.6656799316
81.3083705902,-49.9999151230,-256.0011062622
83.3311462402,-54.9128408432,-264.9287414551
82.5520915985,-55.1067123413,-260.5868911743
83.2460060120,-54.9352083206,-255.8522300720
84.0069217682,-49.9918889999,-260.2088317871
89.4514007568,-49.9937000275,-259.5234642029
86.7036476135,-45.2361965179,-259.8702392578
87.9138221741,-55.0752353668,-259.8984222412
50.5381793976,-45.3238830566,-90.8576908112
48.4577865601,-50.1111860275,-90.4152545929
50.5689258575,-54.8197193146,-90.8176212311
54.4902009964,-50.1026868820,-86.0242462158
53.7438955307,-50.0430221558,-94.7185688019
44.0952882767,-45.2614974976,-105.3286418915
43.6675949097,-45.2595758438,-101.1255931854
45.3089065552,-45.2854070663,-97.3811721802
42.9289512634,-49.9714565277,-105.1900386810
42.9350891113,-49.9992971420,-100.9726505280
44.3651819229,-50.0435447693,-97.0616035461
44.0165843964,-54.7279577255,-105.3265666962
43.6089086533,-54.7599020004,-101.1221771240
45.3181896210,-54.7973165512,-97.3778629303
45.7504110336,-50.0452604294,-101.5858478546
49.8484430313,-50.0455265045,-102.5011558533
47.7824096680,-45.2846717834,-102.0397148132
47.7912988663,-54.8083381653,-102.0374965668
42.6751089096,-45.1164627075,-118.4041156769
41.7767906189,-45.1013307571,-114.0283412933
43.4530458450,-45.2250337601,-109.6765098572
41.1963748932,-49.7984561920,-118.4185981750
40.7694845200,-49.7998533249,-114.0193080902
42.1558256149,-49.9019269943,-109.6314182281
42.4448699951,-54.5940399170,-118.3984470367
41.5630941391,-54.5880498886,-114.0270996094
43.3327102661,-54.6680240631,-109.6781253815
44.3271141052,-49.9423303604,-114.0497570038
49.2950124741,-50.0434532166,-114.0980777740
46.8427295685,-45.2736511230,-114.0773258209
46.7823791504,-54.7412033081,-114.0746669769
41.4187259674,-45.1344022751,-131.9269676208
40.3719558716,-45.0582628250,-127.4839248657
42.2376585007,-45.0879106522,-122.9077491760
39.7226781845,-49.9864902496,-132.0083847046
39.1601514816,-49.9151554108,-127.5281105042
40.6451616287,-49.8142766953,-122.9579353333
41.0312356949,-54.7618446350,-131.9406738281
40.0016078949,-54.6902666092,-127.4922695160
41.9296312332,-54.6034574509,-122.9073944092
43.2090301514,-49.8328933716,-127.3435153961
48.8055334091,-49.9759960175,-127.0969409943
46.1187553406,-45.1638946533,-127.2243041992
45.9212923050,-54.6263790131,-127.2253379822
40.3429489136,-45.2696142197,-145.6381874084
39.1589069366,-45.2603635788,-141.1720199585
41.0131416321,-45.1838874817,-136.4962005615
38.9362268448,-50.0261983871,-145.7527465820
38.1578159332,-50.0404739380,-141.2420578003
39.3596839905,-50.0181312561,-136.5900115967
40.2748212814,-54.7684640884,-145.6315574646
39.0354108810,-54.8097229004,-141.1691741943
40.6809282303,-54.7933073044,-136.5020828247
42.0475454330,-49.9952754974,-140.9591484070
48.0297212601,-49.9728260040,-140.5673675537
45.1206359863,-45.1964855194,-140.7672424316
44.8336229324,-54.7784605026,-140.7562141418
40.0206127167,-45.2406234741,-159.4462394714
38.7337322235,-45.2253522873,-154.9633941650
40.1728830338,-45.2450828552,-150.2332763672
38.7012004852,-49.9981765747,-159.5697593689
37.8418779373,-49.9990701675,-155.0435333252
38.8125772476,-50.0053911209,-150.3578948975
40.0183820724,-54.7579984665,-159.4468498230
38.7318305969,-54.7741594315,-154.9647979736
40.1486835480,-54.7541751862,-150.2356033325
41.4137830734,-50.0017862320,-154.7249221802
47.0927228928,-50.0230426788,-154.2532997131
44.2538566589,-45.2614793777,-154.4814338684
44.1322393417,-54.7582960129,-154.4895858765
40.4930610657,-45.3208675385,-173.3863792419
38.6372461319,-45.2365388870,-168.8077468872
39.9858264923,-45.2430286407,-164.0649642944
39.8203067780,-50.1824636459,-173.6213951111
37.7534894943,-50.0010700226,-168.8911094666
38.6666860580,-49.9992942810,-164.1910705566
40.5875940323,-54.8476476669,-173.3858413696
38.6369800568,-54.7644186020,-168.8070335388
39.9841928482,-54.7559003830,-164.0652656555
42.5132293701,-50.1780405045,-168.7311782837
47.8127126694,-50.1633176804,-168.2164459229
44.5000000000,-45.3217210770,-168.3760871887
44.5949869156,-54.8398199081,-168.3734474182
38.1817827225,-45.2834148407,-68.3236484528
40.6878757477,-45.2874975204,-62.5838842392
37.0056028366,-50.0407905579,-68.1800422668
38.9426994324,-50.0436315536,-62.4202842712
39.8021097183,-55.1199541092,-68.7286186218
41.5003709793,-54.9600753784,-62.7765274048
41.4337577820,-45.2804555893,-56.7087831497
40.3844041824,-45.2594861984,-50.6924190521
39.7050943375,-50.0387563705,-56.5529603958
39.2206478119,-50.0402746201,-50.5596199036
41.1063308716,-50.0372200012,-44.8364467621
41.4418048859,-54.7958803177,-56.7060194016
40.3950424194,-54.8187484741,-50.6891832352
42.8573894501,-54.7964582443,-45.0605859756
27.2702436447,-64.5573301315,-8.1334547997
26.0350017548,-64.3312692642,-4.5509496927
28.5928211212,-69.2994079590,-8.2231330872
-26.7213649750,-59.1400279999,-2.1483911872
-25.2051787376,-58.7506303787,-6.4872877598
-24.8633618355,-59.1387996674,-10.8359372616
-24.5695543289,-64.2842340469,-2.1313474178
-22.5772285461,-64.2802934647,-6.4389665127
-22.4989237785,-64.2735023499,-10.7580969334
-25.9096741676,-69.0498962402,-2.1469364166
-23.5235619545,-69.0579166412,-6.4559190273
-23.9895811081,-69.0416889191,-10.8142638206
-26.3862991333,-64.2885341644,-6.4943168759
-29.2095575333,-69.0464973450,-6.5563500524
133.0722846985,-59.0595588684,-2.3474267721
133.3989696503,-58.6746892929,-7.0189237595
135.2016410828,-64.2042856216,-2.3423268199
135.8962478638,-64.2036199570,-7.0001207590
133.8720874786,-68.9756298065,-2.3487555385
135.0007476807,-68.9832859039,-7.0042722225
132.2875556946,-64.2196989059,-7.0154042244
126.8974151611,-64.2212343216,-7.0494196415
127.9993705750,-58.7032222748,-7.0490923524
129.6127929688,-68.9824447632,-7.0373615623
97.3113098145,-59.5281991959,-308.3675613403
96.0007438660,-64.2854337692,-308.5308609009
97.9257888794,-69.2146682739,-308.3897094727
98.7289905548,-64.2768917084,-312.6707153320
104.0170478821,-64.2855911255,-312.0045318604
101.3362407684,-59.5348100662,-312.3401870728
102.5995826721,-69.3548965454,-312.3777084351
97.2419128418,-59.5286893845,-303.8759613037
95.8507099152,-59.5109157562,-299.5381698608
97.1263122559,-59.5270795822,-294.8665008545
95.9281539917,-64.2830305099,-304.0457382202
94.9609127045,-64.2849464417,-299.6495513916
95.8069458008,-64.2850637436,-295.0317764282
97.2373809814,-69.0404167175,-303.8763504028
95.8507118225,-69.0591678619,-299.5381927490
97.1259918213,-69.0421352386,-294.8661270142
98.5246295929,-64.2828950882,-299.2042160034
103.8157024384,-64.2832584381,-298.5354843140
101.1575355530,-59.5325469971,-298.8701248169
101.1480693817,-69.0354003906,-298.8677062988
97.0740070343,-59.5238027573,-290.3454437256
95.6923408508,-59.5049438477,-285.9839324951
97.0765438080,-59.4994850159,-281.2798233032
95.7553806305,-64.2850246429,-290.5200729370
94.8001670837,-64.2850904465,-286.1050109863
95.6603221893,-64.2855415344,-281.4809417725
97.0742530823,-69.0414028168,-290.3507232666
95.6924533844,-69.0595703125,-285.9935302734
96.9838485718,-69.0479125977,-281.3097534180
98.3704109192,-64.2850646973,-285.6714248657
103.8756027222,-64.2825565338,-284.9986648560
101.1569023132,-59.5160875320,-285.3190841675
101.0138378143,-69.0418968201,-285.3320541382
82.6006507874,-59.5248813629,-251.2434082031
81.2482337952,-59.5050554276,-246.8400917053
82.6757392883,-59.5001487732,-242.0971641541
81.2839603424,-64.2895822525,-251.4029693604
80.3606147766,-64.2870922089,-246.9601707458
81.2482261658,-64.2851781845,-242.2883033752
83.2540874481,-69.1986637115,-251.2384185791
82.4816036224,-69.3926849365,-246.8860588074
83.1883621216,-69.2213973999,-242.1442451477
83.9433441162,-64.2774028778,-246.5113906860
89.5327281952,-64.2938938141,-245.8473968506
86.7513065338,-59.5255775452,-246.1737899780
87.8707637787,-69.3660335541,-246.2113227844
76.3948593140,-66.0468225479,-192.5636291504
43.9502658844,-59.4494037628,-105.3322525024
43.5530748367,-59.4576225281,-101.1283264160
45.2980604172,-59.5463762283,-97.3844451904
42.6472902298,-64.1158151627,-105.1996631622
42.6984853745,-64.1519279480,-100.9820365906
44.2524518967,-64.2563772202,-97.0741691589
44.3674011230,-69.1715412140,-105.4433517456
44.5853080750,-69.4765605927,-101.3977050781
45.7387199402,-69.2718067169,-97.5498523712
45.6608190536,-64.2523393631,-101.5991821289
49.8569612503,-64.3228731155,-102.5095329285
47.7809600830,-59.5623111725,-102.0416316986
48.9390535355,-69.5712184906,-102.3141117096
42.3092889786,-59.3654499054,-118.3937492371
41.4311914444,-59.3154134750,-114.0215148926
43.2422361374,-59.4036626816,-109.6769351959
40.6390018463,-64.1738443375,-118.4241752625
40.2738475800,-64.1287107468,-114.0174064636
41.7968397141,-64.0902042389,-109.6296920776
42.4105834961,-69.1539497375,-118.4089756012
42.2018718719,-69.2745819092,-114.0489635468
43.5048322678,-69.0504837036,-109.7046890259
44.0255746841,-64.1061172485,-114.0536575317
49.2258615494,-64.2645082474,-114.1109867096
46.7132530212,-59.4844875336,-114.0768241882
47.7022237778,-69.2596321106,-114.1037654877
40.8946809769,-59.5593776703,-131.9403419495
39.8400936127,-59.4667720795,-127.4839954376
41.7829027176,-59.3891439438,-122.9052639008
39.3558702469,-64.3311271667,-132.0190010071
38.7046451569,-64.3471679688,-127.5322666168
40.0749578476,-64.2425785065,-122.9584865570
41.4378900528,-69.3460044861,-131.8925170898
41.1129293442,-69.6426544189,-127.4081897736
42.0856924057,-69.3190650940,-122.8689289093
42.6813211441,-64.1680936813,-127.3327064514
48.5318632126,-64.1933336258,-127.0891819000
45.7535266876,-59.4057035446,-127.2195167542
47.0866384506,-69.4900531769,-127.1285533905
40.2383670807,-59.5239486694,-145.6320304871
38.9932584763,-59.5278806686,-141.1708641052
40.5996589661,-59.5582046509,-136.5070495605
38.8809394836,-64.2838172913,-145.7553520203
38.0699777603,-64.2894735336,-141.2411499023
39.1132049561,-64.3062486649,-136.5907096863
41.7040681839,-64.3072605133,-140.9711112976
47.5725240707,-64.2956666946,-140.5739097595
44.7004060745,-59.5555076599,-140.7739105225
40.0172472000,-59.5247812271,-159.4476470947
38.7317743301,-59.5099611282,-154.9646949768
40.1343326569,-59.5174541473,-150.2337684631
38.7072687149,-64.2809019089,-159.5736846924
37.8485517502,-64.2880525589,-155.0432853699
38.7996225357,-64.2821474075,-150.3554992676
40.7997865677,-69.3029365540,-159.3889961243
40.2590951920,-69.5958518982,-154.8287773132
40.8782224655,-69.3068313599,-150.1714248657
41.4154806137,-64.2674856186,-154.7279586792
46.8522949219,-64.2724714279,-154.2585372925
44.1161079407,-59.5279579163,-154.4893760681
45.5974178314,-69.5449733734,-154.3610687256
40.7355794907,-59.5547552109,-173.4161415100
38.6386108398,-59.5216445923,-168.8054733276
39.9836969376,-59.5279531479,-164.0662612915
40.1486949921,-64.3465814590,-173.6632461548
37.7654771805,-64.2831115723,-168.8862533569
38.6704196930,-64.2857580185,-164.1899223328
41.5729894638,-69.2781448364,-173.3468856812
40.2063140869,-69.4781436920,-168.7033271790
40.7721929550,-69.2589454651,-164.0101661682
42.8484554291,-64.3354644775,-168.7709922791
48.2390556335,-64.3359270096,-168.2613410950
44.7416973114,-59.5611314774,-168.4041404724
46.3704700470,-69.4740924835,-168.2853469849
41.4447755814,-59.5652685165,-56.7006654739
40.3999977112,-59.5450773239,-50.6878156662
42.8628854752,-59.5634813309,-45.0566949844
39.7155122757,-64.3330621719,-56.5408592224
39.2360181808,-64.3263101578,-50.5553798676
41.1210556030,-64.3251199722,-44.8282594681
41.4817085266,-69.0957469940,-56.7022037506
40.4102535248,-69.1066436768,-50.6856651306
42.8645057678,-69.0826072693,-45.0584087372
43.9145231247,-64.3208665848,-51.0761184692
47.4214620590,-69.0796375275,-51.4675979614
-25.9095578194,-73.8026542664,-2.1469154358
-23.5233416557,-73.7937526703,-6.4558912516
-23.9879121780,-73.8064384460,-10.8244755268
-24.5644159317,-78.5686836243,-2.1332548261
-22.5703091621,-78.5683574677,-6.4379898310
-22.4926600456,-78.5685997009,-10.7779943943
-25.9092831612,-83.3353233337,-2.1469229460
-23.5230236053,-83.3434410095,-6.4558018446
-23.9886255264,-83.3312492371,-10.8202624321
-26.3692789078,-78.5691318512,-6.5084219575
-29.2080450058,-73.8022384644,-6.5650287867
-29.2086429596,-83.3365650177,-6.5632134676
133.8770675659,-73.7240657806,-2.3476696014
135.0055503845,-73.7177429199,-7.0026583672
135.2156257629,-78.4922313690,-2.3397346139
135.9116401672,-78.4946918488,-6.9955273867
133.2928485870,-83.5671405792,-2.3419247270
133.8195972443,-83.8804817200,-7.0081329346
132.3052062988,-78.4901943207,-7.0116236210
126.9137420654,-78.4969100952,-7.0458199978
129.6177253723,-73.7303771973,-7.0358577967
128.4239120483,-83.8666954041,-7.0391793251
44.7944355011,-78.6832733154,-36.4947657585
47.5286207199,-83.3884067535,-35.7140288353
118.2634201050,-80.3468227386,-323.8273696899
97.2348957062,-73.8151626587,-303.8712463379
95.8506202698,-73.7967376709,-299.5382461548
97.1258678436,-73.8136863708,-294.8662033081
95.8111286163,-78.5710086823,-295.0306701660
97.7491378784,-83.5010223389,-294.8902740479
98.5339431763,-78.5630702972,-299.1851577759
103.8446846008,-78.5655002594,-298.5083312988
101.1465015411,-73.8193817139,-298.8615951538
102.4350662231,-83.6383380890,-298.8846969604
97.0741271973,-73.8143482208,-290.3507385254
95.6925258636,-73.7964534760,-285.9934921265
96.9854335785,-73.8125095367,-281.3020324707
95.7565784454,-78.5686588287,-290.5209503174
94.8003177643,-78.5705471039,-286.1050491333
95.6622467041,-78.5706787109,-281.4675445557
97.0706653595,-83.3250637054,-290.3508758545
95.6924972534,-83.3448276520,-285.9935836792
96.9798812866,-83.3293685913,-281.3032073975
98.3737468719,-78.5685100555,-285.6594009399
103.6768226624,-78.5697174072,-284.9914321899
101.0148506165,-73.8182182312,-285.3250427246
101.0006141663,-83.3216304779,-285.3234939575
96.9478149414,-73.8092212677,-276.7629776001
95.5758609772,-73.7901725769,-272.3854064941
96.9858646393,-73.7854251862,-267.6665573120
95.6248989105,-78.5706424713,-276.9374237061
94.6809310913,-78.5705451965,-272.5061035156
95.5563716888,-78.5708656311,-267.8664321899
96.9458942413,-83.3317642212,-276.7665634155
95.5839996338,-83.3517913818,-272.3959579468
96.8818588257,-83.3386325836,-267.6986846924
98.2595691681,-78.5705146790,-272.0740966797
103.7861614227,-78.5766468048,-271.4059219360
101.0672969818,-73.8057441711,-271.7243576050
100.9089298248,-83.3381938934,-271.7365493774
82.5483665466,-73.8106117249,-237.5240631104
81.2007637024,-73.7915649414,-233.1088562012
82.6658229828,-73.7952404022,-228.3642044067
81.2264976501,-78.5752258301,-237.6810760498
80.3080863953,-78.5727977753,-233.2266845703
81.2041339874,-78.5709228516,-228.5478515625
83.1976871490,-83.4841766357,-237.5213470459
82.4299354553,-83.6781406403,-233.1576766968
83.1424465179,-83.5063610077,-228.4084777832
83.8957710266,-78.5629577637,-232.7867736816
89.4889736176,-78.5960502625,-232.1381835938
86.7224731445,-73.8322353363,-232.4599800110
87.8164424896,-83.6499748230,-232.4950141907
68.4254837036,-73.8205871582,-197.8255538940
67.1166648865,-73.8112201691,-193.4507904053
68.8952198029,-73.7929115295,-188.7305297852
66.9720191956,-78.5954437256,-197.9110183716
66.0955047607,-78.5759048462,-193.5391197205
67.1365509033,-78.6081047058,-188.8698120117
68.3031196594,-83.3504695892,-197.7826843262
66.9671630859,-83.3490467072,-193.4374389648
68.4133167267,-83.3460769653,-188.6995773315
69.8280315399,-78.6211662292,-193.0705070496
75.8377208710,-78.6145515442,-192.4397430420
73.0715007782,-73.8166141510,-192.8289718628
72.5532951355,-83.3662605286,-192.7644805908
59.9437465668,-78.6236953735,-81.9064140320
62.9462308884,-83.3643207550,-83.1689052582
61.8621988297,-80.3855628967,-152.8784370422
56.3406572342,-79.8246574402,-144.3385314941
54.4857482910,-81.0900707245,-140.0109252930
56.8770256042,-79.8305892944,-135.2913131714
56.8480367661,-73.9754619598,-139.8262519836
62.4299163818,-80.3333129883,-139.2551879883
62.4799232483,-80.3843307495,-125.7760448456
60.6300230026,-80.3864383698,-100.3656864166
42.4411611557,-73.8500041962,-57.1038026810
40.4250526428,-73.8471336365,-50.6840190887
42.8683671951,-73.8421916962,-45.0590772629
41.6363925934,-78.6126289368,-57.3405399323
39.2683744431,-78.6093654633,-50.5513105392
41.1342325211,-78.6076393127,-44.8289957047
42.4634895325,-83.3731727600,-57.0930471420
40.4286985397,-83.3707103729,-50.6837110519
42.8858547211,-83.3675403595,-45.0596675873
45.8454484940,-78.6036872864,-51.8662471771
52.8654937744,-78.6017074585,-52.6535272598
48.3825988770,-73.8397293091,-51.8632059097
48.4107570648,-83.3703479767,-51.8540191650
-25.9091925621,-88.0883636475,-2.1469308138
-23.5229611397,-88.0793514252,-6.4558074474
-23.9889636040,-88.0930538177,-10.8203711510
-24.5640077591,-92.8551998138,-2.1332732439
-22.5699295998,-92.8547210693,-6.4379549026
-22.4931726456,-92.8552646637,-10.7781331539
-25.9091730118,-97.6231632233,-2.1469337940
-23.5229635239,-97.6316337585,-6.4557807446
-23.9890737534,-97.6181621552,-10.8203077316
-26.3698859215,-92.8559894562,-6.5086951852
112.5688476562,-94.5818271637,-7.1451282501
118.4430313110,-92.8582916260,-335.5621795654
110.3516960144,-88.0805931091,-324.6906280518
111.6615753174,-88.0843544006,-320.0741424561
110.2865447998,-92.8576774597,-320.2424240112
112.9977436066,-92.8574924469,-324.4126281738
118.2691669464,-92.8575477600,-323.8391799927
115.6256504059,-88.0898895264,-324.1181945801
115.6259059906,-97.6238536835,-324.1208953857
95.6922779083,-88.0822067261,-285.9936218262
96.9769973755,-88.0968284607,-281.3060607910
95.6611423492,-92.8548145294,-281.4706039429
97.6066017151,-97.7741756439,-281.2196655273
98.3767871857,-92.8487510681,-285.6439361572
103.7120742798,-92.8518218994,-284.9695816040
100.9962921143,-88.1016235352,-285.3201370239
102.2273712158,-97.9220504761,-285.1605606079
96.8490600586,-88.0930309296,-263.1300659180
95.4932804108,-88.0757846832,-258.7422752380
96.9156417847,-88.0720691681,-254.0130271912
95.5316314697,-92.8526515961,-263.3036270142
94.6034870148,-92.8580093384,-258.8617095947
95.4867973328,-92.8558979034,-254.2085380554
97.5046749115,-97.7669506073,-263.1535110474
96.7269268036,-97.9607925415,-258.7902984619
97.4285182953,-97.7910346985,-254.0657196045
98.1883945465,-92.8431777954,-258.4296035767
103.7528457642,-92.8481864929,-257.7647247314
100.9794864655,-88.0910778046,-258.0848350525
102.1031017303,-97.9287147522,-258.1314506531
82.5071887970,-88.0963706970,-223.7780151367
81.1641807556,-88.0773277283,-219.3523521423
82.5699787140,-88.0900936127,-214.6083679199
81.1858100891,-92.8608398438,-223.9325065613
80.2704029083,-92.8585414886,-219.4688720703
81.1671428680,-92.8543987274,-214.7750053406
83.1577892303,-97.7697277069,-223.7770004272
82.3930263519,-97.9637737274,-219.4043922424
83.1087608337,-97.7899551392,-214.6405830383
83.8560848236,-92.8467330933,-219.0283508301
89.4449443817,-92.8828830719,-218.3836174011
86.6824092865,-88.1193428040,-218.7095108032
87.7689075470,-97.9358062744,-218.7476768494
84.2133178711,-88.1589927673,-206.2746086121
81.7010269165,-92.9333038330,-207.4844551086
83.7017345428,-97.6373653412,-206.2080802917
83.9844837189,-92.9448165894,-200.3257522583
89.9836463928,-92.9015674591,-206.3661041260
66.9676437378,-88.0930023193,-193.4325752258
68.3468761444,-88.0912895203,-188.6825218201
66.0905876160,-92.8553581238,-193.5287933350
66.9696159363,-92.8555660248,-188.8324012756
68.5315551758,-98.3735084534,-193.2485923767
69.0752735138,-97.9916572571,-188.5856704712
68.4164276123,-88.0993442535,-184.0943984985
67.0886631012,-88.1013507843,-179.6510391235
68.8578968048,-88.0873031616,-174.9316940308
66.9684524536,-92.8526954651,-184.2377128601
66.0600337982,-92.8607749939,-179.7406959534
67.0672054291,-92.8748779297,-175.0313758850
68.8934097290,-97.7672023773,-184.1051712036
68.1648235321,-97.9620323181,-179.6915016174
68.9896869659,-97.8003711700,-174.9079437256
69.7556400299,-92.8616790771,-179.3553466797
75.6884574890,-92.8800525665,-178.7606086731
73.0313148499,-88.0920639038,-179.0947074890
73.6147708893,-97.9602470398,-179.0865020752
76.0851192474,-92.9321613312,-166.7029571533
69.3449220657,-92.8814907074,-81.7027702332
54.9720296860,-88.1120815277,-158.2147483826
52.8570775986,-88.0902576447,-153.6649856567
54.2874212265,-88.1015396118,-148.9767494202
54.3456716537,-92.9168415070,-158.4746208191
51.9599123001,-92.8553962708,-153.7484207153
52.8507261276,-92.8591442108,-149.1026191711
55.5628108978,-97.7948360443,-158.2206802368
54.0470914841,-97.9455432892,-153.7261581421
54.7555418015,-97.7905883789,-149.0094108582
57.0579891205,-92.9259433746,-153.6261711121
62.8019933701,-92.9141216278,-153.0853729248
59.2809782028,-88.1445503235,-153.2442932129
60.1502733231,-97.9690780640,-153.2866134644
54.4244289398,-88.1143951416,-144.4438934326
53.1524915695,-88.1208972931,-140.0505332947
54.9507675171,-88.1221179962,-135.3949394226
52.8987388611,-92.8629302979,-144.5601844788
52.0543842316,-92.8747119904,-140.1272392273
53.1310863495,-92.8960876465,-135.5102272034
54.1681566238,-97.6200962067,-144.4268455505
52.8889617920,-97.6378593445,-140.0396957397
54.3587350845,-97.6216659546,-135.3799438477
55.7855176926,-92.8883037567,-139.7640037537
61.6913061142,-92.8805465698,-139.2442016602
59.0686645508,-88.1130771637,-139.5352401733
58.3653202057,-97.6416301727,-139.4971389771
55.2648515701,-88.1000862122,-130.9147644043
54.0806045532,-88.0243167877,-126.6061630249
55.8599319458,-88.0536327362,-122.0317440033
53.3562126160,-92.9224243164,-131.0343589783
52.5996313095,-92.9193267822,-126.6977481842
53.9035701752,-92.9049644470,-122.1989002228
54.5298347473,-97.6485328674,-130.9103279114
53.2591295242,-97.7167987823,-126.6156768799
54.8668365479,-97.7286376953,-122.0536136627
56.6133594513,-92.8720188141,-126.3532733917
62.2875728607,-92.8480930328,-125.7922801971
59.7503385544,-88.0827350616,-126.0730991364
59.0675106049,-97.6713409424,-126.0664138794
55.9269018173,-88.1016979218,-105.6583175659
54.5542097092,-88.0834827423,-102.4235534668
55.7117099762,-88.1418781281,-98.0414524078
54.5390720367,-92.7970829010,-105.9124946594
53.6317176819,-92.7750625610,-102.6489410400
54.9985570908,-92.8992996216,-98.0068836212
55.9514780045,-97.6763343811,-105.4288139343
55.1143503189,-97.7816753387,-101.8936538696
55.9314918518,-97.7003936768,-97.7685546875
57.3673496246,-92.9287471771,-100.8464927673
61.4358844757,-92.9405841827,-99.5017509460
59.0183181763,-88.1671237946,-100.6160125732
59.9439592361,-97.8955993652,-100.1336212158
42.4637336731,-88.1445293427,-57.0255994797
40.4162273407,-88.1193103790,-50.6839704514
42.8871231079,-88.1312294006,-45.0660390854
41.5689468384,-92.8931159973,-57.2076587677
39.1738510132,-92.8361473083,-50.5526494980
41.1346464157,-92.8913974762,-44.8399219513
43.0613555908,-97.7607288361,-57.2019462585
41.8725414276,-97.9146480560,-51.0832376480
43.6522512436,-97.8074855804,-45.2874574661
45.9251441956,-92.9422683716,-51.7408952713
52.9365444183,-92.9428405762,-52.5174036026
48.4341831207,-88.1640300751,-51.7937183380
50.0174322128,-97.9761543274,-52.1740388870
-25.9092717171,-102.3760890961,-2.1469352841
-23.5230793953,-102.3676605225,-6.4557998180
119.7171382904,-102.3099460602,-2.3672872186
121.0580463409,-107.0786399841,-2.3638962507
119.7252902985,-111.8499031067,-2.3660217524
117.9795131683,-107.0833721161,-7.1034640074
41.3202934265,-102.4458732605,-10.1007262468
40.3878326416,-102.4135951996,-5.7565550804
42.7143688202,-102.4079418182,-1.9054462016
40.6967105865,-107.2376480103,-10.2464375496
39.5355472565,-107.1744213104,-5.6875344515
41.4071712494,-107.1801567078,-1.8560037911
44.3216590881,-107.2282028198,-6.5211141706
49.5498476028,-107.2313041687,-6.8956229687
46.2419624329,-102.4371166229,-6.4281353354
-18.0871815681,-102.3728351593,-17.6720428467
-14.1010222435,-102.3589000702,-18.0284664631
58.1284379959,-107.1663818359,-22.7255125046
44.3950929642,-102.4067459106,-39.5918464661
44.9260702133,-102.3971347809,-34.3204498291
48.6486663818,-102.4003009796,-29.4661364555
42.5489902496,-107.1201934814,-39.3559970856
43.8006057739,-107.1439723969,-34.1687326431
47.1635484695,-107.1707077026,-29.2943558693
44.1704912186,-111.8773803711,-39.5603475571
44.8563518524,-111.9233417511,-34.3056216240
48.6752138138,-111.9330749512,-29.5568251610
48.1134147644,-107.1730747223,-34.7780771255
54.4174289703,-107.1576919556,-35.7121219635
51.2457036972,-102.4093647003,-35.2387795448
51.3561592102,-111.9502143860,-35.2264008522
111.4358940125,-102.3760547638,-306.6220016479
118.1016311646,-107.1353187561,-310.3572540283
115.4416255951,-102.3763809204,-310.6606216431
115.4417304993,-111.8982372284,-310.6604766846
112.7517490387,-102.3861923218,-299.1480484009
111.1437873840,-107.1442108154,-301.0431671143
112.9395122528,-111.8947238922,-299.1479568481
112.8663387299,-107.1384067535,-294.0776596069
117.9890365601,-107.1451263428,-298.5415725708
118.1122798920,-108.8991794586,-269.6919860840
96.7847385406,-102.3815765381,-249.4642715454
95.4317264557,-102.3625125885,-245.0672340393
96.8296070099,-102.3649940491,-240.3396034241
95.4657344818,-107.1465835571,-249.6202239990
94.5438728333,-107.1440887451,-245.1848869324
95.4327926636,-107.1422977448,-240.5247688293
97.4415321350,-112.0552787781,-249.4607772827
96.6705932617,-112.2490234375,-245.1152534485
97.3774452209,-112.0769939423,-240.3834037781
98.1313686371,-107.1341648102,-244.7437744141
103.5207977295,-107.1374778748,-244.0844306946
100.8094158173,-102.3825321198,-244.4147262573
102.0427932739,-112.2138862610,-244.4489097595
89.7355480194,-108.9654998779,-190.8723220825
54.1601390839,-102.3865470886,-144.4214324951
52.8687143326,-102.3678073883,-140.0400657654
54.2420244217,-102.3855113983,-135.3783569336
52.8661956787,-107.1467609406,-144.5435562134
51.9956884384,-107.1450805664,-140.1306457520
52.8993673325,-107.1416988373,-135.5193443298
54.7988510132,-112.0593910217,-144.4302864075
54.0678720474,-112.2494487762,-140.1062088013
54.7804889679,-112.0720863342,-135.4266624451
55.4996337891,-107.1347160339,-139.7564048767
60.9668712616,-107.1324844360,-139.2118759155
58.2367067337,-102.4070816040,-139.4922332764
59.3032398224,-112.2149333954,-139.5558052063
54.3365421295,-102.4008426666,-130.9127159119
53.0697813034,-102.4067306519,-126.6164741516
54.5875167847,-102.4651451111,-122.0434818268
52.9471569061,-107.1410465240,-131.0530815125
52.0894784927,-107.1436939240,-126.7079505920
53.0200071335,-107.1594562531,-122.1740684509
54.2055530548,-111.8981399536,-130.9152984619
52.9314126968,-111.9154281616,-126.6157093048
54.2313156128,-111.9068107605,-122.0323085785
55.5967597961,-107.1642742157,-126.3383712769
61.2487182617,-107.1861209869,-125.7645320892
58.6584453583,-102.4687213898,-126.0646800995
58.0554237366,-111.9121856689,-126.0502319336
54.7471599579,-102.4770851135,-117.7614345551
53.4678583145,-102.4030780792,-113.7605476379
55.5004682541,-102.4099082947,-109.1837291718
53.1419277191,-107.1864452362,-117.9154739380
52.3131675720,-107.2003536224,-113.8856849670
54.3633861542,-107.3315105438,-109.1353282928
54.2874755859,-111.9219322205,-117.7529277802
52.9990482330,-111.9330253601,-113.7613868713
54.8160772324,-112.0212821960,-109.1698780060
56.9414234161,-107.3374500275,-112.9450626373
62.3667573929,-107.3291263580,-112.2331924438
59.4544095993,-102.4399414062,-112.8318805695
58.7117938995,-112.0398502350,-112.8165855408
149.6900367737,-116.8622264862,-6.8801276684
149.7145195007,-118.2024002075,-2.3068934083
144.8975830078,-115.9652156830,-6.9157153368
144.9795570374,-116.8636093140,-2.3168535829
140.1004257202,-116.8832530975,-6.9509170055
140.2441558838,-118.2183685303,-2.3362668157
144.9010810852,-119.5467014313,-6.9088955522
144.9053764343,-124.9195346832,-6.9065513611
149.6889190674,-122.2242584229,-6.8746652007
140.1110649109,-122.2431564331,-6.9472045302
135.5236320496,-118.2234039307,-2.3430820107
130.7968254089,-116.8789844513,-2.3391603827
126.0712528229,-118.2336521149,-2.3606042266
135.3328781128,-116.8876476288,-6.9859590530
130.5561866760,-124.9454059601,-7.0186456442
130.8002815247,-122.2471828461,-2.3490154743
118.3958015442,-119.5906429291,-2.3810501099
55.6020402908,-122.6451854706,-11.2422769070
54.8986110687,-123.9134845734,-6.7272028923
57.9629259109,-122.6819572449,-2.2515705824
56.7225437164,-116.7762203217,-6.7746351361
62.0985813141,-123.1978282928,-6.9669246674
111.1915626526,-116.6618881226,-275.0148239136
109.7756462097,-116.6513595581,-270.6315994263
111.1555519104,-116.6538276672,-265.9268951416
109.8092155457,-121.4315986633,-275.1610565186
108.8784866333,-121.4280166626,-270.7364196777
109.7615528107,-121.4286689758,-266.1052932739
111.1400394440,-126.1888885498,-275.0070495605
109.7757492065,-126.2028865814,-270.6311416626
111.0929107666,-126.1909809113,-265.9431228638
112.4568271637,-121.4314155579,-270.3185424805
117.8071517944,-121.4302196503,-269.6856536865
115.1289863586,-116.6680660248,-269.9977798462
115.1184024811,-126.1885356903,-270.0026245117
96.7386722565,-116.6675434113,-235.7727127075
95.3879375458,-116.6485290527,-231.3654365540
96.7790489197,-116.6541652679,-226.6335983276
95.4183330536,-121.4342422485,-235.9273872375
94.4988441467,-121.4315166473,-231.4814567566
95.3933544159,-121.4296569824,-226.8165702820
97.5727806091,-126.5620670319,-235.6656379700
96.9692230225,-126.9635715485,-231.1810836792
97.5174522400,-126.5714874268,-226.5492744446
98.0907154083,-121.4230937958,-231.0477828979
103.4629592896,-121.4228534698,-230.3963317871
100.7315673828,-116.6678314209,-230.7205619812
102.3653926849,-126.9275016785,-230.5290908813
82.4479026794,-116.6678180695,-196.2216835022
81.1073894501,-116.6511821747,-191.7999839783
82.5103130341,-116.6508426666,-187.0376319885
81.1313858032,-121.4342727661,-196.3771667480
80.2181167603,-121.4312496185,-191.9033203125
81.1152420044,-121.4297370911,-187.2182922363
83.2475662231,-126.5674114227,-196.1272354126
82.6809806824,-126.9637393951,-191.6138610840
83.2353286743,-126.5712242126,-186.9595985413
83.7996006012,-121.4232883453,-191.4853744507
89.1771392822,-121.4344711304,-190.8552513123
86.4949684143,-116.6766910553,-191.1656646729
88.0318202972,-126.9327545166,-190.9864654541
89.8988990784,-123.2146358490,-163.3394355774
58.4533281326,-116.6178894043,-75.3045635223
57.0291090012,-116.5960788727,-69.6364612579
59.3570623398,-116.6704597473,-63.4469823837
55.9398317337,-121.4120807648,-75.6502113342
55.2397880554,-121.3532886505,-69.7990779877
57.2669525146,-121.3890228271,-63.6116390228
57.4003982544,-126.2477836609,-75.3017482758
56.0025138855,-126.2250938416,-69.6274452209
58.6918287277,-126.1730442047,-63.4426012039
60.5942964554,-121.3619575500,-69.1314783096
67.9181528091,-121.4349231720,-68.1206731796
64.3709344864,-116.6977233887,-68.6260137558
64.0295896530,-126.1240406036,-68.6169071198
73.2492904663,-121.4489402771,-95.5535697937
64.4315652847,-116.6326313019,-89.9562282562
60.2335710526,-116.5494728088,-85.6862087250
59.5798616409,-116.6092357635,-80.6885318756
62.3423786163,-121.4292011261,-90.2740383148
58.4442138672,-121.3722515106,-85.9602165222
57.1416273117,-121.4047355652,-81.1019859314
63.4132156372,-126.2832641602,-89.9393978119
59.1023750305,-126.2732009888,-85.6961479187
58.5018262863,-126.2603340149,-80.6920909882
63.3852796555,-121.3503684998,-84.9218044281
70.1136150360,-121.4330673218,-83.4348888397
66.9535818100,-116.6873455048,-84.1796169281
66.3453779221,-126.2207984924,-84.1981830597
54.2028865814,-116.6707363129,-130.9096374512
52.9306859970,-116.6535739899,-126.6158599854
54.2020454407,-116.6646957397,-122.0332584381
52.9377937317,-121.4346389771,-131.0340270996
52.0852689743,-121.4317264557,-126.7090969086
52.9575071335,-121.4252815247,-122.1746330261
55.0057973862,-126.5761070251,-130.7965450287
54.4320316315,-126.9714279175,-126.4493656158
54.9522037506,-126.5728626251,-121.9434356689
55.4920835495,-121.4193191528,-126.3147830963
60.6028118134,-121.4376087189,-125.7317810059
58.0131292343,-116.6802425385,-126.0444488525
59.5557279587,-126.9383716583,-125.8553371429
54.2262020111,-116.6719360352,-117.7527713776
52.9337263107,-116.6659584045,-113.7651481628
54.7823982239,-116.7030620575,-109.0872325897
53.0056915283,-121.4289665222,-117.9221916199
52.1443710327,-121.4278984070,-113.8929939270
54.1113443375,-121.4902687073,-108.9984340668
54.9263057709,-126.5520477295,-117.6562786102
54.3178224564,-126.8982295990,-113.5411777496
55.3911018372,-126.5667152405,-109.0161609650
56.6018867493,-121.4880352020,-112.8223609924
61.6873445511,-121.5221652985,-112.1004295349
58.6122026443,-116.7258358002,-112.7396526337
59.7825431824,-126.9172172546,-112.5555343628
54.7457876205,-131.0658111572,-11.3489806652
54.0882358551,-130.9330825806,-6.6800798178
56.7032032013,-130.9609184265,-2.2169114947
53.5035753250,-136.0568428040,-11.4869980812
52.6204500198,-135.8163185120,-6.6408814192
54.9753141403,-135.7734756470,-2.1894456744
57.8205347061,-135.9151344299,-7.0904325843
63.2959089279,-135.9171981812,-7.2599619627
60.0137033463,-131.0604858398,-7.0150010586
115.2068729401,-130.9584922791,-283.5977325439
111.0954895020,-130.9558982849,-265.9352493286
117.8133430481,-135.7123451233,-269.6832427979
115.1258068085,-130.9608039856,-269.9985046387
111.0741729736,-130.9527473450,-261.3857803345
109.7095527649,-130.9342842102,-256.9922828674
111.0989398956,-130.9410018921,-252.2870292664
109.7460823059,-135.7137184143,-261.5510177612
108.8129692078,-135.7137680054,-257.1064796448
109.7055816650,-135.7147140503,-252.4658737183
111.0387992859,-140.4769630432,-252.3037872314
112.4058513641,-135.7145538330,-256.6980934143
117.7590732574,-135.7123069763,-256.0659446716
115.0688686371,-130.9525833130,-256.3696708679
115.0670433044,-140.4707603455,-256.3759536743
117.8520717621,-137.4742889404,-228.7289810181
98.0894908905,-130.9598197937,-205.2914695740
96.4495868683,-135.7249450684,-207.2024879456
98.2757759094,-140.4834747314,-205.2926063538
98.2190017700,-135.7200126648,-200.1676597595
103.3960342407,-135.7236938477,-204.6617355347
103.5013904572,-137.4794731140,-189.2404937744
59.1026601791,-130.9946060181,-57.6047544479
58.2190113068,-130.9171524048,-52.2879371643
60.9195718765,-130.9406547546,-46.8672533035
56.7045440674,-135.7900581360,-57.6731548309
56.3736305237,-135.7668228149,-52.3107337952
58.6802997589,-135.7441558838,-46.9188823700
58.9463663101,-140.6733703613,-57.6780405045
58.7191648483,-140.9243240356,-52.4748868942
60.6327047348,-140.7521514893,-47.0344343185
61.5049819946,-135.6987762451,-52.2401523590
68.5327243805,-135.6973876953,-52.0898962021
65.2918500900,-130.9670982361,-52.1704168320
66.2318096161,-140.8228874207,-52.3470621109
82.3786945343,-130.9542388916,-168.6840629578
81.0172157288,-130.9360122681,-164.2628288269
82.4221706390,-130.9342079163,-159.5159950256
81.0494480133,-135.7211761475,-168.8361282349
80.1188583374,-135.7140007019,-164.3660621643
80.9968414307,-135.7139663696,-159.6958465576
82.4085979462,-140.4858741760,-168.6800765991
81.0122852325,-140.4902763367,-164.2632331848
82.3179988861,-140.4765205383,-159.5368995667
83.6849594116,-135.7175292969,-163.9585456848
89.1320781708,-135.7153167725,-163.3419113159
86.4772167206,-130.9471931458,-163.6330490112
86.3642845154,-140.4821929932,-163.6411285400
83.7877826691,-137.5069351196,-141.1008911133
81.6652565002,-139.2689285278,-136.7709007263
83.8210906982,-137.5046768188,-132.0219650269
84.1373672485,-132.1865501404,-136.5753059387
89.5476226807,-137.5231094360,-135.9149971008
83.8507862091,-137.5046615601,-127.4564170837
81.7976665497,-139.2536315918,-123.1467208862
84.0381698608,-137.4989814758,-118.3767757416
84.4095897675,-132.1451530457,-122.9287796021
89.7325630188,-137.4931221008,-122.2428264618
57.0836782455,-131.0140571594,-75.2946186066
55.6002464294,-130.9931106567,-69.6223964691
58.1929559708,-131.0106201172,-63.4345607758
55.0140905380,-135.7131271362,-75.6356487274
54.1396961212,-135.7186241150,-69.7898635864
55.8607864380,-135.7385101318,-63.5852413177
59.1900434494,-135.7212448120,-69.0949258804
67.0870952606,-135.7353363037,-68.1057739258
63.5045337677,-131.0108566284,-68.6114273071
75.5656547546,-138.8415451050,-128.4082145691
70.9202308655,-140.1661796570,-129.0167579651
75.4064941406,-140.1811332703,-123.8831310272
70.7667179108,-141.0681228638,-124.4896144867
75.4856071472,-138.8422164917,-119.3447914124
70.6150264740,-140.1741523743,-119.9857559204
62.9720134735,-131.0470657349,-89.9303054810
58.8159484863,-130.9626808167,-85.6886043549
58.2056350708,-130.9996833801,-80.6852722168
61.1471977234,-135.7140388489,-90.2687454224
57.6146469116,-135.7154273987,-85.9195995331
56.2535324097,-135.7134437561,-81.0617256165
63.4203119278,-140.8462677002,-89.7197666168
60.5223255157,-141.2488098145,-85.2350120544
58.9553909302,-140.8454170227,-80.4364891052
61.9630241394,-135.7152404785,-84.9168338776
68.9310159683,-135.7916793823,-83.4333229065
65.7526559830,-131.0718345642,-84.1983642578
66.9529495239,-141.2241897583,-83.7433338165
144.9923744202,-151.6896209717,-3.4509500861
69.7288370132,-151.1958045959,-11.9321219921
68.6858577728,-152.4052009583,-7.1835591793
71.9519195557,-151.2175788879,-2.4095780253
70.9615650177,-145.3344345093,-7.1990094781
76.5060596466,-151.7690734863,-7.2433317900
60.6259317398,-145.3389091492,-41.5954294205
60.4406509399,-145.2711410522,-36.4195747375
63.8214464188,-145.2167282104,-31.3129930496
58.5432987213,-150.0246734619,-41.5451765060
58.7884578705,-150.0361747742,-36.3787441254
61.4673833847,-150.0189399719,-31.2673254013
63.3351907730,-149.9871635437,-36.5008807182
70.1031312943,-149.9837112427,-36.6714496613
67.2191076279,-145.2281532288,-36.6110506058
115.0698738098,-145.2473297119,-256.3690643311
109.6658706665,-145.2204399109,-243.3318672180
111.0036239624,-145.2385368347,-238.6225128174
117.7274856567,-149.9968261719,-242.3987808228
115.0317153931,-145.2427597046,-242.7080001831
110.9949913025,-145.2393875122,-234.0661201477
109.6341743469,-145.2231941223,-229.6567039490
111.0313854218,-145.2265357971,-224.9308547974
109.6622333527,-149.9994316101,-234.2219467163
108.7343215942,-149.9994735718,-229.7607154846
109.6354866028,-150.0003662109,-225.1063079834
110.9711017609,-154.7626304626,-224.9467353821
112.3338584900,-150.0002632141,-229.3583450317
117.6979961395,-149.9969940186,-228.7348823547
115.0034980774,-145.2382965088,-229.0382041931
115.0001258850,-154.7564888000,-229.0407371521
96.7060966492,-145.2489624023,-194.5940971375
95.3058471680,-145.2226638794,-190.1380844116
96.6650657654,-145.2323799133,-185.3851203918
95.3460865021,-149.9994430542,-185.5344429016
97.4927959442,-155.1444435120,-185.2835807800
98.0069465637,-149.9911041260,-189.8164672852
103.3765201569,-149.9954071045,-189.1996192932
100.6568164825,-145.2397727966,-189.5240669250
102.2733707428,-155.5012130737,-189.3226203918
103.3107547760,-150.0047454834,-177.1836624146
83.1682701111,-145.2715415955,-168.7968940735
81.0236225128,-145.2375717163,-164.2590599060
82.3213958740,-145.2414474487,-159.5302963257
85.2361488342,-150.0530166626,-164.1625976562
90.6064853668,-150.0565032959,-163.5488204956
87.1271228790,-145.2768592834,-163.7456359863
88.7369918823,-155.5245475769,-163.5517539978
82.2802753448,-145.2346611023,-154.9534606934
80.8962421417,-145.2200546265,-150.5425071716
82.1827201843,-145.2371139526,-145.8267860413
80.9677886963,-149.9942398071,-155.1183738708
80.0127201080,-150.0008277893,-150.6559906006
80.8684787750,-149.9995803833,-145.9846000671
82.7986717224,-154.9287986755,-145.8569145203
83.5855636597,-149.9857597351,-150.2375946045
88.8757648468,-149.9880371094,-149.6071090698
86.2073478699,-145.2379570007,-149.9188613892
87.4399909973,-155.0668182373,-149.9638290405
82.1164207458,-145.2372512817,-141.2744522095
80.6890659332,-145.2217445374,-136.8810272217
81.9547805786,-145.2301330566,-132.1581573486
80.7987232208,-149.9970779419,-141.4362182617
79.7957019806,-149.9987831116,-136.9891624451
80.6065559387,-149.9989471436,-132.3263740540
82.1082801819,-154.7546043396,-141.2741088867
80.6846294403,-154.7730751038,-136.8812980652
81.9197196960,-154.7571678162,-132.1662864685
83.3541259766,-149.9966430664,-136.5579643250
88.6769123077,-149.9893989563,-135.9017410278
86.0966281891,-145.2413902283,-136.2263259888
85.9723262787,-154.7508773804,-136.2339744568
81.8431301117,-145.2363433838,-127.6186237335
80.3168258667,-145.2227821350,-123.2449970245
81.7630062103,-145.2661018372,-118.5326690674
80.4673309326,-149.9988822937,-127.7880325317
79.3709907532,-149.9985885620,-123.3549137115
80.1084995270,-149.9943008423,-118.6889076233
81.7831554413,-154.7590141296,-127.6170673370
80.2702064514,-154.7777786255,-123.2461585999
81.4222602844,-154.7751426697,-118.4827251434
82.9253349304,-149.9951019287,-122.9088287354
88.4846439362,-150.0180435181,-122.2608375549
86.0131473541,-145.2756309509,-122.5913791656
85.5476398468,-154.7641448975,-122.5723533630
83.0458164215,-145.3072204590,-110.9445133209
80.7455215454,-149.9944877625,-112.8882617950
82.3079109192,-154.7648811340,-110.9294757843
82.4342651367,-150.0034561157,-105.8711051941
88.2606449127,-150.0582008362,-110.3090839386
85.2493877411,-151.7380218506,-80.7755393982
77.5917072296,-151.2473564148,-71.9455318451
75.2636108398,-152.5168342590,-67.1366806030
78.1116790771,-151.2506828308,-61.8446006775
78.1544055939,-145.4033012390,-66.9219894409
84.7619781494,-151.7468109131,-66.2807016373
139.5199699402,-168.9788398743,-31.5837340355
144.5805168152,-168.9855499268,-30.1078991890
149.6067962646,-168.9684181213,-31.2290315628
144.5127258301,-168.9809875488,-35.2680811882
149.7049369812,-168.9603424072,-9.8661239147
144.8804664612,-168.9768218994,-11.2095297575
140.1008071899,-168.9684753418,-9.9538115859
145.0121154785,-164.1949615479,-3.4396743178
144.9590911865,-159.4242782593,-6.0434730649
144.9720726013,-168.9675064087,-6.0400051475
132.3177223206,-168.9569969177,-8.7241129875
126.9064331055,-164.2186355591,-8.7778745294
132.5767688751,-164.2113723755,-3.4748514295
67.2724828720,-159.5584335327,-11.9218864441
66.8934726715,-159.4877662659,-7.1583812237
69.7503261566,-159.4712371826,-2.3813816905
65.2634878159,-164.2926979065,-11.9354143143
65.4596529007,-164.2921180725,-7.1499079466
67.5738964081,-164.3058013916,-2.3711922765
69.3058319092,-164.3022613525,-7.1783233881
75.6454219818,-164.2779273987,-7.1962831020
73.0621891022,-159.5211677551,-7.2015973926
131.2698326111,-168.9652595520,-33.1749033928
133.3531360626,-168.9786376953,-16.2678122520
134.5596427917,-168.9912414551,-20.8916645050
132.9629077911,-168.9827537537,-25.5768618584
128.9866466522,-168.9870910645,-21.0135025978
78.1478881836,-165.4247360229,-41.5680885315
76.0569782257,-166.6594429016,-36.7175025940
79.7171421051,-165.4693565369,-31.7201461792
79.2327041626,-159.5388069153,-36.6660337448
85.5278491974,-166.0046424866,-36.5347228050
115.0028972626,-159.5331878662,-229.0341262817
109.6067142487,-159.5059585571,-215.9466285706
111.0010795593,-159.5148239136,-211.2263107300
117.6849918365,-164.2773361206,-215.0438766479
114.9778690338,-159.5257835388,-215.3403129578
117.6352863312,-166.0675697327,-187.6106605530
104.8261451721,-166.8103294373,-161.5275840759
81.9163417816,-159.5246238708,-132.1696052551
88.6707611084,-164.2798995972,-135.8951263428
85.9675827026,-159.5297431946,-136.2307777405
77.6219978333,-159.5160331726,-86.6013603210
75.2570476532,-159.5056304932,-82.0431919098
75.9436035156,-159.5016632080,-77.0441761017
76.1462020874,-164.2853393555,-86.8183059692
74.2649517059,-164.2870101929,-82.1819839478
74.3851642609,-164.2817535400,-77.2558040619
78.4539718628,-169.4167213440,-86.4900836945
76.9935455322,-169.8187942505,-81.7993335724
76.7941627502,-169.4157485962,-76.9310607910
78.2300224304,-164.2727165222,-81.6146697998
84.2125434875,-164.2531089783,-80.7754535675
81.3470687866,-159.5083236694,-81.1918163300
82.9460277557,-169.7726173401,-80.9623413086
75.4387931824,-159.5053863525,-72.0841712952
73.7458400726,-159.4969673157,-67.1596450806
75.5961513519,-159.5143470764,-61.9428825378
73.8194694519,-164.2773094177,-72.2603874207
72.6557292938,-164.2839279175,-67.2507381439
73.6051139832,-164.2801094055,-62.0508289337
76.0727176666,-169.1884765625,-72.0980606079
75.1167221069,-169.3851089478,-67.2163829803
75.8517780304,-169.2116127014,-61.9742040634
76.8387794495,-164.2626571655,-66.8667860031
83.2951183319,-164.2666778564,-66.2780008316
80.4713211060,-159.5304183960,-66.5965089798
81.3268890381,-169.3405723572,-66.6185760498
139.5122451782,-176.7246932983,-32.8766798973
144.5819129944,-174.9382362366,-30.9729871750
149.6013069153,-176.7284469604,-32.5099492073
144.4895210266,-176.7241630554,-37.8474435806
144.5436172485,-182.0973014832,-32.6878895760
149.6386642456,-175.3723869324,-25.1044831276
149.6726036072,-174.0117073059,-20.5450844765
149.6889724731,-175.3673973083,-15.9832837582
144.6596069336,-174.0296211243,-25.2442178726
144.7315750122,-173.1152000427,-20.6592402458
144.8061676025,-174.0252914429,-16.0741875172
139.6842041016,-175.3736038208,-25.3873300552
139.7911300659,-174.0222129822,-20.7727742195
139.9257469177,-175.3700141907,-16.1586723328
144.7340393066,-176.7133560181,-20.6574769020
144.7204437256,-182.1012229919,-20.6545448303
149.6590766907,-179.4110641479,-20.5405855179
139.7946662903,-179.3929290771,-20.7710762024
140.1564941406,-176.7153396606,-8.6545901299
144.9033393860,-174.9319686890,-10.3378057480
149.7114944458,-176.7187728882,-8.5723347664
144.9185981750,-182.0954818726,-8.6110084057
145.0238456726,-176.7121391296,-3.4453034401
82.6779251099,-179.7821655273,-12.0675475597
81.4780979156,-181.0392036438,-7.2984812260
84.3465766907,-179.8036422729,-2.4469430447
83.8469295502,-173.9093017578,-7.2867347598
89.0640144348,-180.3203659058,-7.2539585233
126.3160667419,-179.7555198669,-209.5107345581
126.0216999054,-173.8098640442,-214.1012191772
132.0028228760,-180.3493995667,-213.4453620911
126.3063106537,-179.7510986328,-204.9283103943
124.2046470642,-180.9456748962,-200.5949058533
126.3057842255,-179.7529792786,-195.8139419556
126.0055961609,-173.8030204773,-200.4048690796
131.9919776917,-180.3516769409,-199.7629280090
131.5243091583,-176.7494621277,-25.6043858528
133.6275749207,-174.9374427795,-20.9085097313
131.9655475616,-176.7290039062,-16.2953402996
131.5090827942,-182.1250457764,-20.9437966347
126.1222858429,-176.7639656067,-21.0774433613
76.3655128479,-173.7979354858,-41.6450862885
75.5713577271,-173.7889251709,-36.7382993698
77.8705196381,-173.7949600220,-31.7358255386
74.8467540741,-178.5669021606,-41.7324981689
74.5801448822,-178.5698661804,-36.7617273331
76.3433952332,-178.5726737976,-31.7632699013
76.3949108124,-183.3431091309,-41.6572504044
75.6739387512,-183.3715324402,-36.7072725296
77.8324508667,-183.3413848877,-31.7815327644
78.5778827667,-178.5689697266,-36.6846213341
84.5125370026,-178.5605697632,-36.5860552788
81.5556545258,-173.8079528809,-36.6113386154
81.6080093384,-183.3475608826,-36.6145701408
103.0125102997,-180.6711845398,-106.8215904236
100.7227249146,-180.3501930237,-92.9747734070
99.6392765045,-180.3462409973,-79.0441036224
75.2285175323,-173.8140678406,-56.7965745926
73.9783973694,-173.7963104248,-51.8436727524
75.8297939301,-173.8013534546,-46.6920766830
73.7080879211,-178.5749092102,-56.8776168823
72.9542484283,-178.5723075867,-51.8904685974
74.2837276459,-178.5683860779,-46.7871932983
77.0784664154,-178.5594635010,-51.6733188629
83.2060413361,-178.5577926636,-51.3739261627
80.1030712128,-173.8145980835,-51.5307188034
81.2998104095,-188.0859146118,-12.0815114975
80.7711639404,-188.0727157593,-7.2712453604
83.0014419556,-188.0820579529,-2.4205988050
86.1896858215,-188.0866355896,-7.2581697702
78.0820369720,-188.0810852051,-21.9000687599
80.3907279968,-188.0877380371,-16.9592747688
83.7598533630,-188.1098403931,-21.8183312416
93.0510540009,-188.1872138977,-50.8777608871
81.9616661072,-184.0068664551,-51.4707851410
118.7484607697,-180.9470138550,-160.0247268677
78.6703014374,-175.1528511047,-72.4481143951
78.2234077454,-175.3201179504,-68.7920665741
78.4294376373,-175.1570014954,-64.8261976242
76.9914722443,-176.2964935303,-61.8051004410
81.4470176697,-180.3400077820,-60.7342510223
83.7528133392,-181.3177337646,-63.3785161972
86.2441692352,-179.5029335022,-66.1418657303
72.6357383728,-176.2747421265,-64.2979154587
79.3164653778,-175.3760108948,-76.6050224304
79.9441432953,-175.7552452087,-81.3856735229
80.8375740051,-175.3733940125,-86.1377792358
94.1325416565,-179.8299522400,-84.3515663147
93.6475906372,-173.9553871155,-79.6762886047
93.3958320618,-179.8259887695,-74.9613513947
91.6814556122,-181.1017417908,-79.8797855377
94.9139518738,-173.9544563293,-93.6498775482
94.5602588654,-179.8288078308,-89.0263099670
111.9917964935,-173.9499282837,-160.7436332703
112.0694618225,-173.8146171570,-174.5019454956
57.7791833878,-173.8084983826,-21.1325125694
58.9222345352,-173.8059501648,-16.4232656956
61.6128206253,-173.9757843018,-26.4350786209
62.6066436768,-174.3038024902,-21.9921698570
63.6071491241,-174.6306114197,-17.5480823517
63.6776065826,-179.0663528442,-17.2121376991
66.6479520798,-174.1405525208,-26.8304553032
66.6775016785,-178.7687683105,-26.6938295364
67.5224628448,-174.7991027832,-22.6754126549
67.6043663025,-179.1655693054,-22.2655162811
68.3970336914,-175.4556465149,-18.5342979431
68.5311870575,-179.5623474121,-17.8371903896
71.5873489380,-174.4814758301,-26.9054875374
71.6579399109,-178.9812622070,-26.8281331062
72.1945858002,-175.3355140686,-22.3637895584
72.4647674561,-179.4920883179,-22.1539011002
72.6492691040,-183.6452560425,-21.9412860870
73.1926250458,-175.1672592163,-17.9588129520
73.1681728363,-179.4483261108,-17.7756338120
73.5026741028,-183.6373214722,-17.2334964275
80.9520740509,-173.7921524048,-21.8920335770
86.6786861420,-180.3082427979,-21.8496942520
79.8481712341,-175.8187141418,-17.4824366570
77.8873939514,-179.8672409058,-17.9088790417
79.8845634460,-183.7676811218,-17.4120032787
81.4252719879,-178.9372863770,-15.3885471821
83.9316062927,-180.3302192688,-17.6039726734
77.5727767944,-177.4089088440,-21.9538002014
76.8211708069,-180.3982429504,-21.9477663040
77.9887084961,-183.9332695007,-21.9166541100
80.8362121582,-181.5253067017,-21.9249367714
78.4677467346,-175.6174964905,-26.8025984764
77.0576496124,-179.4877586365,-26.8406019211
78.6029663086,-183.6264305115,-26.8057718277
82.9425983429,-180.0532379150,-26.7429966927
67.1554031372,-180.1600074768,-2.4870987535
67.1459922791,-176.4540176392,-2.5525736809
65.9663553238,-179.7631912231,-7.4605852365
65.9296646118,-175.7893524170,-7.6569939852
64.7806472778,-179.3639984131,-12.4344859123
64.7142105103,-175.1248741150,-12.7667558193
71.9034786224,-184.3903656006,-2.4696352482
71.8685016632,-181.7451896667,-2.6023985744
71.8466854095,-179.0988121033,-2.7342657447
70.8073711395,-184.1258506775,-7.4089202881
70.7162284851,-180.9515647888,-7.8100138903
70.6380214691,-177.7973289490,-8.2115957737
69.7113265991,-183.8613128662,-12.3482484818
69.5706329346,-180.1575508118,-13.0191557407
69.4338626862,-176.4706077576,-13.7129635811
71.7778320312,-174.9586639404,-2.6102652550
69.5881309509,-169.4132881165,-2.3953989744
70.5215721130,-174.5312614441,-7.8344233036
69.5192127228,-173.3699150085,-13.0347304344
73.5056552887,-169.7562026978,-7.2330980301
67.9288349152,-169.7673339844,-7.2019091845
67.4518260956,-169.3851547241,-11.9627666473
76.0419673920,-184.1844367981,-2.4703320265
75.3709621429,-181.1225357056,-2.5648940802
75.8647022247,-177.4525947571,-2.6223841906
77.6655750275,-179.8873100281,-2.4845414758
75.0001907349,-184.0451393127,-7.4081418514
74.2294921875,-180.7003135681,-7.7013082504
74.6269378662,-177.1400032043,-7.8797720671
76.4964694977,-180.2073326111,-7.4495611191
74.1835880280,-183.7711372375,-12.4081912041
73.5534038544,-179.8535118103,-13.0073971748
73.9235038757,-175.7969703674,-13.1770431995
76.0780811310,-179.3864097595,-12.5049262047
71.8576850891,-164.5915985107,-92.4933395386
71.8024730682,-160.0132255554,-92.5074615479
72.5239086151,-164.8975830078,-96.9668445587
72.3026180267,-160.5205841064,-97.0110721588
73.1050491333,-164.6192131042,-101.1425247192
73.1888103485,-160.0268478394,-101.3227500916
67.3413887024,-159.5248451233,-93.6017894745
68.1578750610,-159.5249862671,-97.9387454987
68.9747447968,-159.5228195190,-102.2764186859
76.1291332245,-164.8518180847,-110.0699710846
73.2637004852,-159.5697822571,-105.8461437225
74.9527034760,-164.7418632507,-105.4297657013
73.0157661438,-159.6063804626,-110.5757331848
74.0420742035,-159.5648956299,-115.0843868256
69.5446796417,-159.5172576904,-106.6553134918
69.9319877625,-159.5007095337,-111.0482521057
75.0695323944,-159.5228843689,-119.4723529816
80.2664623260,-159.4878120422,-95.6772804260
87.4934482574,-166.7804679871,-94.5435543060
78.3628177643,-161.3619575500,-91.2943096161
77.2960205078,-165.3609085083,-91.4228267670
79.4450397491,-169.8261222839,-91.1096153259
83.7358264923,-166.3006858826,-90.4535312653
77.5261745453,-163.1902885437,-96.0442981720
77.3409671783,-166.4318962097,-96.0674686432
79.7145080566,-170.6314086914,-95.7137184143
82.7299232483,-168.3211555481,-95.2392024994
79.3457641602,-161.6028862000,-99.9965496063
78.0458774567,-165.7908096313,-99.7472724915
80.5625553131,-170.0177192688,-99.8571491241
84.5735721588,-166.7059555054,-99.0573577881
80.9465847015,-164.7140998840,-101.7224578857
89.3404064178,-164.5958747864,-122.0854358673
81.2348041534,-159.5647735596,-118.9446887970
82.1962814331,-164.3269767761,-116.9216899872
85.9426879883,-164.5545387268,-118.5203819275
80.4690208435,-159.5750656128,-123.2272758484
84.6480045319,-164.7438049316,-122.6992626190
81.8787364960,-159.5584983826,-127.6114711761
86.6200160980,-164.5114822388,-127.0242481232
97.7216587067,-159.6676979065,-162.3314933777
55.7791681290,-159.6912040710,-57.9335556030
55.7896270752,-164.3838920593,-57.8612680435
56.3931303024,-160.0205078125,-52.8618106842
56.4211893082,-164.5823020935,-52.6396903992
57.0139312744,-160.3493194580,-47.7876901627
57.0520381927,-164.7814140320,-47.4174385071
61.6929798126,-159.8559875488,-57.8581418991
61.7087945938,-164.4830284119,-57.7089338303
61.7229366302,-169.1127204895,-57.5615806580
62.1349277496,-160.5152854919,-53.2931928635
62.1764602661,-164.8798980713,-52.8455657959
62.2189350128,-169.2450332642,-52.4034385681
62.5759840012,-161.1749610901,-48.7400264740
62.6437673569,-165.2803192139,-47.9839973450
62.7138605118,-169.3809852600,-47.2472219467
67.4479160309,-160.1918258667,-57.4372472763
67.5262908936,-164.6965942383,-57.3536500931
67.6196861267,-169.1878471375,-57.2713050842
67.4939594269,-161.0506439209,-52.6691637039
67.7496204376,-165.2076911926,-52.4207429886
67.9328250885,-169.3610305786,-52.1781749725
67.9979152679,-160.8892097473,-48.0037136078
67.9173641205,-165.1663703918,-47.7943935394
68.2057552338,-169.3552665710,-47.2018804550
77.6709995270,-159.5307197571,-51.7128267288
83.8355693817,-166.0118675232,-51.4201459885
75.6717357635,-161.5514030457,-47.2425918579
73.2562084198,-165.5692481995,-47.7561492920
75.3371925354,-169.4720001221,-47.1748580933
77.2378005981,-164.6174545288,-45.0362081528
80.3005733490,-166.0187988281,-47.2335186005
73.5304241180,-163.1295356750,-51.9249887466
72.6020240784,-166.1099739075,-51.9575233459
73.8702507019,-169.6478004456,-51.8681116104
76.9798507690,-167.2146987915,-51.7425184250
75.3345699310,-161.3614959717,-56.8414945602
73.5351810455,-165.1943778992,-56.9560089111
75.1711597443,-169.3347396851,-56.8203134537
80.0018634796,-165.7906951904,-56.5408630371
106.1288566589,-167.2188682556,-175.4584083557
103.8714561462,-164.0654678345,-177.1114349365
112.1940383911,-165.5444221497,-192.7821693420
112.0787048340,-159.6731147766,-188.2226753235
112.1984748840,-165.5498008728,-183.6401939392
110.2755546570,-166.8218803406,-188.4299888611
112.7538433075,-165.7795524597,-197.3253326416
112.0850296021,-159.5306663513,-201.9695663452
118.8346118927,-166.6493225098,-201.1952781677
111.0908718109,-161.0605087280,-207.2235641479
63.2008085251,-155.1097679138,-31.3468618393
67.5098524094,-155.4022903442,-36.6168088913
61.0055780411,-155.4047660828,-36.4495954514
60.7314615250,-155.0675544739,-41.5744829178
70.5535297394,-166.4620666504,-31.6673312187
65.5113105774,-168.0018768311,-31.4645619392
65.2665357590,-161.1592292786,-31.4415721893
59.7770233154,-161.9755706787,-31.2120051384
59.1817426682,-165.2065544128,-31.1859979630
59.8517646790,-169.3494606018,-31.2135853767
61.7153158188,-167.0308799744,-31.2981944084
69.0455837250,-166.8673019409,-36.7021884918
64.3097629547,-168.1233978271,-36.5373983383
63.6433830261,-161.6052665710,-36.5220003128
58.6669759750,-162.2414627075,-36.4950561523
58.2219867706,-165.5036392212,-36.6359939575
58.7680959702,-169.4186744690,-36.5166759491
60.8322687149,-167.3630638123,-36.6910476685
63.0516328812,-159.9524993896,-42.3023433685
57.7935409546,-161.4761695862,-42.2226638794
57.6459445953,-165.3267250061,-42.1525650024
57.8630323410,-169.3631515503,-41.8016796112
63.0074357986,-163.3838119507,-43.3265514374
62.9185781479,-166.2734947205,-43.3863391876
63.2610416412,-169.6757965088,-42.3872413635
63.3896608353,-167.5815353394,-40.1439800262
67.9059314728,-162.0401725769,-43.2729301453
67.6106662750,-165.7117080688,-43.9456272125
68.3703651428,-169.5290794373,-42.7257509232
67.9407997131,-166.6283149719,-40.7416810989
70.3276004791,-165.0507240295,-42.8057804108
67.5431203842,-170.1077194214,-15.4561829567
65.9479246140,-165.4737091064,-15.5533092022
67.5574865341,-162.0721092224,-16.8084201813
67.2399387360,-167.8410148621,-17.9620323181
71.7477855682,-166.1091041565,-16.1848034859
68.2446622849,-160.9246826172,-19.8009998798
66.9252929688,-161.0621528625,-23.6115436554
66.4563341141,-160.8767929077,-27.1720614433
62.9633235931,-170.0011672974,-17.6043605804
62.3110265732,-165.4312362671,-17.6876933575
62.7917318344,-161.9816398621,-18.7456560135
64.4001827240,-167.6974716187,-19.7432417870
61.9628944397,-169.7411499023,-22.0184760094
61.3202505112,-165.3319168091,-22.0490655899
61.8170137405,-161.9592971802,-22.7261695862
63.5701618195,-167.4022216797,-23.3425836563
60.9813289642,-169.4746437073,-26.4249143600
60.3428153992,-165.2279586792,-26.4129047394
60.9212970734,-161.9239349365,-26.6619901657
62.7880134583,-167.1046257019,-26.9314956665
66.5529584885,-168.0534324646,-27.3078393936
67.1899242401,-168.4463195801,-24.0576953888
67.8521480560,-168.8329963684,-20.7787523270
71.4454593658,-166.6280975342,-27.2152400017
71.6829643250,-167.3059501648,-23.2088313103
73.1894359589,-167.0392799377,-18.9729480743
75.1406192780,-165.2221450806,-22.0718657970
61.7776489258,-146.8044281006,-79.7918643951
63.6706676483,-147.1838531494,-84.4928779602
65.8181476593,-146.8044128418,-89.1343708038
79.4972572327,-151.2216758728,-86.4058761597
79.0359611511,-145.3816528320,-81.6920032501
77.9279327393,-151.2513542175,-76.8924293518
76.1553287506,-152.5186347961,-81.9559402466
68.0309314728,-152.1626777649,-78.3808650970
69.2712173462,-152.5421104431,-83.1744880676
70.8250503540,-152.1540222168,-87.9089031219
61.8906478882,-153.5756797791,-79.7696151733
63.9072380066,-153.5746078491,-84.4359893799
65.9236173630,-153.5725975037,-89.1016254425
60.3683261871,-155.0546607971,-90.4740200043
59.7441568375,-150.8853454590,-90.6265106201
60.3540515900,-147.6198348999,-90.4784526825
62.2353191376,-152.6658058167,-90.0107784271
56.9244813919,-150.8837661743,-86.0773983002
57.6156129837,-147.6201667786,-85.9180030823
59.7247524261,-152.6641426086,-85.4166069031
54.1045064926,-150.8819236755,-81.5297279358
54.8783721924,-147.6206665039,-81.3561325073
57.2134561539,-152.6637344360,-80.8249034882
67.0407218933,-146.5819892883,-93.6623554230
67.5373220444,-146.7364807129,-98.0720233917
68.7649383545,-145.3832588196,-102.9339885712
71.5671367645,-152.2308120728,-92.5546321869
71.8095798492,-152.6935844421,-97.1183433533
73.1203784943,-151.6436080933,-101.7893238068
74.2758693695,-150.9083480835,-96.6305580139
67.3253116608,-153.5705032349,-93.6010055542
68.1284255981,-153.5660858154,-97.9418392181
69.0111656189,-152.3780746460,-102.8363952637
63.9010400772,-155.0555076599,-103.2919292450
63.3170166016,-150.8867759705,-103.4113292694
63.9455480576,-147.0128898621,-103.6057224274
65.6160297394,-152.0711364746,-103.2340164185
63.0280456543,-155.0553779602,-99.0785541534
62.4593429565,-150.8898048401,-99.2069911957
63.0254392624,-147.6221504211,-99.0795879364
64.7462005615,-152.6689834595,-98.6980171204
62.1572160721,-155.0556144714,-94.8643341064
61.5839414597,-150.8870887756,-95.0037536621
62.1550168991,-147.6200561523,-94.8651847839
63.8929147720,-152.6683311462,-94.4409198761
73.3361225128,-150.4701690674,-110.9506130219
73.6141777039,-150.6060142517,-106.5218811035
76.1864871979,-145.4430999756,-111.7015113831
76.6117591858,-150.0601005554,-112.9499092102
76.1914882660,-154.8015174866,-111.5176525116
75.2048511505,-150.2324218750,-111.5958328247
75.9402065277,-150.1444778442,-108.0030555725
74.5120716095,-145.4402961731,-115.6740169525
74.7229442596,-150.0741462708,-116.1037864685
74.5191307068,-154.7982101440,-115.4526329041
73.9044094086,-150.2376518250,-114.0939331055
70.0179920197,-150.5964851379,-111.5613307953
69.6308765411,-150.9928436279,-107.5797653198
70.2892169952,-145.5331916809,-116.2014389038
70.1673965454,-150.1291885376,-116.5270385742
70.2745571136,-154.7958374023,-115.9542980194
70.0301933289,-150.3299942017,-114.4206657410
64.5707740784,-146.0814514160,-108.1358642578
63.9230890274,-150.5400848389,-107.7792129517
64.5071010590,-154.9418640137,-107.6085033417
66.2208404541,-151.0346412659,-107.8316764832
66.9666843414,-150.4772720337,-112.2253265381
64.6385536194,-150.1786384583,-112.4032382965
65.0888185501,-145.6583175659,-112.3893051147
65.7344007492,-145.3942451477,-116.4523620605
65.5802030563,-150.0786056519,-116.5671730042
54.5329914093,-155.0539474487,-63.5970869064
53.7725543976,-150.8848266602,-63.6664085388
54.5253257751,-147.6197700500,-63.6038188934
56.8224716187,-152.6650810242,-63.4042329788
54.1242351532,-155.0530204773,-69.7931556702
53.3442535400,-150.8824081421,-69.9048976898
54.1196355820,-147.6202888489,-69.7924232483
56.4847335815,-152.6629447937,-69.4590091705
52.9149913788,-150.8811950684,-76.1418476105
53.7142887115,-147.6206817627,-75.9819107056
56.1445808411,-152.6628990173,-75.5133743286
60.9803056717,-153.5762977600,-74.5546722412
61.1760845184,-153.5765876770,-68.7881736755
61.3811187744,-153.5757064819,-63.0267171860
61.3353614807,-146.8100585938,-63.0205440521
58.5406055450,-140.8571243286,-63.3104619980
60.9237966537,-147.1894569397,-68.8164615631
60.8562707901,-146.8042907715,-74.5745296478
64.8944673538,-141.2382202148,-68.2971811295
57.3971433640,-141.2563438416,-69.3219337463
57.8694162369,-140.8402290344,-75.1178054810
67.3353481293,-152.1635437012,-73.3018054962
67.2399044037,-152.5485687256,-67.9334106445
67.7178993225,-152.1739997864,-62.5128459930
85.3925304413,-145.4637947083,-173.8619728088
89.7814960480,-145.3695755005,-182.3736915588
89.1606464386,-145.5266494751,-179.3571395874
91.4483680725,-145.4600448608,-177.7560157776
97.8858070374,-145.2829437256,-177.1310043335
91.3956890106,-150.6857681274,-177.6551704407
97.7604846954,-150.0709991455,-171.3253326416
97.9456405640,-154.7856063843,-177.1232910156
95.9744262695,-150.0683479309,-178.4081916809
89.4373283386,-150.8727149963,-175.0481643677
89.5291404724,-145.5222930908,-175.6515998840
85.5100059509,-145.4341125488,-180.5669097900
85.4906005859,-145.5645523071,-177.9811096191
61.2177886963,-155.8193054199,-45.3780012131
59.4616975784,-151.1968688965,-45.5031490326
61.3506307602,-147.8209075928,-46.9472484589
61.2270498276,-153.5614433289,-48.1490840912
66.1630897522,-151.8411331177,-46.1974182129
62.5092811584,-146.7018775940,-50.2561607361
61.5767993927,-146.8087654114,-54.3876743317
61.4729013443,-146.5987701416,-58.2495889664
56.2995758057,-155.7159385681,-47.8763599396
55.5655069351,-151.1433525085,-47.9917812347
56.1793632507,-147.7048606873,-49.1973609924
58.1829271317,-153.4173812866,-50.2130851746
55.6662883759,-155.4536094666,-52.9349012375
54.9292831421,-151.0429992676,-53.0136489868
55.5652332306,-147.6722869873,-53.7315635681
57.6761350632,-153.1175155640,-54.2934188843
55.0441007614,-155.1879119873,-57.9851579666
54.3014564514,-150.9386749268,-58.0380315781
55.0056486130,-147.6363677979,-58.2521915436
57.2151203156,-152.8167152405,-58.3584127426
61.6587324142,-153.7734718323,-58.3813619614
61.9668588638,-154.1662521362,-54.8249731064
62.2903137207,-154.5569305420,-51.2371740341
67.5838680267,-152.3666381836,-57.7789211273
67.2046318054,-153.0706825256,-53.6260042191
68.2405414581,-152.8138237000,-49.1668376923
71.0277423859,-151.0115242004,-52.2270107269
99.9203205109,-145.2434616089,-205.6414451599
98.3664379120,-147.7333869934,-199.0512619019
102.1481533051,-151.7685623169,-197.9224586487
104.1020183563,-154.2961769104,-200.2098655701
103.6973819733,-156.0612106323,-204.0924911499
104.2151203156,-153.2308921814,-208.1309471130
106.1838874817,-152.9283943176,-202.9523963928
103.9743251801,-149.1690368652,-204.9011802673
104.2802753448,-150.9171485901,-216.8805351257
104.5031108856,-150.7952117920,-212.4772949219
104.4656162262,-145.7728691101,-221.8717041016
104.3865146637,-150.6143836975,-220.2034263611
110.2244396210,-152.3889579773,-215.8970336914
112.2279033661,-151.1850929260,-211.0950737000
112.1057243347,-145.2383956909,-215.6864318848
117.6585693359,-151.7691879272,-215.0257148743
111.0649070740,-146.7524261475,-220.9601287842
110.0160579681,-150.4713935852,-221.6721191406
111.1699161530,-154.9011878967,-220.9316864014
109.8601875305,-151.6632080078,-219.3874931335
115.4144687653,-151.1981582642,-220.4410400391
46.6601066589,-145.4033966064,-24.6943893433
46.6724090576,-150.0982589722,-24.6295166016
46.6886568069,-154.7940444946,-24.5646386147
47.9381952286,-145.7368583679,-20.5354375839
47.9743261337,-150.2966461182,-20.3442654610
48.0262632370,-154.8601951599,-20.1530470848
49.2421379089,-146.0800094604,-16.3779184818
49.2779626846,-150.4953193665,-16.0589883327
49.3638238907,-154.9263114929,-15.7414462566
51.7116661072,-145.6062927246,-25.5049953461
51.6258544922,-150.1994628906,-25.3746137619
51.6505546570,-154.8269729614,-25.2474217415
52.8707475662,-146.2939338684,-21.5590581894
52.7929105759,-150.6018104553,-21.1682529449
52.8650083542,-154.9592704773,-20.7861413956
54.0264730453,-146.9830551147,-17.6175549030
53.9832525253,-151.0115432739,-16.9640853405
54.0823650360,-155.0920906067,-16.3249154091
57.0903844833,-146.0136528015,-25.9639644623
56.6894683838,-150.4595642090,-25.9252500534
56.6132497787,-154.9111480713,-25.8689327240
57.9632701874,-146.8567924500,-21.6254472733
57.7831830978,-151.0033607483,-21.4188332558
57.7465209961,-155.1004447937,-21.2286748886
59.4213619232,-146.6982383728,-17.3864662647
58.7931623459,-150.9655723572,-17.2107427120
58.8346576691,-155.0993309021,-16.7009806633
67.7552871704,-145.2119789124,-21.5840432644
74.7321548462,-152.0601005554,-22.0421209335
66.8889017105,-147.2922477722,-17.2368965149
64.7191686630,-151.4152336121,-17.6416654587
66.9136981964,-155.4889068604,-17.3040606976
68.4649400711,-150.4157829285,-15.2261121273
71.9707565308,-152.0442581177,-17.6392543316
64.2862272263,-148.8696746826,-21.5707621574
63.2055702209,-152.0250854492,-21.5639958382
65.1851854324,-155.8508949280,-21.7955412865
69.1818103790,-153.3955307007,-21.9658699036
64.9970903397,-147.0721092224,-26.3334469795
63.0234756470,-151.0343551636,-26.3550853729
64.7040662766,-155.3291511536,-26.4963312149
70.2755241394,-151.6898155212,-26.7095642090
53.0495605469,-155.2900199890,-2.2584090829
53.0748987198,-151.5989608765,-2.3205505013
53.2324810028,-147.9482421875,-2.3821547627
51.8404092789,-155.1576652527,-6.7656635046
51.8045654297,-151.1952705383,-6.9564343691
51.8985061646,-147.2685356140,-7.1428074837
50.6322879791,-155.0254745483,-11.2728755474
50.5515565872,-150.7937850952,-11.5928640366
50.5637722015,-146.5922241211,-11.9104495049
57.8267269135,-155.8396873474,-2.3481143713
57.9413509369,-153.2363548279,-2.4760527611
58.1387653351,-150.6443901062,-2.6050625443
56.5622081757,-155.5639991760,-7.0461504459
56.5945844650,-152.4292297363,-7.4311554432
56.7460908890,-149.3425140381,-7.8179869652
55.3102865219,-155.2923507690,-11.7440917492
55.2515125275,-151.6221237183,-12.3829777241
55.3221921921,-148.0168914795,-13.0348050594
58.5489807129,-146.5237503052,-2.4882757068
56.7286081314,-140.9621047974,-2.2481040359
56.9830121994,-146.1050758362,-7.4651904106
55.8029546738,-144.9606437683,-12.4082570076
61.4794960022,-141.2415122986,-7.1307907701
54.6693267822,-141.3418846130,-6.7849452496
54.6884841919,-141.0715560913,-11.4696257114
62.2761592865,-155.6606674194,-2.3883849382
61.8802862167,-152.6477661133,-2.4778956771
62.9154691696,-148.9535179138,-2.5331290364
64.7553987503,-151.3180618286,-2.4233603477
60.9046745300,-155.5325660706,-7.1705560684
60.4064636230,-152.2445564270,-7.4374716282
61.2851753235,-148.6512794495,-7.6200503111
63.0837869644,-151.6452217102,-7.2551258802
59.7863006592,-155.2442474365,-12.0312993526
59.4776668549,-151.3894195557,-12.5996661186
60.4302225113,-147.3351516724,-12.7649168968
62.5356874466,-150.8431434631,-12.2334804535
58.7505121231,-140.6216430664,-96.0153694153
58.6962461472,-136.1309471130,-95.9773197174
58.6791067123,-131.6299476624,-95.9439105988
59.4640188217,-140.7997474670,-99.9994277954
59.3440818787,-136.6463088989,-99.8655624390
59.1774110794,-132.4836997986,-99.7425003052
60.1259107590,-140.7853851318,-103.8803901672
59.8666725159,-136.5960121155,-103.4724502563
59.9786453247,-132.3227233887,-103.3745822906
55.4889059067,-131.2821617126,-97.3097534180
55.5010261536,-135.9117774963,-97.4129180908
55.5132617950,-140.5414199829,-97.5160598755
55.8684825897,-131.9435310364,-100.5073242188
55.9052495956,-136.3086357117,-100.8168544769
55.9419860840,-140.6737174988,-101.1262493134
56.2464942932,-132.6067657471,-103.6974334717
56.3094806671,-136.7054786682,-104.2207546234
56.3707170486,-140.8059501648,-104.7364234924
52.2356395721,-131.1169052124,-98.9606552124
52.2448453903,-135.8126182556,-99.0154304504
52.2540864944,-140.5083732605,-99.0702056885
52.3465452194,-131.4476051331,-102.1082935333
52.3649206161,-136.0110626221,-102.2630519867
52.3833036423,-140.5745391846,-102.4177703857
52.4586067200,-131.7772712708,-105.2561550140
52.4849910736,-136.2094993591,-105.5106353760
52.5125169754,-140.6406784058,-105.7653064728
56.5857048035,-130.5173263550,-108.2080364227
56.6256093979,-131.6730079651,-112.7137794495
56.9168863297,-132.0799331665,-117.2337226868
60.6320028305,-134.5845870972,-116.7436351776
60.2107191086,-138.2725868225,-116.8413658142
60.8380270004,-141.3303451538,-116.8436470032
62.3132390976,-137.0423355103,-116.6438636780
60.2019739151,-134.2810821533,-112.1561851501
59.8475685120,-137.8436088562,-112.3407211304
60.5086956024,-141.1878662109,-112.4873962402
61.7966289520,-137.3534660339,-112.2662334442
60.2271986008,-132.9411125183,-107.4818172455
59.8537960052,-136.9977951050,-107.6060695648
60.3743190765,-140.9136924744,-108.0300178528
61.9506683350,-136.5328559875,-107.6983394623
57.0217723846,-141.5335044861,-117.3216171265
56.9949913025,-138.8901405334,-117.2172603607
56.9821357727,-136.2144584656,-117.1219043732
56.8470973969,-141.2689285278,-113.0096302032
56.8028059006,-138.0953102112,-112.6997528076
56.7720193863,-134.9354515076,-112.3915977478
56.6724119186,-141.0043640137,-108.6975498199
56.6111726761,-137.3006629944,-108.1818332672
56.5471220016,-133.6156883240,-107.6562042236
52.6804428101,-133.5908279419,-117.8085517883
52.6222038269,-136.9065017700,-113.5706729889
52.6101255417,-132.9328498840,-113.4203491211
52.5789690018,-136.5070991516,-109.2860946655
52.5481786728,-132.2703933716,-109.0297336578
57.0352077484,-132.4872779846,-121.7125282288
56.9803113937,-132.8725967407,-126.1619491577
57.1428604126,-131.3090744019,-131.1608676910
70.8838205338,-134.2898025513,-128.9957351685
66.2930650711,-138.3039779663,-129.5498828888
70.6646270752,-134.3170547485,-119.9750995636
70.7944049835,-131.1343727112,-124.4762649536
70.6020822525,-136.4571533203,-124.5057106018
65.9827766418,-138.3199424744,-120.6258640289
66.0039129257,-139.1399116516,-125.1169681549
61.2235755920,-134.1459236145,-130.6060829163
60.8662977219,-138.2064743042,-130.5028476715
61.3461360931,-141.3203353882,-130.2579593658
63.1221437454,-136.7946128845,-130.2119827271
60.7869930267,-135.5087738037,-125.7410449982
60.4085378647,-138.7658119202,-125.7898845673
61.0698270798,-141.4973297119,-125.7153167725
62.4801597595,-137.7374763489,-125.5587100983
60.8264636993,-135.0057640076,-121.2619991302
60.3928947449,-138.5844383240,-121.3160724640
61.0193281174,-141.4349174500,-121.2495861053
62.5406608582,-137.1785430908,-121.0666828156
57.1827573776,-135.6788673401,-131.1773796082
57.1500139236,-136.8680076599,-126.1458435059
57.1060390472,-139.2840690613,-121.7003974915
57.1087398529,-136.8614921570,-121.7049903870
52.7042427063,-133.9166717529,-122.2170066833
61.4366569519,-137.1955604553,-135.1268577576
61.5028171539,-132.7103385925,-135.3945312500
61.6053056717,-136.6499214172,-139.4468231201
61.4088964462,-132.4697685242,-139.6769981384
61.7020978928,-131.6198692322,-143.8353996277
57.2046327591,-133.3827629089,-136.2941665649
66.9603290558,-131.0703735352,-98.4006290436
73.5641269684,-137.8606948853,-96.9176769257
64.6277770996,-132.8694763184,-94.3491344452
63.2370872498,-136.7021598816,-94.5680770874
65.0661697388,-140.9712486267,-94.1414604187
69.5219497681,-137.4931068420,-93.1694698334
63.8083686829,-134.6136436462,-98.9066162109
63.3773097992,-137.6772727966,-98.9776077271
65.3149509430,-141.4824295044,-98.5599155426
68.2133693695,-139.1158065796,-97.9267253876
65.8966960907,-133.0865554810,-102.5717239380
64.2532796860,-137.1191024780,-102.3924808502
66.4535760880,-141.1416282654,-102.4057464600
70.7006473541,-137.8102569580,-101.4745006561
67.4296798706,-136.1808967590,-104.1256446838
69.9790887833,-138.1236381531,-106.6939201355
70.5504064560,-132.2054138184,-112.7326583862
74.0727634430,-139.8537330627,-107.9093360901
73.5082302094,-141.3022537231,-111.8217353821
74.6368999481,-139.3049468994,-115.3468418121
76.4258785248,-138.2411842346,-110.5991268158
74.6463413239,-135.5299835205,-112.1205196381
69.8557300568,-141.3451652527,-109.9547901154
70.1016006470,-141.9594383240,-112.7000904083
70.4088935852,-140.4790344238,-116.0197467804
70.2561664581,-137.7681427002,-113.8057041168
65.2600555420,-138.8575630188,-109.1717071533
65.3402500153,-139.5334167480,-112.6235237122
65.7763347626,-138.4549827576,-116.4249305725
65.4905567169,-133.8636589050,-113.2142009735
71.2383747101,-130.9356842041,-138.5921745300
75.6691570282,-138.8395385742,-132.9437408447
75.7356891632,-140.1767272949,-137.4821281433
75.8484230042,-138.2365036011,-142.3093872070
75.8164482117,-134.2323608398,-137.7634086609
71.0352401733,-140.1547050476,-133.5372505188
71.1115188599,-141.0331192017,-138.0403594971
71.1785011292,-138.9730834961,-143.1380805969
71.1312770844,-136.2600212097,-138.6198272705
66.2969932556,-132.9951248169,-138.9159317017
65.7235670090,-133.9384193420,-143.5266952515
65.1559076309,-137.3094749451,-143.3093376160
67.6180038452,-138.6047782898,-143.2873573303
65.3746862411,-135.7472229004,-138.7761306763
64.9590997696,-138.0120925903,-138.8245964050
65.7640647888,-141.2314910889,-138.7004776001
67.5128231049,-140.0155982971,-138.4991111755
65.4663848877,-134.7163276672,-134.6300086975
64.7983436584,-137.5891952515,-135.1274795532
65.6633586884,-141.0937385559,-134.5614891052
65.5931921005,-137.3204002380,-132.7205734253
67.4712657928,-139.4045715332,-134.5316886902
75.6427230835,-136.6390533447,-151.4612312317
75.7687320709,-136.5184516907,-147.0705261230
75.9477214813,-140.5465354919,-156.3042030334
75.9245243073,-135.9179153442,-156.9399795532
75.8575229645,-131.4905509949,-156.4403533936
75.7717037201,-136.3308830261,-154.7749443054
71.2885265350,-136.3061218262,-152.1708221436
71.2084770203,-136.7169036865,-148.0698699951
71.1688385010,-131.2424583435,-156.9322242737
71.0169868469,-135.8444519043,-157.2566566467
71.0580329895,-136.0397300720,-155.0925178528
65.9820919037,-131.8064079285,-148.2587699890
65.3371868134,-136.2575225830,-147.8995132446
67.6793060303,-136.7549972534,-148.1000213623
68.0898056030,-136.1866493225,-152.6965599060
66.1491584778,-131.3707084656,-152.7679443359
66.4741420746,-131.1065368652,-157.0363578796
81.5295333862,-138.1079254150,-150.4867286682
83.6433181763,-136.9205589294,-145.7116203308
83.6350765228,-130.9707221985,-150.2767601013
89.2502937317,-137.4767646790,-149.6412200928
82.4393901825,-132.4586715698,-155.5309715271
81.3584060669,-136.1842803955,-156.2566680908
82.4912910461,-140.6149406433,-155.5173454285
81.1858959198,-137.3779716492,-153.9692382812
86.7577838898,-136.9049072266,-155.0317382812
85.2440452576,-132.2851333618,-182.7780494690
84.9083576202,-132.4389610291,-179.4372329712
85.1636619568,-132.2966613770,-175.8320045471
83.9925594330,-133.3503646851,-173.3083419800
82.5564994812,-136.6038475037,-172.6852569580
84.0548324585,-140.7564010620,-173.3440055847
87.8282604218,-137.0567588806,-172.8578376770
84.2907962799,-138.3816375732,-175.8436622620
89.5838737488,-137.6547698975,-175.6026000977
89.0813293457,-137.7902984619,-179.4103469849
89.7206821442,-137.6393280029,-182.4183158875
91.5445423126,-136.0187835693,-177.4209403992
85.4208278656,-139.2750587463,-178.5461845398
85.4597263336,-139.2704620361,-180.9309158325
85.5252513885,-139.2783508301,-183.2513923645
80.2075233459,-133.3333435059,-183.1463584900
81.9815235138,-138.3866767883,-183.3767547607
79.5918693542,-136.6117630005,-179.0612525940
80.1885452271,-133.3318977356,-179.4180564880
81.9575595856,-138.3838691711,-180.5098266602
80.1954708099,-140.7680587769,-175.6813468933
79.5838565826,-136.6092033386,-175.0470275879
80.2004737854,-133.3347434998,-175.6720924377
81.9901027679,-138.3801460266,-177.6102218628
85.4496612549,-132.5194931030,-186.6977310181
85.3465881348,-132.8976020813,-191.3015861511
85.4727096558,-131.3224182129,-196.4712028503
97.9431705475,-136.9853553772,-194.4490242004
97.8801021576,-131.0873298645,-189.8415527344
97.9495010376,-136.9582443237,-185.2538299561
96.0033035278,-138.2439041138,-190.0613555908
90.1887302399,-137.8741798401,-186.1400146484
90.0729999542,-138.2532997131,-190.7478256226
90.2369499207,-137.2782287598,-195.6501197815
85.5411548615,-139.2848625183,-186.6931648254
85.5486850739,-139.2848167419,-191.2788238525
80.2218017578,-133.3351783752,-187.3097076416
89.2683906555,-136.7496719360,-205.0275268555
89.8452758789,-136.5891418457,-200.5567512512
91.8522357941,-131.2406044006,-205.9470558167
92.5038299561,-136.0470771790,-207.1962471008
92.4116802216,-141.2592086792,-205.7112731934
91.2840270996,-136.7784080505,-205.7328796387
92.2392711639,-136.2600517273,-202.1607589722
89.8424205780,-131.2102012634,-209.9220275879
89.5512905121,-136.3868751526,-208.2612686157
99.5436878204,-132.2913894653,-222.3815994263
99.2100677490,-132.4514846802,-219.0480957031
99.4521446228,-132.2956237793,-215.4285697937
98.2821769714,-133.4312820435,-212.7606048584
96.8816337585,-136.9056396484,-211.7360458374
98.4469528198,-141.5670890808,-211.4367713928
102.1283607483,-137.4949989319,-211.6341857910
98.5870590210,-139.2762222290,-213.7812500000
104.0503520966,-138.4627456665,-213.9704704285
103.6737098694,-138.7356224060,-217.9615402222
104.2147922516,-138.0569572449,-221.6413040161
106.1745166779,-136.6404571533,-216.5410957336
99.7367000580,-140.2738761902,-216.2763290405
99.7967453003,-139.8868789673,-219.3479499817
99.8520336151,-139.4942474365,-222.4266395569
94.4772758484,-133.3517646790,-222.7346687317
94.4668006897,-133.3843727112,-218.9531021118
96.2705650330,-138.8399696350,-219.2296485901
93.9077758789,-136.8615112305,-214.2065773010
94.5124073029,-133.4148559570,-215.1525230408
96.2799110413,-139.1335678101,-215.8139038086
99.7428035736,-132.5211677551,-226.2811813354
99.6425418854,-132.8973312378,-230.8572082520
99.8068275452,-131.3175239563,-235.9980773926
112.2628383636,-136.9703826904,-233.9131851196
112.2203178406,-131.0796318054,-229.3585014343
112.3220996857,-136.9509201050,-224.7839164734
110.3335170746,-138.2439308167,-229.5795707703
104.5474567413,-137.8685684204,-225.6964683533
104.3840503693,-138.2529525757,-230.2825698853
104.5406322479,-137.2683372498,-235.1386451721
99.8375072479,-139.2868804932,-226.2743186951
104.3481464386,-136.6317710876,-244.2793235779
104.5104598999,-136.5064582825,-239.8949699402
104.5404529572,-131.4878044128,-249.2574157715
110.2819099426,-138.1029319763,-243.2808532715
112.2291259766,-136.9022331238,-238.4968872070
112.1615562439,-130.9508171082,-243.0668258667
117.7045974731,-137.4814033508,-242.3963356018
111.1267318726,-132.4667549133,-248.3291511536
110.0807399750,-136.1855964661,-249.0418548584
111.2319946289,-140.6154251099,-248.3003997803
109.9218158722,-137.3770637512,-246.7631530762
115.4696903229,-136.9123039246,-247.8007354736
44.8325233459,-140.6149139404,-29.3052167892
44.8154077530,-136.1614303589,-29.3661894798
44.9514913559,-131.7606239319,-29.4256567955
50.1490497589,-140.8525352478,-30.0681872368
50.1374616623,-136.7624435425,-30.1833248138
50.2073183060,-132.5493774414,-30.4117932320
55.8230161667,-140.8788261414,-30.8476204872
55.5542306900,-136.6147499084,-31.0344820023
55.7879085541,-132.2734870911,-30.9539055824
42.3049554825,-131.3166427612,-34.2199358940
42.3348836899,-135.9158859253,-34.2400684357
42.4776382446,-140.5414161682,-34.2625007629
47.5152626038,-132.0497474670,-34.9388303757
47.6870193481,-136.3757629395,-34.9951782227
47.9969444275,-140.6892356873,-35.0566720963
53.0703620911,-132.5776748657,-35.6363582611
53.3854274750,-136.8017845154,-35.7343311310
53.8248472214,-140.9192199707,-35.8411464691
40.0859937668,-131.1116600037,-39.2414875031
40.1200609207,-135.8125953674,-39.2550678253
40.1935863495,-140.5083885193,-39.2657098770
45.9486379623,-131.5165634155,-40.0893011093
45.9762334824,-136.0302124023,-40.1177091599
46.1528739929,-140.5752563477,-40.1517553329
52.3390741348,-131.7843475342,-40.8714170456
52.1899814606,-136.3073234558,-40.9777498245
52.2975635529,-140.7046203613,-41.0402460098
63.9960355759,-130.9132041931,-36.3160028458
70.6457881927,-137.4672927856,-36.7032895088
63.0679588318,-132.9801673889,-31.6223783493
61.1073102951,-136.9745903015,-31.9968938828
63.4599437714,-140.8681068420,-31.6892485619
65.3557910919,-136.0995101929,-29.5683269501
67.7607336044,-137.5002708435,-32.1067361832
60.0832767487,-134.4726867676,-36.2278242111
59.0367774963,-137.4783477783,-36.2263936996
60.5490293503,-141.0882759094,-36.3552131653
64.1591720581,-138.6270866394,-36.4845790863
61.2227001190,-132.7300796509,-41.4374856949
59.3316679001,-136.6314773560,-41.5223369598
60.8945751190,-140.8463554382,-41.5781717300
66.4124164581,-137.1815338135,-41.6470870972
54.9678020477,-142.3033294678,-15.3374764919
54.7052173615,-138.3602905273,-16.1683752537
55.1785240173,-134.1003875732,-16.6933653355
54.7114553452,-131.7509994507,-18.8454985619
53.3397512436,-131.1738815308,-22.6451301575
52.6157312393,-130.2572135925,-26.1925458908
49.2784252167,-141.9229812622,-16.8738651276
49.3908224106,-137.9749412537,-17.5350868702
49.7891159058,-133.8289222717,-18.1237967014
47.9530467987,-141.4256706238,-20.8601446152
48.0505714417,-137.3709564209,-21.3188695908
48.2971305847,-133.2356224060,-21.7556285858
46.6630630493,-140.9321861267,-24.8479390144
46.7647237778,-136.7253913879,-25.0983009338
47.0156641006,-132.5364456177,-25.3434553146
54.0359544754,-143.3483657837,-18.6079964638
53.8562994003,-139.9678611755,-19.8921327591
53.7756748199,-136.4810676575,-21.0887703896
52.9644622803,-142.4254493713,-22.2198615074
52.9312372208,-138.8865013123,-23.1188907623
52.9825115204,-135.1992721558,-23.9804577827
51.8621196747,-141.4764099121,-25.8216576576
51.9903755188,-137.7102928162,-26.3151884079
52.1994705200,-133.7639274597,-26.9179067612
56.9518222809,-141.6999740601,-26.3658418655
56.6338911057,-137.2157287598,-26.8691644669
57.2394485474,-132.5988655090,-26.9491596222
57.5260066986,-142.8082733154,-22.2497272491
57.0470485687,-138.3692855835,-22.9654960632
57.4925184250,-133.6841316223,-23.2343254089
59.1232175827,-142.7099647522,-18.0012235641
58.3958530426,-138.6396255493,-18.8965594769
58.7290544510,-134.1665878296,-19.2246613503
59.3186664581,-137.7149314880,-22.1121554375
61.4314699173,-136.5325279236,-21.4086179733
59.3782997131,-136.6726684570,-26.6007590294
61.2942066193,-137.0308952332,-17.2092823982
52.1991119385,-126.4967880249,-46.7358837128
52.2293472290,-122.2569122314,-47.3679647446
52.4686651230,-117.9969100952,-47.6351375580
51.1564807892,-126.5658664703,-52.1315736771
51.3858833313,-122.3195152283,-52.3733024597
51.4834518433,-118.1289634705,-52.6329154968
50.1676530838,-126.4211750031,-57.6475114822
50.5333576202,-121.8482475281,-57.7295694351
50.9633989334,-117.2724895477,-57.8275947571
45.7206478119,-118.3394412994,-47.6227121353
45.4321651459,-122.5435829163,-46.8004398346
45.2343368530,-126.6288318634,-45.9917402267
44.8270835876,-117.7157917023,-52.5563774109
44.5479383469,-122.1172962189,-52.0662498474
44.3716468811,-126.4350471497,-51.5763702393
43.9977302551,-117.0623874664,-57.4698200226
43.7128143311,-121.6858139038,-57.3330974579
43.5790071487,-126.2680740356,-57.1675577164
38.9280986786,-117.5969600677,-45.7437143326
38.7718858719,-121.9654712677,-45.3326482773
38.7293910980,-126.3628654480,-44.9272365570
38.1054611206,-117.2161560059,-51.2507658005
38.0270452499,-121.7340030670,-51.0061054230
38.0289134979,-126.2888298035,-50.7661457062
37.3903188705,-116.8287715912,-56.7291393280
37.3341140747,-121.5274906158,-56.6840848923
37.3401718140,-126.2225952148,-56.6059427261
56.5508251190,-116.9411144257,-104.2330493927
56.1932878494,-122.0992527008,-104.6534061432
56.4203872681,-127.2222042084,-105.4646472931
59.4150876999,-116.8014202118,-95.5705718994
58.8062601089,-121.9341163635,-95.7082405090
58.6660070419,-126.9053363800,-95.8562793732
59.2339830399,-116.9829673767,-98.3976612091
58.7274398804,-122.4157943726,-98.9518489838
58.8587846756,-127.7366580963,-99.4518184662
60.8784894943,-127.3279476166,-99.3459510803
67.3412981033,-126.3642673492,-97.3845214844
60.6556711197,-122.2109069824,-98.9949073792
61.6225299835,-116.8777885437,-98.9551086426
68.5742635727,-121.6053447723,-102.8376674652
65.6089630127,-121.5887622833,-96.7290534973
68.1790437698,-116.7406845093,-97.3757305145
60.1117849350,-117.0119915009,-101.4946651459
59.4640884399,-122.3556423187,-102.0307712555
59.7756586075,-127.5897712708,-102.8947010040
55.8387336731,-116.8289432526,-96.7331905365
55.5829477310,-121.6655693054,-96.9428825378
55.4840316772,-126.5227565765,-97.1552429199
56.0142517090,-116.9539775848,-98.7894744873
55.8256559372,-122.0464744568,-99.4170246124
55.8185520172,-127.1824092865,-100.0422096252
56.2400722504,-117.0709438324,-100.8982410431
56.0968360901,-122.4296760559,-101.8899707794
56.1529693604,-127.8448009491,-102.9117202759
52.3197298050,-116.7337646484,-98.6843986511
52.2306852341,-121.5290241241,-98.7866744995
52.2280597687,-126.3549499512,-98.8849277496
52.3476085663,-116.7904739380,-101.2895069122
52.3089542389,-121.7257614136,-101.5910701752
52.3280973434,-126.6854381561,-101.8856163025
52.4467763901,-116.8479328156,-103.9276885986
52.4049663544,-121.9203510284,-104.3970108032
52.4281148911,-127.0148849487,-104.8796653748
56.9745063782,-116.8143234253,-145.3757591248
56.6217269897,-118.1774635315,-141.5140113831
56.8483333588,-118.0155811310,-137.9352455139
55.7143754959,-119.1516838074,-135.2763214111
54.3391590118,-122.6156406403,-134.2384376526
55.8230237961,-127.2599983215,-133.9599685669
59.4551992416,-123.2034397125,-134.2086677551
56.0133647919,-124.9781246185,-136.2884407043
61.3067321777,-124.1766910553,-136.5635795593
60.9594936371,-124.4462108612,-140.5288658142
61.5288629532,-123.1624526978,-144.4521141052
63.4168787003,-122.3574867249,-139.1411247253
57.1290597916,-125.9712600708,-138.7738380432
57.1628904343,-125.5825214386,-141.8441467285
57.2180223465,-123.9996280670,-145.4642868042
53.7214365005,-124.5453605652,-141.6602058411
53.7776508331,-124.8391456604,-138.2520790100
51.9671821594,-118.4690494537,-145.3341712952
51.9946365356,-119.1014404297,-141.3218765259
52.0572452545,-119.1301078796,-137.5700607300
51.4391040802,-122.5756244659,-136.6296958923
61.5911445618,-122.3475532532,-153.0636329651
61.8115568161,-122.2167339325,-148.6741638184
61.8686513901,-126.2679347992,-157.8927764893
61.8384532928,-121.6434249878,-158.5286598206
61.7788429260,-117.2112827301,-158.0379600525
61.6955127716,-122.0531406403,-156.3711471558
57.2655935287,-122.0149078369,-153.7089233398
57.2173280716,-122.4153900146,-149.6281738281
57.1090154648,-116.9526443481,-158.4667396545
71.3724632263,-123.7764320374,-147.0738906860
71.4242534637,-117.8265552521,-153.3343925476
75.6228141785,-125.7187747955,-148.5513191223
75.1132316589,-127.4943103790,-152.4094886780
75.6538391113,-125.2661666870,-156.1300277710
77.8152160645,-124.3702774048,-151.3142662048
75.5615291595,-121.2027339935,-152.9197578430
71.2111644745,-127.0763645172,-150.5071182251
71.2540950775,-127.6702098846,-153.3470001221
71.2846107483,-126.1832065582,-156.7554969788
71.2305850983,-123.4696407318,-154.4777183533
66.5016479492,-124.5445556641,-149.3665161133
66.2716979980,-125.1643486023,-153.0804672241
66.3824348450,-119.4845867157,-153.6610679626
65.8439798355,-120.1086349487,-157.6917190552
65.3262777328,-122.7260475159,-158.1828956604
65.9980163574,-126.7294387817,-157.5236740112
65.7743682861,-124.0734024048,-156.0975074768
67.7492675781,-124.9375133514,-157.5602340698
71.2494335175,-118.2228164673,-160.7927169800
71.0489006042,-118.6022338867,-165.3881874084
71.2753105164,-117.0258464813,-170.5454368591
83.8551197052,-122.6966438293,-168.5311355591
84.2328624725,-116.8261432648,-163.9890670776
84.2033805847,-122.6896724701,-159.4009056091
81.7394561768,-123.9529724121,-164.1794395447
75.9494342804,-123.5830059052,-160.2635116577
75.7476787567,-123.9608592987,-164.8571166992
75.9750995636,-122.9785099030,-169.7336807251
71.2953586578,-124.9966144562,-160.8029823303
71.3125286102,-124.9987258911,-165.3791198730
71.3465728760,-123.8039207458,-170.5496482849
65.4431152344,-122.3145008087,-170.6297874451
66.0326175690,-118.4488067627,-170.8404655457
67.8113002777,-123.4973468781,-170.6516532898
66.0309410095,-126.4836177826,-165.9840774536
65.4451255798,-122.3175125122,-166.0531158447
66.0268516541,-119.0483322144,-165.9806480408
67.8007431030,-124.0960102081,-165.7836341858
66.0132884979,-126.4914379120,-161.4143562317
65.4314022064,-122.3212413788,-161.4827613831
66.0764827728,-119.0386428833,-161.3996963501
67.7888107300,-124.1003093719,-161.2120475769
75.7954463959,-122.3511123657,-178.9228706360
75.9861145020,-122.2249126434,-174.5105171204
76.0670471191,-126.2646045685,-183.8038063049
76.0388336182,-121.6348114014,-184.4426612854
75.9738254547,-117.2028770447,-183.9416542053
75.8956661224,-122.0473098755,-182.2658653259
71.4142570496,-122.0142459869,-179.6337890625
71.3582324982,-122.4139842987,-175.5205955505
71.2661056519,-116.9534587860,-184.4258689880
71.1105785370,-121.5585689545,-184.7559738159
71.1644058228,-121.7506618500,-182.5711898804
66.0319557190,-117.5196228027,-175.6871261597
67.7943706512,-122.4592933655,-175.5276947021
66.2372741699,-117.0829524994,-180.2277870178
82.9322853088,-124.1217098236,-178.0224342346
84.4420509338,-122.7735137939,-173.1973648071
83.7432117462,-116.6585426331,-177.7740707397
90.6411819458,-123.5071659088,-177.1570167542
82.5944347382,-118.1874065399,-183.0267105103
81.6434135437,-121.9275798798,-183.7716255188
83.3490295410,-126.5027141571,-183.0464859009
82.0812854767,-123.2736701965,-181.4769897461
87.6529312134,-122.8051910400,-182.5473098755
85.3493957520,-116.8104190826,-210.9241447449
84.9689865112,-118.1674060822,-207.0072479248
85.1963253021,-118.0039501190,-203.3550224304
84.0294551849,-119.1481590271,-200.6770362854
82.6138668060,-122.6154613495,-199.6615219116
84.1075782776,-127.2575035095,-199.3674201965
87.8524150848,-123.1965541840,-199.5564727783
84.3426971436,-124.9784698486,-201.7104492188
89.5695533752,-123.9642829895,-202.0190353394
89.0143165588,-123.9998683929,-206.0912170410
89.7259941101,-122.9292087555,-209.9734802246
91.5088272095,-121.9142055511,-204.6785011292
85.4639167786,-125.9722671509,-204.2063179016
85.5136375427,-125.5934333801,-207.2935485840
85.6053981781,-124.0105476379,-210.9769897461
80.2490463257,-118.4703350067,-210.9783363342
79.6393432617,-122.4789714813,-206.3481712341
80.2457294464,-119.1037616730,-206.9006042480
82.0426921844,-124.5535850525,-207.1773796082
80.2437763214,-127.1488265991,-201.9615592957
79.6394958496,-122.5754356384,-202.1385078430
80.2743244171,-119.1299896240,-203.0758361816
82.0518341064,-124.8433532715,-203.7473297119
90.0529804230,-122.3516635895,-218.5791358948
90.2364902496,-122.2269954681,-214.1747665405
90.3268909454,-126.2647838593,-223.4461822510
90.2985630035,-121.6348819733,-224.0842666626
90.2376651764,-117.2036113739,-223.5864524841
90.1578121185,-122.0477828979,-221.9142875671
85.6599178314,-122.0150489807,-219.3222427368
85.6036701202,-122.4156723022,-215.2186737061
85.5161457062,-116.9527130127,-224.1079406738
61.7814340591,-116.6617355347,-52.2341537476
68.6161403656,-123.1915225983,-52.1008872986
60.2661190033,-118.7160358429,-47.4205894470
58.3204421997,-122.7405452728,-47.8512191772
60.5144205093,-126.6242618561,-47.3305864334
62.0163650513,-121.8114681244,-45.1345157623
65.1170072556,-123.2326011658,-47.5955238342
58.2172412872,-120.2883567810,-52.3125476837
57.2173404694,-123.2318916321,-52.3296298981
58.4520711899,-126.7519226074,-52.3023757935
61.9904365540,-124.3933639526,-52.2600660324
59.6120557785,-118.4983329773,-57.6241331100
57.8193492889,-122.3235797882,-57.7351512909
59.4665021896,-126.4529209137,-57.6235361099
64.8564052582,-122.9225349426,-57.3949670792
97.2115726471,-124.1254615784,-217.6480636597
98.6283969879,-122.7602443695,-212.8292617798
97.9367980957,-116.6422309875,-217.3883590698
104.8409614563,-123.4939327240,-216.7650794983
96.8596973419,-118.1900939941,-222.6406593323
95.9215755463,-121.9277572632,-223.3827018738
97.6331615448,-126.5041790009,-222.6557388306
96.3644409180,-123.2749137878,-221.0962295532
101.9173946381,-122.8057842255,-222.1373863220
99.6707134247,-116.8112850189,-250.3618812561
99.2981910706,-118.1775512695,-246.4788246155
99.5217933655,-118.0157794952,-242.8621101379
98.3374767303,-119.1522369385,-240.2041130066
96.9090137482,-122.6147766113,-239.1873855591
98.4397506714,-127.2521266937,-238.8860969543
102.2019233704,-123.1932659149,-239.0604896545
98.6536331177,-124.9793796539,-241.2170753479
104.1182308197,-124.1723270416,-241.3905754089
103.7524433136,-124.4611492157,-245.3771934509
104.3256626129,-123.1714210510,-249.3288955688
106.2778720856,-122.3574542999,-243.9475402832
99.8099727631,-125.9760799408,-243.6970558167
99.8754215240,-125.5968265533,-246.7572441101
99.9447517395,-124.0115051270,-250.4072532654
94.5697631836,-119.1309719086,-242.5999069214
104.3953113556,-122.3452415466,-257.9433746338
104.6180629730,-122.2151145935,-253.5615310669
104.6831092834,-126.2612400055,-262.7687377930
104.6568737030,-121.6325263977,-263.4039688110
104.5934867859,-117.2013206482,-262.9082717896
104.5097236633,-122.0426406860,-261.2496948242
99.9969749451,-122.0143795013,-258.6918220520
99.9338073730,-122.4158592224,-254.6212615967
99.8613510132,-116.9535617828,-263.4428634644
104.6468124390,-117.1548995972,-280.3344573975
110.3253917694,-123.8166370392,-256.9412117004
112.3625869751,-122.5931472778,-252.1433944702
112.2670993805,-116.6477127075,-256.7133560181
117.8968181610,-123.1755886078,-256.0517692566
111.1768627167,-118.1799659729,-261.9759750366
110.1305198669,-121.8996105194,-262.6894607544
111.2796821594,-126.3295021057,-261.9489974976
109.9692420959,-123.0912170410,-260.4158935547
115.5165195465,-122.6250953674,-261.4480743408
112.3854522705,-116.6329021454,-283.9533996582
117.8729133606,-123.1879005432,-283.2875213623
110.9864921570,-118.4490089417,-279.5722961426
109.6955852509,-122.3289985657,-279.6844406128
111.1250782013,-126.4774131775,-279.5428314209
115.1380596161,-122.9057674408,-279.0787963867
109.4005661011,-120.2287902832,-284.2824859619
112.4582233429,-124.3809871674,-283.9283370972
111.0760498047,-118.4532661438,-288.6253814697
115.1774482727,-122.9163494110,-288.1222076416
117.9699745178,-123.1893253326,-296.8540878296
115.2213516235,-122.9126338959,-292.6632614136
55.9541950226,-122.0456829071,-35.7926898003
54.8472070694,-124.1647529602,-30.9001402855
49.8113403320,-126.0970001221,-30.8320965767
49.7977409363,-118.0740013123,-30.4520030022
50.8779411316,-127.2547473907,-27.5509920120
49.3797473907,-122.6411533356,-27.3979654312
50.6892251968,-119.2739505768,-28.1854104996
50.4218339920,-125.0485000610,-28.7727689743
55.0056266785,-123.2984848022,-28.3535242081
45.1651773453,-119.1457023621,-29.6714043617
44.3239650726,-122.6432552338,-29.2976474762
44.6058282852,-127.2113323212,-29.3224673271
46.2995471954,-124.8488044739,-30.1705574989
51.2859487534,-124.3281402588,-35.3774261475
47.0783166885,-125.8513755798,-34.9198217392
46.3702135086,-118.0698966980,-34.6863932610
42.3619823456,-119.4603481293,-34.2581481934
41.5695304871,-122.9390888214,-34.3286437988
41.8939094543,-126.9650173187,-34.2817525864
43.8964118958,-124.9410037994,-34.6557459831
45.9204530716,-116.7288951874,-40.7070264816
40.2067546844,-118.7723426819,-39.9430027008
39.7715549469,-122.6425876617,-39.8099203110
39.8858385086,-126.6929531097,-39.4671573639
45.7641191483,-120.5776863098,-41.8812570572
45.6477489471,-123.7084121704,-41.8319692612
45.7933521271,-127.3712253571,-40.8172388077
45.6251382828,-125.2523193359,-38.5212879181
51.2015752792,-118.8701438904,-42.3142776489
51.5162868500,-122.9687843323,-43.0006132126
51.9785528183,-127.2507724762,-41.8090915680
50.3699464798,-124.0478954315,-39.4487323761
54.1645145416,-122.2741470337,-42.0045566559
34.2912392616,-117.0956726074,-20.6632156372
33.8540325165,-121.6533832550,-20.5673007965
33.6332941055,-126.2345447540,-20.4840826988
35.6098413467,-117.4305610657,-17.3396542072
35.1607704163,-121.9299259186,-17.1514685154
34.8674173355,-126.3372993469,-16.9591288567
36.9122982025,-117.7156829834,-13.9985916615
36.4898576736,-122.2055206299,-13.7290170193
36.1444702148,-126.4651660919,-13.4336621761
38.9552230835,-117.1060352325,-22.2949895859
38.4864702225,-121.8566074371,-22.1738471985
38.1081867218,-126.3737277985,-22.0361986160
40.2417287827,-117.7327938080,-18.9041771889
39.8765258789,-122.2491397858,-18.5746331215
39.5395727158,-126.5789928436,-18.2289228439
41.5200519562,-118.3526992798,-15.5191326141
41.2529439926,-122.6058464050,-14.9666929245
40.9884929657,-126.7705783844,-14.4126791954
43.5963811874,-117.3095188141,-23.6080732346
43.1827497482,-121.9456882477,-23.5211257935
42.7881555557,-126.5300235748,-23.4284205437
44.7734498978,-118.1761970520,-19.5734848976
44.6335611343,-122.3916263580,-19.4423604012
44.3758449554,-126.6575012207,-19.2990856171
46.2822227478,-118.0417118073,-15.7224936485
45.9646253586,-122.3017196655,-15.6119928360
45.9282140732,-126.6003265381,-15.1752460003
53.0188884735,-116.6820259094,-20.3758292198
59.8187961578,-123.4273624420,-21.2911229134
52.6029071808,-118.7471809387,-16.1116480827
51.0311756134,-122.8111972809,-16.4341611862
53.3479766846,-126.7997245789,-16.2648143768
54.2927341461,-121.8311080933,-14.2806475163
57.3903656006,-123.4197216034,-16.8357241154
50.1603832245,-120.3156261444,-20.1033887863
49.6272478104,-123.3234062195,-20.1119418144
51.6971225739,-127.0682792664,-20.5457715988
54.8838357925,-124.7141571045,-20.9121494293
50.3714056015,-118.5267906189,-24.7300510406
49.0290174484,-122.3963680267,-24.5065197945
50.9517593384,-126.6146831512,-24.7861518860
55.5860805511,-123.0930862427,-25.4044423103
39.6858787537,-127.0003795624,-1.9504168034
40.1264057159,-123.3622341156,-2.0054384768
40.5571441650,-119.4152221680,-2.0545520484
38.5317955017,-126.8178768158,-5.8320135474
38.9621143341,-122.9794425964,-6.0050436854
39.3790664673,-118.8135910034,-6.1584360003
37.3735132217,-126.6268367767,-9.7098207474
37.7667751312,-122.5583000183,-10.0045090914
38.1743173599,-118.1834106445,-10.2652134895
44.8974123001,-127.4824600220,-2.0863112807
45.1704216003,-124.7020931244,-2.1935462952
45.4100513458,-121.9818649292,-2.2959865928
43.6424951553,-127.2579898834,-6.2576593161
43.8905334473,-123.9564609528,-6.5830088854
44.1161699295,-120.6803321838,-6.9019961357
42.3637819290,-126.9990501404,-10.4234391451
42.5942134857,-123.1795730591,-10.9708886147
42.8121786118,-119.3560600281,-11.5233459473
45.5528936386,-117.8377513885,-2.1877602935
43.4774065018,-112.2998847961,-1.9414118230
44.2177305222,-117.3991794586,-6.5767903924
43.1779146194,-116.2423744202,-10.9423718452
47.8242568970,-112.6494331360,-6.5329338312
41.8777112961,-112.6319675446,-5.8897004724
42.0882940292,-112.2998371124,-10.1664700508
49.5708932877,-127.0402793884,-2.1664580107
49.0372257233,-123.9856853485,-2.2184979916
49.6238250732,-120.3275108337,-2.2760265470
51.4088468552,-122.7649459839,-2.2008092999
48.2345714569,-126.9199218750,-6.5130281448
47.6618642807,-123.5543098450,-6.6900573969
48.1777791977,-120.0041885376,-6.8593213558
49.9702758789,-123.0667324066,-6.6146907806
47.0989990234,-126.7035923004,-10.9487237930
46.7475385666,-122.7097396851,-11.4048802853
47.2857780457,-118.6661930084,-11.5215587616
49.2962656021,-122.2546958923,-11.2040166855
44.6989374161,-102.4740028381,-58.5899791718
44.9635467529,-103.8404273987,-53.6203546524
46.0206212997,-103.7287750244,-49.1761569977
44.8954038620,-104.8655929565,-45.3735227585
42.9312982559,-108.2845993042,-43.5809907913
44.7520523071,-112.9162216187,-43.7571687698
50.1174573898,-108.9357738495,-45.2769536972
44.8083114624,-110.6333675385,-46.7790279388
52.2322940826,-109.9048862457,-48.8360233307
51.0514926910,-110.1580886841,-53.5723161697
51.0247306824,-108.8551139832,-58.5302543640
54.5111856461,-108.0844764709,-52.4822874069
45.8493509293,-111.6280231476,-50.3379850388
45.1499710083,-111.2482223511,-54.2197465897
44.4935379028,-109.6965026855,-58.7603683472
36.9057722092,-112.3055019379,-56.9578552246
36.4292736053,-107.9864482880,-57.3521614075
37.2661199570,-104.0893020630,-57.7397146225
39.6943407059,-109.2630558014,-58.3988943100
37.4746818542,-112.6956367493,-51.2358732224
36.8893032074,-108.3062191010,-51.2262306213
37.9540290833,-104.7880268097,-52.0983552933
39.9670457840,-110.3094425201,-53.0110750198
38.3904380798,-112.9973964691,-45.7471609116
37.9076585770,-108.3521690369,-45.7578783035
39.0074224472,-104.7714595795,-47.1586189270
40.8250141144,-110.5704631805,-48.5780973434
35.0664887428,-102.5598449707,-74.3266601562
35.0361680984,-107.2427883148,-74.2411918640
35.0387558937,-111.9368934631,-74.1554641724
35.9119272232,-102.9295673370,-68.9099254608
35.8313941956,-107.4551334381,-68.6565265656
35.8187656403,-112.0045795441,-68.4047508240
36.7004375458,-103.2557449341,-63.5617036819
36.3402853012,-107.6524410248,-63.3036041260
36.4923896790,-112.0592823029,-62.7374210358
41.9732646942,-102.7975273132,-75.4842185974
41.7537860870,-107.4087352753,-75.3108711243
41.6222276688,-111.9970874786,-75.1386833191
42.8459510803,-103.4091167450,-70.2979011536
42.5956506729,-107.8284759521,-69.7866573334
42.4234485626,-112.1735420227,-69.2761383057
43.5314798355,-103.9726123810,-65.5334997177
43.0032615662,-108.1263618469,-65.2007989883
43.1053333282,-112.2854633331,-63.8622646332
43.5753211975,-108.2734394073,-62.3706998825
49.3118076324,-102.9724388123,-76.1993198395
49.0220794678,-107.5056838989,-76.1258640289
48.7323341370,-112.0474681854,-76.0296306610
49.7001132965,-103.8245716095,-70.4091453552
49.6983575821,-107.9624748230,-70.1461849213
49.5798845291,-112.1594848633,-69.8840599060
50.5622940063,-103.7654132843,-65.3161001205
50.3891324997,-107.9868526459,-65.6425123215
50.4913063049,-112.1309146881,-64.4748096466
51.0020179749,-107.7926502228,-62.6478204727
51.6679306030,-112.0377140045,-84.0186233521
51.9716596603,-107.4943141937,-84.0151844025
52.2500858307,-102.9658756256,-84.0045585632
54.8521518707,-112.1572761536,-88.0432434082
54.9692468643,-107.9430599213,-87.9852313995
54.9433383942,-103.8153324127,-87.9515972137
58.0483646393,-112.1266689301,-91.9387187958
57.8060054779,-107.9322948456,-91.6027927399
57.9332952499,-103.7099819183,-91.5504741669
48.1616334915,-102.7517147064,-88.1257514954
47.9105224609,-107.4221382141,-88.2132968903
47.7594137192,-112.0233993530,-88.2966365814
51.1068582535,-103.3077716827,-90.6570301056
51.0044507980,-107.7788505554,-90.9180603027
50.9482374191,-112.1822185516,-91.1675510406
54.0120162964,-103.9156436920,-93.1901931763
54.1144485474,-108.1036071777,-93.6188087463
54.2068347931,-112.3053264618,-94.0374164581
44.4464197159,-102.6197395325,-92.5413475037
44.3405466080,-107.2704124451,-92.5925788879
44.3112649918,-111.9415187836,-92.6439037323
47.6128215790,-102.9698352814,-94.2259216309
47.5082359314,-107.5122451782,-94.3488941193
47.4822578430,-112.0288619995,-94.4735202789
50.8421945572,-103.2338256836,-95.9045162201
50.7408428192,-107.7385978699,-96.1016044617
50.7372751236,-112.1409130096,-96.3022956848
56.6489467621,-112.6363277435,-104.0330848694
56.5210866928,-109.0569858551,-103.9549255371
57.0710411072,-105.2350349426,-104.0886230469
57.1115102768,-103.0993633270,-102.6195678711
56.5256538391,-102.5031719208,-99.5004673004
56.3300800323,-101.5961132050,-96.4801025391
62.4755973816,-107.3336086273,-99.2235355377
60.2369737625,-112.6129856110,-101.1802539825
59.7208671570,-109.2108478546,-101.0713176727
60.2220430374,-105.3680477142,-101.3982181549
62.1403017044,-107.8133602142,-102.7970390320
59.3004999161,-112.4620914459,-97.9847640991
58.8936700821,-108.9484615326,-97.8345146179
59.3581809998,-105.0089302063,-98.0025520325
60.5702228546,-108.0363788605,-98.5392417908
59.3425941467,-112.2186908722,-95.2572174072
58.8630561829,-108.2209510803,-94.8772258759
59.2700290680,-103.9970016479,-94.8538208008
60.8539457321,-107.5822925568,-94.8889942169
56.4163713455,-113.0561027527,-100.3690109253
56.4396123886,-110.2808208466,-100.3269519806
56.5542716980,-107.4182395935,-100.3058986664
56.1604547501,-112.7928123474,-98.3591175079
56.1261138916,-109.5014286041,-98.1387825012
56.2072734833,-106.1878356934,-97.9418106079
55.9581813812,-112.5047016144,-96.4250984192
55.8171710968,-108.6915855408,-96.0143203735
55.7261343002,-104.8933868408,-95.6096382141
52.5364122391,-112.5000915527,-103.6624393463
52.6770391464,-108.8157157898,-103.6152400970
53.0292139053,-104.9805526733,-103.5687332153
52.4129066467,-112.3843822479,-101.0738430023
52.4883346558,-108.4417266846,-100.9462604523
52.7945470810,-104.3447628021,-100.8395347595
52.3939151764,-112.2619190216,-98.5276775360
52.4030532837,-108.0416259766,-98.3137702942
52.5909204483,-103.6696872711,-98.1099414825
56.9858026505,-102.5272598267,-159.0187988281
56.6194133759,-103.8876552582,-155.1497459412
56.8511095047,-103.7298679352,-151.5408096313
55.6978225708,-104.8657894135,-148.8553886414
54.3016977310,-108.3293151855,-147.8073577881
55.8073339462,-112.9728527069,-147.5432357788
59.4983463287,-108.9130744934,-147.7994308472
56.0076551437,-110.6958236694,-149.8751525879
61.3703594208,-109.8934650421,-150.1753730774
61.0025901794,-110.1748332977,-154.1478195190
61.5818433762,-108.8916320801,-158.0816307068
63.5213623047,-108.0840682983,-152.7639808655
57.1354951859,-111.6919212341,-152.3817176819
57.1876325607,-111.3109283447,-155.4414749146
57.2399311066,-109.7357902527,-159.0779418945
51.3276968002,-108.0838088989,-158.5811004639
51.9169702530,-104.1851119995,-159.0116348267
53.7104873657,-109.3753776550,-158.9707336426
51.9594650269,-112.6073932648,-154.2457809448
51.3374300003,-108.1935043335,-154.4015922546
51.9352550507,-104.8156433105,-154.9597663879
53.7113285065,-110.2681007385,-155.2624893188
51.9575395584,-112.8646755219,-150.0539855957
51.3605556488,-108.2898769379,-150.2198104858
51.9873771667,-104.8445720673,-151.1699142456
53.7349405289,-110.5590972900,-151.8563385010
61.6703844070,-108.0714626312,-166.7453079224
61.8967437744,-107.9459323883,-162.3264503479
61.9041557312,-111.9818172455,-171.6116065979
61.8728008270,-107.3538494110,-172.2582511902
61.8075103760,-102.9231395721,-171.7552680969
61.7464942932,-107.7633590698,-170.0797996521
57.2650604248,-107.7329616547,-167.4169120789
57.2103796005,-108.1424255371,-163.3066215515
57.1139793396,-102.6686840057,-172.1970138550
56.9518909454,-107.2726383209,-172.5348281860
57.0139722824,-107.4668064117,-170.3465957642
51.9037723541,-103.2393550873,-163.4416313171
53.6588449478,-108.1821041107,-163.2952270508
52.1053256989,-102.8007888794,-167.9679794312
63.7390165329,-102.3958816528,-85.0711841583
70.1157531738,-108.9139499664,-83.4348526001
59.7782583237,-104.2241172791,-80.8016910553
57.9087886810,-108.0720081329,-81.1508464813
59.7215957642,-112.1790695190,-80.7201900482
65.2229824066,-108.6527423859,-79.5126628876
60.3108959198,-106.0123558044,-85.9170055389
59.2778844833,-108.9564685822,-86.0867176056
60.4297285080,-112.4653301239,-85.7323379517
63.7594337463,-110.1164436340,-84.9499969482
63.9136705399,-104.4462318420,-89.7246303558
61.9848947525,-108.4564762115,-89.7193088531
64.0116586685,-112.3490505219,-89.6657218933
67.8817338943,-108.9530315399,-88.4617328644
66.1984405518,-107.5425338745,-91.3052082062
69.0681457520,-110.2889137268,-165.6399421692
70.4610204697,-108.7281417847,-160.9238967896
69.5527677536,-102.4115715027,-165.6066627502
76.8044013977,-109.6774063110,-164.7985343933
68.4158353806,-103.9268035889,-170.8587493896
67.5015773773,-107.7083110809,-171.5685729980
69.3928985596,-112.4871807098,-170.7577056885
68.1228933334,-109.2614994049,-169.1952743530
73.6906700134,-108.8079624176,-170.2610473633
71.0945224762,-103.7250118256,-184.4316749573
70.7703208923,-103.8930416107,-181.0896835327
71.0493965149,-103.7273235321,-177.4430847168
69.8671360016,-104.8567581177,-174.7601699829
68.3993358612,-108.3397846222,-173.7441596985
69.9435729980,-112.9836521149,-173.4485282898
73.7039966583,-108.9243011475,-173.6700630188
70.1374435425,-110.6939105988,-175.7886619568
75.6317691803,-109.8996620178,-176.0100936890
75.2127761841,-110.1831130981,-180.0165328979
75.7331771851,-109.4912395477,-183.7168197632
77.7968311310,-108.1035003662,-178.6128311157
71.2836112976,-111.6907348633,-178.2983055115
71.3421134949,-111.3153095245,-181.3788337708
71.3961315155,-110.9226016998,-184.4687919617
66.0934867859,-112.3394508362,-184.4774284363
65.4741477966,-108.0854358673,-184.5989189148
66.0576133728,-104.7819480896,-184.7451324463
67.8592510223,-109.9699611664,-184.6812591553
66.0707817078,-112.6071491241,-180.2335548401
65.4493656158,-108.1907958984,-180.3927726746
66.0492858887,-104.8147239685,-180.9504547119
67.8402061462,-110.2682323456,-181.2352600098
66.0488014221,-112.8637809753,-176.0127182007
65.4472751617,-108.2895221710,-176.1871490479
66.1197166443,-104.8412036896,-177.1304321289
67.8495578766,-110.5577011108,-177.8072433472
71.2833404541,-103.9479007721,-188.3428726196
71.1701698303,-104.3215084076,-192.9481468201
71.2983741760,-102.7773685455,-197.6275215149
83.7853603363,-108.3982353210,-196.0217742920
84.0406875610,-102.5631160736,-191.4792900085
84.1438484192,-108.4358673096,-186.9138336182
81.8323974609,-109.6686420441,-191.7211914062
76.0556354523,-109.2960987091,-187.7916221619
75.8884735107,-109.6795692444,-192.4067077637
76.0035400391,-108.7091007233,-197.0465698242
71.3790168762,-110.7151947021,-188.3371543884
71.3712196350,-110.7117729187,-192.9272041321
71.4146022797,-109.5404415131,-197.6836853027
66.2527542114,-104.0526390076,-198.3425331116
68.2101821899,-109.0256977081,-198.2938652039
65.4938068390,-108.0306587219,-193.6107902527
66.0739612579,-104.7617244720,-193.5398635864
67.8468189240,-109.8072605133,-193.3380889893
66.0766639709,-112.1990070343,-188.9371032715
65.4895305634,-108.0316429138,-189.0044288635
66.0715122223,-104.7638969421,-188.9387168884
67.8480396271,-109.8122863770,-188.7371253967
70.7306175232,-107.9442844391,-203.1944351196
70.7089653015,-103.8428096771,-202.9272537231
71.0559902191,-108.2620906830,-201.0165634155
75.8646316528,-112.2181606293,-202.1972846985
75.3725280762,-108.0563392639,-202.8786888123
75.1360626221,-103.7819766998,-202.3715858459
75.8662052155,-107.8517189026,-200.5755386353
70.4228305817,-103.3723545074,-206.8431396484
70.8158569336,-107.7374534607,-206.7972869873
74.4840202332,-104.0410842896,-206.3706626892
75.1339664459,-108.1511554718,-206.2922019958
75.7914447784,-112.2567195892,-206.2169075012
70.9218635559,-102.8763656616,-211.3872184753
75.3167457581,-103.2069091797,-210.8714637756
75.6328144073,-107.6500263214,-210.8344955444
75.9641723633,-112.0823822021,-210.7861480713
60.6353464127,-102.3860988617,-69.1116809845
67.8993721008,-108.9067249298,-68.1360912323
58.7427387238,-104.5150966644,-64.2354259491
56.7127628326,-108.5577068329,-65.1028251648
58.9768676758,-112.3717861176,-64.1846399307
60.5656242371,-107.6275196075,-61.8105239868
63.8019886017,-108.9522838593,-63.8706464767
56.7403621674,-106.0143833160,-69.6487941742
55.6697797775,-108.9734020233,-69.8038673401
57.0778827667,-112.4845676422,-69.6349048615
60.7345123291,-110.1136226654,-69.1586856842
58.5419025421,-104.2261505127,-75.3013992310
56.6827697754,-108.0754737854,-75.7168712616
58.5943107605,-112.1824626923,-75.3254756927
64.1951913834,-108.6542148590,-74.1957302094
83.3013401031,-102.3285427094,-205.3141403198
90.6030044556,-109.2028541565,-204.6977615356
81.7149276733,-104.4650764465,-201.5208015442
80.4863491058,-108.6114196777,-202.2693061829
82.9333915710,-112.5921745300,-201.4714698792
83.3734569550,-107.6387691498,-199.5317687988
87.0527019501,-109.1651763916,-201.0964050293
80.1808433533,-105.9757213593,-205.7684440613
79.9738178253,-109.0668106079,-205.8143653870
82.4806041718,-112.9023513794,-205.6680831909
85.3648128510,-110.5157356262,-205.3949661255
81.9899311066,-104.1937007904,-210.0780296326
81.0069103241,-108.1207618713,-210.2376022339
83.1796379089,-112.4002857208,-210.0258331299
87.2694797516,-108.8443546295,-209.5459289551
85.3803882599,-102.5255088806,-224.6874923706
85.0126094818,-103.8915519714,-220.7824630737
85.2430572510,-103.7284183502,-217.1456108093
84.0606937408,-104.8618488312,-214.4741744995
82.6262340546,-108.3387794495,-213.4510574341
84.1648197174,-112.9827079773,-213.1490249634
87.9142246246,-108.9222831726,-213.3429565430
84.3767375946,-110.6960601807,-215.4899368286
89.8357086182,-109.8953514099,-215.6758842468
89.4561042786,-110.1793289185,-219.6781806946
90.0237407684,-108.8860511780,-223.6586837769
91.9940166473,-108.0843868256,-218.2500724792
85.5274448395,-111.6921615601,-217.9887657166
85.5875434875,-111.3108901978,-221.0647544861
85.6532459259,-109.7257194519,-224.7344436646
80.2792491913,-104.1835041046,-224.7496376038
82.0884284973,-109.3727130890,-224.6804733276
80.2937641144,-112.6071777344,-219.9602394104
79.6673526764,-108.1932430267,-220.1271476746
80.2737903595,-104.8159980774,-220.6774024963
82.0708637238,-110.2678699493,-220.9495887756
80.2679882050,-112.8646488190,-215.7457008362
79.6652030945,-108.2897930145,-215.9230766296
80.3053913116,-104.8410415649,-216.8646583557
82.0770416260,-110.5593070984,-217.5254516602
90.0859680176,-108.0603485107,-232.3234863281
90.3113842010,-107.9293346405,-227.9158554077
90.3688335419,-111.9752273560,-237.1770858765
90.3380584717,-107.3465461731,-237.8133621216
90.2782268524,-102.9159698486,-237.3172454834
90.1960792542,-107.7575187683,-235.6475753784
85.6960163116,-107.7292385101,-233.0681304932
85.6367416382,-108.1299781799,-228.9717864990
85.5560264587,-102.6669807434,-237.8464698792
85.3952465057,-107.2731056213,-238.1758117676
85.4494056702,-107.4659137726,-235.9983291626
80.2861576080,-103.2358226776,-229.1863250732
82.0531749725,-108.1775321960,-229.0115089417
96.0040779114,-109.5303802490,-231.3115539551
98.1088409424,-108.3196220398,-226.4943809509
97.9949264526,-102.3717746735,-231.0888824463
103.6620883942,-108.9127159119,-230.3995933533
96.8590373993,-103.8915748596,-236.3667984009
95.8048248291,-107.6108398438,-237.0908317566
96.9459037781,-112.0418682098,-236.3428955078
95.6436061859,-108.8052482605,-234.8052062988
101.2023601532,-108.3372993469,-235.8267364502
99.7206172943,-103.7239818573,-263.4541625977
99.3539524078,-103.8944187164,-260.1466369629
99.5740985870,-103.7300415039,-256.5369186401
98.3869991302,-104.8664417267,-253.8848381042
96.9580802917,-108.3289661407,-252.8720550537
98.4901657104,-112.9690647125,-252.5711059570
102.2513523102,-108.9088764191,-252.7406387329
98.7060356140,-110.6956558228,-254.8968048096
104.1694240570,-109.8880481720,-255.0635910034
103.8049449921,-110.1758651733,-259.0381469727
104.3797225952,-109.4878692627,-262.6896133423
106.3323211670,-108.0748100281,-257.6144142151
99.8646812439,-111.6924171448,-257.3707199097
99.9297790527,-111.3154258728,-260.4217834473
99.9914665222,-110.9229030609,-263.4832763672
94.6284332275,-104.7819480896,-263.8213882446
96.4382019043,-109.9701061249,-263.7361297607
94.0025672913,-108.1908054352,-259.5143280029
94.6068782806,-104.8153266907,-260.0600891113
96.4083480835,-110.2683830261,-260.3211669922
94.5885066986,-112.8645477295,-255.1662673950
93.9853858948,-108.2897243500,-255.3452301025
94.6254158020,-104.8452987671,-256.2804908752
96.4054203033,-110.5594367981,-256.9256629944
99.8919906616,-103.9426021576,-267.3150939941
99.7461662292,-104.3191585541,-271.8643341064
99.9490222931,-103.9415931702,-276.3965377808
112.4477615356,-108.3853225708,-274.8735504150
112.3633785248,-102.5025119781,-270.3443832397
112.4975070953,-108.3794326782,-265.7810287476
110.4099273682,-109.6627979279,-270.5543212891
104.6844234467,-109.2903194427,-266.7104644775
104.4752426147,-109.6744003296,-271.2708282471
104.7262153625,-109.2890453339,-275.8087692261
99.9902133942,-110.7153701782,-267.3083038330
100.0141277313,-110.7158203125,-271.8388748169
94.6621704102,-104.7637729645,-267.9679412842
99.7996234894,-103.7269401550,-280.9373703003
104.4258003235,-109.3737049103,-280.3532791138
103.9215602875,-109.8440361023,-284.9414749146
104.5157566071,-108.7805404663,-289.7285919189
106.4763946533,-108.0436687469,-284.6517562866
104.5245151520,-108.0150756836,-294.4990768433
106.5421829224,-102.6693477631,-299.7917175293
106.9307556152,-107.6869602203,-296.0534744263
118.2555046082,-105.3800849915,-323.8177185059
42.0584173203,-102.6422805786,-14.9085149765
42.0698156357,-107.8374671936,-14.4573721886
42.4790010452,-112.9557514191,-13.6251204014
35.4270496368,-102.4235057831,-20.9071989059
35.2118177414,-107.2253379822,-20.8441405296
34.7788610458,-112.2107162476,-20.7545423508
36.3849601746,-102.5127239227,-18.1330726147
36.3375892639,-107.4422187805,-17.8591275215
36.0515117645,-112.4787216187,-17.5757453442
37.3173475266,-102.5832557678,-15.3668088913
37.4008913040,-107.6594619751,-14.8805167675
37.2971229553,-112.7505149841,-14.3858010769
39.6004896164,-102.4804611206,-22.8339657784
39.5819597244,-107.3401260376,-22.6387753487
39.3828935623,-112.2051849365,-22.4503550529
40.3082675934,-102.6154479980,-20.6567592621
40.4811124802,-107.7581119537,-20.0106377602
40.4969882965,-112.8805580139,-19.3837966919
41.0069751740,-102.7482509613,-18.4448070526
41.3511142731,-108.1633300781,-17.3909480572
41.5793294907,-113.5641841888,-16.3330531120
43.6934795380,-112.5787258148,-23.6978077888
43.5857124329,-107.5808715820,-23.8248023987
43.5208072662,-102.5354537964,-23.9719815254
44.5118007660,-113.4500160217,-19.8631467819
44.0984106064,-108.0855159760,-20.3681631088
43.9025840759,-102.6867828369,-20.9901900291
46.4056138992,-102.6084995270,-20.3362658024
52.7986640930,-102.4438304901,-21.3808679581
46.2858057022,-107.8560733795,-20.2741043568
46.9066467285,-113.0015087128,-19.9232919216
54.3485412598,-107.2334060669,-15.6075818539
52.8615245819,-111.9497070312,-21.4150648117
50.5481786728,-107.2387313843,-22.2460505962
46.0147533417,-113.3183116913,-16.2079441547
45.3687973022,-108.0433521271,-17.0925424099
45.3224620819,-102.6869106293,-17.6812186241
-2.0500644669,-102.0152091980,-24.6470861435
-4.1675131321,-101.5578651428,-22.6901278496
-10.9535164833,-102.3601150513,-21.2406229973
44.5552549362,-88.3303833008,-64.2147340775
44.3561248779,-93.4994297028,-63.4959812164
44.5720710754,-98.6056118011,-62.1996440887
35.5611019135,-88.1559257507,-74.7774353027
35.3097424507,-93.0317230225,-74.6168880463
35.1529989243,-97.8330612183,-74.4524879456
36.5429058075,-88.1105957031,-70.2578220367
36.2811365128,-93.1825828552,-69.7729072571
36.0575351715,-98.1952705383,-69.2830867767
37.5904169083,-88.1175498962,-65.7289419174
37.3919839859,-93.2598800659,-64.9210853577
37.1440420151,-98.4597835541,-64.0586271286
42.8856105804,-88.0185565948,-76.4039249420
42.6175889969,-92.9696464539,-76.0738086700
42.2793264389,-97.9762783051,-75.7391510010
43.4135017395,-88.1776885986,-73.0542526245
43.3272533417,-93.3183441162,-72.0556106567
43.1281299591,-98.5415344238,-71.0558776855
43.9394960403,-88.3698120117,-69.6780567169
43.9908123016,-93.7526092529,-68.0360336304
43.9735746384,-99.1778087616,-66.3377933502
49.3705787659,-98.2151451111,-76.3699722290
49.2844686508,-93.2298316956,-76.6452293396
49.1994819641,-88.2430915833,-76.9050655365
49.4054555893,-99.1126041412,-70.9462261200
49.0462884903,-93.7724380493,-71.7660884857
48.7856006622,-88.4263935089,-72.6037635803
52.0734205246,-88.3613758087,-71.1658697128
60.6679525375,-88.1633930206,-70.4421815872
52.1475067139,-93.5766239166,-71.0890836716
52.8286333084,-98.7167663574,-70.4985179901
60.8738965988,-92.9435539246,-62.9072780609
60.7456407547,-97.6585273743,-70.4146356583
58.0923357010,-92.9532756805,-72.0995759964
50.2953691483,-99.0223236084,-65.5682802200
49.7812490463,-93.7606430054,-66.8980293274
49.7914590836,-88.4216976166,-67.7216444016
39.5174970627,-88.0985450745,-118.4640007019
39.5038871765,-92.8562965393,-118.4660758972
39.5016708374,-97.6181831360,-118.4676742554
39.9171943665,-88.1127071381,-114.0183773041
39.8748350143,-92.8582878113,-114.0189151764
39.8670339584,-97.6181297302,-114.0193767548
40.3511829376,-88.1396789551,-109.5757293701
40.2673788071,-92.8685493469,-109.5716590881
40.2354965210,-97.6188697815,-109.5709247589
44.0993738174,-88.1598987579,-118.3640670776
43.9800701141,-92.8809909821,-118.3623390198
43.9202146530,-97.6209354401,-118.3640594482
44.4590072632,-88.1856155396,-114.0651130676
44.2889471054,-92.9070281982,-114.0597000122
44.1828994751,-97.6319656372,-114.0585956573
44.8490877151,-88.1796188354,-109.7653732300
44.6286973953,-92.9342632294,-109.7584590912
44.4757823944,-97.6535549164,-109.7546291351
48.8987369537,-88.6267986298,-118.2490730286
48.5878572464,-93.2500705719,-118.2621803284
48.4555892944,-97.7797374725,-118.2611865997
48.9020156860,-89.0776748657,-114.0984554291
48.7385444641,-93.5510292053,-114.0988006592
48.6251535416,-97.9063816071,-114.0998630524
49.5781030655,-88.5020580292,-109.9457836151
49.1761178970,-93.1746349335,-109.9315185547
48.9104576111,-97.8004665375,-109.9329547882
55.0939884186,-88.3263874054,-93.6691379547
55.2362022400,-93.5121154785,-93.9593772888
55.8892183304,-98.5922107697,-94.5883769989
51.9905357361,-88.2492752075,-83.8688964844
52.1086683273,-93.2432308197,-83.9448776245
52.2424240112,-98.2210273743,-83.9903106689
53.5841007233,-88.4097690582,-87.1031742096
54.0218353271,-93.7693748474,-87.5012741089
54.5271539688,-99.1007232666,-87.8208522797
56.7857599258,-98.7076339722,-86.5970382690
63.3859395981,-97.6650981903,-83.9152507782
56.1124715805,-93.5735893250,-86.4436950684
56.0533227921,-88.3552474976,-86.4910011292
66.1055831909,-92.9510211945,-89.8850803375
60.6035242081,-92.9539890289,-83.3993015289
63.2593498230,-88.1644458771,-83.9193058014
56.2572994232,-88.4054718018,-90.0637302399
56.6194772720,-93.7534389496,-90.4820880890
57.4867944717,-99.0032367706,-91.1847515106
48.6623802185,-88.0515232086,-87.7021598816
48.5684385300,-92.9269313812,-87.8430404663
48.4234189987,-97.8836555481,-87.9972133636
50.4884796143,-88.2209491730,-89.3395195007
50.7728042603,-93.3402805328,-89.7997150421
51.0472784042,-98.4822750092,-90.2823295593
52.2941579819,-88.3955154419,-91.0289001465
52.9597330093,-93.7841224670,-91.7696762085
53.6283998489,-99.1599769592,-92.5715103149
45.1701755524,-88.0289363861,-92.3899650574
44.8525686264,-92.9837722778,-92.4373073578
44.6219453812,-97.8695964813,-92.4900970459
47.9474124908,-88.0364208221,-93.7433032990
47.8530158997,-93.0629348755,-93.9012279510
47.7440614700,-98.1411933899,-94.0763339996
50.7231111526,-88.1564025879,-95.0561122894
50.8095140457,-93.2115879059,-95.3542137146
50.9259567261,-98.3384838104,-95.6486129761
57.0861625671,-88.0600795746,-113.4002895355
61.9310693741,-94.6220588684,-112.7041893005
55.7170476913,-89.8568668365,-109.4162616730
54.2426986694,-93.6699733734,-109.5700664520
55.2774677277,-97.8219089508,-109.4135990143
59.2666311264,-94.3297519684,-108.8088035583
54.0535860062,-91.5681362152,-113.7627677917
52.9116773605,-94.5777282715,-113.8808517456
53.6978826523,-98.1893386841,-113.7568588257
56.7910432816,-95.7493286133,-113.3961124420
55.7047309875,-89.8424472809,-117.7498416901
53.9354381561,-93.7745704651,-117.9540386200
55.0144538879,-97.9936351776,-117.7686023712
59.5931406021,-94.3207454681,-117.2932014465
57.1500797272,-98.6483402252,-161.7917251587
56.9636526108,-93.5178012848,-162.7875785828
57.1374683380,-88.3060512543,-163.2897529602
61.6475858688,-98.3008995056,-171.3580703735
61.5066184998,-93.2650470734,-171.5997276306
61.4751567841,-88.2391719818,-171.8369102478
61.2084999084,-99.1621761322,-167.4298553467
60.9226579666,-93.7707519531,-168.1297569275
60.8827342987,-88.4130325317,-168.8140678406
63.3557024002,-88.3492774963,-167.2487182617
70.6645860672,-88.1307735443,-166.6874885559
63.1029033661,-93.5574340820,-167.1555671692
63.5649623871,-98.6927661896,-166.6069793701
70.3295593262,-92.9080829620,-160.8485603333
69.8417863846,-97.6910343170,-166.6194419861
67.9803400040,-92.9674606323,-167.9233169556
61.4754133224,-99.0090522766,-163.4633293152
61.1355457306,-93.7332439423,-164.5330276489
61.3646707535,-88.3883361816,-165.1340026855
57.2410545349,-97.9615535736,-171.9803352356
57.2099037170,-93.0548038483,-172.2802848816
57.2067461014,-88.1655158997,-172.5656127930
57.2355499268,-98.6250648499,-168.4136543274
57.2064981461,-93.4518718719,-169.2240333557
57.1887378693,-88.3040084839,-170.0002517700
57.2103710175,-99.2827816010,-164.9030609131
57.2056808472,-93.8468666077,-166.1723785400
57.1814308167,-88.4246578217,-167.4060630798
52.5318927765,-97.7926750183,-172.2315979004
52.4994697571,-92.9556503296,-172.4016914368
52.5486841202,-88.1111640930,-172.5186538696
52.5335607529,-98.1248950958,-168.1506080627
52.5035724640,-93.1543197632,-168.5769348145
52.5192737579,-88.1865367889,-168.9704704285
52.5126590729,-98.4491920471,-164.1132354736
52.5109634399,-93.3510837555,-164.7554054260
52.5323572159,-88.2525711060,-165.3820152283
75.2048873901,-88.3167629242,-206.4116287231
75.6977825165,-93.5180206299,-206.4665985107
76.7090263367,-98.6431255341,-206.1719017029
65.9040832520,-88.2266025543,-203.2740097046
66.1261310577,-93.2661132812,-203.1564445496
66.3792419434,-98.3054065704,-202.9342536926
69.0938892365,-88.3777179718,-203.5217056274
69.7654056549,-93.7712535858,-203.3073310852
70.4624443054,-99.1612777710,-202.8961410522
71.0534133911,-98.6943016052,-200.5104408264
74.5493946075,-98.3794860840,-192.6172790527
69.7788410187,-98.0150394440,-197.6974182129
70.5298557281,-93.5438766479,-201.1208992004
70.4496192932,-88.3185672760,-201.1271934509
73.1731548309,-88.1432723999,-192.8406753540
76.6157417297,-92.9182567596,-192.5309143066
71.0110263824,-92.9132938385,-193.1934356689
68.3430747986,-92.9201526642,-198.0782890320
68.9868850708,-88.1312160492,-197.8789558411
72.8653144836,-88.3718128204,-202.7083473206
73.4482116699,-93.7291011810,-202.6717758179
74.5009117126,-99.0031089783,-202.1889801025
65.6538505554,-88.1490859985,-207.4032821655
65.9029808044,-93.0548973083,-207.3712196350
66.1650180817,-97.9490585327,-207.3405914307
68.2841472626,-88.2818717957,-207.1162109375
69.0477790833,-93.4520931244,-207.0075492859
69.8333148956,-98.6104316711,-206.9120903015
70.9555015564,-88.4141540527,-206.8239021301
72.1905155182,-93.8467941284,-206.6411018372
73.4955635071,-99.2784976959,-206.4857826233
66.1804943085,-88.1213111877,-211.9440498352
66.3035449982,-92.9557094574,-211.9297599792
69.8486537933,-88.1882019043,-211.5245513916
70.2331924438,-93.1543483734,-211.4695549011
70.6271038055,-98.1144237518,-211.4218101501
73.5299816132,-88.2540836334,-211.0627899170
74.1620121002,-93.3508167267,-211.0052757263
74.8237190247,-98.4437122345,-210.9273986816
85.4208259583,-88.2398910522,-238.4254035950
85.0500068665,-89.6058750153,-234.5274200439
85.2759075165,-89.4440097809,-230.8981246948
84.0953521729,-90.5801105499,-228.2272605896
82.6708145142,-94.0433025360,-227.2058334351
84.2000370026,-98.6837291718,-226.9070701599
87.9600524902,-94.6235809326,-227.0861892700
84.4104633331,-96.4100303650,-229.2458763123
89.8718204498,-95.6034584045,-229.4283676147
89.4944477081,-95.8903522491,-233.4253959656
90.0646057129,-94.5999698639,-237.3893051147
92.0392436981,-93.7942848206,-231.9965591431
85.5627117157,-97.4064712524,-231.7372398376
85.6254081726,-97.0251693726,-234.8081779480
85.6938877106,-95.4399871826,-238.4715156555
79.7234191895,-93.7981014252,-238.0804557800
80.3208179474,-89.8978824615,-238.4988555908
82.1295566559,-95.0870666504,-238.4257583618
80.3310718536,-98.3214607239,-233.7172813416
79.7049503326,-93.9075660706,-233.8854370117
80.3118019104,-90.5304126740,-234.4335746765
82.1087608337,-95.9822082520,-234.7010421753
80.3017940521,-98.5788097382,-229.5098190308
79.6992645264,-94.0040969849,-229.6883659363
80.3371829987,-90.5594787598,-230.6302642822
82.1120052338,-96.2735748291,-231.2826271057
90.1328258514,-93.7745285034,-246.0339050293
90.3547554016,-93.6436443329,-241.6362266541
90.4204177856,-97.6895503998,-250.8760070801
90.3903903961,-93.0609111786,-251.5110893250
90.3301582336,-88.6302490234,-251.0159149170
90.2463378906,-93.4717712402,-249.3505668640
85.7456111908,-93.4435634613,-246.7880210876
85.6816310883,-93.8442630768,-242.7009315491
85.6113910675,-88.3812904358,-251.5570983887
85.4511032104,-92.9873771667,-251.8864364624
85.6085834503,-97.6546726227,-251.3048095703
85.5027008057,-93.1801738739,-249.7131652832
80.3327388763,-88.9502201080,-242.9274597168
82.0990314484,-93.8918781281,-242.7488746643
82.5104465485,-93.3251304626,-247.3444061279
80.5517673492,-88.5119667053,-247.4416313171
90.5305614471,-88.0946884155,-268.4927825928
90.5293102264,-92.8575248718,-268.4923934937
90.5646495819,-88.0946731567,-273.0361938477
96.0587291718,-95.2442550659,-245.0132141113
98.2411975861,-94.0470981598,-240.2106208801
98.1705226898,-88.0857772827,-244.7905082703
103.9503345490,-94.6317462921,-244.0946846008
96.9454021454,-89.5955638885,-250.0532608032
95.8579158783,-93.3249111176,-250.7807044983
96.9930000305,-97.7557487488,-250.0329170227
95.6944217682,-94.5190658569,-248.4997863770
101.3958950043,-94.0452022552,-249.5067977905
105.1333026886,-93.6059074402,-271.2007064819
97.0106563568,-88.1691722870,-267.6653671265
95.9518623352,-93.0391635895,-267.7927703857
97.9376258850,-98.1026306152,-267.5487136841
102.0615577698,-93.4129238129,-267.0291519165
95.8464279175,-88.2267398834,-272.3619613647
95.4768619537,-93.2288665771,-272.4061126709
97.6110839844,-98.6135940552,-272.1319274902
100.5346279144,-93.9805278778,-271.7653884888
97.0745391846,-88.1694583893,-276.7581939697
96.0187244415,-93.0395011902,-276.8972396851
98.0035820007,-98.1024036407,-276.6446533203
102.1201190948,-93.4131164551,-276.1318588257
99.8911571503,-89.4425048828,-297.3309097290
102.4928493500,-94.6272106171,-293.5623779297
104.2379207611,-95.4031581879,-295.9656982422
103.7280006409,-95.4385795593,-299.9698486328
104.4631652832,-94.3580913544,-303.7683868408
106.1909751892,-93.3502330780,-298.5587463379
105.0084304810,-93.6502151489,-307.8839263916
110.7512989044,-95.2454872131,-311.2157287598
112.6449375153,-94.0458412170,-306.5011444092
112.6149024963,-88.0939197540,-311.0071258545
118.0911140442,-94.6239566803,-310.3592529297
111.6378707886,-89.6091747284,-316.1880569458
110.6104145050,-93.3284397125,-316.8863983154
111.7412586212,-97.7590694427,-316.1602325439
110.4297981262,-94.5195922852,-314.6414871216
115.9271812439,-94.0553302765,-315.6866607666
-5.0917826891,-87.7274074554,-32.0326571465
34.0398216248,-97.7660064697,-23.9789996147
34.0039978027,-93.3062667847,-23.9648928642
33.9224133492,-88.8144302368,-23.9615836143
38.0863733292,-97.9606800079,-25.9157595634
37.8577642441,-93.8117942810,-25.9065480232
37.6094865799,-89.6612968445,-25.9399771690
41.9769630432,-97.9602909088,-27.8825774193
41.4635982513,-93.7700138092,-27.9055266380
41.3718814850,-89.5004920959,-27.6117677689
32.0615372658,-88.4634208679,-27.1008677483
32.1066889763,-93.0479583740,-27.1998448372
32.0436072350,-97.6097965240,-27.3160338402
35.3187808990,-89.1272449493,-29.3632807732
35.6222648621,-93.4817161560,-29.5884442329
35.8655710220,-97.8039245605,-29.8293294907
38.5654764175,-89.7937793732,-31.6265568733
39.0942487717,-93.8923778534,-31.9923682213
39.6075563431,-97.9883422852,-32.3611130714
30.2707209587,-88.2095050812,-30.5745320320
30.1590561867,-92.8368530273,-30.6425228119
29.9501180649,-97.5411682129,-30.6964454651
33.5701804161,-88.5939235687,-33.6465692520
33.6185002327,-93.0895271301,-33.7844619751
33.5831151009,-97.5985107422,-33.9232945442
36.8437280655,-88.9544239044,-36.7262830734
37.0463256836,-93.3566570282,-36.9316272736
37.2004394531,-97.7370357513,-37.1491451263
47.6492614746,-88.0919723511,-34.3921036720
54.3852910995,-94.6309909821,-35.7209420204
47.6013574600,-90.1358661652,-29.4880256653
45.6780776978,-94.1676101685,-29.7589154243
47.9789266586,-98.0763950348,-29.7523264885
50.0906133652,-93.2574367523,-27.7902927399
52.0479078293,-94.6620616913,-30.5846219063
43.9847688675,-91.6884193420,-33.6866698265
43.1721220016,-94.6829357147,-33.6951813698
44.7041473389,-98.2375469208,-34.1652202606
47.8690538406,-95.8248538971,-34.6549711227
43.9172868729,-89.9216270447,-39.2576179504
42.3252115250,-93.7888889313,-39.1189632416
44.2614507675,-97.9326267242,-39.5102005005
49.3977384567,-94.3612880707,-40.2748584747
41.7899494171,-98.3406276703,-15.1377477646
41.3673706055,-94.8358097076,-15.2020082474
41.6643800735,-91.0729675293,-15.0417313576
41.2482557297,-88.9467353821,-16.5140252113
40.0553188324,-88.3650588989,-19.6333122253
39.3674745560,-87.4628887177,-22.6142892838
37.2194223404,-98.1932487488,-15.6281409264
37.1942625046,-94.4943389893,-15.6422624588
37.3062610626,-90.7467136383,-15.6649572849
36.3234033585,-98.0616607666,-18.3057291508
36.2634334564,-94.1080894470,-18.3601176739
36.2989883423,-90.1264305115,-18.3810176849
35.4514999390,-97.9298000336,-20.9762272835
35.3824605942,-93.7134075165,-21.0611729622
35.3763732910,-89.4788436890,-21.1127014160
40.7704534531,-98.7267265320,-18.9724383354
40.6291790009,-96.0420417786,-18.9367356300
40.5593843460,-93.2903652191,-18.8993730545
40.1346578598,-98.4677829742,-21.0310630798
39.9788990021,-95.2935619354,-21.1018257141
39.9014596939,-92.1016635895,-21.1600313187
39.4980325699,-98.1986427307,-23.0269098282
39.3481101990,-94.5180873871,-23.1958799362
39.2173624039,-90.8376655579,-23.3982744217
43.0565633774,-98.1176490784,-24.2387843132
42.5592098236,-94.0786514282,-24.4521622658
42.9240732193,-89.7491722107,-24.2846727371
43.3930625916,-98.4269294739,-21.4280638695
42.9028015137,-94.8226509094,-21.4080834389
43.3120689392,-90.6904315948,-21.0925889015
44.8475627899,-98.4841060638,-18.0672645569
44.1857786179,-95.0624561310,-18.1001145840
44.5988988876,-91.1008644104,-17.6589055061
44.6027631760,-93.8500213623,-20.7469544411
46.6216411591,-93.0811939240,-19.9723091125
44.5137329102,-93.3548679352,-24.5308480263
-18.1024954319,-97.6150074005,-17.6197025776
-17.7284240723,-92.8548603058,-16.3226647377
-18.1061432362,-88.0916137695,-17.6323146820
-14.1493594646,-97.5880584717,-17.9995026588
-13.9414479733,-92.8232593536,-17.1706118584
-14.1589295864,-88.0812473297,-17.9749338627
-15.0285344124,-92.8325157166,-20.2696352005
-12.0479800701,-91.6747207642,-24.9778099060
-10.4439671040,-90.5374965668,-22.8993797302
-10.7266712189,-97.6160373688,-22.4339394569
-11.9485342503,-87.8218135834,-19.7045102119
-11.8318095207,-91.9392738342,-18.7920989990
-11.8223967552,-95.2340316772,-19.7611322403
-11.3613743782,-90.2406311035,-20.6483750343
-12.6193723679,-91.5069637299,-21.3244142532
-9.5117739439,-95.9583358765,-19.3919053078
-9.4539228678,-92.1166534424,-18.9471163750
-9.7282733917,-87.8752784729,-19.1674566269
-9.5603810549,-90.9943599701,-20.9151802063
-6.4082714319,-101.6224937439,-21.5130572319
-4.3362035453,-101.2610874176,-24.5432810783
-2.1854746491,-97.0161838531,-24.7641868591
-2.2318782359,-92.4906291962,-24.7917914391
-2.2835560441,-87.9710540771,-24.8244490623
-4.4695969224,-96.2586021423,-22.8723969460
-4.6252086163,-92.0302467346,-22.9727458954
-4.7601277828,-87.8169612885,-23.0103192329
-6.7861144543,-96.3749656677,-21.2880120277
-6.7677137852,-92.1077041626,-21.1920437813
-7.1344844103,-87.8529701233,-21.1821746826
-5.6690704823,-96.6914482117,-25.9726114273
-3.4624054730,-95.4682769775,-27.1617574692
-3.4510160089,-91.5408802032,-27.1903362274
-3.5382815003,-87.6519622803,-27.2033185959
-5.6777328253,-93.1009254456,-25.7514100075
-5.8484284878,-90.0999259949,-25.8037042618
-6.0646955967,-87.1668586731,-25.8067655563
-7.6520297527,-94.0139598846,-24.7381367683
-7.6686567068,-90.4707469940,-24.6003656387
-8.3457326889,-87.3077201843,-24.4551301003
-8.9474080801,-91.3312225342,-24.0559535027
-4.7602419853,-94.6483669281,-29.5781040192
-4.5591924787,-91.1505413055,-29.4926118851
-4.7209181786,-87.5447292328,-29.5487079620
-7.1109457016,-91.5402946472,-28.5073237419
-6.9449410439,-89.2433147430,-28.1875801086
-7.2637010813,-86.9049720764,-28.3944478035
-8.8358807564,-89.7128734589,-27.2076487541
-9.6128308773,-87.0425319672,-27.3573141098
41.3858499527,-94.6657543182,-1.8845890760
42.7023859024,-98.2457027435,-1.9116900861
40.1361513138,-92.8356800079,-5.7429185510
39.5216627121,-96.4456501007,-5.6912117004
40.3765048981,-98.8477497101,-5.7578045726
42.9830465317,-96.4248809814,-5.9535340667
41.0435237885,-90.5639991760,-9.9790272713
40.3997211456,-94.8587608337,-10.0915608406
41.1820497513,-98.3423309326,-10.0272930861
45.4689264297,-94.8261013031,-10.7065876722
118.6713695526,-93.9875793457,-2.3751766086
118.5545597076,-88.0382919312,-7.1074730158
120.3597583771,-95.1759624481,-7.0933139324
132.9441318512,-88.4212474823,-2.3505005240
134.4672813416,-92.9264431000,-2.3540679216
127.6754283905,-93.2327899933,-2.3594937921
128.4822864532,-98.2094936371,-2.3636348844
131.6899604797,-98.7583274841,-2.3577904105
135.8069877625,-98.1385307312,-2.3508563638
133.5031776428,-96.4182929993,-2.3548428416
133.1217784882,-88.8256797791,-7.0108493567
134.4117431641,-93.0755672455,-6.9998235703
127.8343963623,-93.6798076630,-7.0453613997
128.2736167908,-98.2789268494,-7.0408898592
131.4797248840,-98.7862148285,-7.0182956457
135.6288528442,-98.1448783875,-6.9892692566
133.3561973572,-96.4871883392,-7.0052003860
26.0074992180,-88.1428070068,-7.6849648952
26.0163722038,-92.9091434479,-7.6881213188
25.9866585732,-97.6868171692,-7.7018536329
26.5950994492,-88.1420841217,-4.6118103862
26.6010289192,-92.9058570862,-4.6127617955
26.5913610458,-97.6847114563,-4.6216885448
27.1826500893,-88.1414489746,-1.5386203825
27.1865191460,-92.9042301178,-1.5413357615
27.1848149300,-97.6841468811,-1.5467577875
30.3307156563,-88.1396656036,-8.3257857561
30.3364672661,-92.9010982513,-8.3250851631
30.3394212723,-97.6660766602,-8.3287690878
31.0677947998,-88.1412315369,-4.9930757284
31.0744333267,-92.9016418457,-4.9938826561
31.0794119835,-97.6629524231,-4.9957256913
31.8069663048,-88.1389617920,-1.6622645557
31.8129692078,-92.9000644684,-1.6636311710
31.8181133270,-97.6614723206,-1.6650544405
34.5956296921,-89.0138397217,-8.9681719542
34.6533317566,-93.7966403961,-8.9788154364
34.6546001434,-97.9658184052,-8.9846088886
35.2938728333,-89.8922424316,-5.3549832106
35.5466670990,-94.6813049316,-5.3799025416
35.5461616516,-98.2672500610,-5.3768860102
36.3020505905,-89.0117816925,-1.7728025913
36.4404335022,-93.7867336273,-1.7854115069
36.4440021515,-97.9607219696,-1.7762048542
44.4916324615,-73.8498516083,-64.7736530304
44.2639350891,-78.6099929810,-65.0925102234
44.5036277771,-83.3684425354,-64.7649593353
36.4201440811,-73.6500377655,-74.8287410736
36.1730599403,-78.4296340942,-74.8541965485
35.8811187744,-83.2579536438,-74.8531322479
37.1874141693,-73.6976280212,-70.4979114532
37.0217237473,-78.4153556824,-70.4972476959
36.7968683243,-83.1781711578,-70.4999504089
37.9889669418,-73.7842941284,-66.1287565231
37.8828401566,-78.4960956573,-66.1307907104
37.7374019623,-83.2106914520,-66.1296281815
43.3169345856,-73.8072700500,-76.5325183868
43.2079153061,-78.5283069611,-76.5659275055
43.0686120987,-83.2237777710,-76.5667285919
43.6522502899,-73.8410835266,-73.5499324799
43.6049919128,-78.5681362152,-73.5535125732
43.5000286102,-83.2742843628,-73.5554065704
44.0019569397,-73.8514976501,-70.4943256378
43.9867210388,-78.5931854248,-70.5049076080
43.9226760864,-83.3191566467,-70.5009384155
49.1487693787,-83.3698863983,-77.0281257629
49.1556653976,-78.6157245636,-77.0257377625
49.1425180435,-73.8421821594,-77.0479965210
48.6290693283,-83.3733406067,-73.0234775543
48.6088628769,-78.6079921722,-73.0204391479
48.6342229843,-73.8359947205,-73.0365943909
51.8652524948,-73.8276939392,-71.4202404022
51.6268281937,-78.6113662720,-71.7043590546
51.8970460892,-83.3794364929,-71.3901491165
60.6419229507,-83.3486881256,-70.5034265518
58.0060625076,-78.6044750214,-72.2297935486
49.6542758942,-83.3762722015,-68.3260335922
49.3884887695,-78.6054344177,-68.6493110657
49.6344318390,-73.8324298859,-68.3418846130
47.6133260727,-74.4892272949,-186.5331192017
47.6651010513,-78.9813518524,-186.4564170837
47.3924226761,-75.3406238556,-182.2829055786
47.5677928925,-79.4925785065,-182.0605125427
47.6996374130,-83.6421794891,-181.8377227783
47.5186214447,-75.1755104065,-178.0852050781
47.4067697525,-79.4478034973,-177.9146652222
47.6380624771,-83.6344203949,-177.4032440186
43.0096912384,-73.2243976593,-173.9756965637
42.8557415009,-74.2426834106,-169.0226135254
42.9748525620,-74.7873668671,-163.9856376648
38.3740558624,-76.4482536316,-164.3752365112
43.0661029816,-84.1262931824,-168.5667190552
43.0835113525,-84.3908195496,-163.8287887573
43.0476846695,-80.1580486298,-173.9463577271
43.0620393753,-80.9540424347,-168.9523010254
43.0746393204,-81.7495040894,-163.9589881897
43.0463781357,-76.4644432068,-174.5926513672
43.0659408569,-77.7814521790,-169.3343009949
43.0729179382,-79.0729885101,-164.0815582275
47.2946386337,-84.1268463135,-163.4377746582
47.3754606247,-83.9167213440,-168.1633453369
47.4955635071,-83.7016372681,-172.8830070496
46.6849393845,-80.9319419861,-163.5862159729
46.7978429794,-80.2835636139,-168.5152511597
47.0540332794,-79.6330318451,-173.4820060730
49.4384069443,-79.0211410522,-172.7615280151
48.9841117859,-79.5058746338,-168.0704383850
48.9568157196,-79.5474452972,-163.3011398315
47.0833215714,-77.1512107849,-163.5925903320
47.0367383957,-76.5444641113,-168.6265678406
47.3572578430,-75.4825744629,-173.5908737183
42.9902544022,-75.2137947083,-159.1788253784
42.9038734436,-75.4920196533,-154.5923805237
43.0589303970,-75.2214202881,-149.9838600159
38.4472723007,-83.9278640747,-154.9914970398
38.4947967529,-83.9278717041,-150.3810920715
38.3889684677,-80.3613777161,-159.6020622253
38.4364538193,-80.3613147736,-154.9913520813
38.4838142395,-80.3612995148,-150.3811569214
38.4149208069,-76.7742385864,-159.6013793945
38.4607706070,-76.7759609222,-154.9916992188
38.5085849762,-76.7756881714,-150.3814048767
43.1102361679,-84.5230827332,-159.1633415222
43.1463184357,-84.5230712891,-154.5704879761
43.1824235916,-84.5230636597,-149.9776268005
43.0991811752,-82.1449031830,-159.1646652222
43.1345462799,-82.1439800262,-154.5703811646
43.1709585190,-82.1446743011,-149.9771842957
43.0917739868,-79.7169246674,-159.1609992981
43.1339092255,-79.7228221893,-154.5702438354
43.1626405716,-79.7184066772,-149.9765510559
47.3213748932,-84.2293643951,-149.6255569458
47.2930431366,-84.2278575897,-154.2022209167
47.2664232254,-84.2298507690,-158.7810058594
46.6895713806,-81.2612133026,-149.6738662720
46.6438007355,-81.2586498260,-154.2538108826
46.6334419250,-81.2594585419,-158.8370666504
48.8898143768,-79.7252769470,-158.6377105713
55.6302137375,-79.7481994629,-157.9779777527
48.7745018005,-79.9962978363,-154.0684394836
48.9716835022,-79.7379131317,-149.4884757996
55.9130306244,-73.7619228363,-153.4679450989
56.0362024307,-79.7347030640,-148.8884544373
53.6440248489,-80.8993778229,-153.6147499084
47.1146488190,-77.6244583130,-149.6315536499
46.9435892105,-77.8894252777,-154.2237319946
47.0527639389,-77.6120109558,-158.7986335754
38.7460479736,-83.9278106689,-136.6125068665
38.7350664139,-80.3609943390,-136.6124305725
38.7603149414,-76.7751293182,-136.6126556396
38.6546020508,-83.9278526306,-141.1984443665
38.6438055038,-80.3611927032,-141.1981353760
38.6684064865,-76.7759017944,-141.1986389160
38.5631427765,-83.9278659821,-145.7843551636
38.5525417328,-80.3612976074,-145.7838058472
38.5776739120,-76.7757148743,-145.7847366333
43.3776016235,-84.5252513885,-136.2835693359
43.3750762939,-82.1495227814,-136.2828102112
43.4032850266,-79.7424354553,-136.2805900574
43.3037061691,-84.5230541229,-140.8427734375
43.2855443954,-82.1396369934,-140.8423461914
43.3098096848,-79.7351322174,-140.8422203064
43.2347040176,-84.5229988098,-145.4017143250
43.2193250656,-82.1421966553,-145.4010772705
43.2210741043,-79.7230968475,-145.4002532959
43.3969306946,-75.3656368256,-136.2744331360
41.2208871841,-69.4404048920,-136.4296607971
43.1559066772,-75.7498569489,-140.8528785706
43.1521682739,-75.3469772339,-145.4121017456
46.1071119308,-69.8261146545,-140.6459617615
40.5115041733,-69.8357791901,-141.0516891479
40.9738550186,-69.4246292114,-145.5904235840
47.5593805313,-84.3376674652,-135.9973945618
46.9507761002,-81.5026741028,-136.0367813110
47.6125164032,-77.9290485382,-135.9822807312
49.5196876526,-80.1017532349,-135.8733787537
47.4100646973,-84.3686389923,-140.5376396179
46.7371597290,-81.6456470490,-140.5836143494
47.2107715607,-78.4296760559,-140.5499916077
49.0406103134,-80.6538143158,-140.4349899292
47.3466835022,-84.2943344116,-145.0688934326
46.7011938095,-81.4470462799,-145.1215515137
47.2024469376,-77.8827095032,-145.0862426758
49.0482196808,-80.0587482452,-144.9573593140
43.5884819031,-75.2607040405,-131.7567672729
43.7298669815,-75.5518932343,-127.2710113525
44.2000942230,-75.2623348236,-122.7678585052
38.8790645599,-83.9277267456,-132.0488815308
39.0590133667,-83.9280986786,-127.5032234192
39.2500820160,-83.9322624207,-122.9573535919
38.8697643280,-80.3611526489,-132.0476760864
39.0580244064,-80.3646430969,-127.5024852753
39.2702817917,-80.3783626556,-122.9574298859
38.9029340744,-76.7780075073,-132.0483322144
39.1136751175,-76.7920494080,-127.5027122498
39.3537302017,-76.8148765564,-122.9604721069
43.5030612946,-84.5353622437,-131.7537994385
43.6936368942,-84.5591793060,-127.2553062439
43.9165401459,-84.5893726349,-122.7600727081
43.5260486603,-82.1704711914,-131.7519569397
43.7376070023,-82.1986236572,-127.2548313141
43.9853572845,-82.2243003845,-122.7611579895
43.5681247711,-79.7632961273,-131.7513465881
43.8111896515,-79.7929553986,-127.2579669952
44.0689191818,-79.7990627289,-122.7659683228
48.4452924728,-84.2871017456,-122.5623855591
48.0428609848,-84.3114528656,-127.0294647217
47.7767543793,-84.3088417053,-131.4890556335
47.8788204193,-81.2887821198,-122.6014842987
47.4999561310,-81.3396148682,-127.0693893433
47.2309179306,-81.3408851624,-131.5305747986
49.8951053619,-79.7648258209,-131.3925552368
57.0778675079,-79.7082061768,-130.7815666199
50.0498247147,-79.9562435150,-126.9599037170
50.6857995987,-79.6579036713,-122.4921379089
57.1630268097,-73.7592544556,-126.3480720520
57.3107175827,-79.7338047028,-121.8976745605
55.2619419098,-80.8342247009,-126.5366134644
48.5870857239,-77.6018486023,-122.5897312164
48.0735893250,-77.9105758667,-127.0612297058
47.9385824203,-77.6562538147,-131.5014038086
44.4021596909,-75.0916919708,-118.3723392487
44.5558223724,-75.1879177094,-114.0699939728
45.3787364960,-74.9642448425,-109.7704524994
39.5570383072,-83.9475669861,-118.4628582001
39.9916639328,-83.9756793976,-114.0207862854
40.4648370743,-84.0045566559,-109.5826606750
39.6060142517,-80.4049186707,-118.4642143250
40.0750617981,-80.4336833954,-114.0251617432
40.5850181580,-80.4456863403,-109.5866127014
39.7251987457,-76.8401718140,-118.4717121124
40.2334823608,-76.8525161743,-114.0332546234
40.8264083862,-76.7880439758,-109.5870742798
44.2278108597,-84.6207103729,-118.3686180115
44.6228647232,-84.6280269623,-114.0673828125
45.0702486038,-84.5727405548,-109.7627315521
44.2931861877,-82.2321701050,-118.3716449738
44.6862907410,-82.2004051208,-114.0650596619
45.1991167068,-82.1189956665,-109.7564792633
44.3551826477,-79.7728557587,-118.3799591064
44.7554426193,-79.6930370331,-114.0672569275
45.3286323547,-79.5914230347,-109.7541332245
48.5283765793,-84.8455505371,-118.2715015411
48.0413036346,-81.4670009613,-118.2920398712
48.5994930267,-77.3716411591,-118.2873153687
48.5729303360,-85.3416709900,-114.0911521912
48.1556882858,-81.6281547546,-114.0860042572
48.4114599228,-77.4424533844,-114.0996246338
49.2480907440,-84.6883602142,-109.9221134186
48.7073249817,-81.3634681702,-109.8913497925
49.1221733093,-77.3502407074,-109.9143848419
49.9306612015,-80.7500801086,-114.1070785522
51.7227735519,-79.4408187866,-114.1214885712
50.4571332932,-80.0766620636,-118.2306327820
50.8017234802,-80.1003723145,-109.9969635010
46.1192617416,-75.0753593445,-105.7033061981
46.6168880463,-75.3627967834,-101.8639163971
47.2550249100,-75.1359462738,-98.0642395020
41.1794223785,-84.0173435211,-105.2777481079
42.2023124695,-83.9611911774,-101.0829067230
43.2776498795,-83.8551349640,-96.8785533905
41.3724260330,-80.3999404907,-105.2689876556
42.4451551437,-80.2922039032,-101.0731964111
43.4933099747,-80.2127380371,-96.8740577698
41.6814012527,-76.6895351410,-105.2661533356
42.7412891388,-76.6148815155,-101.0781250000
43.7576570511,-76.5926342010,-96.8907775879
45.6729555130,-84.4785499573,-105.7066211700
46.3756732941,-84.3996982574,-101.8904438019
47.0134124756,-84.3863582611,-98.0710887909
45.8294849396,-82.0343971252,-105.7065143585
46.4896965027,-81.9956722260,-101.8920478821
47.0842304230,-82.0094356537,-98.0720005035
45.9773454666,-79.5540752411,-105.7112178802
46.6162672043,-79.5554771423,-101.9017620087
47.1695966721,-79.5658893585,-98.0892105103
50.3305568695,-84.1553688049,-99.1183700562
50.0051288605,-84.1189804077,-102.6068286896
49.7797517776,-84.1008319855,-106.1026916504
49.8549327850,-81.2017993927,-98.9769439697
49.5150623322,-81.1687946320,-102.5061225891
49.2209606171,-81.1456089020,-106.0495910645
51.4042634964,-79.6985931396,-106.2582683563
56.9641828537,-79.7486858368,-105.3747348785
51.3485717773,-79.9715557098,-102.8624782562
51.6231527328,-79.7344226837,-99.5247383118
56.4138240814,-73.7682933807,-101.6874389648
56.1826705933,-79.7467346191,-98.0506496429
55.1101884842,-80.8932266235,-102.1447677612
50.1585597992,-77.5813541412,-99.0950279236
49.8530101776,-77.8295269012,-102.5645122528
49.7075214386,-77.5427494049,-106.0839214325
55.1171388626,-78.6285610199,-93.5654468536
56.1717624664,-80.3773498535,-89.8527030945
53.3332290649,-82.1276302338,-86.9111080170
54.0222940445,-75.0091800690,-86.8563728333
55.6249666214,-83.6555614471,-85.1281661987
55.0979604721,-79.5161228180,-83.6917819977
55.5520105362,-76.2199115753,-85.1431865692
54.6568355560,-81.2447853088,-85.6323642731
57.9426794052,-79.9480609894,-88.5403099060
51.7443275452,-76.2132873535,-83.4506759644
51.5904178619,-79.5122528076,-82.9265651703
51.7423686981,-83.6606483459,-83.3670120239
52.1418132782,-81.2484550476,-84.8347930908
51.9608058929,-80.3874340057,-90.6552677155
50.3893013000,-82.1075687408,-89.1777439117
50.4868993759,-75.0340785980,-89.1846618652
48.6689023972,-76.4102344513,-87.5998420715
48.1942710876,-79.7674732208,-87.4306716919
48.3973913193,-83.6646595001,-87.5222492218
49.2153654099,-81.4879245758,-88.3189182281
48.2644958496,-74.9591484070,-93.7116260529
45.6230907440,-76.5760974884,-92.4359035492
45.1715879440,-80.0711326599,-92.4144783020
45.1960353851,-83.7092857361,-92.3895645142
47.8779516220,-79.5245704651,-94.1022682190
47.6681880951,-81.8533592224,-94.3905410767
47.8060665131,-84.3186874390,-94.0233840942
48.3348522186,-81.8697338104,-91.9550876617
50.2217187881,-77.3799819946,-95.4345703125
49.9555931091,-81.2645988464,-95.8928375244
50.3541383743,-84.2041492462,-95.3958835602
50.1691951752,-80.8433513641,-93.4566574097
51.4553833008,-79.5503768921,-95.8526134491
57.4470291138,-80.3641967773,-163.4394531250
57.5165433884,-73.8286247253,-169.1977615356
61.7969694138,-81.9155082703,-165.3373985291
60.9317789078,-83.4732532501,-169.1669006348
61.6512298584,-81.3290805817,-172.2379760742
63.9578857422,-80.8187923431,-167.2058143616
61.8597307205,-77.5306377411,-168.9491539001
57.2028427124,-83.0136489868,-168.0057449341
57.1924533844,-83.8970165253,-170.3546943665
57.2186632156,-81.8401451111,-173.2532691956
57.2516660690,-79.1418418884,-170.8908500671
52.4516096115,-80.9905986786,-165.7157287598
52.3126029968,-81.6415519714,-169.2217369080
52.5176858902,-80.3824386597,-172.8899650574
52.3946685791,-75.6830863953,-169.4729995728
61.9769315720,-82.2890396118,-180.3465728760
62.1860218048,-80.7567996979,-175.9932098389
62.1802167892,-75.4403228760,-180.6274337769
61.9825048447,-76.2639484406,-185.4406318665
61.9519672394,-79.4974899292,-185.9850502014
61.9405059814,-83.6387462616,-185.3859481812
61.9509372711,-81.3150005341,-183.7174415588
57.2432441711,-82.4141883850,-180.9599304199
57.2211341858,-81.1538543701,-176.9166831970
57.2404451370,-75.8924179077,-181.5461578369
57.1265115738,-76.5275058746,-185.8232460022
56.9810743332,-79.7883777618,-186.2210350037
57.1040210724,-83.7041606903,-185.7467155457
57.0150012970,-81.6466808319,-183.9475708008
52.3740692139,-74.2683181763,-181.6518859863
51.5987482071,-76.3393630981,-177.6327781677
50.8721933365,-80.0089321136,-177.7932548523
51.7450466156,-83.8190345764,-177.1637077332
51.7043972015,-79.3305282593,-175.6006622314
53.5913391113,-80.9130611420,-177.6306533813
52.0115261078,-83.9696674347,-181.4277572632
54.0198640823,-81.8698520660,-181.4868316650
51.4316053391,-80.5806808472,-181.6880722046
51.7024717331,-77.7169589996,-181.6301460266
52.2569713593,-75.7834320068,-186.0183372498
52.1635665894,-79.6233024597,-186.1531791687
52.3518238068,-83.6522655487,-185.9707603455
68.4709796906,-82.1067314148,-179.5719604492
70.9009552002,-80.3213310242,-174.7893486023
70.9103507996,-74.9498634338,-179.3843879700
76.5164489746,-80.3093433380,-178.7752838135
69.2399559021,-76.1957569122,-184.6847152710
67.7260112762,-79.5080757141,-185.3706626892
68.7876987457,-83.6324710846,-184.6480560303
67.7592620850,-81.2697257996,-183.0368919373
73.7960700989,-79.8993415833,-184.2023429871
75.3222427368,-78.5876026154,-206.3231506348
72.7784614563,-80.3344879150,-202.6353111267
68.7614135742,-82.0923385620,-203.6643905640
69.2582798004,-74.9653549194,-203.0334701538
69.2916297913,-83.6167831421,-200.8402442932
68.0789985657,-79.4849758148,-200.6754455566
69.3341636658,-76.1836395264,-200.9289703369
68.9429283142,-81.2126388550,-201.9084243774
73.1283531189,-79.9163055420,-200.4037818909
65.4559001923,-76.1833019257,-203.2906951904
65.0199832916,-79.4781017303,-203.1232261658
65.3959579468,-83.6277008057,-203.2244567871
66.5739994049,-81.2163619995,-203.6152038574
70.3137187958,-80.3543090820,-206.9311218262
67.9347972870,-82.1083221436,-207.1812324524
67.9575119019,-74.9980239868,-207.1761054993
65.2665596008,-76.1951484680,-207.4529724121
64.8229064941,-79.4810562134,-207.4885253906
65.1551055908,-83.6226978302,-207.4542884827
66.1872138977,-81.2131881714,-207.3530540466
73.2537479401,-79.7544250488,-211.4096603394
69.6844749451,-80.9339122772,-212.1470031738
69.7327327728,-73.7984046936,-212.1182670593
65.6783218384,-75.5918254852,-212.2920379639
65.1529541016,-79.4681396484,-212.0731506348
65.6384792328,-83.6255397797,-212.0078277588
67.0278034210,-80.6281909943,-212.1466026306
75.8706531525,-79.4889068604,-220.2992172241
76.0407752991,-79.3689174652,-215.8913650513
76.1492633820,-83.4036502838,-225.1710319519
76.1179409027,-78.7749576569,-225.8092117310
76.0599117279,-74.3453235626,-225.3117828369
75.9774665833,-79.1858386993,-223.6349716187
71.4915256500,-79.1578884125,-221.0243949890
71.4296436310,-79.5608558655,-216.9067382812
71.3471488953,-74.0955734253,-225.8201904297
71.1857089996,-78.7015151978,-226.1488380432
71.3447761536,-83.3688602448,-225.5660705566
71.2419414520,-78.8943958282,-223.9637374878
66.0914325714,-74.6611709595,-217.1002159119
65.4897460938,-79.1125984192,-216.7289848328
66.1071414948,-83.5136680603,-216.5877304077
67.8533020020,-79.6032238007,-216.9313354492
66.3118648529,-83.3840923309,-221.2842254639
68.2606658936,-79.0393867493,-221.5588455200
65.8514308929,-78.7506160736,-221.6291236877
66.3059253693,-74.2261142731,-221.6418724060
66.6227798462,-73.9628505707,-225.9510688782
66.4671001434,-78.6504821777,-226.0606613159
81.8546657562,-80.9673690796,-219.2999496460
84.3425292969,-79.7487030029,-214.5047645569
84.3133087158,-73.7884483337,-219.1042671204
90.0434780121,-80.3676605225,-218.4139595032
82.7356643677,-75.3247642517,-224.3846054077
81.5930805206,-79.0416202545,-225.1008911133
82.7199249268,-83.4721584320,-224.3508110046
81.4394130707,-80.2369575500,-222.8057518005
87.1773147583,-79.7926998138,-223.8464164734
85.4773597717,-73.9542293549,-252.1352806091
85.1020145416,-75.3204174042,-248.2460784912
85.3244705200,-75.1589889526,-244.6234626770
84.1406631470,-76.2946815491,-241.9615058899
82.7138938904,-79.7576026917,-240.9455718994
84.2424888611,-84.3979396820,-240.6437377930
88.0136756897,-80.3394794464,-240.8166046143
84.4558124542,-82.1243038177,-242.9772224426
89.9324207306,-81.3202857971,-243.1501159668
89.5489921570,-81.6053199768,-247.1372261047
90.1187095642,-80.3145446777,-251.0896415710
92.1072330475,-79.5115184784,-245.7077522278
85.6105060577,-83.1208248138,-245.4602355957
85.6769199371,-82.7395343781,-248.5245399475
85.7500610352,-81.1542758942,-252.1804084778
80.4218997955,-83.7681407928,-251.6725234985
79.7825241089,-79.5124416351,-251.8061294556
80.3801879883,-75.6122417450,-252.2220497131
82.1877689362,-80.8014049530,-252.1441917419
80.3838214874,-84.0358390808,-247.4495353699
79.7582454681,-79.6219062805,-247.6190414429
80.3655300140,-76.2448616028,-248.1645126343
82.1619987488,-81.6965770721,-248.4268074036
80.3487491608,-84.2931976318,-243.2501525879
79.7467212677,-79.7184505463,-243.4298133850
80.3856105804,-76.2739677429,-244.3683776855
82.1606655121,-81.9879608154,-245.0152473450
90.1968498230,-79.4887332916,-259.7177963257
90.4126739502,-79.3580989838,-255.3269844055
90.4878177643,-83.4038238525,-264.5497436523
90.4626502991,-78.7751922607,-265.1862411499
90.4016971588,-74.3446063995,-264.6919555664
90.3154144287,-79.1860275269,-263.0293807983
85.8140525818,-79.1578636169,-260.4807205200
85.7437400818,-79.5585384369,-256.4016532898
85.6873989105,-74.0956249237,-265.2418289185
85.5277347565,-78.7016944885,-265.5712203979
85.6842384338,-83.3689498901,-264.9898529053
85.5759429932,-78.8944988251,-263.4015731812
80.3987655640,-74.6645488739,-256.6417160034
79.7981128693,-79.1129932404,-256.2775344849
82.1635856628,-79.6061820984,-256.4588966370
82.5820693970,-79.0394248962,-261.0440979004
80.6249675751,-74.2262725830,-261.1457443237
80.9589996338,-73.9629325867,-265.4170837402
96.1392612457,-80.9599399567,-258.6865882874
98.4764461517,-79.7277431488,-253.8926353455
98.3773155212,-73.7795925140,-258.4663772583
104.2067527771,-80.3367404938,-257.7638587952
97.0228977203,-75.3112277985,-263.7163238525
95.9250812531,-79.0422344208,-264.4452209473
97.0598297119,-83.4739227295,-263.6954345703
95.7622165680,-80.2343769073,-262.1690368652
101.4766044617,-79.7708396912,-263.1619186401
100.0826873779,-75.1595878601,-310.8202514648
102.7000904083,-80.3380851746,-307.0749816895
104.6301136017,-81.3169879913,-309.3556976318
104.3072605133,-81.6046257019,-313.2751235962
104.9130706787,-80.9184188843,-316.8703689575
106.7935695648,-79.5042381287,-311.8653182983
112.9605197906,-79.8312644958,-328.8782958984
112.7898311615,-73.9538154602,-324.4272918701
112.8786296844,-79.8243789673,-319.9407653809
110.9716339111,-81.0979423523,-324.6220474243
105.2654781342,-80.7224349976,-320.8215179443
-7.9481856823,-82.7645072937,-31.4938211441
-5.5606743097,-83.1533126831,-32.0545077324
-11.0429396629,-77.0790252686,-30.7160315514
-8.3800808191,-77.6792125702,-31.3654737473
-5.7170630693,-78.2729034424,-32.0031828880
-11.0554251671,-73.3009948730,-30.7042026520
-8.3878835440,-73.5099735260,-31.3687109947
-5.7199546099,-73.7083053589,-32.0089912415
-5.8359608650,-82.9601364136,-34.4618787766
-6.1497445107,-77.9764118195,-34.4504451752
-8.8047083616,-73.2126464844,-34.1449413300
-6.1559729576,-73.6093883514,-34.4496459961
-6.6255153418,-73.7281570435,-36.9096794128
39.0422716141,-74.0829105377,-32.1236128807
39.3981218338,-79.2769393921,-32.6550469398
40.3053989410,-84.4070034027,-32.9493603706
33.3633904457,-73.9682540894,-23.9066443443
33.4787945747,-79.0229587555,-24.0131020546
33.7375078201,-84.0509414673,-23.9978075027
35.7646484375,-74.1134376526,-25.6615195274
36.3544435501,-79.5175304413,-26.0148096085
37.0766887665,-84.8998641968,-26.0419211388
38.6088771820,-84.4443588257,-24.3824090958
37.9391279221,-79.3022403717,-24.6972336769
37.9989480972,-74.0380573273,-24.4239573479
39.1714315414,-74.1206150055,-26.8994550705
39.6554908752,-79.4847354889,-27.4061527252
40.7365875244,-84.7614765167,-27.4619946480
31.4715747833,-73.9196910858,-26.6975693703
31.6926898956,-78.8130073547,-26.8415827751
31.9073500633,-83.7072639465,-26.9874625206
33.5535864830,-74.0539474487,-28.1714429855
34.2029018402,-79.2080173492,-28.6013011932
34.8428535461,-84.3657779694,-29.0344634056
35.6937370300,-74.1871433258,-29.6413593292
36.7160310745,-79.5988349915,-30.3510408401
37.7640247345,-85.0343360901,-31.0766468048
30.0989007950,-73.8888835907,-30.3041472435
30.2065382004,-78.7143020630,-30.3896164894
30.2811346054,-83.5157966614,-30.4865703583
32.7589273453,-73.9557914734,-32.9373226166
33.0824165344,-78.9127731323,-33.1881742477
33.3845281601,-83.8681144714,-33.4478855133
35.4768047333,-74.0208492279,-35.5517234802
35.9632520676,-79.1055335999,-35.9810829163
36.4662733078,-84.2016963959,-36.4108653069
37.6499795914,-75.5358829498,-21.6684393883
37.0495805740,-79.3748435974,-22.1009440422
38.3572587967,-83.7217559814,-21.9146609306
37.0407695770,-80.5813903809,-19.7553081512
-16.3531627655,-83.3470191956,-24.4988923073
-16.1197607517,-78.5630378723,-24.1527967453
-23.8837842941,-78.5688667297,-17.5580570698
-18.3008925915,-83.3337173462,-18.5919425488
-18.1186490059,-78.5676956177,-18.2426471710
-14.3667595387,-83.3384475708,-18.7740457058
-14.3513932228,-78.5676155090,-18.7686231136
-11.9833037853,-83.3568820953,-20.6257710457
-11.9258530140,-78.5584239960,-20.6210465431
-9.9024229050,-83.3600864410,-19.4311437607
-9.8385387659,-78.5614376068,-19.4254264832
-10.7444710732,-83.3799228668,-22.6790614128
-10.6560077667,-78.5570354462,-22.6779122353
-12.1858327389,-83.3612003326,-24.8772549629
-12.1005580425,-78.5571746826,-24.8881826401
24.5917873383,-74.0238895416,-16.9379382133
24.6095738411,-78.7197723389,-16.8919048309
24.6273860931,-83.4154739380,-16.8488829136
24.9736218452,-74.3541831970,-14.1194164753
25.0088520050,-78.9175243378,-13.9859974384
25.0433578491,-83.4811458588,-13.8527626991
25.3564138412,-74.6840209961,-11.2988858223
25.4079146385,-79.1153736115,-11.0798115730
25.4592442513,-83.5466709137,-10.8595561981
28.1169571877,-74.1858043671,-18.2032814026
28.1416440010,-78.8154659271,-18.1144480705
28.1663112640,-83.4451503754,-18.0255475044
28.7306160927,-74.8464832306,-15.4511637688
28.7952237129,-79.2113628387,-15.1843163967
28.8592176437,-83.5764865875,-14.9179587364
29.3432412148,-75.5108070374,-12.7150208950
29.4483361244,-79.6069412231,-12.2536778450
29.5519423485,-83.7078208923,-11.8101954460
31.5296740532,-74.4862518311,-19.2698326111
31.3531618118,-78.9769020081,-19.3343386650
31.6293449402,-83.4911365509,-19.1695284843
31.9703378677,-75.2960414886,-16.1196777821
31.7024750710,-79.4241256714,-16.0813307762
32.2987546921,-83.6418952942,-15.8774912357
33.5585098267,-79.7284812927,-16.3134505749
32.4844245911,-79.5124378204,-12.6940460205
33.1994538307,-83.6739692688,-12.4930818081
29.9463825226,-73.1670074463,-9.0061542988
27.1738867760,-83.9084205627,-1.5594629645
27.1572256088,-80.2062568665,-1.6043226719
27.1479620934,-76.5008926392,-1.6491456628
26.5755662918,-83.7768306732,-4.6784291863
26.5387840271,-79.8101196289,-4.8120128512
26.5097923279,-75.8436241150,-4.9437459707
25.9772129059,-83.6452445984,-7.7974123955
25.9232234955,-79.4123344421,-8.0192486048
25.8700962067,-75.1825733185,-8.2377140522
31.7865061760,-84.4387054443,-1.7041333020
31.7346444130,-81.7859725952,-1.7814727426
31.0202407837,-84.1801509857,-5.1241408587
30.9053478241,-80.9916915894,-5.3729828596
30.2697339058,-83.9104671478,-8.5481623411
30.1436629295,-80.1997547150,-8.9855530262
30.0393872261,-76.4950485229,-9.4432144165
33.9211301804,-84.2932701111,-9.0657085180
34.5295982361,-85.0482635498,-5.4075012207
42.8925027847,-69.3606376648,-63.2000484467
41.0562753677,-65.2236843109,-61.9298400879
42.8381462097,-61.9772520065,-63.1614875793
42.8581657410,-67.0052547455,-66.5683832169
47.9056529999,-65.6667242050,-63.5738716125
43.9869089127,-60.9069890976,-66.7728357315
43.0944662094,-61.0549602509,-71.3888683319
42.9187412262,-59.7407560349,-75.9964866638
39.4606637955,-66.9882125854,-68.1220388412
38.8928623199,-66.9583358765,-71.8043823242
37.3900928497,-69.3415012360,-65.1433258057
36.5620298386,-69.2629852295,-69.8511905670
36.7533502579,-65.2061634064,-64.1589307785
35.9124946594,-65.1469478607,-69.2059383392
37.4595203400,-61.9501924515,-65.1446523666
36.7347841263,-61.9284057617,-69.8545742035
43.2349195480,-66.7215671539,-76.7526416779
43.6320180893,-67.8808574677,-73.5253620148
43.9610719681,-67.8920059204,-70.4497280121
49.0612716675,-65.6701717377,-77.0639572144
48.6659345627,-66.4096431732,-72.6642456055
49.8481664658,-66.2642841339,-67.7235393524
52.1269025803,-64.6204795837,-70.7347869873
42.9249992371,-59.7540912628,-178.5627517700
42.7780704498,-64.9484109879,-178.0283012390
42.9788246155,-70.0724391937,-177.0330657959
43.0200614929,-59.7241163254,-185.3058319092
43.0239143372,-64.8804597855,-184.5289649963
43.0148735046,-59.8588342667,-182.7150039673
43.0286931992,-65.2756290436,-181.4534530640
43.0337200165,-70.7041797638,-180.1774177551
47.4783229828,-69.7301330566,-186.6901054382
47.3276596069,-64.7012100220,-186.9254493713
47.3097467422,-59.6509647369,-187.1323318481
47.0563163757,-70.5790500641,-182.7434654236
46.7601413727,-65.1989841461,-183.4303932190
46.7472105026,-59.8013954163,-184.1391754150
49.0394678116,-59.7286119461,-182.5223197937
48.8922977448,-64.9807567596,-182.4352188110
49.4174499512,-70.1203689575,-181.9052734375
47.3377819061,-70.4314327240,-178.7341918945
46.9585294724,-65.1596612930,-179.7924919128
47.1097507477,-59.8026180267,-180.4260635376
49.7754516602,-66.7341356277,-89.0637321472
54.3533020020,-65.5206489563,-86.7428226471
50.8254117966,-59.5563068390,-90.1138076782
54.9761266708,-66.1431922913,-93.5555648804
46.5883560181,-61.2265033722,-93.4746665955
45.6124334335,-65.0098123550,-93.4137096405
47.0894279480,-69.3088359833,-93.5218830109
47.0945920944,-66.2257299423,-91.3336143494
49.9994859695,-65.6802158356,-95.2252826691
57.2487382889,-68.4676818848,-183.0049858093
62.4643745422,-66.3806142807,-181.3568115234
57.4716472626,-66.6756668091,-176.0833969116
57.4031229019,-60.7151508331,-182.3863792419
51.9048795700,-69.7183914185,-182.7199211121
51.1002721786,-65.3210439682,-183.7486190796
51.8635663986,-61.9572105408,-183.3416175842
53.7163515091,-67.3255100250,-184.2338676453
51.7690839767,-66.0546655655,-177.9277153015
57.1457433701,-61.0837020874,-189.8861465454
56.9458703995,-61.4648818970,-194.5481796265
57.1207237244,-59.9079332352,-199.3665390015
69.9338455200,-65.5632457733,-197.7059745789
70.2490415573,-59.6834688187,-193.1458587646
70.5998668671,-65.5252523422,-188.6034965515
67.9725694656,-66.8316354752,-193.3874053955
61.9160327911,-66.4555606842,-189.4086151123
61.6854486465,-66.8221702576,-194.0289001465
61.8389234543,-65.8377952576,-198.7486686707
57.2242717743,-67.8597354889,-189.9155654907
57.2120237350,-67.8550567627,-194.5274162292
57.2582702637,-66.6527042389,-199.4113845825
52.0975160599,-69.2609519958,-199.8221168518
51.6386642456,-64.9825983047,-200.1348075867
52.0758419037,-61.1986522675,-200.0169487000
54.0392122269,-66.1638050079,-199.9752464294
51.9060306549,-69.3410491943,-195.1180534363
51.3213176727,-65.1736307144,-195.1859550476
51.9033308029,-61.9072237015,-195.1176490784
53.6802034378,-66.9504947662,-194.9233169556
51.9681224823,-69.3485317230,-190.4849777222
51.3520545959,-65.1773481369,-190.5494995117
51.9414291382,-61.8970136642,-190.4567947388
53.6982126236,-66.9523925781,-190.3066101074
52.1353235245,-64.6367197037,-204.6892662048
52.2293329239,-60.1647157669,-204.6177597046
56.9928226471,-69.2993297577,-204.1970176697
56.5652894974,-65.0912981033,-204.8521842957
56.5628509521,-60.9476203918,-204.7167320251
56.8980607986,-65.3781404495,-202.7883262634
61.7133731842,-69.3571376801,-203.8302421570
61.2175111771,-65.1925401688,-204.5212135315
60.9961242676,-60.9023132324,-204.0876388550
61.7296180725,-64.9807596207,-202.2854843140
52.2098035812,-59.8381843567,-208.9310951233
56.2795104980,-60.4928541183,-208.4755249023
56.6476497650,-64.8803148270,-208.4237976074
57.0416707993,-69.2453975677,-208.3791923523
60.3195323944,-61.1681632996,-208.0161170959
60.9797029495,-65.2814569473,-207.9346656799
61.6481962204,-69.3912715912,-207.8583679199
56.7686500549,-60.0063266754,-213.0238075256
56.9496936798,-64.5827064514,-213.0010757446
57.1467103958,-69.1462039948,-212.9787712097
61.1582155228,-60.3403844833,-212.5259704590
61.4770555496,-64.7871437073,-212.4853858948
61.8150777817,-69.2195377350,-212.4388046265
40.9205627441,-60.2541770935,-91.3120918274
40.9552907944,-64.6393051147,-91.4318141937
41.5077943802,-69.0590953827,-91.4146900177
36.0065660477,-59.8182287216,-90.5949535370
36.1048593521,-64.3888492584,-90.6294631958
36.1446185112,-68.9984130859,-90.6630249023
30.6963438988,-59.6508798599,-89.9684772491
30.5971469879,-64.3994407654,-89.9835929871
30.5019440651,-69.1374588013,-89.9963607788
42.7651720047,-61.1595020294,-86.2151603699
42.9137182236,-65.2112808228,-86.3471145630
44.2653417587,-69.3511066437,-86.4380683899
45.6562833786,-65.4378652573,-86.7430191040
38.1695518494,-60.4153394699,-85.4713954926
38.5602064133,-64.7524337769,-85.5418910980
38.9373025894,-69.0926570892,-85.6093673706
32.7960410118,-59.6887130737,-84.7601757050
32.7388477325,-64.3725223541,-84.7828540802
32.6925573349,-69.0508956909,-84.8059520721
45.8804950714,-60.9804286957,-82.0426521301
45.1045885086,-65.2351922989,-82.5166263580
46.8328447342,-69.3942909241,-82.0539188385
47.8209276199,-65.0889816284,-80.3569164276
48.6134042740,-65.0781831741,-82.3138504028
40.7312059402,-61.0170707703,-81.2476806641
40.5934724808,-65.0784597397,-81.5244331360
41.3240337372,-69.2682189941,-81.0160064697
42.1187467575,-65.4415454865,-79.2423744202
35.9506340027,-69.1326904297,-74.7346725464
36.1469535828,-61.1931133270,-74.8394012451
35.4165916443,-64.9014625549,-74.7091884613
38.7057523727,-66.1490850449,-75.9917793274
34.9215412140,-60.0607881546,-79.8264846802
34.6247153282,-64.4903669357,-79.9412250519
34.8010630608,-69.0023841858,-79.7379455566
69.3016490936,-59.4929523468,-206.9793090820
75.6799373627,-66.0731658936,-206.3561668396
67.5318040848,-61.6092538834,-203.1837425232
65.9078130722,-65.6552820206,-203.9251174927
67.9512939453,-69.5100936890,-203.1317100525
69.2403135300,-64.7667169571,-201.2121963501
72.0913162231,-66.0983285904,-202.7740135193
65.8323116302,-63.0692691803,-207.4202461243
65.2243204117,-66.0783720016,-207.4744071960
66.7423629761,-69.6592273712,-207.2997016907
69.4900512695,-67.2552242279,-207.0293655396
67.7804031372,-61.3004045486,-211.7466926575
66.5526838303,-65.1980428696,-211.9100494385
68.2259454727,-69.3507862091,-211.6816635132
72.3987045288,-65.7838983536,-211.2104492188
71.2139663696,-59.6594963074,-226.3839721680
70.8394947052,-61.0160427094,-222.4640884399
71.1069164276,-60.8568830490,-218.8287086487
69.9312133789,-61.9918832779,-216.1494407654
68.4682655334,-65.4823322296,-215.1314773560
69.9958095551,-70.1251850128,-214.8323059082
73.9025287628,-66.0672550201,-215.0319442749
70.2103691101,-67.8400745392,-217.1732368469
75.8473415375,-67.0274839401,-217.3847770691
75.3500022888,-67.3032970428,-221.3930549622
75.8773193359,-66.0245637894,-225.3788757324
78.1264514923,-65.1979942322,-219.9835891724
71.3544940948,-68.8374919891,-219.6807708740
71.4165248871,-68.4537601471,-222.7694892883
71.4841556549,-66.8685655594,-226.4484481812
66.1668815613,-69.4823741913,-225.8975334167
65.5279502869,-65.2266893387,-226.0268173218
66.1233272552,-61.3241672516,-226.4426078796
67.9284439087,-66.5156641006,-226.3853683472
66.1386203766,-69.7501144409,-221.6488647461
65.5133037567,-65.3362178802,-221.8144340515
66.1180686951,-61.9562349319,-222.3606529236
67.9110145569,-67.4108791351,-222.6453628540
66.1148090363,-70.0048847198,-217.4206848145
65.5115470886,-65.4326229095,-217.6000022888
66.1530933380,-61.9813203812,-218.5456314087
67.9189796448,-67.7012443542,-219.2091751099
75.9095764160,-65.2031955719,-234.0671310425
76.1449527740,-65.0730028152,-229.6521377563
76.1919002533,-69.1180019379,-238.9304695129
76.1612548828,-64.4893693924,-239.5678825378
76.1014537811,-60.0589227676,-239.0711975098
76.0191326141,-64.9003438950,-237.3974113464
71.5300979614,-64.8722476959,-234.8030929565
71.4691085815,-65.2729530334,-230.6959495544
71.3914203644,-59.8099126816,-239.5922317505
71.2304649353,-64.4158391953,-239.9210510254
71.3887500763,-69.0831813812,-239.3384399414
71.2842502594,-64.6087198257,-237.7389907837
66.1313514709,-60.3787460327,-230.8980941772
65.5323390961,-64.8271999359,-230.5270881653
66.1418991089,-69.2280693054,-230.3901252747
67.8939895630,-65.3204307556,-230.7272300720
68.3000545502,-64.7536811829,-235.3456611633
65.8912124634,-64.4648876190,-235.4224891663
66.3453807831,-59.9404764175,-235.4338340759
66.6679325104,-59.6771783829,-239.7360839844
81.8748130798,-66.6772699356,-233.0575523376
84.3746528625,-65.4410409927,-228.2601509094
84.2120151520,-59.4980907440,-232.8593254089
90.0224933624,-66.0689353943,-232.1569519043
82.7391433716,-61.0280561447,-238.1235198975
81.6281909943,-64.7555189133,-238.8473167419
82.7599887848,-69.1865692139,-238.0950927734
81.4711322784,-65.9501304626,-236.5565261841
87.2089939117,-65.4895229340,-237.5795288086
85.5546436310,-59.6685533524,-265.8187866211
85.1726646423,-61.0347194672,-261.9383621216
85.3870620728,-60.8733577728,-258.3214225769
84.2008247375,-62.0094289780,-255.6682395935
82.7749156952,-65.4719028473,-254.6577644348
84.3022537231,-70.1122398376,-254.3520469666
88.0694026947,-66.0540246964,-254.5153465271
84.5190010071,-67.8385601044,-256.6809349060
89.9876289368,-67.0337839127,-256.8391036987
89.6117362976,-67.3185796738,-260.8203964233
90.1893291473,-66.0285358429,-264.7651138306
92.1561050415,-65.2205429077,-259.3852157593
85.6766529083,-68.8351173401,-259.1556968689
85.7480239868,-68.4539031982,-262.2142562866
85.8274421692,-66.8686304092,-265.8630676270
82.2675781250,-66.5157184601,-265.8346023560
82.2356319427,-67.4108829498,-262.1250762939
82.2287998199,-67.7022762299,-258.7206344604
80.4614906311,-61.3265190125,-265.9161071777
80.4399948120,-61.9591226578,-261.8676834106
80.4538097382,-61.9882574081,-258.0797348022
79.8633670807,-65.2267627716,-265.5025634766
79.8322792053,-65.3362178802,-261.3247528076
79.8140010834,-65.4327602386,-257.1446914673
80.5020866394,-69.4824504852,-265.3677520752
80.4571666718,-69.7501525879,-261.1538619995
80.4153060913,-70.0075283051,-256.9636497498
90.2867069244,-65.2029876709,-273.3688354492
90.4923477173,-65.0723066330,-268.9914016724
90.5886230469,-69.1182632446,-278.1857147217
90.5649127960,-64.4897012711,-278.8204574585
90.5028038025,-60.0589418411,-278.3271331787
90.4127426147,-64.9003829956,-276.6705398560
85.9100608826,-64.8721599579,-274.1405563354
85.8298912048,-65.2728338242,-270.0739898682
85.7948970795,-59.8099775314,-278.8890228271
85.6360778809,-64.4160680771,-279.2185134888
85.7911262512,-69.0832805634,-278.6378555298
85.6791858673,-64.6088399887,-277.0545043945
80.4895534515,-60.3788576126,-270.3250503540
82.2525177002,-65.3204994202,-270.1389465332
82.6821804047,-64.7537403107,-274.7110137939
80.7271003723,-59.9406061172,-274.8172531128
96.2101745605,-66.6742382050,-272.3281097412
98.4673194885,-65.4459972382,-267.5405654907
98.3551216125,-59.5005989075,-272.1020050049
104.2257404327,-66.0506124496,-271.3979034424
97.0986766815,-61.0248098373,-277.3375396729
96.0171928406,-64.7566461563,-278.0709228516
97.1555519104,-69.1865386963,-277.3235549927
95.8490524292,-65.9484949112,-275.8009414673
101.5424785614,-65.4785614014,-276.7823104858
105.7742328644,-66.7975549698,-325.2195053101
102.6398162842,-66.3096027374,-321.1573944092
102.8065052032,-66.3196811676,-330.0281066895
-13.5041151047,-59.2367258072,-29.8818998337
-13.0618088245,-63.3819007874,-30.0428161621
-13.4561879635,-67.2729930878,-29.5425767899
-14.5836381912,-62.2424697876,-28.9945869446
23.8901171684,-69.2340278625,-19.6105027199
23.8231658936,-64.7458515167,-19.6231536865
23.7630429268,-60.2519969940,-19.6201338768
27.1097741127,-69.4004383087,-20.9373703003
26.9369802475,-65.2517595291,-20.9455819130
26.7429637909,-61.0969362259,-21.0095934868
30.3021445274,-69.3899955750,-22.2606992722
29.8176059723,-65.2073860168,-22.2480206490
29.7855358124,-60.9353761673,-22.0975127220
22.7855734825,-59.9060506821,-21.9907422066
22.8729038239,-64.5356369019,-22.0333843231
22.9597249031,-69.1648101807,-22.0767202377
25.3432354927,-60.5650768280,-23.3229012489
25.5951943398,-64.9298324585,-23.4513998032
25.8472390175,-69.2946453094,-23.5800514221
27.8887405396,-61.2287006378,-24.6501903534
28.3149743080,-65.3255977631,-24.8698573112
28.7342300415,-69.4242172241,-25.0839862823
21.9613947868,-59.7417116165,-24.5431084633
22.0059142113,-64.4316110611,-24.5643172264
22.0351309776,-69.1040401459,-24.5938487053
24.4291977882,-60.0706129074,-26.1939239502
24.5575418472,-64.6339588165,-26.2579894066
24.6836166382,-69.1947288513,-26.3231544495
26.8925647736,-60.3995914459,-27.8483071327
27.1008830070,-64.8311519623,-27.9555177689
27.3118338585,-69.2610683441,-28.0633444786
38.6949090958,-69.7679100037,-32.0836725235
38.3780889511,-66.2563133240,-32.4108514786
38.6527080536,-62.4991369247,-32.2958621979
37.1883897781,-60.3808193207,-31.1623368263
33.9011001587,-59.8082971573,-29.0795326233
31.0777831078,-58.8791580200,-26.7149477005
38.5876884460,-69.8294506073,-26.9398236275
38.0630531311,-66.4853324890,-27.4423880577
35.1029462814,-69.7113723755,-25.6443347931
34.6313829422,-66.2364482880,-25.9329075813
35.0283861160,-62.2593069077,-25.7752799988
36.3530845642,-65.2994079590,-25.2481203079
32.8511381149,-69.4805717468,-23.9618787766
32.2144904137,-65.4948177338,-24.0669159889
32.4082093239,-61.2186985016,-23.7623910904
33.6642408371,-64.7937936783,-22.9726986885
35.1277017593,-70.1564998627,-29.2967262268
35.0157556534,-67.4577178955,-29.3734107018
34.9686040878,-64.6943416595,-29.4283490181
33.0931100845,-69.8949470520,-27.9108467102
32.8184738159,-66.7009506226,-27.8666739464
32.6121072769,-63.4868612289,-27.7859454155
31.1454219818,-69.6232719421,-26.5260744095
30.7125253677,-65.9150199890,-26.3418707848
30.3010840416,-62.2067251205,-26.1321477890
35.1993808746,-69.6270046234,-35.3340268135
35.1475744247,-65.9147825241,-35.3190350533
35.1711397171,-62.1679067612,-35.2471590042
32.5213956833,-69.4978027344,-32.7871437073
32.3816127777,-65.5363082886,-32.7344803810
32.3055768013,-61.5546102524,-32.6473674774
29.9328579903,-69.3605918884,-30.2109508514
29.7124485970,-65.1322755814,-30.1103186607
29.5134162903,-60.8973283768,-30.0015368462
-24.0986299515,-66.6517105103,-14.7432370186
-22.6896171570,-63.3898305893,-14.0933539867
-24.1049809456,-59.2475261688,-14.7272212505
-23.2385845184,-61.6211471558,-16.4681837559
-18.4956233501,-73.4990406036,-19.1345598698
-14.8076243401,-73.2037773132,-19.7595970631
-16.7083811760,-73.1996364594,-25.4918708801
-18.9913349152,-60.5738477707,-20.3845906258
-18.9130866528,-67.4139165878,-20.1484837532
-17.4163269997,-66.6029386520,-15.4099576473
-17.2459170818,-63.3617620468,-14.8699400425
-17.4344668388,-59.2158746719,-15.4378871918
-17.9448144436,-61.5473937988,-17.0760655403
-16.5422198772,-62.2397928238,-25.1082630157
-15.2256462574,-61.5482902527,-21.5814948082
-15.0935039520,-68.0686368942,-21.0405199528
-13.6519942284,-67.2288694382,-17.3280279636
-13.4141712189,-63.5275402069,-17.0384378433
-13.7845437527,-59.2920093536,-17.4204857349
-14.0883393288,-62.2423629761,-19.0406990051
-10.0814470053,-73.4288368225,-19.4375944138
-12.5529949665,-72.6700878143,-21.1567625999
-12.4920842648,-73.0443553925,-25.4180264473
-11.0169067383,-72.9643363953,-22.7767758369
-10.2729672194,-59.4472150803,-19.4291234016
-10.0030533075,-64.0018825531,-19.3227968216
-10.1561909914,-68.4829254150,-19.3771462440
-11.4488554001,-59.3715333939,-23.0741395950
-10.8976945877,-63.7711439133,-23.0071768761
-11.1167745590,-67.8726902008,-22.9251761436
-12.5354616642,-62.9651279449,-22.2899746895
-12.7468960285,-59.2918434143,-26.7249269485
-12.2091796398,-63.6015424728,-26.8105444908
-12.5281195641,-67.8468418121,-26.3670105934
-13.8139791489,-62.8610363007,-25.9994945526
29.4752402306,-70.7739105225,-11.1014878750
28.9670157433,-66.8864336014,-11.6078906059
28.7724242210,-60.4210767746,-13.4527783394
28.0535044670,-59.8378906250,-16.0764157772
27.7965044975,-58.9155931473,-18.5203251839
25.2769007683,-70.4540519714,-11.6400914192
25.1916928291,-66.4174337387,-12.0815925598
25.2109694481,-62.3557090759,-12.4761414528
24.9066572189,-69.9983806610,-14.3392112255
24.8022418022,-65.8492088318,-14.6439864635
24.7606921196,-61.6836328506,-14.9197700024
24.5516319275,-69.5344867706,-17.0350329876
24.4817123413,-65.2542066574,-17.1860537529
24.4297690392,-60.9661798477,-17.3138966560
29.1606783867,-71.8069400787,-13.4009218216
28.8510451317,-68.4509277344,-14.2342889309
28.5898756981,-65.0638694763,-14.9671163559
28.5908212662,-70.9018154144,-15.8968768120
28.3458189964,-67.3378067017,-16.4863362312
28.1618371010,-63.7469978333,-17.0137591362
28.0321435928,-69.9730148315,-18.4008078575
27.8830122948,-66.1639680862,-18.6999192238
27.7459244728,-62.3432722092,-19.0371680260
31.2117209435,-70.2087173462,-19.3542656898
30.5822172165,-65.8283958435,-19.6058382988
30.8339352608,-61.2623949051,-19.6822214127
31.7336940765,-71.3672332764,-16.3743398190
30.9876646996,-67.0212173462,-16.7945227623
31.0774073601,-62.3450422287,-17.0162987709
32.3969836235,-65.3179693222,-19.7394714355
47.6424779892,-45.9031801224,-200.3528442383
47.6635293961,-50.4188022614,-200.2393684387
47.7287044525,-54.9151277542,-200.1137275696
47.3942642212,-46.7556924820,-196.1416816711
47.5582017899,-50.9344129562,-195.9041938782
47.6913614273,-55.0881509781,-195.6804275513
47.5276250839,-46.6008186340,-191.9502334595
47.4425191879,-50.8845663071,-191.7997741699
47.6347789764,-55.0761146545,-191.2502670288
42.7456073761,-55.4470930099,-178.8968276978
42.3509283066,-51.9364595413,-179.0751800537
42.5459489822,-48.1797132492,-178.8597297668
42.6195793152,-46.0576562881,-180.7522392273
42.4819040298,-45.4750843048,-184.7857742310
42.8246335983,-44.5530681610,-188.4893226624
43.0189170837,-55.2908496857,-188.3165893555
42.9961194992,-55.5673866272,-185.8848915100
42.9604759216,-55.8348617554,-183.4019927979
42.9962625504,-51.5843343735,-188.9620437622
42.9111480713,-52.3778419495,-186.2578849792
42.8338451385,-53.1434040070,-183.4986991882
42.9882259369,-47.8871021271,-189.6008644104
42.8769922256,-49.1686382294,-186.6012344360
42.7725610733,-50.3808736801,-183.5765190125
46.9944305420,-55.2225637436,-187.7264671326
46.6549186707,-51.1669197083,-188.3539314270
47.0095405579,-46.8313550949,-188.2886199951
46.3904352188,-55.5338468552,-184.8946685791
45.9420671463,-51.9163885117,-185.2294425964
46.2801342010,-47.7890720367,-184.8723144531
46.7732391357,-55.5928344727,-181.0079803467
46.1432104111,-52.1623687744,-181.3034210205
46.4413356781,-48.2016668320,-180.8040733337
47.4266929626,-50.9725294113,-183.7942810059
49.2187280655,-50.2060823441,-182.2224502563
48.6340045929,-50.4716663361,-187.3132591248
48.1875762939,-50.7196273804,-178.6118774414
55.3307809830,-45.2046861649,-194.7384338379
62.3858928680,-52.5135660172,-193.9301910400
53.8108243942,-47.3527822495,-190.7872505188
52.5430631638,-51.5699968338,-191.3323440552
54.9288434982,-55.7639303207,-190.5806694031
55.0563201904,-50.4760856628,-188.6840629578
59.0236206055,-52.4452323914,-190.3486862183
52.6474037170,-48.9374332428,-195.1223602295
52.4061412811,-52.1827154160,-195.1123390198
54.7274570465,-56.3592052460,-194.8120117188
57.6844100952,-54.0487728119,-194.5191192627
54.0830154419,-47.0833454132,-199.3845329285
53.0234766006,-51.0985136032,-199.3824577332
55.0986719131,-55.5677633286,-199.1020431519
59.2024183273,-52.0313463211,-198.6603240967
62.0441341400,-50.5904378891,-207.7814407349
59.7408657074,-50.7950134277,-203.9155235291
55.6332311630,-50.9148082733,-204.8426475525
55.1579313278,-45.3145503998,-202.2973098755
54.0217266083,-50.2757711411,-201.8246231079
55.7012548447,-55.5666007996,-201.7558441162
59.1177330017,-50.4263744354,-201.5407638550
55.3608951569,-50.8837842941,-202.8161544800
51.3356018066,-45.2959794998,-204.7626190186
51.0082187653,-50.1965065002,-204.5326995850
51.7203493118,-55.3109617233,-204.4695014954
52.8520021439,-50.6135444641,-204.8517379761
58.1047391891,-50.9975414276,-208.3118400574
54.9449586868,-50.5990180969,-208.6616020203
51.0791091919,-45.2819271088,-209.0574951172
51.5570430756,-55.0195960999,-209.0010833740
52.4896440506,-50.3021421432,-208.8995323181
60.0343332291,-50.4930696487,-212.6452293396
56.0949268341,-50.2990427017,-213.1187934875
53.0889234543,-50.1503362656,-213.4465370178
61.9932012558,-50.0028228760,-221.6235885620
61.9864463806,-49.9962673187,-217.0425949097
62.0076875687,-45.2364854813,-226.8357696533
62.0039701462,-50.0036954880,-227.4365158081
62.0050268173,-54.7674484253,-226.8215637207
62.0015707016,-50.0027799606,-225.1181831360
57.3287572861,-49.9993896484,-222.1073608398
57.2529191971,-50.0003223419,-217.5848960876
45.8811607361,-55.8348970413,-86.6277084351
44.5256814957,-50.7050294876,-86.5783557892
43.9442386627,-45.5081272125,-86.4329109192
30.7394347191,-54.8506250381,-89.9499988556
30.7531437874,-49.9784669876,-89.9260311127
30.7425189018,-45.1158180237,-89.9077434540
35.7707433701,-55.0646133423,-90.5467433929
35.4051570892,-50.1171741486,-90.4851665497
35.0219030380,-45.1702833176,-90.4262351990
40.6079988480,-55.5501089096,-91.1498699188
39.8460779190,-50.4811706543,-91.0349311829
39.1419420242,-45.4016761780,-90.9344158173
32.7096376419,-54.9085578918,-84.7243137360
32.4889063835,-50.0125951767,-84.6735458374
32.2380704880,-45.1241340637,-84.6290130615
37.5068635941,-55.6730461121,-85.3668212891
36.5808591843,-50.5247840881,-85.2255973816
35.6386575699,-45.3691682816,-85.0884895325
42.1210803986,-56.4643125534,-86.0062255859
40.4935941696,-51.0300102234,-85.7773838043
38.9365806580,-45.6017694473,-85.5964832306
34.3585295677,-45.3304538727,-80.0185737610
34.6683511734,-50.3479995728,-79.9792385101
35.0005078316,-55.3688745499,-79.8228359222
38.4838132858,-45.5873556137,-81.3339405060
39.4593935013,-50.9572534561,-81.3414440155
40.4845113754,-56.3458929062,-81.1434326172
42.3569393158,-55.8833465576,-78.7114315033
47.8809604645,-55.1160573959,-69.7806043625
41.0122480392,-54.9787540436,-74.8370094299
41.4793720245,-50.7306327820,-79.1291542053
41.3441753387,-45.5204496384,-79.1550292969
46.2546939850,-45.3198556900,-69.4091148376
43.5981903076,-50.0878019333,-69.2360887527
39.2622156143,-50.1071596146,-74.7012863159
40.1678142548,-45.3198823929,-74.7204227448
43.6756181717,-45.5770931244,-81.7085361481
44.4796142578,-50.9153118134,-81.8306007385
46.0051708221,-56.2017669678,-81.7187004089
69.1233654022,-50.3243255615,-220.9595222473
70.4151191711,-50.1776218414,-216.1595535278
76.7167987823,-50.3471698761,-220.1396865845
68.6205120087,-45.2573356628,-226.0403671265
67.6237907410,-50.0447034836,-226.7864608765
69.3186206818,-54.9402551651,-226.0515975952
68.2221126556,-50.1892232895,-224.4794578552
73.6034030914,-50.2015190125,-225.5595359802
71.2430877686,-45.3834590912,-240.1448364258
70.8732566833,-46.7283058167,-236.2549095154
71.0990333557,-46.5765056610,-232.6199798584
69.9266052246,-47.7204732895,-229.9487419128
68.4992027283,-51.1932716370,-228.9301261902
70.0324325562,-55.8402938843,-228.6304588318
73.7964096069,-51.7824010849,-228.8244819641
70.2428817749,-53.5529451370,-230.9677238464
75.7055664062,-52.7416667938,-231.1609039307
75.3093261719,-53.0129747391,-235.1613845825
75.8755073547,-51.7418718338,-239.1161727905
77.8599720001,-50.9197835922,-233.7243461609
71.3903617859,-54.5496835709,-233.4652557373
71.4553680420,-54.1683254242,-236.5446166992
71.5244579315,-52.5929203033,-240.2017211914
66.2119693756,-55.1966705322,-239.6838264465
65.5733394623,-50.9409894943,-239.8147659302
66.1683998108,-47.0422029495,-240.2348060608
67.9728355408,-52.2325553894,-240.1610298157
66.1781406403,-55.4644079208,-235.4412460327
65.5531864166,-51.0505104065,-235.6083183289
66.1588287354,-47.6727151871,-236.1592292786
67.9517021179,-53.1251201630,-236.4314727783
66.1474533081,-55.7221202850,-231.2227058411
65.5462493896,-51.1470527649,-231.4003753662
66.1829967499,-47.7015419006,-232.3459129333
67.9538269043,-53.4164705276,-233.0039253235
75.9978370667,-50.9232978821,-247.7980499268
76.1940937042,-50.8003320694,-243.3760910034
76.2537155151,-54.8324079514,-252.6651000977
76.2238788605,-50.2037134171,-253.3012046814
76.1621379852,-45.7763528824,-252.7953033447
76.0897426605,-50.6130046844,-251.1244010925
71.5846996307,-50.5902509689,-248.5467185974
71.5123157501,-50.9997014999,-244.4394302368
71.4567604065,-45.5260019302,-253.3267555237
71.2971286774,-50.1299152374,-253.6672210693
71.4520282745,-54.7975978851,-253.0878295898
71.3485717773,-50.3241338730,-251.4792251587
66.1836967468,-46.0966777802,-244.6750144958
67.9457225800,-51.0393543243,-244.4949760437
68.3683013916,-50.4714727402,-249.1008682251
81.9178714752,-52.3959970474,-246.7735824585
84.0843486786,-51.1902465820,-241.9513549805
83.9508666992,-45.2537326813,-246.5307960510
89.8309574127,-51.7781190872,-245.8480148315
82.7507362366,-46.7494821548,-251.8219184875
81.6735286713,-50.4690227509,-252.5643959045
82.8084983826,-54.9000177383,-251.8122901917
81.5264034271,-51.6624755859,-250.2700271606
87.1572723389,-51.1948423386,-251.2680664062
85.6741733551,-45.3846197128,-279.4397048950
85.2733001709,-46.7453432083,-275.5960845947
85.4742908478,-46.5879602432,-271.9891815186
84.2829341888,-47.7246274948,-269.3461227417
82.8588562012,-51.1863126755,-268.3414154053
84.3844032288,-55.8265237808,-268.0330276489
88.1316871643,-51.7676200867,-268.1846084595
84.6067848206,-53.5529050827,-270.3551406860
90.0495910645,-52.7466955185,-270.4952316284
89.7001132965,-53.0289916992,-274.4673919678
90.3016014099,-51.7431898117,-278.3759765625
92.2273960114,-50.9248189926,-273.0157012939
85.7696323395,-54.5494747162,-272.8201599121
85.8480815887,-54.1682424545,-275.8695144653
85.9321727753,-52.5930738449,-279.4901733398
80.5753765106,-47.0424070358,-279.5750122070
82.3792114258,-52.2327165604,-279.4842834473
80.5594978333,-55.4644889832,-274.8256378174
79.9354534149,-51.0505123138,-274.9978103638
80.5439682007,-47.6732540131,-275.5377197266
82.3386745453,-53.1251974106,-275.7897949219
80.5068817139,-55.7218427658,-270.6460723877
79.9065132141,-51.1470727921,-270.8281936646
80.5480422974,-47.7024354935,-271.7590942383
82.3234004974,-53.4165983200,-272.3944091797
90.4558544159,-50.9230165482,-286.9608612061
90.6460590363,-50.7974271774,-282.5860137939
90.7316970825,-54.8326091766,-291.7727127075
90.7099266052,-50.2040596008,-292.4051132202
90.6427001953,-45.7765827179,-291.9034118652
90.5625438690,-50.6132297516,-290.2522125244
86.0433826447,-50.5903339386,-287.7426376343
85.9440746307,-50.9997358322,-283.6840438843
85.9477920532,-45.5261516571,-292.4733657837
85.7908439636,-50.1301145554,-292.8143310547
85.9415512085,-54.7976608276,-292.2376327515
85.8277244568,-50.3242816925,-290.6482315063
82.3787212372,-51.0394544601,-283.7736587524
96.3614749908,-52.3942279816,-285.9184646606
98.4863853455,-51.1816034317,-281.1336822510
98.3809795380,-45.2509651184,-285.6740875244
104.1929435730,-51.7708072662,-284.9863815308
97.2036991119,-46.7538909912,-290.9187011719
96.1456108093,-50.4712381363,-291.6493606567
97.2820644379,-54.9011335373,-290.9040679932
95.9882659912,-51.6614627838,-289.3788681030
101.5811595917,-51.1990785599,-290.3643951416
-15.8493602276,-45.2367258072,-30.8309903145
-15.8495063782,-49.9991235733,-30.8310208321
-15.8920469284,-54.7902593613,-30.8454852104
-13.9072244167,-45.2366781235,-29.7455830574
-13.9072675705,-49.9983243942,-29.7455034256
-13.9170658588,-54.7772274017,-29.7205486298
-16.9895267487,-45.2367019653,-28.8433737755
-16.9896104336,-49.9991283417,-28.8433208466
-17.0065603256,-54.7888841629,-28.8202219009
-15.4391493797,-45.2367773056,-33.5490612984
28.3070211411,-45.5044012070,-24.9835734367
28.5303144455,-50.7058162689,-25.2562723160
29.2765679359,-55.8359212875,-25.4014649391
23.2579207420,-45.4292707443,-19.6287784576
23.4260787964,-50.4592113495,-19.6823487282
23.6240282059,-55.4867506027,-19.6596045494
25.2883143425,-45.5886201859,-20.9494786263
25.7568287849,-50.9519157410,-21.1466760635
26.3212871552,-56.3286342621,-21.1442546844
27.3512797356,-55.8661880493,-19.9136066437
26.8125724792,-54.9474945068,-17.5977506638
26.7886247635,-50.7262678146,-20.1268024445
26.8024449348,-45.5194816589,-19.9968843460
25.6949634552,-50.1146106720,-17.3899452686
26.2584762573,-45.3204565048,-17.4354605675
28.0429062843,-45.5720109940,-21.7977695465
28.3846821785,-50.9086790085,-22.0500364304
29.2814102173,-56.1843767166,-22.0464692116
22.3062453270,-45.3577308655,-21.7560195923
22.4845347404,-50.2509546280,-21.8402624130
22.6570053101,-55.1443519592,-21.9269242287
23.9492712021,-45.4877347946,-22.6597366333
24.4620165825,-50.6448125839,-22.9048156738
24.9684758186,-55.8037538528,-23.1441192627
25.6672334671,-45.6080179214,-23.5749988556
26.4488415718,-51.0330181122,-23.9523983002
27.2576389313,-56.4654855728,-24.3374958038
21.7228465080,-45.3255882263,-24.4232463837
21.8127207756,-50.1528444290,-24.4650096893
21.8968024254,-54.9804935455,-24.5101504326
23.7519536018,-45.3894672394,-25.8247013092
24.0063638687,-50.3486042023,-25.9537434578
24.2476325035,-55.3087272644,-26.0914773941
25.8497953415,-45.4486083984,-27.1928277016
26.2120428085,-50.5418577194,-27.4323945045
26.5929946899,-55.6363916397,-27.6722674370
-25.7911267281,-54.4636621475,-15.0907444954
-20.8882703781,-45.0059642792,-15.0786495209
-21.5198135376,-45.0475177765,-19.2700500488
-20.4305205345,-49.3189163208,-15.2083179951
-21.2386140823,-49.5306806564,-19.4830622673
-20.9258918762,-52.9730167389,-15.0732152462
-21.5936508179,-53.5855503082,-19.2529506683
-22.4597544670,-48.6510496140,-18.5947792530
-24.0913782120,-47.3387165070,-17.3200285435
-23.2001576424,-44.7866649628,-17.9792888165
-23.2490954399,-51.1969795227,-17.9716427326
130.8397655487,-53.1175050735,-2.3649076223
130.6971626282,-52.7421588898,-7.0390210152
118.1238384247,-54.5511960983,-7.1211086512
118.4296875000,-48.6729784012,-2.3863744140
119.9150638580,-47.4071235657,-7.1114580631
126.1057758331,-47.7668066025,-2.3756912351
125.9047813416,-47.3920621872,-7.0735555887
130.7292137146,-46.3527030945,-2.3758925796
130.4848423004,-46.3536157608,-7.0417674780
135.8590698242,-44.8660373688,-7.0045543909
136.4575958252,-49.0342168808,-6.9990087748
135.8719139099,-52.3006143570,-7.0027785301
134.0597496033,-47.2558565140,-7.0158805847
136.0415115356,-44.8623905182,-2.3667920232
136.6357688904,-49.0293083191,-2.3640088439
136.0532798767,-52.2994327545,-2.3637501001
134.2671813965,-47.2485294342,-2.3692694902
-28.9781084061,-53.1914443970,-2.1749456525
-28.0465769768,-52.8141803741,-6.5411247015
-27.3364243507,-53.2015066147,-10.9093415737
-29.0858035088,-46.4254894257,-2.1820620298
-28.2629060745,-46.4246959686,-6.5468528271
-27.4416928291,-46.4327259064,-10.9095909595
-21.4139094353,-44.9556512833,-10.7380788326
-20.7749404907,-49.1090230942,-10.7242069244
-21.4144496918,-52.3687667847,-10.7357404232
-23.4579186440,-47.3314752579,-10.8003380299
-22.5874562263,-44.9413433075,-6.4401688576
-21.9594888687,-49.1098213196,-6.4288500547
-22.5838198662,-52.3761234283,-6.4390493631
-24.4874844551,-47.3286685944,-6.4778363705
-23.7860803604,-44.9398078918,-2.1482501626
-23.1936984062,-49.1075506210,-2.1438496113
-23.7781863213,-52.3771781921,-2.1459982991
-25.5606427193,-47.3245658875,-2.1614680290
46.8085441589,-32.3284649849,-205.1758613586
46.9818601608,-36.5897293091,-205.2188415527
47.5200185776,-40.7732114792,-204.9570541382
42.7859935760,-42.1615476608,-190.7999916077
42.3781175613,-38.2746868134,-191.7200202942
42.5370178223,-34.1165471077,-192.2635345459
42.5746173859,-31.8001213074,-194.4225883484
43.0019969940,-43.1982488632,-194.0658073425
47.1906385422,-41.5879611969,-200.8129386902
46.6638679504,-37.2129287720,-201.3681259155
46.9280653000,-32.6523900032,-201.4040794373
46.7815408707,-42.7478046417,-196.8786087036
46.1449136734,-38.4130506516,-197.7162284851
46.3049745560,-33.7337160110,-197.9537467957
47.0432138443,-42.6601924896,-192.6445159912
46.3040781021,-38.6743736267,-193.6942672729
46.4514446259,-34.1905598640,-194.0104713440
47.8154134750,-37.7822694778,-196.5296516418
49.4544830322,-36.5407156944,-195.5246696472
48.7782917023,-36.7005710602,-200.6494064331
48.3893127441,-37.0490665436,-191.6223945618
60.7043876648,-41.1567802429,-208.2974395752
60.5289869308,-37.6516370773,-208.6756591797
60.7280359268,-33.8992929459,-208.4405097961
58.7862167358,-31.7746496201,-208.5784301758
54.6778936386,-31.1841101646,-209.1778221130
50.8470878601,-30.2634596825,-209.2823028564
56.5966167450,-35.9509444237,-202.5060043335
58.1656293869,-41.2534532547,-204.7399978638
57.8544702530,-37.8729896545,-205.3274421692
58.2893123627,-33.9944176674,-204.9599571228
60.3988904953,-36.4584603310,-203.0752372742
54.2592830658,-41.1592407227,-205.5653724670
53.8567314148,-37.6243543625,-205.9739532471
54.1114301682,-33.6291193962,-205.5886917114
55.1902732849,-36.7116918564,-204.4592399597
51.2659120560,-40.8915443420,-205.2510871887
50.6166810989,-36.8793296814,-205.6169853210
50.5921430588,-32.6028938293,-205.2652626038
51.4988555908,-36.1901221275,-203.6577415466
56.1037282944,-41.5495710373,-208.5909118652
55.9520463943,-38.8541479111,-208.7083778381
55.8795471191,-36.0966825485,-208.7817955017
53.5410919189,-41.3029565811,-208.8377685547
53.1145505905,-38.0920190811,-208.9405059814
52.7648200989,-34.8845739365,-209.0150260925
51.0288114548,-41.0202226639,-209.0737953186
50.3360805511,-37.2999496460,-209.1616477966
49.6841402054,-33.6001114845,-209.2414627075
59.0113182068,-41.0153779984,-212.7662544250
58.9254274368,-37.3078927994,-212.7920722961
58.8717565536,-33.5677051544,-212.7271041870
55.3846902847,-40.8915433884,-213.2090263367
55.1641321182,-36.9171438217,-213.2400741577
54.9818210602,-32.9419488907,-213.2353172302
51.7762346268,-40.7498950958,-213.5961837769
51.4264383316,-36.5112285614,-213.6383895874
51.1020088196,-32.2792367935,-213.6709403992
62.0164852142,-30.9517488480,-230.8464546204
62.0157079697,-35.7137165070,-230.8467025757
62.0217399597,-40.4759998322,-230.8509407043
62.0308361053,-30.9513645172,-235.4477767944
62.0300922394,-35.7147960663,-235.4495315552
62.0335912704,-40.4798011780,-235.4485130310
62.0466737747,-30.9512128830,-240.0491142273
62.0478076935,-35.7146015167,-240.0492782593
43.4069061279,-40.5231637955,-86.3855838776
42.9801158905,-35.7618141174,-86.4475402832
43.3900222778,-30.9979324341,-86.3889350891
30.7752490044,-40.3050088882,-89.9028949738
30.8636388779,-35.5378637314,-89.9060726166
30.9303221703,-30.7807655334,-89.9095840454
34.8558521271,-40.3287382126,-90.3980140686
34.9070968628,-35.5929985046,-90.4000511169
34.9449720383,-30.8563275337,-90.4038219452
38.7935695648,-40.4873485565,-90.8837776184
38.8044509888,-35.7403478622,-90.8855133057
38.8111829758,-30.9880819321,-90.8872032166
32.1376724243,-40.3112478256,-84.6099452972
32.1948585510,-35.5713882446,-84.6131782532
32.2400865555,-30.8322029114,-84.6160316467
35.1824779510,-40.4180335999,-85.0227470398
35.2121572495,-35.6760387421,-85.0227146149
35.2295837402,-30.9320230484,-85.0221557617
38.1545639038,-40.5110416412,-85.5008277893
38.1518077850,-35.7575330734,-85.4861145020
38.1536388397,-30.9989519119,-85.4986991882
34.2521700859,-30.9523930550,-80.0530643463
34.2373504639,-35.6988983154,-80.0551414490
34.2134633064,-40.4439496994,-80.0499057770
37.9881057739,-30.9982557297,-81.3465042114
37.9899196625,-35.7612047195,-81.3658752441
37.9929733276,-40.5267286301,-81.3461399078
41.0332622528,-40.5288324356,-79.2149581909
46.1798677444,-40.5063257217,-69.4156541824
40.0899848938,-40.5239038467,-74.7329673767
40.6134605408,-35.7618713379,-79.3085632324
41.0219211578,-30.9966387749,-79.2178802490
46.1665048599,-31.0007061958,-69.4192132950
43.4226541519,-35.7559385300,-69.2617340088
39.0850830078,-35.7628288269,-74.7446022034
40.0775737762,-31.0006542206,-74.7355861664
43.0116090775,-30.9946713448,-81.6784362793
42.5996580124,-35.7606763840,-81.7542972565
43.0266914368,-40.5274248123,-81.6798553467
76.3066616058,-36.0297236443,-233.8842201233
68.4593315125,-30.9891471863,-230.0848922729
67.3333721161,-35.7901058197,-230.2375869751
69.1674518585,-40.6799364090,-230.1127357483
73.2668151855,-35.9607372284,-229.6312828064
67.2506294250,-31.0057625771,-234.8428344727
66.7510204315,-35.8636579514,-234.9510040283
68.6603183746,-40.8861980438,-234.8756523132
71.5145053864,-36.1744604111,-234.5476951599
69.3011608124,-31.0051407814,-239.3807754517
68.9363441467,-35.8559770584,-239.6739540100
70.0202465057,-40.7082300186,-239.3768653870
74.9089889526,-35.9996747971,-238.9935874939
71.4499435425,-41.5072135925,-242.9320983887
71.3107223511,-36.3759994507,-243.9344444275
71.4154758453,-31.1742653847,-244.4303894043
75.9985847473,-41.1572799683,-252.4008865356
75.8462772369,-36.1224298477,-252.6467475891
75.7631206512,-31.0899672508,-252.8777427673
75.5484676361,-42.0171546936,-248.4871444702
75.2703647614,-36.6288414001,-249.1839637756
75.1469573975,-31.2569293976,-249.8689498901
77.4419898987,-31.1866445541,-248.2537994385
84.2476081848,-30.9844794273,-247.5664749146
77.4608116150,-36.4013137817,-248.1791038513
77.9084606171,-41.5468177795,-247.6243247986
84.2229042053,-35.7712283134,-241.7834053040
84.1647911072,-40.5025539398,-247.5472908020
82.0893745422,-35.8039016724,-248.8723716736
75.8041114807,-41.8653678894,-244.5236892700
75.5062637329,-36.5877799988,-245.5937728882
75.5458106995,-31.2451868057,-246.1789665222
71.5822448730,-40.8188753128,-253.1078491211
71.5527935028,-35.9121389389,-253.4081726074
71.5540237427,-31.0179657936,-253.6627464294
71.5603542328,-41.4823398590,-249.5432510376
71.5354423523,-36.3091163635,-250.3528289795
71.5313987732,-31.1519918442,-251.1213417053
71.5200195312,-42.1402015686,-246.0352745056
71.5200634003,-36.7046470642,-247.3033943176
71.5035533905,-31.2801151276,-248.5466613770
66.8442630768,-40.9821290970,-249.3690757751
66.8178157806,-36.0114793777,-249.7952308655
66.8129425049,-31.0518598557,-250.1817283630
66.7981414795,-41.3062820435,-245.3346862793
66.8003368378,-36.2083787918,-245.9766578674
66.8061790466,-31.1158118248,-246.6076011658
85.8657112122,-41.5056505203,-282.1899108887
85.6878738403,-36.3753976822,-283.1777191162
85.8426265717,-31.1738758087,-283.6688003540
90.4789218903,-41.1570892334,-291.5145645142
90.3316555023,-36.1223258972,-291.7593460083
90.2469921112,-31.0905003548,-291.9887237549
90.0038986206,-42.0175218582,-287.6479110718
89.7177810669,-36.6282072067,-288.3404617310
89.6075592041,-31.2561078072,-289.0191421509
91.8856334686,-31.1854085922,-287.3926620483
98.6276092529,-30.9806480408,-286.6931915283
91.8513641357,-36.4000520706,-287.3143615723
92.3505325317,-41.5452880859,-286.7673645020
98.5510005951,-35.7701377869,-280.9702606201
98.5540218353,-40.4997711182,-286.6746063232
96.4664001465,-35.7929220200,-287.9849243164
90.2286510468,-41.8643093109,-283.7205963135
89.8799304962,-36.5867052078,-284.7760238647
89.9794330597,-31.2437033653,-285.3573226929
86.0715827942,-40.8191242218,-292.2544479370
86.0441513062,-35.9122123718,-292.5526657104
86.0470695496,-31.0180387497,-292.8043823242
86.0259342194,-41.4826345444,-288.7293701172
86.0073566437,-36.3090906143,-289.5314331055
86.0077304840,-31.1519083977,-290.2910766602
85.9625892639,-42.1402540207,-285.2621459961
85.9715080261,-36.7046804428,-286.5166473389
85.9626960754,-31.2799143791,-287.7452316284
81.2861862183,-31.0518455505,-289.4073333740
81.2367610931,-41.3063640594,-284.6155624390
81.2434959412,-36.2085037231,-285.2507095337
81.2535400391,-31.1158490181,-285.8740997314
22.6591458321,-31.0048747063,-36.8559961319
22.6662588120,-35.7601089478,-36.8544054031
22.6659927368,-40.5066385269,-36.8542919159
25.4211416245,-31.0046796799,-35.0391988754
25.4267020226,-35.7669429779,-35.0356884003
25.4319787025,-40.5288619995,-35.0329647064
28.1683821678,-30.9985723495,-33.2197837830
28.1589803696,-35.7629013062,-33.2152519226
28.1623511314,-40.5266342163,-33.2107925415
24.0427527428,-31.0043792725,-40.0980291367
24.0419359207,-35.7613248825,-40.0953369141
24.0335931778,-40.5097198486,-40.0937862396
27.5922951698,-31.0031719208,-38.4247865677
27.5979032516,-35.7653198242,-38.4216909409
27.6032505035,-40.5272102356,-38.4191827774
31.1303100586,-30.9963521957,-36.7526226044
31.1294622421,-35.7603473663,-36.7501344681
31.1410031319,-40.5240049362,-36.7472486496
25.4248967171,-31.0033378601,-43.3399209976
25.4159345627,-35.7615299225,-43.3357133865
25.4004573822,-40.5127210617,-43.3329429626
29.7635493279,-31.0015883446,-41.8106660843
29.7691836357,-35.7637138367,-41.8079175949
29.7745690346,-40.5256328583,-41.8056211472
34.0977659225,-30.9955496788,-40.2805805206
34.1098713875,-35.7578058243,-40.2798881531
34.1249389648,-40.5198249817,-40.2787151337
104.5752544403,-35.7004714012,-338.6991958618
101.9606647491,-30.9468588829,-339.0119705200
106.1418056488,-33.9293327332,-353.3833389282
103.6777992249,-34.3722333908,-347.9045410156
113.6510105133,-34.4513878822,-359.8288726807
-16.4943935871,-29.8341398239,-31.0437297821
-15.8526999950,-35.7039308548,-30.8131651878
-15.8494155407,-40.4748525620,-30.8309893608
-13.9809350967,-30.5862174034,-29.8765840530
-13.9036598206,-35.7079505920,-29.7281579971
-13.9072740078,-40.4748239517,-29.7455687523
-17.1746232510,-30.1245384216,-29.0448846817
-16.9850294590,-35.7015714645,-28.8312864304
-16.9895808697,-40.4748363495,-28.8433876038
-15.4391684532,-40.4748773575,-33.5490593910
-15.4444169998,-35.7126951218,-33.5380187035
-16.3388977051,-30.3490409851,-33.5590896606
28.0223717690,-30.9926033020,-24.8548283577
27.7791709900,-35.7605075836,-24.8390607834
28.0522093773,-40.5260829926,-24.8208265305
23.1725182533,-31.0003910065,-19.6177039146
23.1745333672,-35.7634706497,-19.6190166473
23.1751103401,-40.5277042389,-19.6093025208
25.0496716499,-30.9968819618,-20.8609409332
25.0404939651,-35.7622919083,-20.8736586571
25.0560321808,-40.5309171677,-20.8486075401
26.6720046997,-40.5347633362,-19.9221091270
26.2237305641,-40.5269775391,-17.4063072205
26.3953185081,-35.7604274750,-19.9738373756
26.6500759125,-30.9908003807,-19.9646272659
25.5994291306,-35.7605285645,-17.3412086964
26.2038054466,-30.9948110580,-17.4419472218
27.7006158829,-30.9900588989,-21.6785902977
27.4465169907,-35.7601308823,-21.6743321419
27.7282738686,-40.5314779282,-21.6420454979
22.2052683830,-31.0017094612,-21.7268128395
22.2085618973,-35.7655429840,-21.7202229500
22.2129502296,-40.5290470123,-21.7168865204
23.6830677986,-31.0007514954,-22.5432124138
23.6877551079,-35.7642145157,-22.5393848419
23.6919345856,-40.5279874802,-22.5383300781
25.2594904900,-30.9997210503,-23.3738198280
25.2628645897,-35.7629222870,-23.3633861542
25.2717561722,-40.5220737457,-23.3721675873
21.6647834778,-31.0038490295,-24.4136943817
21.6689963341,-35.7673616409,-24.4085536003
21.6738786697,-40.5303649902,-24.4048624039
23.6091566086,-31.0023474693,-25.7720737457
23.6135740280,-35.7656316757,-25.7674369812
23.6187181473,-40.5286083221,-25.7641754150
25.6535415649,-31.0004477501,-27.0807781219
25.6578187943,-35.7637290955,-27.0764894485
25.6651515961,-40.5246334076,-27.0728812218
31.1548342705,-30.9866948128,-28.9887795448
30.7025928497,-35.7582969666,-29.3268771172
31.1746993065,-40.5264444351,-28.9550943375
34.0910272598,-30.9886307716,-33.6574158669
33.6874775887,-35.7564582825,-34.4286551476
34.0954031944,-40.5143985748,-33.6600437164
-23.9717745781,-40.4722375870,-17.3497381210
-23.9625601768,-35.7064456940,-17.3532373905
-21.3763384819,-40.4735050201,-14.9414782524
-21.3743076324,-35.7090148926,-14.9427611828
-21.8699717522,-40.4773950577,-19.0366930962
-21.8763089180,-35.7054977417,-19.0330476761
-14.3249700069,-16.3068797588,-39.9257011414
-14.0201461315,-20.2213382721,-39.8812332153
48.3482389450,-27.2264881134,-209.4057922363
45.8293333054,-26.4435143471,-196.0031127930
44.5913047791,-16.7029111385,-195.9717941284
47.8932991028,-21.4701871872,-195.6485595703
42.6198530197,-21.4828596115,-196.3031997681
44.4520883560,-16.9591400623,-205.8481178284
45.0714368820,-22.3004412651,-205.8294715881
46.1504516602,-27.5787897110,-205.4019546509
56.9705095291,-24.0532789230,-211.1487159729
61.8297204971,-22.7430267334,-209.2603569031
56.9865350723,-23.4282286167,-203.6231269836
57.2363872528,-16.6435704231,-210.6223640442
51.5848512650,-26.6327691078,-210.2492485046
50.8545484543,-22.4134960175,-211.2661781311
51.7131662369,-18.4919559956,-211.2254714966
53.5721778870,-23.6324791908,-212.1571083069
51.3728952408,-22.9620842934,-205.3134651184
61.7533102036,-22.3548829556,-221.9658851624
61.8900098801,-22.2454810143,-217.5360450745
61.9880733490,-26.2608919144,-226.8571968079
61.9600677490,-21.6321558952,-227.4984779358
61.8905086517,-17.2043764591,-226.9918136597
61.8315858841,-22.0422103405,-225.3087348938
57.3208665848,-22.0188393593,-222.6783638000
57.2655391693,-22.4366402626,-218.5458946228
57.1786890030,-16.9543485641,-227.4808044434
57.0176458359,-21.5584053993,-227.8208541870
57.1746664047,-26.2262334824,-227.2405433655
57.0749216080,-21.7526042461,-225.6211700439
53.6943187714,-22.4617569447,-218.5638237000
43.3846540451,-26.2392683029,-86.3906650543
42.9639196396,-21.4762949944,-86.4527187347
43.3738307953,-16.7123126984,-86.3941822052
30.9796199799,-26.0315465927,-89.9134407043
31.0141229630,-21.2871489525,-89.9166431427
31.0349478722,-16.5453107357,-89.9180660248
34.9727344513,-26.1172094345,-90.4072151184
34.9915094376,-21.3750586510,-90.4095230103
35.0006008148,-16.6290605068,-90.4116077423
38.8130397797,-26.2324461937,-90.8894042969
38.8115310669,-21.4738593102,-90.8915786743
38.8091049194,-16.7136979103,-90.8932952881
32.2743306160,-26.0925769806,-84.6186637878
32.2973275185,-21.3512415886,-84.6211509705
32.3085231781,-16.6063921452,-84.6234989166
35.2425470352,-26.1857156754,-85.0243797302
35.2516756058,-21.4355230331,-85.0285453796
35.2513637543,-16.6804780960,-85.0279483795
38.1507272720,-26.2381820679,-85.5008029938
38.1440343857,-21.4776806831,-85.4914684296
38.1419773102,-16.7166206837,-85.5047130585
34.2666540146,-16.6902887821,-80.0592079163
34.2695140839,-21.4475655556,-80.0610408783
34.2628588676,-26.2004504204,-80.0550460815
37.9744291306,-16.7141923904,-81.3521080017
37.9781332016,-21.4781155586,-81.3713245392
37.9840726852,-26.2415752411,-81.3484783173
41.0169763565,-26.2408180237,-79.2197380066
46.1611776352,-26.2192664146,-69.4211616516
40.0725164413,-26.2370867729,-74.7374954224
40.5984735489,-21.4764413834,-79.3140964508
41.0064287186,-16.7109920979,-79.2233924866
43.4066162109,-21.4702563286,-69.2675905228
39.0696687698,-21.4770884514,-74.7503166199
40.0618925095,-16.7147889137,-74.7413558960
42.9955081940,-16.7091193199,-81.6838989258
42.5835123062,-21.4751877785,-81.7594432831
43.0062799454,-26.2401847839,-81.6802368164
67.6671543121,-23.8300886154,-220.9808502197
69.7324647903,-22.6397862434,-216.1592330933
69.5985708237,-16.6879274845,-220.7687225342
75.5289001465,-23.2456583977,-220.1132164001
68.4451246262,-18.1861252785,-226.0798759460
67.4028530121,-21.8997969627,-226.8014526367
68.5489711761,-26.3360900879,-226.0544090271
67.2698497772,-23.0922055244,-224.4944190979
72.8108272552,-22.6476936340,-225.5596733093
71.3723144531,-26.1919970512,-244.8340911865
71.2109375000,-21.4279427528,-245.1204910278
71.3723697662,-16.6637449265,-244.8437995911
75.7187843323,-26.1894888878,-252.9909667969
75.7204189301,-21.4279708862,-252.9890861511
75.7193584442,-16.6648094654,-252.9905509949
75.0736751556,-26.1936416626,-250.2129669189
75.0538024902,-21.4280033112,-250.2110404968
75.0720958710,-16.6650469303,-250.2135734558
77.3294487000,-16.6642274857,-248.4565315247
84.2828083038,-16.6517415047,-247.6232795715
77.1344490051,-21.4290428162,-248.7249069214
77.3222217560,-26.1973857880,-248.4477462769
84.3420848846,-21.3763732910,-241.8840141296
84.2347087860,-26.1578583717,-247.6098709106
82.0470619202,-21.4378094673,-248.9671020508
75.4579486847,-26.1963658333,-246.6321411133
75.2772712708,-21.4279646873,-246.9170570374
75.4580154419,-16.6650888920,-246.6417999268
71.5546283722,-26.1899161339,-253.7900199890
71.5546226501,-21.4280085564,-253.7900352478
71.5546188354,-16.6661086082,-253.7900466919
71.5293369293,-26.1916251183,-251.5086174011
71.5305690765,-21.4280123711,-251.5084152222
71.5289669037,-16.6664452553,-251.5085258484
71.4966907501,-26.1885857582,-249.1697311401
71.5058460236,-21.4279689789,-249.1764297485
71.4953517914,-16.6673822403,-249.1711845398
66.8384227753,-26.1899342537,-253.8083572388
66.8384189606,-21.4280228615,-253.8083686829
66.8384113312,-16.6661221981,-253.8083839417
66.8078060150,-26.1906285286,-250.3766670227
66.8079395294,-21.4280195236,-250.3765907288
66.8077583313,-16.6662011147,-250.3767585754
66.8103618622,-26.1897559166,-246.9232101440
66.8095817566,-21.4279942513,-246.9241485596
66.8092899323,-16.6651263237,-246.9243850708
85.8304462433,-26.1935725212,-284.0733108521
85.6515026093,-21.4281883240,-284.3598251343
85.8062934875,-16.6638720036,-284.0846023560
90.2019329071,-26.1896672249,-292.1010971069
90.2044830322,-21.4279828072,-292.0992279053
90.2036304474,-16.6648790836,-292.1006469727
89.5437850952,-26.1938300133,-289.3600845337
89.5228519440,-21.4281187057,-289.3578567505
89.5406227112,-16.6651458740,-289.3601989746
91.7802677155,-16.6625823975,-287.6009445190
98.6755561829,-16.6460483074,-286.7507171631
91.5941867828,-21.4283599854,-287.8686676025
91.8009815216,-26.1985511780,-287.5922927856
98.7032032013,-21.3756799698,-281.0774383545
98.6463088989,-26.1560935974,-286.7444305420
96.4725551605,-21.4320993423,-288.0921096802
89.9301605225,-26.1979918480,-285.8122634888
89.7300548553,-21.4282464981,-286.0970153809
89.9033946991,-16.6651906967,-285.8229904175
86.0485134125,-26.1899943352,-292.9302673340
86.0485076904,-21.4280905724,-292.9302825928
86.0485057831,-16.6661930084,-292.9302978516
86.0075798035,-26.1916508675,-290.6740798950
86.0095577240,-21.4281072617,-290.6742706299
86.0081100464,-16.6665246487,-290.6745452881
85.9597225189,-26.1885251999,-288.3605499268
85.9693813324,-21.4281511307,-288.3677062988
85.9590167999,-16.6674773693,-288.3627166748
81.3370170593,-21.4281039238,-292.9929809570
81.3370151520,-16.6662039757,-292.9929885864
81.2821693420,-26.1907062531,-289.6004714966
81.2823047638,-21.4281063080,-289.6004257202
81.2821311951,-16.6662828922,-289.6005859375
81.2599983215,-26.1898255348,-286.1858673096
81.2592391968,-21.4280972481,-286.1867294312
81.2589550018,-16.6652193069,-286.1870040894
28.1430068016,-16.7054560184,-33.2320609093
25.4024429321,-16.7125809193,-35.0537023544
22.6501116753,-16.7166481018,-36.8723134995
28.1548104286,-21.4727206230,-33.2296133041
25.4090824127,-21.4777612686,-35.0483942032
22.6455106735,-21.4813618660,-36.8644390106
28.1669993401,-26.2387328148,-33.2245998383
25.4152994156,-26.2417192459,-35.0434885025
22.6515612602,-26.2444958687,-36.8594017029
31.1128931046,-16.7049558163,-36.7639293671
27.5736975670,-16.7124633789,-38.4371166229
24.0253386497,-16.7167735100,-40.1112833023
31.1126542091,-21.4712204933,-36.7603616714
27.5801877975,-21.4769511223,-38.4326677322
24.0325770378,-21.4809708595,-40.1062955856
31.1247305870,-26.2365479469,-36.7560796738
27.5863819122,-26.2404665947,-38.4284954071
24.0387310982,-26.2437295914,-40.1017923355
34.0886321068,-16.7054142952,-40.2914943695
29.7452936172,-16.7118580341,-41.8212089539
25.4002995491,-16.7165570259,-43.3506841660
34.0807042122,-21.4694018364,-40.2864093781
29.7515602112,-21.4758749008,-41.8174428940
25.4193992615,-21.4804539680,-43.3485336304
34.0880298615,-26.2326865196,-40.2827816010
29.7576580048,-26.2390346527,-41.8138732910
25.4252362251,-26.2426748276,-43.3444042206
113.4652023315,-16.6751751900,-352.1988220215
113.2340373993,-21.4279966354,-346.7679519653
113.4680442810,-26.1806297302,-352.1984634399
111.6065177917,-21.4280695915,-353.5468139648
106.0250034332,-26.1928339005,-353.7407455444
106.0103893280,-16.6737794876,-353.7410888672
120.3273468018,-20.2372603416,-378.8599472046
118.0112438202,-20.0920696259,-372.9539108276
-14.0783283710,-25.5870203972,-30.0609641075
-14.1168212891,-21.0650410652,-30.1081957817
-14.1564383507,-16.5453996658,-30.1631555557
-17.4331002235,-24.8250265121,-29.3911871910
-17.5612709522,-20.6054248810,-29.5622820854
-17.6852164268,-16.3924922943,-29.6610813141
-14.4193453789,-24.0346159935,-33.4793405533
-14.4252257347,-20.1130199432,-33.5151653290
-14.5073029995,-16.2257485390,-33.5667595863
-14.7794809341,-23.2164807320,-36.9026584625
-14.6402275562,-19.7210235596,-36.7694492340
-14.7807583809,-16.1169788837,-36.8833951950
28.0289483070,-16.6907186508,-24.8358316422
27.7681860924,-21.4664669037,-24.8541960716
28.0188879967,-26.2365698814,-24.8597950935
23.1703863144,-16.6945300102,-19.6474924088
23.1712579727,-21.4659810066,-19.6404395103
23.1715173721,-26.2333273888,-19.6247801781
25.0475568771,-16.6928737164,-20.8780937195
25.0349326134,-21.4654078484,-20.8925909996
25.0478863716,-26.2345128059,-20.8672027588
26.6488924026,-26.2367572784,-19.9705405235
26.2043948174,-26.2318973541,-17.4482934475
26.3911995888,-21.4638233185,-19.9919171333
26.6647558212,-16.6834876537,-19.9446625710
25.6010880470,-21.4625673294,-17.3610591888
26.2235798836,-16.6852197647,-17.4317860603
27.7135939598,-16.6849880219,-21.6539731026
27.4395909309,-21.4638800621,-21.6908912659
27.6984858513,-26.2367844582,-21.6840200424
22.1982254982,-16.6982259750,-21.7535305023
22.2007398605,-21.4687490463,-21.7411847115
22.2027544975,-26.2363300323,-21.7337431908
23.6753721237,-16.6985380650,-22.5686230659
23.6790904999,-21.4683547020,-22.5585441589
23.6802587509,-26.2352628708,-22.5495600700
25.2516589165,-16.6988770962,-23.3946132660
25.2534608841,-21.4674654007,-23.3808794022
25.2564249039,-26.2339191437,-23.3796238899
21.6524229050,-16.7033679485,-24.4375042915
21.6568989754,-21.4724864960,-24.4281625748
21.6608548164,-26.2390975952,-24.4201846123
23.5960597992,-16.7034885883,-25.7929420471
23.6007428169,-21.4718141556,-25.7848706245
23.6049828529,-26.2378931046,-25.7778687477
25.6398148537,-16.7029657364,-27.0990900993
25.6444077492,-21.4707446098,-27.0920052528
25.6491293907,-26.2365536690,-27.0859432220
31.1496076584,-16.6927425861,-28.9685835838
30.6884522438,-21.4670243263,-29.3390717506
31.1503934860,-26.2391319275,-28.9927954674
34.0695133209,-16.7043857574,-33.6762547493
33.6718707085,-21.4667329788,-34.4385375977
34.0860056877,-26.2342810631,-33.6607532501
-27.1078362465,-24.3749914169,-14.8577997684
-26.9373474121,-20.6711239815,-14.4931654930
-27.2524819374,-16.4345557690,-14.9977920055
-21.6688966751,-30.5777521133,-15.0621631145
-24.6345772743,-29.8174505234,-18.1971690655
-22.3312106133,-30.1096458435,-19.3031110764
-21.9312191010,-16.5905582905,-15.1342022419
-21.6681947708,-21.1468048096,-14.9367647171
-21.8047337532,-25.6301050186,-15.0466535091
-22.8303141594,-16.5141487122,-19.7934188843
-22.2135124207,-20.9162411690,-19.5371022224
-22.4726505280,-25.0128922462,-19.5312733650
-24.4716806412,-20.1009025574,-19.4474487305
-14.6299285889,-11.9276041985,-39.9514188766
-14.6070206165,-7.1414828300,-39.9345340729
-14.6117537022,-2.3798797120,-39.9512939453
46.2253265381,-2.3757544938,-209.7331581116
46.2608966827,-11.9016811848,-209.6988372803
54.7295894623,-7.1469328657,-203.6801071167
43.7232742310,-2.3739034599,-206.0293540955
55.7136201859,-11.8836038113,-209.7908973694
54.1416797638,-7.1433897018,-211.2910270691
55.6907920837,-2.3931914306,-209.8270683289
62.0063114166,-7.1368488184,-210.1459236145
56.8447961807,-12.4904897213,-218.0291824341
52.4632396698,-12.3979852200,-220.1158981323
57.0151777267,-12.9078478813,-221.6534881592
57.1296091080,-12.5268471241,-224.6199455261
57.2529468536,-12.1178989410,-227.5789413452
60.9726467133,-12.7310807705,-219.9312705994
60.8720722198,-12.8498406410,-223.6660346985
61.5332412720,-12.3130090237,-226.9352378845
63.0888967514,-12.5290794373,-222.4503898621
56.3749465942,-7.1271274090,-219.6510734558
56.7551937103,-7.1362770796,-223.8111152649
56.9451599121,-7.1545795202,-225.9828529358
57.1690654755,-7.1448581219,-228.0660667419
60.1554298401,-7.1451039314,-221.8356971741
60.2310543060,-7.1541441679,-225.0271034241
61.2415475845,-7.1438516378,-227.3984298706
62.2033052444,-7.1466635466,-223.4653167725
56.8160762787,-2.3755604541,-219.1978034973
52.4584598541,-2.3814527758,-221.0825538635
57.0143232346,-2.3791112487,-223.5827178955
57.1108732224,-2.3797297451,-225.8112220764
57.2219476700,-2.3800020978,-228.0055732727
60.7836475372,-2.3708106557,-221.2031288147
60.5249204636,-2.3787457080,-224.6956481934
61.3323059082,-2.3831181939,-227.2850418091
62.6962423325,-2.3760827168,-222.9156303406
43.3684148788,-11.9535365105,-86.3959808350
42.9475049973,-7.1899584532,-86.4577713013
43.3409442902,-2.4258748395,-86.3622016907
31.0354261398,-11.8043792248,-89.9183750153
31.0273547173,-7.0583059788,-89.9175014496
31.0177941322,-2.3004163187,-89.9147453308
35.0005683899,-11.8751955032,-90.4133605957
34.9883975983,-7.1127429008,-90.4158554077
34.9993019104,-2.3311091679,-90.4136848450
38.8035974503,-11.9522490501,-90.8952121735
38.7953996658,-7.1876013279,-90.8982028961
38.7817049026,-2.4174166917,-90.9017696381
32.3057761192,-11.8548340797,-84.6269264221
32.2923674583,-7.0929727554,-84.6315727234
32.3055224419,-2.3212498514,-84.6265296936
35.2476663589,-11.9195160866,-85.0306186676
35.2398796082,-7.1536225080,-85.0375251770
35.2400207520,-2.3762493179,-85.0380268097
38.1366128922,-11.9542689323,-85.5067710876
38.1277294159,-7.1912044287,-85.4975852966
38.1067438126,-2.4248599042,-85.4720268250
34.2457222939,-2.3865333021,-80.0891075134
34.2482175827,-7.1582536697,-80.0680637360
34.2605814934,-11.9249284267,-80.0613784790
37.9589796066,-2.4238474377,-81.3729820251
37.9615230560,-7.1915441751,-81.3768882751
37.9688529968,-11.9562861919,-81.3542003632
41.0009622574,-11.9549851418,-79.2254009247
46.1451120377,-11.9334278107,-69.4273614883
40.0565233231,-11.9512243271,-74.7434558868
40.5817708969,-7.1901785135,-79.3196449280
40.9883165359,-2.4236343391,-79.2520351410
46.1378526688,-2.4288347829,-69.4365310669
43.3904113770,-7.1843044758,-69.2740736008
39.0532846451,-7.1909210682,-74.7564735413
40.0406045914,-2.4276252058,-74.7590961456
42.9661874771,-2.4225171842,-81.6459655762
42.5670452118,-7.1888345480,-81.7645721436
42.9900894165,-11.9545097351,-81.6857948303
72.9889068604,-11.9072184563,-234.4133682251
69.0127296448,-11.9065198898,-239.4906921387
72.9940567017,-2.3737813921,-234.4148483276
76.3238697052,-7.1469466499,-234.3383979797
70.8979797363,-7.1418697834,-234.9587745667
68.2530975342,-7.1421726942,-239.8798179626
68.9851760864,-2.3801350203,-239.4956283569
71.0848941803,-11.9092297554,-245.0625915527
66.7358016968,-11.9026908875,-247.0074043274
66.7519454956,-11.9047734737,-250.4345130920
66.8174247742,-11.9044961929,-253.8303184509
71.2578830719,-11.9064731598,-249.4313735962
71.3764305115,-11.9054307938,-251.6721382141
71.5010433197,-11.9044806957,-253.8478126526
75.0301895142,-11.9163622856,-247.0294380188
74.7934722900,-11.9061789513,-250.5358161926
75.6175918579,-11.8993215561,-253.0968322754
76.9994812012,-11.9084758759,-248.7340850830
70.6353702545,-7.1418613195,-245.5586814880
66.6626033783,-7.1422213316,-247.0901069641
66.6963157654,-7.1423616409,-250.4920845032
66.7964305878,-7.1422849894,-253.8522338867
71.0311985016,-7.1421253681,-249.6968994141
71.2255573273,-7.1424412727,-251.8356246948
71.4474697113,-7.1422723532,-253.9055290222
74.4212303162,-7.1419047117,-247.6930503845
74.4968242645,-7.1423467398,-250.8555412292
75.5170288086,-7.1422828436,-253.2016448975
76.4762458801,-7.1415418386,-249.2812576294
71.0727348328,-2.3783038475,-245.0928230286
66.7332344055,-2.3811563867,-247.0089302063
66.7587127686,-2.3799727979,-250.4300842285
66.8173961639,-2.3800959262,-253.8303527832
71.2820129395,-2.3793578083,-249.4526557922
71.3845901489,-2.3797541236,-251.6674690247
71.5010395050,-2.3800844988,-253.8478431702
75.0351638794,-2.3735995555,-247.0506172180
74.7862949371,-2.3788204748,-250.5274200439
75.5975379944,-2.3831751463,-253.0938453674
76.9725093842,-2.3763275403,-248.7325019836
87.3593006134,-11.8993823528,-273.7395324707
83.4138183594,-11.9066071510,-278.8103027344
87.3502845764,-2.3826949028,-273.7423019409
90.6555423737,-7.1452095155,-273.6244354248
85.2850856781,-7.1421420574,-274.2968292236
82.6575489044,-7.1423035860,-279.2027206421
83.3875637054,-2.3802391479,-278.8154830933
85.5196075439,-11.9091970921,-284.3034744263
81.1859493256,-11.9027872086,-286.2697525024
81.2267494202,-11.9048469067,-289.6582717896
81.3161888123,-11.9045803547,-293.0149307251
85.7232017517,-11.9065201283,-288.6222915649
85.8566856384,-11.9054923058,-290.8378906250
85.9953193665,-11.9045655727,-292.9879760742
89.4773406982,-11.9162740707,-286.2103729248
89.2638359070,-11.9062221050,-289.6816253662
90.1025104523,-11.8994483948,-292.2066650391
91.4501171112,-11.9073193073,-287.8785934448
85.0744533539,-7.1419656277,-284.7987365723
81.1132164001,-7.1423194408,-286.3521957397
81.1715621948,-7.1424485445,-289.7157974243
81.2953624725,-7.1423695087,-293.0368652344
85.4980697632,-7.1422115564,-288.8870239258
85.7068405151,-7.1425271034,-291.0009918213
85.9421386719,-7.1423573494,-293.0456390381
88.8740634918,-7.1420346498,-286.8728713989
88.9692211151,-7.1424281597,-290.0005874634
90.0024528503,-7.1423921585,-292.3112716675
90.9317474365,-7.1418261528,-288.4251022339
85.5089225769,-2.3784648169,-284.3340301514
81.1834163666,-2.3812519505,-286.2712860107
81.2334308624,-2.3800707351,-289.6537780762
81.3161659241,-2.3801811062,-293.0149536133
85.7472705841,-2.3794635495,-288.6433410645
85.8646087646,-2.3798501483,-290.8329772949
85.9952983856,-2.3801661154,-292.9879913330
89.4826431274,-2.3740432502,-286.2315673828
89.2561817169,-2.3790653241,-289.6731033325
90.0822982788,-2.3833200148,-292.2038116455
91.4153175354,-2.3778629994,-287.8783187866
91.0032253265,-11.9042994976,-309.1888122559
91.0895843506,-11.9043290615,-313.6663818359
91.1850128174,-11.9050123692,-318.1477203369
91.0024414062,-7.1424137354,-309.1889877319
91.0895824432,-7.1424309015,-313.6663894653
91.0025806427,-2.3805010001,-309.1890869141
91.0895595551,-2.3805278270,-313.6664276123
91.1806507111,-2.3798370369,-318.1455078125
104.0190639496,-7.1418721712,-312.0176315308
97.3113384247,-11.8991794586,-308.3675842285
96.0600318909,-11.9166007042,-313.0117187500
97.4724540710,-11.9023478031,-317.3266983032
101.3467330933,-11.8961308002,-312.3470687866
95.9954948425,-7.1423950195,-308.5327911377
95.1732254028,-7.1423732042,-313.1222457886
96.1595268250,-7.1424542665,-317.4912796021
98.7177352905,-7.1424714327,-312.6766815186
97.3160171509,-2.3839107229,-308.3659210205
96.0607662201,-2.3682196694,-313.0117492676
97.4709739685,-2.3826096463,-317.3255310059
101.3552970886,-2.3861174324,-312.3463897705
105.0272636414,-7.1459387943,-351.8759231567
27.9294042587,-2.3679977990,-24.9235606194
27.7314515114,-7.1517516375,-24.9661507607
28.0158753395,-11.9315426350,-24.8838572502
23.1623473167,-2.3426290387,-19.7059106827
23.1678562164,-7.1341850758,-19.6685714722
23.1699147224,-11.9157559872,-19.6562247276
25.0475759506,-2.3498452697,-20.9144697189
25.0161547661,-7.1388269663,-20.9446973801
25.0404109955,-11.9217987061,-20.8984594345
26.6532549858,-11.9228522778,-20.0002527237
30.0318937302,-11.9057271481,-15.2149591446
26.2192921638,-11.9129912853,-17.4783511162
26.3595633507,-7.1373361349,-20.1230087280
26.6098623276,-2.3418654678,-20.0993576050
29.9970726967,-2.3320731907,-15.2854144573
32.5647644997,-7.1257059858,-16.0593936443
28.2727503777,-7.1220664978,-14.9612419605
25.5877161026,-7.1274522543,-17.4751102924
26.1624851227,-2.3297175593,-17.5728099346
27.6441488266,-2.3499112804,-21.7296457291
27.3994188309,-7.1421049833,-21.8324995041
27.6985592842,-11.9281151295,-21.7147407532
22.1906337738,-2.3540519415,-21.7854356766
22.1887645721,-7.1427407265,-21.7731165886
22.1945667267,-11.9236767292,-21.7643375397
23.6726131439,-2.3606819613,-22.5752553940
23.6662125587,-7.1445941925,-22.5855636597
23.6712541580,-11.9242177010,-22.5776309967
25.2011327744,-2.3654044357,-23.3744635582
25.2377538681,-7.1461844444,-23.4154014587
25.2463903427,-11.9258639812,-23.4075269699
21.6410846710,-2.3695546540,-24.4652652740
21.6391811371,-7.1531101465,-24.4586734772
21.6466650963,-11.9308662415,-24.4481048584
23.5996584892,-2.3783340298,-25.8088388443
23.5835447311,-7.1564722061,-25.8098611832
23.5904641151,-11.9321849346,-25.8017501831
25.6065244675,-2.3838582310,-27.1290779114
25.6270003319,-7.1585742235,-27.1127762794
25.6340870857,-11.9332373142,-27.1063857079
-1.4328891036,-116.6659774780,-1.4349038303
-4.3526508808,-116.6659851074,-1.3367732465
-7.3793823719,-116.6659832001,-1.2393308044
-1.3347758405,-116.6659717560,-4.3546785116
-4.0094010830,-116.6659851074,-4.0114037395
-6.8301900625,-116.6659889221,-3.6289061904
-1.2373352181,-116.6659507751,-7.3813860416
-0.8753407123,-102.0292549133,-1.3885498643
-3.7579369545,-102.1782970428,-1.2863072753
-6.8756797314,-102.2588729858,-0.8744689619
-0.8013562174,-102.1372585297,-4.2059345841
-3.4462570846,-102.2302150726,-3.8989555836
-6.3607146740,-102.2750682831,-3.4972141981
-0.7900209727,-102.2222671509,-7.1382830143
-3.1949132085,-102.1939601898,-6.6024712324
-5.5545247197,-102.1592826843,-5.8807505369
-1.4220187260,-107.1415615082,-1.4264785647
-4.3392698169,-107.1419792175,-1.3299790323
-7.3752011061,-107.1416645050,-1.2405494295
-1.3265140567,-107.1417732239,-4.3421577811
-3.9795894623,-107.1420612335,-3.9823376536
-6.8075596094,-107.1416015625,-3.6114032269
-1.2386000495,-107.1416244507,-7.3771742582
-3.6093848348,-107.1419143677,-6.8099927902
-5.8986530304,-107.1417121887,-5.9007300138
-1.4328310277,-111.9041328430,-1.4348647296
-4.3525855541,-111.9040946960,-1.3367482424
-7.3793092966,-111.9041233063,-1.2393352848
-1.3347472484,-111.9040832520,-4.3546248674
-4.0093572140,-111.9040870667,-4.0113644004
-6.8300979137,-111.9041042328,-3.6288845539
-1.2373092772,-111.9040699005,-7.3812992573
-3.6268885732,-111.9041156769,-6.8321249485
-5.9174621105,-111.9041042328,-5.9194771051
1.2411731649,-116.6659317017,-7.3813997507
3.6307455897,-116.6659221649,-6.8322433233
5.9213519096,-116.6659145355,-5.9195877314
1.3386057563,-116.6659603119,-4.3547067046
4.0132277012,-116.6659488678,-4.0114904642
6.8340408802,-116.6659183502,-3.6290097237
1.4367402199,-116.6659679413,-1.4349433482
4.3565052152,-116.6659526825,-1.3368923664
7.3832502365,-116.6658706665,-1.2394807081
1.6732243596,-102.2545204163,-7.1675044298
4.1393715143,-102.3365459442,-6.6276406050
6.6311602592,-102.5510883331,-5.8296216726
1.8216257780,-102.1456050873,-4.2110722065
4.4990196824,-102.2031726837,-3.8964167833
7.5367718935,-102.4400730133,-3.4518054128
1.9284057198,-102.0535068512,-1.4001787305
4.8123705983,-102.1538238525,-1.3164130747
7.9808847904,-102.3915367126,-0.9005497658
1.2435283918,-107.1414661407,-7.3753863573
3.6173451543,-107.1414318085,-6.8030533791
5.9174941778,-107.1429042816,-5.8802773952
1.3343714860,-107.1411724091,-4.3404084444
3.9914908409,-107.1382541656,-3.9733626842
6.8424481153,-107.1490535736,-3.5780069232
1.4323232280,-107.1408290863,-1.4257828891
4.3542084098,-107.1377525330,-1.3269568980
7.4182518721,-107.1619701385,-1.1271100406
1.2411619722,-111.9039707184,-7.3813340664
3.6309553981,-111.9039001465,-6.8321059942
5.9217301607,-111.9040832520,-5.9194906950
1.3386271661,-111.9040565491,-4.3546221852
4.0133436322,-111.9040584564,-4.0113397837
6.8341267109,-111.9041481018,-3.6288782954
1.4367787753,-111.9041328430,-1.4348846078
4.3565527201,-111.9041500092,-1.3368155658
7.3831624985,-111.9040966034,-1.2391593659
