E1_P01_X,E1_P01_Y,E1_P02_X,E1_P02_Y,E1_P03_X,E1_P03_Y,E1_P04_X,E1_P04_Y,MEAN_X,MEAN_Y
7.29749644088504E-07,0.0236814139077956,8.53267290869881E-07,0.0250736047463874,8.04100913842018E-07,0.020973436554524,4.85181667570582E-07,0.012954902912035,0,0
1.50182419941453E-06,0.0487363313859537,1.69705383406343E-06,0.0498686138844816,1.6119331544304E-06,0.0420441976406235,9.70363335141164E-07,0.0259098058240699,4.73857575735088E-07,0.0135785138988898
2.27219439589877E-06,0.0737359399955067,2.52646634045738E-06,0.0742412361325828,2.4514816723629E-06,0.063942217245115,1.46112180348842E-06,0.0390136156661282,9.47715151470176E-07,0.0271570277977796
3.00336433902209E-06,0.0974634446271399,3.38126278417828E-06,0.0993597756545014,3.30035850716132E-06,0.0860835481785452,1.97582771046492E-06,0.0527568493841694,1.42157272720526E-06,0.0407355416966694
3.75839530593032E-06,0.121965273419246,4.26541896263879E-06,0.125341062866618,4.18281728267704E-06,0.109100799896155,2.47872392167905E-06,0.066184750779808,1.89543030294035E-06,0.0543140555955592
4.53217422009813E-06,0.147075499766009,5.16792497531156E-06,0.151861567385109,5.02982845410227E-06,0.131193468563798,3.01868945570284E-06,0.0806024452985434,2.36928787867544E-06,0.0678925694944491
5.3161792873166E-06,0.172517579324404,6.04474122008717E-06,0.177627167674676,5.89176493251297E-06,0.153675435357742,3.5547184244725E-06,0.0949150290431445,2.84314545441053E-06,0.0814710833933389
6.14108896673779E-06,0.199287071729324,6.9729370006571E-06,0.20490257642209,6.76489539116277E-06,0.176449375746413,4.10058880637747E-06,0.109490389723081,3.31700303014562E-06,0.0950495972922287
6.93702454584872E-06,0.225116313367955,7.91948261543928E-06,0.232717202475879,7.67907044402261E-06,0.200293885982415,4.65236403616362E-06,0.124223416564219,3.7908606058807E-06,0.108628111191118
7.73296012495965E-06,0.250945555006586,8.87887311417004E-06,0.260909280644129,8.6171881768383E-06,0.224762895296026,5.24153663586393E-06,0.139954995759631,4.26471818161579E-06,0.122206625090008
7.91788305929271E-06,0.25694656725025,9.08744956304934E-06,0.267038384026579,8.9225350822493E-06,0.232727286129956,5.47707445690226E-06,0.146244123745325,4.73857575735088E-06,0.135785138988898
8.12013364185052E-06,0.263509886324735,9.27217122745271E-06,0.272466504910743,9.11034519514976E-06,0.237625954219257,5.70900375979096E-06,0.152436900188062,5.21243333308597E-06,0.149363652887788
8.32067986556655E-06,0.270017896530614,9.46637363953242E-06,0.2781732214032,9.32987158539433E-06,0.24335188082695,6.03114601641998E-06,0.161038465204708,5.68629090882106E-06,0.162942166786678
8.51099993623191E-06,0.276194053524862,9.69880487288765E-06,0.285003307283937,9.56245761925119E-06,0.249418443295157,6.37297109931961E-06,0.170165584092024,6.16014848455614E-06,0.176520680685568
8.72006795415683E-06,0.282978608073767,9.93490607308534E-06,0.291941236625948,9.82644898655663E-06,0.256304153904125,6.7010182038298E-06,0.17892481526987,6.63400606029123E-06,0.190099194584457
8.93993024474636E-06,0.290113452123839,1.01251326877524E-05,0.297531122702024,1.00761369346677E-05,0.262816787142054,6.95427056851167E-06,0.185686941739168,7.10786363602632E-06,0.203677708483347
9.16462155205427E-06,0.297405004634958,1.03541997848354E-05,0.304262352076592,1.03164965659128E-05,0.269086109051043,7.22720575946416E-06,0.192974622079136,7.58172121176141E-06,0.217256222382237
9.4145941821819E-06,0.305516972030389,1.05358631435367E-05,0.309600603409694,1.05991445669501E-05,0.276458442317889,7.44470098975442E-06,0.198781992350048,8.0555787874965E-06,0.230834736281127
9.63047963547394E-06,0.312522762053715,1.07887850250956E-05,0.317032815282548,1.08618921586734E-05,0.283311711416331,7.64874628875976E-06,0.204230234142669,8.52943636323158E-06,0.244413250180017
9.82591278266464E-06,0.318864845653778,1.10215220890211E-05,0.32387188811839,1.10537445422157E-05,0.288315814414839,7.83114047886743E-06,0.209100366677551,9.00329393896667E-06,0.257991764078906
9.99748490607042E-06,0.324432605093369,1.12007388031608E-05,0.329138243810642,1.13012558830581E-05,0.294771675009349,8.09193792695304E-06,0.216063955463939,9.47715151470176E-06,0.271570277977796
1.0186384677701E-05,0.330562671363779,1.14038103017764E-05,0.33510558200118,1.15543642140199E-05,0.301373522401221,8.28220524756895E-06,0.22114430954709,9.95100909043685E-06,0.285148791876686
1.03906236789075E-05,0.337190517451636,1.16766111703986E-05,0.343121945955939,1.17832189211304E-05,0.307342760337853,8.47706522764801E-06,0.226347292866731,1.04248666661719E-05,0.298727305775576
1.05471406325442E-05,0.342269715218548,1.19185231514302E-05,0.350230627444969,1.20046109747482E-05,0.313117349211334,8.6857031861165E-06,0.231918163895841,1.0898724241907E-05,0.312305819674466
1.07425737797349E-05,0.348611798818611,1.21821491029462E-05,0.357977382746541,1.22427939987246E-05,0.319329898476904,8.99636379408765E-06,0.240213155821262,1.13725818176421E-05,0.325884333573355
1.09789115391283E-05,0.3562812952652,1.24384351207774E-05,0.365508451125563,1.24365120456401E-05,0.3243826637412,9.29127814104232E-06,0.248087704650146,1.18464393933772E-05,0.339462847472245
1.11811621216861E-05,0.362844614339684,1.26124527152236E-05,0.370622028581009,1.27437246144243E-05,0.332395716840917,9.52714400918515E-06,0.254385591867018,1.23202969691123E-05,0.353041361371135
1.14121027447472E-05,0.370338966035689,1.2813689230418E-05,0.37653544504091,1.30304148861035E-05,0.33987348501697,9.74299900395286E-06,0.260149165982041,1.27941545448474E-05,0.366619875270025
1.16617913150679E-05,0.378441715286352,1.30259356461398E-05,0.382772391884635,1.32701526295575E-05,0.346126586170697,9.96082228134763E-06,0.265965295484131,1.32680121205825E-05,0.380198389168915
1.18489867278567E-05,0.384516472688157,1.32767167137073E-05,0.390141695071745,1.3519529633773E-05,0.352631109030994,1.02121063634024E-05,0.272674866566361,1.37418696963176E-05,0.393776903067805
1.20819157695665E-05,0.392075351397535,1.35969213207111E-05,0.39955103706797,1.372288694145E-05,0.357935296001859,1.04063102492725E-05,0.277860331423646,1.42157272720526E-05,0.407355416966694
1.22841663521243E-05,0.39863867047202,1.37816429851145E-05,0.404979157952134,1.39610699654264E-05,0.36414784526743,1.05929690517388E-05,0.282844333963841,1.46895848477877E-05,0.420933930865584
1.2440967365568E-05,0.403727086383699,1.39663646495179E-05,0.410407278836298,1.42704591414793E-05,0.372217671010567,1.08678725253183E-05,0.290184569690876,1.51634424235228E-05,0.434512444764474
1.26741804670848E-05,0.411295183237844,1.42009366968645E-05,0.417300273402778,1.45403584427999E-05,0.379257478794529,1.1113251759492E-05,0.296736474611905,1.56372999992579E-05,0.448090958663364
1.28440482316488E-05,0.41680763380883,1.43969740923655E-05,0.423060911625873,1.47766758034031E-05,0.385421365794312,1.13369798847679E-05,0.302710270275197,1.6111157574993E-05,0.461669472562254
1.3012211637371E-05,0.42226477551121,1.45948464712876E-05,0.428875471579605,1.50017991837672E-05,0.391293279199368,1.15689091876566E-05,0.308903046717934,1.65850151507281E-05,0.475247986461143
1.32076447845617E-05,0.428606859111274,1.48217727543792E-05,0.435543792268429,1.52570841219978E-05,0.39795189923466,1.18690722882835E-05,0.316917743245664,1.70588727264632E-05,0.488826500360033
1.34016576327176E-05,0.4349028519875,1.50875395198867E-05,0.443353456255745,1.54691478587496E-05,0.403483176779202,1.21144515224571E-05,0.323469648166693,1.75327303021983E-05,0.502405014258923
1.36209518036932E-05,0.442019259748036,1.53144658029783E-05,0.450021776944569,1.56964478463825E-05,0.409411862827677,1.23342430824789E-05,0.32933833305585,1.80065878779333E-05,0.515983528157813
1.38405300344758E-05,0.44914488565334,1.56034756918213E-05,0.458514449519959,1.58842579592829E-05,0.414310530916978,1.25520663598737E-05,0.33515446255794,1.84804454536684E-05,0.529562042056703
1.40041484832866E-05,0.45445453703944,1.58567034039504E-05,0.465955648347919,1.61090703957515E-05,0.420174333944403,1.27469263399527E-05,0.340357445877581,1.89543030294035E-05,0.543140555955592
1.42285557307875E-05,0.461736871405792,1.61218585083175E-05,0.473747338425022,1.63879870700424E-05,0.427449342679673,1.30493857703111E-05,0.348433457023555,1.94281606051386E-05,0.556719069854482
1.43833683255825E-05,0.466760760304098,1.630535685044E-05,0.479139511488761,1.66168417771529E-05,0.433418580616304,1.32462140330173E-05,0.353688995730263,1.99020181808737E-05,0.570297583753372
1.46554976206533E-05,0.475591742991396,1.65142391298896E-05,0.485277601826317,1.68236194676807E-05,0.438811981741114,1.34643653575165E-05,0.359513884463531,2.03758757566088E-05,0.583876097652262
1.48341712392331E-05,0.481389956050175,1.67298496818836E-05,0.491613405176211,1.709569537627E-05,0.445908562168496,1.36726752688805E-05,0.365075996261464,2.08497333323439E-05,0.597454611551152
1.50909613047279E-05,0.489723158920026,1.69038672763298E-05,0.496726982631657,1.73488037072318E-05,0.452510409560368,1.39278959161894E-05,0.371890678117828,2.1323590908079E-05,0.611033125450042
1.53034380403363E-05,0.496618331206142,1.70940938909968E-05,0.502316868707733,1.75667753779988E-05,0.458195784279905,1.41811482808713E-05,0.378652804587126,2.1797448483814E-05,0.624611639348931
1.55176191347866E-05,0.503568812360862,1.73243843103606E-05,0.509084045902726,1.78105553920947E-05,0.464554320342839,1.43812570146225E-05,0.383995935605612,2.22713060595491E-05,0.638190153247821
1.56738520286164E-05,0.508638791983006,1.75219508587126E-05,0.514889618901352,1.80502931355488E-05,0.470807421496566,1.46092497522571E-05,0.390083601274215,2.27451636352842E-05,0.651768667146711
1.59101897880098E-05,0.516308288429595,1.77598870423315E-05,0.521881469974001,1.82626678161961E-05,0.476346809418739,1.47978768373505E-05,0.395120159201477,2.32190212110193E-05,0.665347181045601
1.612437088246E-05,0.523258769584316,1.79978232259504E-05,0.528873321046649,1.85384750515317E-05,0.483540714377696,1.50629388977947E-05,0.402197617993177,2.36928787867544E-05,0.678925694944491
1.63112822354418E-05,0.529324308841353,1.82357594095693E-05,0.535865172119298,1.88027773627327E-05,0.490434535364295,1.52492696531565E-05,0.407172861302194,2.41667363624895E-05,0.69250420884338
1.64592773948697E-05,0.534126962265239,1.84464766724401E-05,0.542057184187491,1.90764079907996E-05,0.497571667679833,1.55100671012421E-05,0.414136450088582,2.46405939382246E-05,0.70608272274227
1.67453256204816E-05,0.543409634046146,1.8617130130614E-05,0.547071905136769,1.9274168308357E-05,0.502729867853335,1.57846425277172E-05,0.421467926584439,2.51144515139597E-05,0.71966123664116
1.69140571458178E-05,0.548885212038061,1.88079684064215E-05,0.552679765123058,1.94843663817357E-05,0.50821248313209,1.60500326352659E-05,0.428554144607317,2.55883090896948E-05,0.73323975054005
1.7112899010692E-05,0.555337913375335,1.90113457356073E-05,0.558656090268702,1.97486686929367E-05,0.515106304118689,1.62780253729005E-05,0.43464181027592,2.60621666654298E-05,0.74681826443894
1.73577585642943E-05,0.563283954164949,1.91979023834319E-05,0.564138132883504,2.00409559547354E-05,0.522730059092104,1.6487975519787E-05,0.440247718229742,2.65360242411649E-05,0.760396778337829
1.75585888478173E-05,0.569801182515596,1.94028088654688E-05,0.570159392804679,2.03142756389067E-05,0.529859081030011,1.67510692976042E-05,0.447272621634375,0.0000270098818169,0.773975292236719
1.77881091718436E-05,0.577249443487764,1.96701047838273E-05,0.578013991567526,2.05879062669736E-05,0.536996213345549,1.69610194444907E-05,0.452878529588197,2.74837393926351E-05,0.787553806135609
1.80613747061422E-05,0.586117298754132,1.98676713321793E-05,0.583819564566152,2.08518976342791E-05,0.543881923954517,1.71575196600923E-05,0.458125309063727,2.79575969683702E-05,0.801132320034499
1.82587962719817E-05,0.592523909367568,2.01294623002741E-05,0.591512398137086,2.11367222425851E-05,0.551311029864781,1.74094598363562E-05,0.464852398608313,2.84314545441053E-05,0.814710833933389
1.85070645432675E-05,0.600580567894393,2.03710684507355E-05,0.59861209267101,2.14737854253402E-05,0.560102679217103,1.76492622697531E-05,0.471255396599319,2.89053121198404E-05,0.828289347832278
1.86632974370973E-05,0.605650547516537,2.05888198167209E-05,0.605010804706647,2.18142689909462E-05,0.568983542723369,1.79576265479927E-05,0.479489073906494,2.93791696955755E-05,0.841867861731168
1.88860003257564E-05,0.612877573014284,2.0771706497703E-05,0.610385003860174,2.20322406617131E-05,0.574668917442905,1.82266251736911E-05,0.486671643472328,2.98530272713105E-05,0.855446375630058
1.91206337263081E-05,0.620491760592267,2.09986327807946E-05,0.617053324548998,2.22666923589431E-05,0.580784142176901,1.85428625824389E-05,0.495115542327772,3.03268848470456E-05,0.869024889528948
1.92822637564701E-05,0.625736884964994,2.12145491633588E-05,0.623398114853998,2.24526368084704E-05,0.585634148000414,1.88725499224717E-05,0.503918569661508,3.08007424227807E-05,0.882603403427838
1.94896274155533E-05,0.632466130645294,2.13940717080687E-05,0.628673457501356,2.2713207792925E-05,0.592430644455437,1.90749549859544E-05,0.509323015298239,3.12745999985158E-05,0.896181917326728
1.96935823569529E-05,0.639084758588384,2.15714534387872E-05,0.63388589146297,2.29025726253031E-05,0.597369864432895,1.92698149660335E-05,0.51452599861788,3.17484575742509E-05,0.909760431225617
1.98412934565737E-05,0.643878193867502,2.17414952358207E-05,0.638882638502035,2.3140444705384E-05,0.603574303320834,1.94505689206186E-05,0.519352334996874,3.2222315149986E-05,0.923338945124507
2.00671210031095E-05,0.651206618957691,2.19537416515425E-05,0.645119585345761,2.3415319109033E-05,0.610743877146897,1.97431869378417E-05,0.527165569207513,3.26961727257211E-05,0.936917459023397
2.02523279972495E-05,0.657216849346124,2.218953702117E-05,0.652048527732665,2.36311141725312E-05,0.616372479223015,2.00161221287942E-05,0.534453249547481,3.31700303014562E-05,0.950495972922287
2.04224798216205E-05,0.662738518061877,2.23834336026795E-05,0.657746257270017,2.38322948729395E-05,0.621619893550461,2.02142625799184E-05,0.5397438251789,3.36438878771912E-05,0.964074486821177
2.06551248035234E-05,0.670288178626487,2.25791651676102E-05,0.663497908538005,2.40502665437064E-05,0.627305268269998,2.04498004009567E-05,0.546032953164594,3.41177454529263E-05,0.977653000720066
2.08695899577806E-05,0.677247877925976,2.28611409533385E-05,0.671783881145951,2.43556134491174E-05,0.635269659103928,2.06653273486199E-05,0.551787768048439,3.45916030286614E-05,0.991231514618956
2.10888841287562E-05,0.684364285686512,2.30733873690603E-05,0.678020827989676,2.46090327239748E-05,0.641879616873431,2.09713952971279E-05,0.55996013073737,3.50654606043965E-05,1.00481002851785
2.13644221415105E-05,0.69330588611102,2.32532157443404E-05,0.68330515759214,2.49289939924757E-05,0.650225195456032,2.11715040308791E-05,0.565303261755856,3.55393181801316E-05,1.01838854241674
2.15598552887012E-05,0.699647969711084,2.3513171729014E-05,0.690944069432438,2.5171219287094E-05,0.65654317963081,2.13876870727513E-05,0.571075595102057,3.60131757558667E-05,1.03196705631563
2.18456194545062E-05,0.708921423347224,2.37202190250423E-05,0.697028238039357,2.54277480009067E-05,0.663234241176626,2.16711197710481E-05,0.578643570839717,3.64870333316018E-05,1.04554557021452
2.20987167425104E-05,0.717134790335097,2.3882920888391E-05,0.701809298155872,2.57253213089295E-05,0.670995872569774,2.19030490739369E-05,0.584836347282454,3.69608909073369E-05,1.05912408411341
2.22603467726725E-05,0.722379914707823,2.40618317719604E-05,0.707066666893018,2.59467133625472E-05,0.676770461443254,2.21605660509774E-05,0.591712343757063,3.7434748483072E-05,1.0727025980123
2.24489624844961E-05,0.728500762833466,2.42649032705761E-05,0.713034005083556,2.61979560301359E-05,0.683323646569339,2.23626430673556E-05,0.597108030162617,3.7908606058807E-05,1.08628111191118
2.26358738374779E-05,0.734566302090504,2.45046744376162E-05,0.720079777886842,2.64218356349179E-05,0.68916311846387,2.26119588667834E-05,0.60376504585778,3.83824636345421E-05,1.09985962581007
2.28108546785672E-05,0.740244679267305,2.47478097409286E-05,0.727224407196296,2.67365108571949E-05,0.697370820626739,2.29337730763079E-05,0.612357851643248,3.88563212102772E-05,1.11343813970896
2.29844152206217E-05,0.745876965720268,2.50114356924447E-05,0.734971162497869,2.69802908712908E-05,0.703729356689673,2.321031678541E-05,0.619741883526172,3.93301787860123E-05,1.12701665360785
2.31474655498186E-05,0.751168180816833,2.51998273236905E-05,0.740507126843307,2.72203395586404E-05,0.709990568221031,2.34166584141469E-05,0.625251439937038,3.98040363617474E-05,1.14059516750674
2.33125042976642E-05,0.75652392292677,2.54288944207735E-05,0.747238356217875,2.75163581471855E-05,0.717711647726022,2.36561328004393E-05,0.631645678696865,4.02778939374825E-05,1.15417368140563
2.35491261168646E-05,0.764202637518127,2.57457348915051E-05,0.756548841707932,2.7745212854296E-05,0.723680885662654,2.39231631435107E-05,0.638775692875633,4.07517515132176E-05,1.16775219530452
2.37431389650205E-05,0.770498630394353,2.59329032004701E-05,0.762048858232945,2.79964555218847E-05,0.730234070788739,2.41157267938581E-05,0.643917361577029,4.12256090889527E-05,1.18133070920341
2.39794767244139E-05,0.778168126840941,2.62589185883078E-05,0.771628952376189,2.82570265063393E-05,0.737030567243762,2.42984490310703E-05,0.648796253343089,4.16994666646877E-05,1.1949092231023
2.41411067545759E-05,0.783413251213668,2.64549559838088E-05,0.777389590599284,2.84955204742112E-05,0.743251226886964,2.44847797864321E-05,0.653771496652106,4.21733242404228E-05,1.20848773700119
2.43961924612289E-05,0.791691145214914,2.6685858064313E-05,0.784174741704489,2.87747480923976E-05,0.750534345999866,2.46753751541525E-05,0.658860609966435,4.26471818161579E-05,1.22206625090008
2.46407679550243E-05,0.799627967859761,2.69256292313531E-05,0.791220514507775,2.90797840539131E-05,0.758490626456164,2.49794748200335E-05,0.666980417268298,4.3121039391893E-05,1.23564476479897
2.48055226430629E-05,0.804974491824931,2.71179966600116E-05,0.796873309269595,2.93344471043526E-05,0.765133025736193,2.52268223368342E-05,0.673584877576395,4.35948969676281E-05,1.24922327869786
2.49617555368927E-05,0.810044471447075,2.72825335067815E-05,0.801708291116747,2.95968837521804E-05,0.771978184457005,2.55210805895798E-05,0.681441907942923,4.40687545433632E-05,1.26280179259675
2.51540640262068E-05,0.816285155454695,2.75278096240853E-05,0.808915829111946,2.98702034363518E-05,0.779107206394911,2.57956560160549E-05,0.68877338443878,4.45426121190983E-05,1.27638030649564
2.53614276852899E-05,0.823014401134995,2.7736997734105E-05,0.815062906404608,3.00657871466405E-05,0.784208633924995,2.60174158587038E-05,0.694694624715005,4.50164696948334E-05,1.28995882039453
2.55165243398918E-05,0.828047508178069,2.79862496488215E-05,0.822387274816188,3.02986841243929E-05,0.790283306770833,2.6313970441181E-05,0.702612969699778,4.54903272705684E-05,1.30353733429342
2.56900848819464E-05,0.833679794631032,2.82425356666527E-05,0.82991834319521,3.05760460792062E-05,0.797517763617946,2.66164298715394E-05,0.710688980845752,4.59641848463035E-05,1.31711584819231
2.59099471725359E-05,0.840814638681104,2.84550879129446E-05,0.836164276994041,3.07865550964803E-05,0.803008489274332,2.69165929721662E-05,0.718703677373482,4.64380424220386E-05,1.3306943620912
2.60579423319637E-05,0.845617292104989,2.86728392789301E-05,0.842562989029678,3.10157207474864E-05,0.808985837588595,2.71265431190527E-05,0.724309585327303,4.69118999977737E-05,1.34427287599009
2.62667262900817E-05,0.852392628509127,2.89618491677731E-05,0.851055661605068,3.1276291731941E-05,0.815782334043619,2.73676577408677E-05,0.730747620243021,5.87675657030763E-05,1.63590471622668
2.64757943080066E-05,0.859177183058032,2.91410658819128E-05,0.85632201729732,3.15166513631861E-05,0.822051655952608,2.76127089279368E-05,0.737290765932872,8.1969319117847E-05,2.20456630473524
2.66933841201405E-05,0.866238281949963,2.93826720323741E-05,0.863421711831243,3.17940133179993E-05,0.829286112799722,2.78544796439609E-05,0.743746319310945,9.6134251438746E-05,2.5142753996922
2.69140985901509E-05,0.873400780434338,2.96059283486233E-05,0.869982189058792,3.20340620053489E-05,0.83554732433108,2.81024832549706E-05,0.750368298081397,0.000105935628356771,2.69894566289769
2.71521407083861E-05,0.881125585749531,2.98019657441242E-05,0.875742827281887,3.23490481715214E-05,0.84376313687158,2.83209626265744E-05,0.756201946045842,0.000115176583909194,2.86755690395871
2.74245540632638E-05,0.889965786581597,3.00090130401525E-05,0.881826995888806,3.25405896111682E-05,0.848759129492456,2.85053250993091E-05,0.761124633967792,0.000123398474411864,3.00696656705512
2.76148741339291E-05,0.896141943575845,3.02068854190746E-05,0.887641555842538,3.27346186019793E-05,0.853820005134383,2.87900699860239E-05,0.768727646630163,0.000130300143132437,3.10854492653668
2.78412698000788E-05,0.90348880495557,3.03971120337417E-05,0.893231441918615,3.29485480021043E-05,0.859399944944713,2.90295443723164E-05,0.775121885389991,0.000136871888443934,3.20066924365385
2.80011954713991E-05,0.908678620459691,3.06426939816157E-05,0.900447966868919,3.32588700098438E-05,0.867494101820744,2.93021515161644E-05,0.782400806498782,0.000143522754816287,3.29506079565239
2.82375332307925E-05,0.91634811690628,3.09647335720408E-05,0.909911230595781,3.34675133637448E-05,0.872936165211341,2.96180608778077E-05,0.790835946123048,0.000149844549294606,3.38002270567477
2.84804043657461E-05,0.924229630682522,3.11919656857025E-05,0.916588538239712,3.36646517935112E-05,0.878078144629581,2.98621279235633E-05,0.797352814119365,0.00015541061488226,3.44332900487411
2.86849274267596E-05,0.930866694915146,3.13880030812035E-05,0.922349176462806,3.38879095105021E-05,0.88390139576885,3.01176766179767E-05,0.804176255206908,0.000160360834518469,3.48898807579327
2.89414334324473E-05,0.93919067964023,3.15635498285007E-05,0.927507688693784,3.41245378150009E-05,0.890073393146264,3.03003988551889E-05,0.809055146972968,0.000165217064973441,3.53195386191734
2.91490811513375E-05,0.945929143465297,3.17479656623339E-05,0.932926822622842,3.43533925221114E-05,0.896042631082896,3.04906661758048E-05,0.814135501056119,0.00017005202200859,3.57431005258165
2.93516157937022E-05,0.952501680684549,3.19837610319614E-05,0.939855765009747,3.46568737641492E-05,0.903958359651038,3.07767232509377E-05,0.821773550643202,0.000174472773345781,3.60479706964879
2.9577443340238E-05,0.959830105774739,3.22290371492652E-05,0.947063303004945,3.49233526826189E-05,0.910908953281056,3.09715832310168E-05,0.826976533962842,0.000178710638420684,3.63004343260056
2.97490154636438E-05,0.96539786521433,3.24229337307747E-05,0.952761032542296,3.51204911123852E-05,0.916050932699295,3.1172348058977E-05,0.832337183443684,0.000183215164923625,3.66293104915322
3.00160316821892E-05,0.974062921295812,3.26039854283356E-05,0.958081309965185,3.53589850802572E-05,0.922271592342497,3.14905537503519E-05,0.840833637686195,0.000187757522605651,3.69690272812744
3.01773776525443E-05,0.979298827523772,3.27706630890969E-05,0.962979200498081,3.55694940975314E-05,0.927762317998883,3.16890222485806E-05,0.846132972548792,0.000191907959857263,3.71964382372779
3.03284974698487E-05,0.9842028805401,3.30434639577191E-05,0.97099556445284,3.58428137817027E-05,0.93489133993679,3.19068455259753E-05,0.851949102050883,0.000196233087016888,3.7473907047485
3.05886962530271E-05,0.992646701147161,3.33291097102899E-05,0.979389380522061,3.60402631553646E-05,0.94004142973266,3.21837172821819E-05,0.859341893164985,0.000200112878889828,3.76237638559101
3.07659495725721E-05,0.998398823482102,3.36386102473366E-05,0.988484179089568,3.63247768197751E-05,0.947462425265294,3.23854662514557E-05,0.864728820339361,0.000204150312557705,3.78187933367416
3.09534290451678E-05,1.00448279902867,3.38493275102073E-05,0.994676191157762,3.65741538239906E-05,0.953966948125591,3.2669883091066E-05,0.872323073770554,0.000208172061321102,3.80093282667969
3.1106537281121E-05,1.00945137905838,3.40181459849601E-05,0.999636990376402,3.67734688610257E-05,0.95916570018725,3.29214952202254E-05,0.879041404083962,0.00021190809148897,3.81179897792004
3.13332170070776E-05,1.01680745858287,3.41887994431341E-05,1.00465171132568,3.70433681623462E-05,0.966205507971212,3.32023035416861E-05,0.886539305972198,0.000215649257134224,3.8228122876203
3.15167196423759E-05,1.0227623801027,3.43845310080648E-05,1.01040336259367,3.72628945525908E-05,0.971931434578905,3.34457144932327E-05,0.89303865550616,0.000219420169128281,3.83467798679651
3.1724083301459E-05,1.029491625783,3.45970832543568E-05,1.0166492963925,3.74674956358499E-05,0.977268063060296,3.36366379080576E-05,0.898136528051667,0.000223019031427401,3.84161355655488
3.19419571733998E-05,1.03656194281969,3.48313494711332E-05,1.02353330400387,3.77302432275732E-05,0.984121332158739,3.39256474071311E-05,0.90585341071935,0.000226612999775227,3.84840888884726
3.21121089977708E-05,1.04208361153545,3.50252460526427E-05,1.02923103354122,3.79497696178178E-05,0.989847258766432,3.41198512930011E-05,0.911038875576635,0.00023022299657974,3.85566352079643
3.2388783249753E-05,1.05106208453903,3.51955936802465E-05,1.0342367675354,3.81680522324802E-05,0.995540743863599,3.44833274847984E-05,0.920744103721689,0.000233976793712314,3.86703878909971
3.26129064374469E-05,1.05833520076061,3.54485155618054E-05,1.04166897940825,3.83633249988734E-05,1.00063406101605,3.47303469544946E-05,0.927339804798607,0.00023774419881948,3.87880399750649
3.28066352257958E-05,1.06462197549207,3.56148873919965E-05,1.04655788298604,3.86758236138816E-05,1.0087849905355,3.49347203006044E-05,0.932796805822406,0.00024137381663313,3.8866208746511
3.30242250379297E-05,1.071683074384,3.58399786916669E-05,1.05317228194423,3.89311085521122E-05,1.01544361057079,3.51623849911345E-05,0.938875712259831,0.000245040023401373,3.89548621794654
3.31889797259683E-05,1.07702959834917,3.60357102565976E-05,1.05892393321221,3.91633836420735E-05,1.02150206266137,3.54238385334292E-05,0.945856819508575,0.000248739132919011,3.90529439821002
3.33659489857064E-05,1.08277250253934,3.62409225692046E-05,1.0649541800885,3.938695230296E-05,1.02733342417827,3.56554397892134E-05,0.952040836720134,0.000252462743290046,3.91580465689414
3.35687676878782E-05,1.08935425790336,3.64293142004505E-05,1.07049014443394,3.96086553004733E-05,1.03311612342938,3.5916237237299E-05,0.959004425506522,0.0002560963172099,3.92373489730614
3.37573833997017E-05,1.09547510602901,3.66492063804273E-05,1.07695176515532,3.97927340866274E-05,1.03791746698711,3.60966631447796E-05,0.963822002654338,0.000259747039697752,3.9321565344602
3.39900283816046E-05,1.10302476659362,3.68489137427707E-05,1.08282024683969,3.99808551434234E-05,1.04282424545404,0.0000362872585125,0.968911115968667,0.000263475807778655,3.94281458868187
3.41993804593365E-05,1.10981853928729,3.71000006409084E-05,1.0901985369819,4.02955303657003E-05,1.05103194761691,3.6497536706491E-05,0.974525783153666,0.000267336991785951,3.95726705622313
3.44442400129388E-05,1.1177645800769,0.000037326926924,1.09686685767073,4.04908031320935E-05,1.05612526476936,3.66822272263303E-05,0.979457230306794,0.000271246759188306,3.97311169377253
3.46160961961515E-05,1.12334155766126,3.75189885220882E-05,1.10251066547744,4.08107644005944E-05,1.06447084335196,3.69026748805611E-05,0.985343433658307,0.000274976747825241,3.98380472334946
3.48325497690575E-05,1.13036578397412,3.78486738767684E-05,1.11219860308196,4.10321564542122E-05,1.07024543222544,3.71582235749746E-05,0.992166874745849,0.000278787061620598,3.99679949154132
3.50470149233147E-05,1.13732548327361,3.81251447122331E-05,1.12032281049799,4.12778021316813E-05,1.07665263055416,3.73767029465784E-05,0.998000522710295,0.000282494247310318,4.00683909664734
3.52100652525116E-05,1.14261669837018,3.83997805642765E-05,1.12839309618339,4.15399278356136E-05,1.08348967889734,3.76578393151436E-05,1.00550718382971,0.000286223017982892,4.01749722513404
3.53611850698161E-05,1.1475207513865,3.86230368805256E-05,1.13495357341094,4.1793347110471E-05,1.09009963666685,3.79130599624525E-05,1.01232186568607,0.000289966098474202,4.02856540525343
3.55818995398265E-05,1.15468324987088,3.88043944086567E-05,1.14028283778893,4.20041670716407E-05,1.09559847270086,3.81289149572202E-05,1.0180854398011,0.000293623427207735,4.03717634612106
3.57483585867069E-05,1.16008508270465,3.9012970857536E-05,1.14641194117138,4.22423500956171E-05,1.10181102196643,3.83483784701376E-05,1.02394536545908,0.000297243538473497,4.04472081062687
3.59781629705402E-05,1.16754256182159,3.91793426877272E-05,1.15130084474917,4.24135895706167E-05,1.10899681654776,3.85957259869383E-05,1.03054982576717,0.00030088550444456,4.0528915274812
3.61895034669208E-05,1.17440086152863,3.94209488381885E-05,1.1584005392831,4.25630763327334E-05,1.11686388285011,3.88470100689931E-05,1.0372593968494,0.000304337263256376,4.05561180798555
3.63627799491684E-05,1.18002392983683,3.96955846902319E-05,1.16647082496849,4.28321525045435E-05,1.12404967743144,3.91117440823328E-05,1.04432809640993,0.000307864540978272,4.06049610279011
3.66059351439289E-05,1.18791466175784,3.98928454080137E-05,1.17226741101201,4.29816392666602E-05,1.1289888974089,3.9327927124205E-05,1.05010042975613,0.000309741342864552,4.06618096655064
3.67877334203853E-05,1.19381427440906,4.01124317574203E-05,1.17872004477829,4.33105101433171E-05,1.13889977887434,3.95674015104975E-05,1.05649466851595,0.00031973098132307,4.04404923043622
3.70047551129052E-05,1.20085693701146,4.03362997348099E-05,1.18529849591605,4.38287309186551E-05,1.14622344987539,3.97835845523697E-05,1.06226700186215,0.000338983331393575,3.97895547756079
3.72053013366213E-05,1.20736494721734,4.05268321800471E-05,1.19089736894723,4.39881834649129E-05,1.15156007835679,4.0052583178068E-05,1.06944957142799,0.00035698205992692,3.87793886866711
3.73734647423435E-05,1.21282208891972,4.07892348092824E-05,1.19860817642838,4.43170543415697E-05,1.15769152384604,4.03176452385123E-05,1.07652703021969,0.000375630341012324,3.79553535959045
3.76080981428951E-05,1.2204362764977,4.09684515234221E-05,1.20387453212063,4.46359594340854E-05,1.16367698253794,4.05610561900589E-05,1.08302637975365,0.000395484600779031,3.74768948792293
3.77918848380003E-05,1.2264004161623,4.11369641676046E-05,1.20882634438417,4.47455830596377E-05,1.17100065353899,4.07395138149124E-05,1.0877914015144,0.000415372491125424,3.7008073093925
3.80384487504444E-05,1.23440176582051,4.1351657227888E-05,1.21513518686874,4.48851040376133E-05,1.17580199709672,4.10380366800167E-05,1.09576230188624,0.000434752213252824,3.63936343642496
3.82867170217302E-05,1.24245842434734,4.15874525975155E-05,1.22206412925564,4.51741117777057E-05,1.18215242278202,4.12683257473828E-05,1.10191128217309,0.000454001684945264,3.57418720286637
3.84912400827437E-05,1.24909548857996,4.1797864029816E-05,1.22824715436873,4.5463119517798E-05,1.18709975313711,4.14789319884784E-05,1.10753470858927,0.00047350077569464,3.51616386926676
3.87059892968079E-05,1.25606440602422,4.19773865745259E-05,1.23352249701609,4.57521272578904E-05,1.19253370615008,4.17285758350106E-05,1.11420048351561,0.000492716738164009,3.45002742007691
3.8913637015698E-05,1.26280286984929,4.21566032886656E-05,1.23878885270834,4.60212034297005E-05,1.19783789312094,4.19424625471513E-05,1.11991150224356,0.00051176202919862,3.37900033587841
3.94675886699484E-05,1.26887762725109,4.24260400210156E-05,1.24670636015693,4.63600400904984E-05,1.20503990845753,4.21661906724272E-05,1.12588529790685,0.000530756498732488,3.30651694816268
3.97749657191287E-05,1.27550547333895,4.26382864367373E-05,1.25294330700066,4.63700058746395E-05,1.21106591903758,4.24269881205129E-05,1.13284888669324,0.000549526424389631,3.22759919639508
3.99038657720108E-05,1.2810271420547,4.28725526535138E-05,1.25982731461203,4.66889109671552E-05,1.21791918813603,4.26510442928933E-05,1.13883144158771,0.000568829662445125,3.16396365216048
4.01319197117252E-05,1.28609712167685,4.30829640858143E-05,1.26601033972512,4.69579871389653E-05,1.22504821007393,4.28731321826467E-05,1.14476144109511,0.000588432016413334,3.108899353351
4.03599736514397E-05,1.29100117469318,4.32585108331115E-05,1.2711688519561,4.72669264473399E-05,1.23257464051577,4.30633995032626E-05,1.14984179517826,0.000607900352441972,3.04999473511148
4.05384506477379E-05,1.29613568132869,4.34233535104517E-05,1.27601282075836,4.75758657557145E-05,1.23761929540244,4.3298937324301E-05,1.15613092316396,0.000627671550987962,2.99976872224179
4.06475199232535E-05,1.30092911660781,4.36447748432795E-05,1.28251937625527,4.79346339847946E-05,1.2446591031864,4.35876187762699E-05,1.16383904660046,0.000647503348138315,2.95127917837403
4.0707012255353E-05,1.30699465586485,4.38753710932135E-05,1.28929554040537,4.83033679980159E-05,1.25113118453617,4.39153378336756E-05,1.17258951854713,0.000667243106344539,2.90015223427025
4.0875573862968E-05,1.31294957738467,4.4093122459199E-05,1.295694252441,4.85425468174027E-05,1.25602985262547,4.41134782847998E-05,1.17788009417855,0.000687036634859036,2.85056609254173
4.09053200290177E-05,1.31913495252369,4.50546181436713E-05,1.30052923428816,4.90209044561762E-05,1.26092852071477,4.43391746927028E-05,1.18390644522891,0.000706735899825734,2.79827880397188
4.11234585800489E-05,1.32482254784526,4.52924145635141E-05,1.30714363324634,4.9260083275563E-05,1.26800888038689,4.46239195794176E-05,1.19150945789128,0.000726572524862925,2.7499276044757
4.1252358632931E-05,1.33022438067903,4.55896600883176E-05,1.31365917569836,4.92800148438452E-05,1.27364559284064,4.48496159873206E-05,1.19753580894164,0.000746763763172405,2.7117379418908
4.14308356292292E-05,1.33634522880468,4.58968137972812E-05,1.32066001372612,4.94593989583853E-05,1.28166675631799,4.54239445919057E-05,1.20483224851278,0.000767056541260845,2.67645792847156
4.17481280670928E-05,1.3422448414559,4.61643347696043E-05,1.32664532582687,4.95391252315142E-05,1.28680873573623,4.57284732274209E-05,1.21123524650379,0.000787368397324711,2.64172459947347
4.2095166671006E-05,1.34776651017165,4.63129575320061E-05,1.33143537289849,4.97882698350421E-05,1.29428650391228,4.59642373323359E-05,1.21820759452136,0.000807501511236189,2.60186936692292
4.24025437201864E-05,1.35472620947114,4.64714884785679E-05,1.33804977185668,5.02466959055334E-05,1.30029629373707,4.61705309241366E-05,1.2261784948932,0.000827501346238885,2.55819499206466
4.28090746561991E-05,1.36108672936074,4.66696521617703E-05,1.34520338812124,5.05954983504725E-05,1.3062655316737,4.63473540028229E-05,1.23393917371677,0.000847766554241814,2.52212495056849
4.29776362638141E-05,1.36727210449975,4.68579076608125E-05,1.35015520038477,5.09343350112704E-05,1.31185358186166,4.64750595596518E-05,1.2388706208699,0.000868310702117935,2.49404800475982
4.31362824827459E-05,1.37240661113527,4.70560713440148E-05,1.35832434257633,5.1502384707314E-05,1.31885283775747,4.68188822126529E-05,1.24600063504866,0.000888694484670863,2.4613757482895
4.31065363166962E-05,1.37865651328766,4.73037759480177E-05,1.3646241981058,5.18113240156886E-05,1.32767692862032,4.7290410422483E-05,1.25292918691034,0.000909074521350131,2.42859615282079
4.33841671998268E-05,1.38537654082319,4.75118478153802E-05,1.3712475840191,5.1930913425382E-05,1.33286757030434,4.76440565798555E-05,1.25871027948772,0.000929411053414316,2.3945699211246
4.3562644196125E-05,1.39232702197791,4.78289097085039E-05,1.37920103928811,5.21302291082043E-05,1.34092928566985,4.78503501716562E-05,1.26454392745216,0.000949733644452967,2.3601442056623
4.37212904150568E-05,1.39893643177623,4.80865224966669E-05,1.38479092536419,5.23195790068855E-05,1.34627402452887,0.0000481450553027999,1.27051772311545,0.000970106079902848,2.3271467949593
4.40385828529204E-05,1.40698387215829,4.82549616273889E-05,1.39017411147282,5.25288604738489E-05,1.35195939924841,0.0000481450553027999,1.27600976106396,0.00099051280111043,2.29513185169233
4.41674829058024E-05,1.41255163159788,4.83639516531502E-05,1.39544046716507,5.2887628702929E-05,1.36002922499154,4.82924078683718E-05,1.28240399982379,0.00101098386762171,2.26496074008551
4.43955368455169E-05,1.42028565505784,4.87107380987542E-05,1.4008146663186,5.31168417381747E-05,1.36692304597814,4.85576424864012E-05,1.28847414703004,0.00103133038662656,2.23122068680997
4.46335061739146E-05,1.42679366526372,4.88989935977964E-05,1.40694376970105,5.31268075223158E-05,1.3718622659556,4.89407591568882E-05,1.29618227046654,0.00105171062356643,2.19844682986172
4.48516447249458E-05,1.4325365694539,4.90079836235577E-05,1.41404346423497,5.32463969320092E-05,1.37968066999217,4.90979352268315E-05,1.30184073380743,0.00107209159298944,2.16569396241129
4.5198683328859E-05,1.4382702554993,4.920614730676E-05,1.41932779383744,5.35951993769483E-05,1.38512273338276,4.95105224104328E-05,1.30825249102962,0.0010926047601446,2.13672925586656
4.53573295477908E-05,1.44576460719531,4.93250455166814E-05,1.42508843206053,5.43127358351086E-05,1.39261672231408,4.9579286941033E-05,1.31322773433863,0.00111312498308588,2.10796673473539
4.56647065969711E-05,1.45294554196922,4.96916483306057E-05,1.43226900919041,5.47512303373177E-05,1.39864273289413,4.97364630109764E-05,1.3187372907495,0.00113365420180649,2.07946199003551
4.58630143706359E-05,1.46007116787452,4.99888938554092E-05,1.43802964741351,5.51498617029623E-05,1.40359006324922,4.99820506202629E-05,1.32545562106291,0.00115423383158841,2.0524017876021
4.59819990348347E-05,1.46753786513622,5.02861393802127E-05,1.44512934194743,5.55086299320424E-05,1.40994048893452,5.01785207076921E-05,1.33200752598394,0.00117490305457305,2.02790890203947
4.62100529745491E-05,1.4761476123491,5.05734767208561E-05,1.45358606670239,5.56680824783003E-05,1.41566641554221,5.03553437863783E-05,1.33883096707148,0.00119549987611915,2.00134133414632
4.64876838576798E-05,1.48283076730556,5.07320076674179E-05,1.45895127890081,5.57876718879937E-05,1.42192762707357,5.05518138738075E-05,1.346293832035,0.00121603801019109,1.97309206119159
4.65570915784624E-05,1.4888963065626,5.08112731406989E-05,1.46508936923837,5.59570902183926E-05,1.42964059620093,5.07777544743511E-05,1.35189973998883,0.00123661800911826,1.94604243671307
4.67553993521271E-05,1.49458390188417,5.10589777447018E-05,1.47181161165783,5.61863032536383E-05,1.43502588694811,5.10626361011234E-05,1.35960786342533,0.00125740019995634,1.92478667480645
4.71024379560404E-05,1.49955248191387,5.12769577962243E-05,1.47659267177435,5.67144898131174E-05,1.44284429098468,5.13180472147813E-05,1.36699189530826,0.00127807405228783,1.90042644439952
4.72313380089225E-05,1.50436435348252,5.1415672374466E-05,1.48197585788298,5.69536686325042E-05,1.4488621911871,5.16422228590395E-05,1.37285182096624,0.00129870812306702,1.87492626311173
4.75585458354693E-05,1.51048520160817,5.17822751883903E-05,1.48870708725755,5.71230869629031E-05,1.45401228098297,5.18092224333543E-05,1.37768691657641,0.00131925028978869,1.84679254679929
4.80443998809479E-05,1.51847733312162,5.20299797923932E-05,1.49409027336618,5.74120947029955E-05,1.46240652183136,5.22316331213271E-05,1.38272347450367,0.00133994399410544,1.8230011802696
4.81038922130473E-05,1.52702255332112,5.23371335013568E-05,1.50182804171265,5.75914788175356E-05,1.46725652765487,5.24968677393565E-05,1.38771623627504,0.00136070188444277,1.80104908110056
4.82724538206623E-05,1.53264562162932,5.26740117628007E-05,1.50697756698852,5.79801443990391E-05,1.47288512973099,5.28701609054719E-05,1.39441704812609,0.00138138928635873,1.77707711761281
4.84509308169606E-05,1.5391536318352,5.2783001788562E-05,1.51347513553032,5.83987073329659E-05,1.47860294596105,5.30273369754153E-05,1.39940105066629,0.00140215461675487,1.75533821529244
4.8718646311408E-05,1.54654658393876,5.31000636816857E-05,1.51960423891278,5.87375439937639E-05,1.4855616499687,5.32631010803303E-05,1.40479673707184,0.00142285892235029,1.73185063120086
4.87880540321906E-05,1.55311912115801,5.31595127866464E-05,1.52596700312799,5.89468254607273E-05,1.49081717467378,5.35185121939883E-05,1.41071797734807,0.00144359697845765,1.709330176937
4.89764464171721E-05,1.56040145552436,5.35162074164106E-05,1.5341990540053,5.90664148704207E-05,1.49814895605247,5.37739233076462E-05,1.41699834610258,0.00146439870949777,1.68863434467716
4.92639926889859E-05,1.56946289183085,5.37143710996129E-05,1.53979792703648,5.92457989849607E-05,1.50402897983515,5.40195109169327E-05,1.4219735894116,0.00148519664494055,1.66782974857391
4.95217927947501E-05,1.57729831488326,5.39620757036158E-05,1.54587310868829,5.95647040774764E-05,1.51073626213623,5.42749220305906E-05,1.42711525811299,0.00150600994448458,1.64746541484671
4.97101851797316E-05,1.58354821703564,5.41404230184979E-05,1.55066315575991,5.99434038748388E-05,1.5165595132755,5.44812156223913E-05,1.43387738458229,0.00152683982861343,1.62757631677511
4.99580698968125E-05,1.58896848615895,5.43881276225008E-05,1.5582930806451,6.03818983770479E-05,1.52321813331079,5.4903626310364E-05,1.44018403103034,0.00154770691681539,1.60875331123747
5.00671391723281E-05,1.59531978790378,5.45466585690627E-05,1.56432332752139,6.06609403329992E-05,1.5295685589961,5.50804493890503E-05,1.44689360211257,0.00156858020325062,1.59010791771032
5.02257853912599E-05,1.6001132231829,5.4744822252265E-05,1.57078494824277,6.08801875841037E-05,1.53698955452873,5.54046250333085E-05,1.45208782620103,0.0015894684442288,1.5718910505584
5.03348546667755E-05,1.60628938017715,5.49727104879477E-05,1.57971798161836,6.11392979717727E-05,1.54286957831142,5.56796831557094E-05,1.4582280472567,0.00161043663917623,1.55596528549769
5.05529932178067E-05,1.61390356775513,5.53095887493917E-05,1.58477763734317,6.12987505180305E-05,1.54819809641518,5.58368592256527E-05,1.46551572759667,0.00163162574332912,1.54636973202457
5.0860370266987E-05,1.61979396226159,5.54185787751529E-05,1.59069105380307,6.1597724042264E-05,1.55426465888338,5.60235058087104E-05,1.47112163555049,0.00165264815519406,1.5319975670445
5.09892703198691E-05,1.62458739754071,5.5765365220757E-05,1.59714368756935,6.18269370775097E-05,1.56072862985552,5.61905053830252E-05,1.47746331892326,0.00167358616912119,1.51520695688142
5.13065627577326E-05,1.63048701019193,5.60130698247599E-05,1.6032727909518,6.20362185444731E-05,1.56874168295524,5.61610348699109E-05,1.48276265378585,0.00169454012388489,1.49887313559739
5.15544474748135E-05,1.63682909379199,5.62013253238021E-05,1.60838636840724,6.23152605004243E-05,1.57578960111683,5.63378579485971E-05,1.48872769021797,0.00171550203071816,1.48276718296581
5.18221629692609E-05,1.64527291439905,5.64093971911646E-05,1.61398524143842,6.26042682405167E-05,1.58068826920614,5.6612916070998E-05,1.49360658198403,0.00173647096296075,1.46686254529261
5.19411476334598E-05,1.65366142613751,5.64193053753247E-05,1.61952120578386,6.28733444123268E-05,1.58734688924143,5.67602686365699E-05,1.49964169226556,0.0017574372617252,1.45088244460813
5.22981016260563E-05,1.65961634765734,5.66769181634877E-05,1.62668380900353,6.32620099938303E-05,1.59419204796224,5.69174447065132E-05,1.50441547325749,0.00177842594956791,1.43554390887038
5.24765786223545E-05,1.66496287162251,5.69147145833305E-05,1.63206699511216,6.34413941083704E-05,1.60192123784486,5.73889729163433E-05,1.51216739284988,0.00179941714621067,1.42027726346045
5.27641248941684E-05,1.67318545675515,5.74398483438167E-05,1.64002943733628,6.38101281215917E-05,1.60818244937622,5.75657959950295E-05,1.51956018396399,0.00182040287185568,1.40485384516566
5.29822634451996E-05,1.67985939356684,5.77668184211005E-05,1.6463922015515,6.4099135861684E-05,1.6131784419971,5.77131485606014E-05,1.52652377275037,0.00184143877416087,1.39086825231182
5.31210788867649E-05,1.68653333037854,5.79947066567832E-05,1.6527369918565,6.44379725224819E-05,1.6180771100864,5.80373242048596E-05,1.53324210306378,0.00186250855078484,1.37785333700303
5.31805712188643E-05,1.69266339664895,5.80442475775837E-05,1.65849763007959,6.48864328088321E-05,1.62531156693351,5.83516763447463E-05,1.53890932563585,0.00188354594282614,1.3639104329303
5.3418540547262E-05,1.70182623254788,5.82027785241456E-05,1.66403359442503,6.51256116282189E-05,1.63055898126096,5.89116160939195E-05,1.54396340202547,0.0019046262606988,1.35119757988508
5.35375252114608E-05,1.70911778505899,5.8410850391508E-05,1.67053116296684,6.52850641744768E-05,1.63736358809361,5.93536737906352E-05,1.55129487852132,0.00192572137292766,1.33890866302125
5.3755663762492E-05,1.71668588191314,5.89062595995139E-05,1.67758592272523,6.5394687800029E-05,1.64634988650908,5.95796143911787E-05,1.55606865951325,0.00194683613708644,1.32718287739603
5.40630408116724E-05,1.72198631515447,5.91935969401572E-05,1.68565620841062,6.56637639718391E-05,1.65512531510614,5.99037900354369E-05,1.56299721137493,0.00196792362777012,1.31467556314363
5.44299101929521E-05,1.7283376168993,5.96493734115226E-05,1.69329512025092,6.58132507339559E-05,1.66016996999281,6.01984951665807E-05,1.56782354775392,0.00198896717584547,1.30090906185164
5.46976256873995E-05,1.73408052108948,5.98079043580844E-05,1.69916360193529,6.62318136678827E-05,1.66729899193072,6.03458477321526E-05,1.5734469741701,0.00201007398272118,1.28895525817971
5.49058488497475E-05,1.74224779735351,5.99664353046463E-05,1.70507701839519,6.65706503286806E-05,1.67230309492922,6.05324943152103E-05,1.57888645673154,0.00203121673301436,1.27803142262243
5.49950873478966E-05,1.74825802774195,6.01447826195284E-05,1.71190710427593,6.68895554211963E-05,1.67725853566194,6.0738787907011E-05,1.58581500859322,0.0020524908713601,1.27087254638846
5.51636489555116E-05,1.75520850889667,6.03528544868908E-05,1.71701169477627,6.71287342405831E-05,1.68250594998939,6.08763169682114E-05,1.59079901113341,0.00207379726485897,1.26463795008065
5.54115336725925E-05,1.76249084326302,6.06401918275342E-05,1.72449782837976,6.73380157075465E-05,1.6913462616075,6.12594336386983E-05,1.59876115227407,0.00209497797216334,1.25480178269704
5.57486568878225E-05,1.76943210627297,6.08680800632169E-05,1.72997088403945,6.754729717451E-05,1.69712085048098,6.17899028747571E-05,1.60616270261935,0.00211605963945219,1.2421275975286
5.61551878238352E-05,1.77556217254338,6.13337647187423E-05,1.73836470010868,6.76569208000622E-05,1.70290354973209,6.20453139884151E-05,1.61140072286371,0.0021371381790012,1.22936378614978
5.65716341485312E-05,1.783508213333,6.1730092085147E-05,1.74547338159771,6.80256548132835E-05,1.70969193580948,6.25168421982451E-05,1.61680516850044,0.00215818179859038,1.21559933410522
5.6898841975078E-05,1.78885473729817,6.18787148475487E-05,1.75079365902059,6.82050389278236E-05,1.71484202560536,6.27526063031602E-05,1.62246363184133,0.0021792391950037,1.20222966059287
5.71368113034756E-05,1.79537196564881,6.19678885049898E-05,1.75726426669708,6.86335676458916E-05,1.72120867204592,6.29785469037037E-05,1.62870020443995,0.00220027822743143,1.18833376222629
5.72557959676745E-05,1.80123470572097,6.21660521881921E-05,1.76372588741846,6.89425069542661E-05,1.72610734013522,6.30178409211895E-05,1.63598788477992,0.00222125949902018,1.17278271177399
5.75433422394883E-05,1.80780724294022,6.23344913189141E-05,1.76873162141263,6.9191651557794E-05,1.73133853370741,6.32339580173617E-05,1.64201423583028,0.00224219860339855,1.15602334877886
5.74838499073889E-05,1.81288644070713,6.26218286595574E-05,1.77486971175019,6.92713778309229E-05,1.73629397444013,6.35974276791057E-05,1.64768145840235,0.00226322807021219,1.14185334521618
5.75532576281716E-05,1.81841732756765,6.2928982368521E-05,1.78201434105964,6.94407961613219E-05,1.74420970300827,6.39805443495926E-05,1.65313845942614,0.00228432255809285,1.12954653748985
5.78011423452525E-05,1.82487002890492,6.31469624200436E-05,1.78927580078548,6.94706935137453E-05,1.75086021266593,6.41868379413932E-05,1.66110935979798,0.00230537261876353,1.11596665633599
5.78209731226189E-05,1.82971877305265,6.3434299760687E-05,1.79464999993901,6.94806592978864E-05,1.75605896472759,6.45404840987658E-05,1.66724082162248,0.00232648218163607,1.10409182648068
5.79796193415507E-05,1.83815337551494,6.37711780221309E-05,1.80209119876697,6.96799749807087E-05,1.7632934215747,6.48155422211666E-05,1.6749401858278,0.00234755778933158,1.09124400206607
5.82076732812652E-05,1.84510385666966,6.39594335211731E-05,1.80779791525942,7.02978535974578E-05,1.76809476513243,6.50120123085958E-05,1.68065996378694,0.00236865878402048,1.07912364864712
5.85150503304455E-05,1.85287475270869,6.43656690717379E-05,1.81359450130294,7.07762112362314E-05,1.77411266533485,6.5463893509683E-05,1.68710675793383,0.00238980381821778,1.0682652589652
5.87431042701599E-05,1.86209289747623,6.46232818599009E-05,1.82020890026113,7.11848083860171E-05,1.77988725420833,6.57193046233409E-05,1.69303675744124,0.00241098342373449,1.05839751956524
5.90306505419738E-05,1.86789111053501,6.48709864639038E-05,1.82579878633721,7.12246715225816E-05,1.78498868173841,6.61024212938278E-05,1.70015801238882,0.00243217874975972,1.04898025548589
5.91496352061726E-05,1.87505360901938,6.50196092263056E-05,1.83133475068265,7.1433952989545E-05,1.79023609606586,6.63578324074858E-05,1.70780482120708,0.00245337015371683,1.03945060350964
5.941735070062E-05,1.88255717886015,6.53366711194293E-05,1.83822774524913,7.19123106283185E-05,1.7985411227603,6.68588311304302E-05,1.71404139380571,0.00247460626929607,1.03120217486628
5.9585912308235E-05,1.8879682298387,6.55051102501513E-05,1.84501289635433,7.18923790600363E-05,1.80380475784301,6.69570661741448E-05,1.71997139331311,0.00249580211541987,1.0217998143489
5.99032047460986E-05,1.89569303515389,6.57230903016738E-05,1.85092631281423,7.20418658221531E-05,1.80861421177837,6.72419478009171E-05,1.72637439130412,0.00251700469499646,1.01259040269839
6.00816817423968E-05,1.9018784102929,6.60896931155981E-05,1.86055134173301,7.24803603243621E-05,1.81662726487808,6.74285943839749E-05,1.73162117077965,0.00253820597443064,1.00334373512406
6.02204971839622E-05,1.90850625638076,6.63175813512808E-05,1.86624907127036,7.29188548265712E-05,1.82298580094102,6.76643584888899E-05,1.73806796492654,0.00255939887254414,0.993856898593373
6.05278742331425E-05,1.9139173073593,6.66148268760843E-05,1.87195578776281,7.32178283508047E-05,1.8283710916882,6.78510050719476E-05,1.74513666448707,0.00258063198557372,0.985522431097092
6.07261820068072E-05,1.92009346435355,6.69517051375282E-05,1.87814779983101,7.34869045226148E-05,1.83744660425761,6.83421802905206E-05,1.7524769002141,0.00260187617259238,0.977505291680521
6.09443205578384E-05,1.92522797098907,6.70210624266491E-05,1.88466334228303,7.37759122627072E-05,1.84487571016788,6.87645909784933E-05,1.75789010508201,0.00262313272061077,0.969842359973997
6.1261612995702E-05,1.93146865499669,6.73083997672924E-05,1.89079244566548,7.39253990248239E-05,1.85020422827164,6.91673546577232E-05,1.76403908536886,0.00264438838651964,0.962154151185897
6.15392438788326E-05,1.93841913615141,6.7783992606978E-05,1.89675079690091,7.45233460732908E-05,1.85700883510429,6.93540012407809E-05,1.76976762255917,0.00266557852586872,0.952588261532874
6.16978900977644E-05,1.94372878753751,6.80316972109809E-05,1.90239460470762,7.48223195975243E-05,1.86443794101456,6.9697823893782E-05,1.77705530289914,0.0026868052221707,0.944069921013458
6.214408258851E-05,1.95052256023118,6.80316972109809E-05,1.90736439088137,7.51511904741811E-05,1.86967724496437,6.98844704768397E-05,1.78203054620816,0.00270804576437381,0.935948338445599
6.22035749206094E-05,1.95719649704288,6.81010545001017E-05,1.91376310291701,7.54501639984146E-05,1.87666839048255,7.02774106516981E-05,1.78763645416198,0.00272929614675434,0.92810872875861
6.24018826942742E-05,1.9642022870662,6.82992181833041E-05,1.92017080190775,7.5659445465378E-05,1.88376497090993,7.06408803134421E-05,1.79354893520702,0.00275054254403508,0.920154924985542
6.26299366339886E-05,1.969880664243,6.86162800764278E-05,1.92818716586251,7.61477688882926E-05,1.89468964957928,7.10043499751861E-05,1.80041617245046,0.00277180490725876,0.912658629521174
6.27786674642371E-05,1.97572496802562,6.88342601279503E-05,1.93319289985668,7.62274951614216E-05,1.89974241484358,7.11909965582438E-05,1.80709070660797,0.00279310453680136,0.906230210261094
6.28778213510695E-05,1.98129272746521,6.92702202309954E-05,1.94103851166442,7.68154764257474E-05,1.90595496410915,7.1387466645673E-05,1.81469371927035,0.00281438822411101,0.899344962108518
6.3066213736051E-05,1.98626130749491,6.95575575716388E-05,1.94582855873604,7.72739024962387E-05,1.91493315214699,7.16723482724453E-05,1.81978283258467,0.00283568994457748,0.892976458824011
6.33636753965481E-05,1.9911192697874,6.96962721498804E-05,1.95244295769423,7.773232856673E-05,1.92172964860201,7.20259944298179E-05,1.82702671676875,0.00285695695317793,0.885613277857007
6.36512216683619E-05,1.9960878498171,6.9914252201403E-05,1.95820359591732,7.80910967958102E-05,1.92702572519525,7.24189346046762E-05,1.8329391978138,0.00287827172093669,0.879618648176581
6.38891909967596E-05,2.00425512608114,7.0082691332125E-05,1.96347893856468,7.83302756151969E-05,1.93197305555033,7.26252281964769E-05,1.8380808665152,0.00289956935022328,0.873132911052822
6.40775833817411E-05,2.01247771121378,7.01025077004452E-05,1.96919464201225,7.86292491394304E-05,1.93674195759753,7.29395803363636E-05,1.84488678914038,0.00292088803944585,0.867250651952938
6.42362296006729E-05,2.01882901295861,7.03601204886082E-05,1.97737277115892,7.88883595270994E-05,1.94241111156181,7.29788743538494E-05,1.85154380483555,0.002942263957686,0.863008305456273
6.44246219856544E-05,2.02489455221565,7.06078250926111E-05,1.98280987899819,7.92969566768851E-05,1.94838845987607,7.32244619631359E-05,1.85679058431108,0.00296359193082294,0.857392079373144
6.45931835932694E-05,2.03074807414303,7.08357133282938E-05,1.99029601260168,7.95261697121308E-05,1.95555803370213,7.35584611117655E-05,1.86270306535612,0.00298479831653419,0.848291733515754
6.46328451480024E-05,2.03626052471402,7.11527752214175E-05,1.99820453309516,7.98151774522231E-05,1.96357108680185,7.37844017123091E-05,1.86847539870232,0.0030060089145722,0.83931209299375
6.49005606424497E-05,2.04128441361233,7.14599289303811E-05,2.00405504086932,8.03035008751378E-05,1.96988907097663,7.42264594090248E-05,1.87634994753121,0.00302728485530695,0.832204864692663
6.51186991934809E-05,2.05011539629962,7.17175417185442E-05,2.01002237905986,8.0841653218758E-05,1.97896458354605,7.45702820620259E-05,1.88401427481182,0.00304856775349026,0.825297003916401
6.53665839105618E-05,2.05784020161482,7.18562562967858E-05,2.01669069974868,8.12602161526849E-05,1.98537178187477,7.48355166800553E-05,1.88999682970629,0.00307001220954634,0.823018626624494
6.56045532389595E-05,2.06364763281836,7.19454299542268E-05,2.02174136851838,8.14794634037894E-05,1.99022178769828,7.50909277937132E-05,1.89575164459014,0.0030912925433195,0.816037281998455
6.58722687334069E-05,2.07104058492193,7.21237772691089E-05,2.02894890651358,8.18481974170107E-05,1.99809696437827,7.54249269423428E-05,1.90099842406567,0.00311260865730894,0.810081228913584
6.61003226731213E-05,2.07656225363768,7.22922163998309E-05,2.03384679704648,8.1957821042563E-05,2.00349036550308,7.55526324991718E-05,1.90944232292111,0.00313389569322158,0.803291935863246
6.61399842278543E-05,2.08230515782785,7.25002882671933E-05,2.03932883966128,8.23464866240665E-05,2.00888376662789,7.57196320734866E-05,1.91511830472436,0.00315526682212565,0.798912349677416
6.67448229375317E-05,2.08945843816746,7.30155138435194E-05,2.04622183422776,8.25258707386066E-05,2.01383920736061,7.59750431871446E-05,1.92135487732298,0.00317666620354949,0.795342346902039
6.70125384319791E-05,2.09574521289892,7.3322667552483E-05,2.05456172856634,8.30042283773801E-05,2.01870543393938,7.64269243882317E-05,1.92624252832022,0.00319800311862191,0.789982354340105
6.73992385906253E-05,2.10175544328735,7.3580280340646E-05,2.05945063214413,8.3343065038178E-05,2.02403395204314,7.70065111461478E-05,1.93189223242993,0.00321927233553247,0.78268245308229
6.76471233077062E-05,2.10931432199673,7.39270667862501E-05,2.0653101268734,8.36520043465526E-05,2.02932191825875,7.73503337991489E-05,1.93916239430754,0.00324060148854857,0.777100036747504
6.77462771945386E-05,2.11615418541424,7.40657813644917E-05,2.07160998240287,8.40008067914917E-05,2.03484508542566,7.75860979040639E-05,1.94539020767499,0.00326189033307936,0.77036257012789
6.79842465229363E-05,2.12183256259104,7.42837614160143E-05,2.07773908578532,8.42499513950195E-05,2.04237962624513,7.78709795308362E-05,1.95059319099463,0.00328317566221449,0.763524368917475
6.81329773531848E-05,2.12840509981029,7.44819250992166E-05,2.08303240234289,8.46286511923819E-05,2.04990605668697,7.81755081663515E-05,1.95621661741081,0.00330450381868959,0.75791339643754
6.84006928476322E-05,2.13767855344643,7.48386197289808E-05,2.09003324037064,8.48279668752042E-05,2.05650790407884,7.83719782537806E-05,1.96162106304754,0.00332580234987261,0.751453503394142
6.87378160628622E-05,2.14492401523371,7.52745798320259E-05,2.09610842202245,8.52664613774133E-05,2.06213650615496,7.85684483412099E-05,1.96734960023785,0.00334708097220284,0.744423116919238
6.89361238365269E-05,2.15200355041518,7.54132944102675E-05,2.10115909079216,8.54857086285179E-05,2.06782188087449,7.8764918428639E-05,1.97248250970807,0.00336842629965591,0.739304183345014
6.92831624404402E-05,2.15834563401524,7.58294381449924E-05,2.1068478333744,8.57248874479047E-05,2.07263133480985,7.89908590291826E-05,1.97835119459723,0.00338970984397443,0.732414837743642
6.96302010443535E-05,2.16446648214089,7.60573263806751E-05,2.11256353682196,8.59142373465858E-05,2.07753000289915,7.9491857752127E-05,1.98376439946514,0.00341101162180303,0.726047978185985
6.97392703198691E-05,2.17217285116654,7.62951228005179E-05,2.1185308750125,8.61434503818315E-05,2.08408318802524,7.95900927958416E-05,1.98931775203189,0.00343234568963299,0.720606397139838
7.01259704785153E-05,2.18116976045966,7.65329192203607E-05,2.12412974804369,8.6532115963335E-05,2.09063637315132,7.98356804051281E-05,1.99499373383514,0.00345367369038542,0.714990962385832
7.02449551427141E-05,2.18828616822019,7.70085120600462E-05,2.13144512950016,8.66417395888873E-05,2.09655694882217,7.98847979269854E-05,2.00070475256309,0.00347499657614188,0.709228956072136
7.0195378199298E-05,2.19363269218536,7.71075939016474E-05,2.14048600633703,8.69506788972618E-05,2.1018530254154,7.99535624575856E-05,2.00620554974278,0.00349630278403534,0.702989041192241
7.04036013616459E-05,2.19849065447785,7.75138294522122E-05,2.14683079664203,8.71798919325075E-05,2.10735186144942,8.01893265625006E-05,2.01106692304649,0.00351765710840532,0.698127916646716
7.0740724576876E-05,2.20474055663024,7.77020849512544E-05,2.1535620260166,8.75785232981521E-05,2.1135157484492,8.05724432329876E-05,2.01646260945204,0.00353901667732514,0.693417076060975
7.1077847792106E-05,2.21140527529717,7.78209831611758E-05,2.1586126947863,8.78974283906678E-05,2.11857662409113,8.10636184515606E-05,2.02143785276106,0.00356034940667913,0.687937140632437
7.1414971007336E-05,2.21771048631816,7.79894222918978E-05,2.16662905874106,8.83060255404536E-05,2.12444042711855,8.1436911617676E-05,2.02674594685483,0.0035816920932541,0.682742531999312
7.1662855724417E-05,2.22476236706533,7.84154742107827E-05,2.17185047965778,8.85850674964048E-05,2.12943641973943,8.1672675722591E-05,2.03246572481396,0.00360304135221094,0.677736256703279
7.18611634980817E-05,2.23316009694855,7.86631788147857E-05,2.17803350477087,8.88541436682149E-05,2.13512179445896,8.18593223056488E-05,2.03756359735947,0.00362433012531143,0.670996743229294
7.22181174906782E-05,2.24000917851083,7.88217097613475E-05,2.18309316049567,8.92428092497184E-05,2.13992313801669,8.20066748712206E-05,2.04264395144262,0.00364566558289221,0.665594985859811
7.26940561474735E-05,2.24789991043184,7.89802407079094E-05,2.19046246368278,8.96314748312219E-05,2.14487857874941,8.2291556497993E-05,2.04982652100846,0.00366704373058861,0.66141652502045
7.30311793627036E-05,2.25285927231677,7.91090471019909E-05,2.19638486709779,8.99902430603021E-05,2.15045851855974,8.29300842821378E-05,2.0568864613378,0.00368837834905876,0.655990722714077
7.31501640269024E-05,2.25937650066742,7.92576698643926E-05,2.20192083144323,9.00799351175721E-05,2.15554372533456,8.31756718914243E-05,2.06187046387799,0.00370976881538992,0.652165255605313
7.33187256345174E-05,2.26589372901807,7.95648235733562E-05,2.209514808508,9.02294218796889E-05,2.16146430100541,8.35784355706542E-05,2.06948223577154,0.00373111519898165,0.647076585962947
7.35566949629151E-05,2.27179334166929,7.97035381515979E-05,2.21483508593089,9.0408805994229E-05,2.16627375494076,8.37749056580834E-05,2.07620932531613,0.00375249579523093,0.642968289052794
7.37550027365798E-05,2.2772136107926,7.99809673080811E-05,2.22017333726399,9.07775400074502E-05,2.17229976552081,8.40990813023415E-05,2.0820342140494,0.00377387124142741,0.638712416020103
7.3973141287611E-05,2.28372162099848,8.04268355952863E-05,2.22544867991135,9.11861371572359E-05,2.1784636525206,8.43839629291138E-05,2.0884372120404,0.00379525865436858,0.634799453215134
7.42011952273255E-05,2.28873629175202,8.07538056725702E-05,2.23099363121189,9.13754870559171E-05,2.18449777347828,8.47179620777435E-05,2.09445480385958,0.00381661660313268,0.630042186639633
7.43598414462572E-05,2.29441466892882,8.1249214880576E-05,2.23770688667625,9.15847685228806E-05,2.18989117460309,8.50814317394875E-05,2.09931617716329,0.00383794553488772,0.624453430011189
7.46771338841208E-05,2.30086737026609,8.15860931420199E-05,2.24351245967487,9.20033314568074E-05,2.19689043049889,8.56511949930321E-05,2.10489580742358,0.00385928568832401,0.61918623362046
7.48655262691023E-05,2.30616780350742,8.16950831677812E-05,2.24856312844457,9.23421681176053E-05,2.20182965047635,8.58967826023186E-05,2.11118493540927,0.00388061172726985,0.613514582780728
7.54604495900965E-05,2.31146823674875,8.18238895618627E-05,2.25550105778659,9.25215522321454E-05,2.20726360348932,8.63486638034057E-05,2.11778939571737,0.00390199334972949,0.609435692198964
7.56587573637612E-05,2.3165935252395,8.20616859817055E-05,2.26303212616561,9.283049154052E-05,2.21518744243509,8.68791330394645E-05,2.12371939522477,0.00392338110836953,0.605532635486349
7.59264728582086E-05,2.3232674620512,8.23292069540287E-05,2.27076989451207,9.32490544744468E-05,2.22062139544806,8.70657796225223E-05,2.13010487475342,0.00394477261428644,0.6017369579814
7.60950344658236E-05,2.32822682393613,8.25868197421917E-05,2.27578461546135,9.36875489766559E-05,2.22677717207021,8.72917202230659E-05,2.13617502195967,0.00396618059014316,0.598413230948776
7.61644421866063E-05,2.33759245901995,8.28741570828351E-05,2.28213839272146,9.3956625148466E-05,2.23221112508317,8.75471313367238E-05,2.14324372152019,0.00398755122396143,0.594019457948531
7.6194188352656E-05,2.34538179134851,8.31119535026779E-05,2.28966946110048,9.42057697519939E-05,2.24007819138553,8.81267180946399E-05,2.15054892032251,0.00400893121457262,0.589893806318952
7.63429191829045E-05,2.35168700236951,8.33398417383605E-05,2.29693092082631,9.45346406286508E-05,2.24625829914057,8.84312467301551E-05,2.15783660066248,0.00403032394734688,0.586133284735186
7.68783501717993E-05,2.35742990655968,8.37064445522848E-05,2.30543258035681,0.0000951525192453999,2.2527709323785,8.89322454530996E-05,2.16606151873848,0.00405170481206046,0.582032680740249
7.72650503304455E-05,2.36521923888825,8.38352509463663E-05,2.31033047088971,9.5591013747609E-05,2.2584968589862,8.91287155405288E-05,2.17160611207406,0.00407309477657571,0.578192833963913
7.75625119909426E-05,2.37045514511621,8.41424046553299E-05,2.31942526945721,9.58202267828546E-05,2.2633955270755,8.92564210973577E-05,2.17732589003319,0.00409447626682742,0.574110154929194
7.77509043759241E-05,2.37795871495698,8.43504765226924E-05,2.32869082017174,9.63085502057693E-05,2.26819687063322,8.95707732372444E-05,2.18257266950872,0.0041158507982905,0.569828069969836
7.783022748539E-05,2.38370161914715,8.44396501801334E-05,2.33444247143973,9.66573526507083E-05,2.2731928632541,8.99931839252172E-05,2.1883537620861,0.00413723212856896,0.565740806859358
7.80781122024709E-05,2.38923250600767,8.4657630231656E-05,2.33975376190751,9.70659498004941E-05,2.27906477665915,9.03763005957041E-05,2.19439763159881,0.00415859617271126,0.561158204954891
7.83259969195518E-05,2.39414577716877,8.47567120732571E-05,2.34475949590168,9.73848548930098E-05,2.28621001935232,9.05629471787618E-05,2.20126486884224,0.00417999827310374,0.557666114943766
7.89308356292292E-05,2.40175996474675,8.48657020990184E-05,2.35056506890031,9.75642390075499E-05,2.29418252056389,9.09264168405058E-05,2.20751020067205,0.00420144229617289,0.555375330297363
7.91886357349934E-05,2.40887637250729,8.51134067030213E-05,2.3554629594332,9.76240337123965E-05,2.29938127262554,9.13193570153642E-05,2.21253799936813,0.00422287176708727,0.552667549814837
7.93770281199748E-05,2.41489582104049,8.5341294938704E-05,2.36126853243183,9.80425966463234E-05,2.30545594547138,9.23999424962247E-05,2.2198256797081,0.00424426504828407,0.54892274342374
7.94761820068072E-05,2.42189239291905,8.57970714100694E-05,2.36914110510489,9.85309200692381E-05,2.31098722301592,9.28812942104263E-05,2.22569436459726,0.0042657188867582,0.54691322179769
7.97538128899378E-05,2.42983843370866,8.60745005665526E-05,2.37510844329543,9.8700338399637E-05,2.31952745066168,9.31661758371986E-05,2.23193969642706,0.00428715758532361,0.544469862091265
8.01405130485841E-05,2.43712998621978,8.62825724339151E-05,2.38248673343764,9.89195856507416E-05,2.32491274140886,9.33331754115134E-05,2.23917482137996,0.0043085887195259,0.541809743563069
8.02396669354164E-05,2.44318630733205,8.63717460913561E-05,2.38759132393798,9.89893461397294E-05,2.3301601557363,9.36082335339143E-05,2.24410626853309,0.00433000134235302,0.538619176693409
8.0388397765665E-05,2.44948230020828,8.66689916161596E-05,2.39516732709254,9.9557395835773E-05,2.33633215311372,9.37555860994861E-05,2.24938808493333,0.00435139450221624,0.534870893456497
8.06561132601123E-05,2.4549855326345,8.70355944300839E-05,2.40312976931666,9.9906198280712E-05,2.34200130707799,9.39913502044012E-05,2.25515165904836,0.00437280918154072,0.531739256061847
8.06957748148453E-05,2.4599541126642,8.71743090083255E-05,2.40845903369465,0.000100205171804945,2.34747581197911,9.42762318311735E-05,2.26134443549109,0.00439422860735008,0.528743630444107
8.10824749734915E-05,2.46779875386137,8.73724726915278E-05,2.4150195109222,0.00010051411111332,2.35412632163677,9.46200544841746E-05,2.26884233737933,0.00441563443938364,0.525358471592793
8.12807827471562E-05,2.4730991871027,8.74913709014492E-05,2.42044763180637,0.000100862913558259,2.35971437182473,9.48558185890896E-05,2.27402780223662,0.00443706412415229,0.522656819161189
8.18459599021007E-05,2.47851023808124,8.76300854796909E-05,2.42620827002946,0.000101131989730069,2.3675327758613,9.52585822683195E-05,2.2798439317387,0.00445847071166201,0.519293308678784
8.20938446191816E-05,2.48381067132258,8.77688000579325E-05,2.43206776475873,0.000101620313152984,2.37475912233078,9.56613459475493E-05,2.28666737282625,0.00447990897969662,0.516837611998398
8.2192998506014E-05,2.48911110456391,8.81056783193764E-05,2.437082485708,0.000102058807655193,2.38325879808838,9.60935801398935E-05,2.29353461006968,0.00450131696984221,0.513514294417212
8.24706293891446E-05,2.49628282119305,8.82741174500984E-05,2.44452368453596,0.000102377712747709,2.38870086147898,9.64570498016375E-05,2.29950840573297,0.0045227208445767,0.510073048644509
8.25995294420267E-05,2.50317799347917,8.87298939214638E-05,2.45335786140539,0.000102626857351237,2.39429702204457,9.66633433934381E-05,2.30639316143876,0.00454419866721474,0.508750799565386
8.26887679401758E-05,2.50875497106352,8.9007323077947E-05,2.46035869943314,0.000102995591364458,2.40167746568904,9.69187545070961E-05,2.3117538109196,0.00456560524110935,0.505386898938222
8.28176679930579E-05,2.51410149502869,8.91658540245089E-05,2.46648780281559,0.000103244735967986,2.40725740549937,9.70366365595536E-05,2.31763125503993,0.00458702139868595,0.502297621248238
8.30258911554058E-05,2.51961394559968,8.95225486542731E-05,2.47294043658187,0.000103663298901913,2.41434587554912,9.73706357081832E-05,2.32335103299907,0.00460843666257832,0.499182734800409
8.33431835932694E-05,2.52590993847591,8.96117223117141E-05,2.47773048365349,0.000104301109086944,2.42113426162652,9.79305754573564E-05,2.32999053023188,0.00462993909506402,0.498565687401444
8.35414913669341E-05,2.53220593135213,8.98396105473968E-05,2.48252053072511,0.000104590116827036,2.42617891651318,9.80779280229283E-05,2.33502708815914,0.00465133305485665,0.494840326352735
8.38885299708474E-05,2.53905501291441,9.04043770445234E-05,2.49047398599413,0.000104958850840258,2.43172641481299,9.83333391365863E-05,2.3406943107312,0.00467271963754471,0.49090357242593
8.4334722461593E-05,2.54511133402668,9.07214389376471E-05,2.49772645876486,0.000105088406034092,2.43677918007728,9.86771617895873E-05,2.34707979025985,0.004694072804141,0.486009271569686
8.46520148994566E-05,2.5509556378093,9.11573990406922E-05,2.50487108807431,0.000105377413774184,2.44359189728757,9.93942776087039E-05,2.35415724905155,0.00471551927550808,0.48378864354645
8.48602380618046E-05,2.55750973873901,9.11673072248524E-05,2.51110803491804,0.000105497003183878,2.44892852576896,9.9590747696133E-05,2.35945658391415,0.00473702070218602,0.48314277446039
8.5127953556252E-05,2.56473676423676,9.14150118288553E-05,2.51611376891221,0.000105746147787406,2.4555222627832,9.997386436662E-05,2.36684937502825,0.00475845087576276,0.480455128953682
8.54055844393826E-05,2.57236016995951,9.14843691179761E-05,2.52121835941255,0.00010614477915305,2.46265939509874,0.00010011139342782,2.37167571140725,0.00477987182818052,0.477503248702243
8.5633638379097E-05,2.57831509147934,9.20293192467825E-05,2.52730252801947,0.000106373992188296,2.46754995281041,0.000100406098558964,2.37749184090934,0.00480129651307609,0.474658323587875
8.62483924774577E-05,2.58307165417938,9.22572074824651E-05,2.53424944431658,0.000106742726201517,2.47445188417464,0.000100690980185737,2.38236197344422,0.00482270262021171,0.471281047858903
8.66450080247871E-05,2.58985620872829,9.24751875339877E-05,2.5407559998135,0.000107161289135444,2.48008048625076,0.000100799038733823,2.38839708372576,0.00484411972539031,0.46821892395414
8.7140777458949E-05,2.59803270313709,9.28516985320721E-05,2.54878135072336,0.000107530023148665,2.48574964021503,0.000101044626343109,2.39378401090013,0.00486558382160635,0.466503340629726
8.73291698439304E-05,2.60693743098253,9.3099403136075E-05,2.555180062759,0.000108217662254402,2.49172698852929,0.000101398272500482,2.39955634424633,0.00488705441827897,0.464974029604322
8.75770545610113E-05,2.61283704363375,9.32183013459964E-05,2.56141700960272,0.000108795677734587,2.49901821801982,0.00010145721352671,2.40653745149508,0.00490850092462655,0.462754403956652
8.76861238365269E-05,2.61813747687508,9.35948123440808E-05,2.56669235225008,0.000109403590567195,2.50377900968939,0.000101761742162226,2.41163532404058,0.00492992828602057,0.459986174611573
8.77753623346761E-05,2.62624022612575,9.39614151580052E-05,2.57502325963356,0.000109523179976888,2.50854791173659,0.000102085917806484,2.41882665283759,0.00495136950456231,0.457615025491891
8.79935008857073E-05,2.63291416293744,9.42685688669688E-05,2.58131412820792,0.000109682632523146,2.51354390435747,0.000102390446441999,2.42487052235031,0.00497279619047065,0.454827439926507
8.80331624404402E-05,2.6381500691654,9.4456824366011E-05,2.58642770566337,0.000109871982421828,2.52082702347037,0.000102724445590629,2.43010854259466,0.0049942296523655,0.452234022043041
8.82413856027882E-05,2.64350581127534,9.45955389442526E-05,2.59358132192793,0.000110270613787472,2.52699091047015,0.000102901268669315,2.43644146673624,0.00501568625624241,0.450303743763427
8.85190164859188E-05,2.65073283677309,9.46252634967329E-05,2.59924310364485,0.000111087808087044,2.53261140216864,0.000103372796879145,2.44156561697528,0.00503713171180974,0.448054007730165
8.8905716644565E-05,2.6582824973377,9.47738862591347E-05,2.6058035808724,0.00011132698690643,2.53770471932109,0.000103785384062746,2.44713648800439,0.00505854646746026,0.4449245574782
8.92329244711118E-05,2.66397009265927,9.50513154156179E-05,2.61063856271956,0.00011159606307824,2.54363340536957,0.000104119383211376,2.45268984057115,0.00508001541816384,0.443348080775502
8.94411476334598E-05,2.66981439644188,9.56160819127446E-05,2.61612060533436,0.000111974762875603,2.54906735838253,0.000104325676803177,2.45756873233721,0.00510143786827016,0.440439117185287
8.98972555128886E-05,2.67930908555244,9.57746128593064E-05,2.62095558718151,0.000112343496888824,2.55392547458368,0.000104502499881863,2.46313084413514,0.00512287228135076,0.437872955780613
8.99567478449881E-05,2.68411173897633,9.60025010949891E-05,2.62623991678398,0.00011266240198134,2.55911611626771,0.000104905263561093,2.46974406367442,0.00514430229304313,0.435180671434383
9.01550556186528E-05,2.69238963297757,9.61015829365903E-05,2.63221624192962,0.000112821854527598,2.56407155700043,0.000105435732797151,2.47619085782131,0.00516573483257177,0.432560822903681
9.0541755777299E-05,2.69812331902298,9.60619501999498E-05,2.63759942803825,0.000113090930699408,2.56897833546736,0.000105700967415181,2.48258509658114,0.0051871293325011,0.428850939614723
9.07301481622805E-05,2.70418885828002,9.63294711722729E-05,2.64356676622879,0.000113947988135544,2.5745096130119,0.000105917084511353,2.48802457914258,0.00520859992508927,0.427321511548498
9.11565098756597E-05,2.70900072984867,9.64880021188348E-05,2.65011825650123,0.000114436311558458,2.57985435187092,0.000106074260581296,2.49410348558001,0.00523002617651636,0.424521475808214
9.12259175964423E-05,2.71403383689174,9.69041458535597E-05,2.65523183395668,0.00011462566145714,2.58568571338782,0.000106477024260526,2.4994028204426,0.00525141456515508,0.420636471873925
9.14143099814238E-05,2.71973065035808,9.71914831942031E-05,2.66017465926511,0.000115034258606925,2.59132242584157,0.0001071744930709,2.50491237685347,0.00527286848171757,0.418629187890257
9.15134638682562E-05,2.72646911418315,9.75382696398071E-05,2.66519836716949,0.000115472753109134,2.59762418926109,0.000107253081105871,2.51187596563986,0.00529430563432203,0.416141528264674
9.17613485853371E-05,2.73276510705937,9.8122852505254E-05,2.67273842250362,0.000115941144963767,2.60252285735039,0.000107449551193301,2.51862933287798,0.00531574543449231,0.413729735336496
9.24157642384307E-05,2.73942060758153,9.84498225825378E-05,2.679200043225,0.00011650919465981,2.60744585657258,0.000107724609315701,2.52362209464935,0.00533717681148624,0.411076574066711
9.27528874536607E-05,2.74664763307928,9.8717343554861E-05,2.6859762073751,0.000117117107492418,2.6124012973053,0.000108412254621704,2.53029662880687,0.00535863566319844,0.409210708100706
9.28421259518099E-05,2.7528330082183,9.90244972638246E-05,2.69211429771266,0.000117804746598155,2.6174540625696,0.000108864135822791,2.53523683519118,0.00538005782324192,0.406293432683177
9.30206029481081E-05,2.76061312240209,9.90244972638246E-05,2.69694927955981,0.000117964199144413,2.62332597597465,0.000109109723432077,2.54179749934338,0.00540150561630102,0.404110678093684
9.30602645028411E-05,2.76551717541842,9.93118346044679E-05,2.70264700909716,0.000118193412179659,2.62861394219026,0.000109296370015135,2.54766618423254,0.00542296564405053,0.402278511786942
9.3268487665189E-05,2.77137991549057,9.95793555767911E-05,2.70972872972087,0.000118462488351469,2.63584839903737,0.000109325840528249,2.55259763138567,0.00544439340728555,0.399521797301975
9.39030725409161E-05,2.7773348370104,9.96189883134315E-05,2.71623528521778,0.000118910948637819,2.64149322186875,0.00010946336958945,2.55836996473187,0.00546583675033384,0.397211526478343
9.42798573108791E-05,2.78213749043429,9.9916233838235E-05,2.7218880799796,0.000119528827254568,2.64628645504884,0.000110180485408566,2.56413353884689,0.00548724234501222,0.393819566151832
9.46070651374259E-05,2.79036007556693,0.000100074764784797,2.72845754416226,0.000119837766562943,2.65172040806181,0.000110534131565939,2.57052777760672,0.00550861418745511,0.389460426608903
9.46268959147924E-05,2.79818628047457,0.00010035219394128,2.735287630043,0.000120047048029906,2.65652175161954,0.00011080918968834,2.57530155859864,0.00553006444761382,0.387348367410028
9.50433422394883E-05,2.80557923257813,0.000100570173992803,2.74180317249501,0.000120326089985858,2.66176916594698,0.000111035130288883,2.58096878117071,0.00555152557839756,0.38554780884026
9.53110577339357E-05,2.8124283141404,0.000100718796755204,2.7474020455262,0.000121033660659877,2.66870353882174,0.000111369129437513,2.58689878067811,0.00557300590834803,0.384297407460563
9.56977578925819E-05,2.81794076471139,0.000101115124121609,2.75391758797821,0.000121432292025522,2.67359409653341,0.000111988010212915,2.59297768711554,0.00559445134577908,0.382047151727504
9.61241196059611E-05,2.82357305116435,0.000101362828725612,2.75892332197238,0.000122229554756811,2.67987152882003,0.00011222377431783,2.59783906041924,0.00561593444070046,0.380875981318978
9.63422581569923E-05,2.82963859042139,0.00010200686069602,2.76534000791824,0.000122458767792056,2.68609218846323,0.000112518479448974,2.60312963605066,0.00563739573255187,0.379080038185919
9.67289583156385E-05,2.83528009501912,0.000102333830773303,2.7716398634477,0.000122837467589419,2.69206953677749,0.000112881949110718,2.60947131942342,0.00565884381094543,0.376905459930701
9.69966738100859E-05,2.84294959146571,0.000102690525403068,2.77659167571124,0.000123445380422027,2.6969682048668,0.000113225771763719,2.61530496738787,0.00568027111008221,0.37413544658818
9.71454046403345E-05,2.8488031133931,0.000102749974508028,2.78315215293879,0.000123863943355954,2.70270224185212,0.000113648182451692,2.62098094919111,0.00570173234796863,0.372337957074136
9.7294135470583E-05,2.85514519699316,0.00010286887271795,2.78955086497442,0.000124113087959482,2.70892290149532,0.00011377588800852,2.62627152482253,0.00572319936390868,0.370706039211662
9.75420201876639E-05,2.86094341005194,0.000103314741005155,2.79573389008751,0.000124282506289881,2.71383779033989,0.000114227769209608,2.63200006201284,0.00574465558082215,0.368764672392436
9.79981280670928E-05,2.86722096663863,0.000103542629240838,2.80154845004124,0.000124790761281077,2.72053696226333,0.000114217945705236,2.63792130228907,0.00576607917882583,0.365888602104068
9.84244897804719E-05,2.87417144779335,0.000103661527450759,2.80858523588942,0.000125328913624698,2.72839591818806,0.000114483180323266,2.64288778636691,0.00578757117955312,0.364972629914439
9.86822898862361E-05,2.88184094423994,0.000103978589343883,2.81611630426845,0.00012543853725025,2.73430838348127,0.00011505294357681,2.6483885835466,0.00580899634926268,0.362141597272912
0.0000989400899920002,2.88978698502955,0.000104265926684526,2.82170619034452,0.000125697647637919,2.73945036289951,0.000115485177769154,2.65326747531266,0.0058304665401312,0.360600657823891
9.90094977127829E-05,2.8970693193959,0.000104513631288529,2.8274488546574,0.00012606638165114,2.74853398584656,0.000115838823926527,2.65851425478819,0.00585192372752852,0.358687100475442
9.92375516524973E-05,2.90391840095818,0.000104721703155891,2.8359505141879,0.000126415184096079,2.75373273790822,0.000116153176066414,2.66328803578011,0.00587334754214205,0.355817237199487
9.964408258851E-05,2.90966130514836,0.000104999132312375,2.84332880433012,0.000127052994281111,2.75956409942512,0.000116703292311215,2.66876255526627,0.00589480050934978,0.353782749204559
9.99217134716406E-05,2.91474972106004,0.000105256745100538,2.8497994120066,0.000127351967805344,2.76476285148677,0.000116997997442359,2.67352757702701,0.00591623173014512,0.351125112023073
0.000100129936633989,2.91987500955078,0.000105672888835263,2.85808538461455,0.000127591146624731,2.77082130357735,0.000117331996590989,2.6817962912589,0.00593758152477551,0.346134186593908
0.000100526552181318,2.92798697694621,0.000106108848938308,2.86490648354018,0.000128318648867032,2.77653100942978,0.00011800981839262,2.68770877230395,0.00595902995223629,0.343969610952258
0.000101190883223095,2.93376675371546,0.00010628719625319,2.86984930884861,0.000128737211800959,2.78143778789671,0.000118402758567478,2.69290299639241,0.00598046674511233,0.341471643213673
0.000101597414159108,2.93871689745562,0.000106515084488872,2.87523249495724,0.000129474679827402,2.78927241268854,0.000118697463698622,2.69804466509381,0.00600189244122898,0.338655694906185
0.00010172631421199,2.94359329603765,0.000106842054566156,2.88035505936779,0.000129783619135776,2.79520920911465,0.00011909040387348,2.70329144456934,0.00602337657238905,0.337514218190756
0.000102073352815903,2.95044237759993,0.000107079850985999,2.8862774627828,0.000130132421580715,2.80273563955649,0.000119355638491509,2.7096331279421,0.00604483988482016,0.335776175302546
0.000102142760536686,2.95613919106626,0.000107624801114805,2.89235264443461,0.000130541018730501,2.80954024638914,0.000119748578666368,2.71487990741763,0.00606627712584127,0.333291049279331
0.000102360899087717,2.96177147751923,0.000108080577586171,2.89816720438834,0.000130899786959581,2.81593933434023,0.000119866460718825,2.72047705614027,0.00608774329956813,0.331634997575832
0.000102559206861382,2.96706269261579,0.000108447180400095,2.90488944680781,0.000131388110382496,2.82117052791242,0.000120514812007342,2.72539974406222,0.00610918348622496,0.329234279521585
0.000102797176189779,2.9728516875298,0.000108724609556578,2.91070400676154,0.000131716981259153,2.82651526677144,0.000121212280817715,2.7316538351232,0.00613063751365143,0.327230172374547
0.000102916160853978,2.98051196583162,0.000108982222344741,2.91768687087908,0.000131946194294398,2.83326310096068,0.000121330162870173,2.7367955038246,0.00615208679231046,0.325089988043272
0.000103362353344724,2.98597832567877,0.000109200202396264,2.92339358737154,0.000132245167818632,2.83894036530258,0.000121605220992574,2.74205104253131,0.00617349745203656,0.321843167995858
0.000103620153450488,2.99188715647476,0.000109437998816107,2.929100303864,0.000132623867615994,2.84447164284712,0.00012225357228109,2.74749928432393,0.006194902966313,0.318448903730459
0.000104175415216749,2.99962117993472,0.000109774877077551,2.93406110308264,0.000133112191038909,2.85168987893897,0.000123009982117692,2.75354315383664,0.00621651495089491,0.320971100562715
0.00010476042314906,3.00602779054816,0.000110230653548916,2.94260769738866,0.000133799830144646,2.85705083855326,0.000123235922718236,2.75977972643527,0.0062379721585466,0.319058123608557
0.000104948815534041,3.01468362848487,0.000110369368127158,2.94738875750518,0.00013392938533848,2.8620630519294,0.000123422569301294,2.76516665360964,0.00625943325616829,0.317256614771525
0.000105484246522936,3.02004858873958,0.000110646797283641,2.95454237376974,0.000134587127091794,2.86710770681606,0.000124011979563581,2.77050978462813,0.0062808712485657,0.314793019634822
0.000105980015957098,3.0259482013908,0.000110924226440124,2.95976379468646,0.000135115313651273,2.87244433529745,0.000124689801365212,2.77707044878034,0.00630236801901334,0.31401372504051
0.000106198154508129,3.03178328702865,0.000111211563780768,2.9666028675223,0.000135374424038942,2.87748899018412,0.000125072918035699,2.7827376713524,0.00632382078067634,0.311973347107245
0.000106396462281794,3.03718511986243,0.000111548442042212,2.97192314494519,0.000135663431779034,2.88395296115626,0.000125289035131871,2.78766911850553,0.00634527420918021,0.309952077674992
0.000106684008553608,3.04308473251365,0.000111845687567015,2.97676711374745,0.000135952439519127,2.88924903774949,0.000125613210776129,2.79436993035658,0.00636668084233001,0.30658987502114
0.000107130201044353,3.04800722181951,0.000112103300355178,2.98197954770906,0.000136361036668912,2.89527504832954,0.000125976680437873,2.80170140685244,0.00638813978228068,0.304726537551361
0.000107516901203,3.05326156433701,0.0001122717394859,2.98709312516451,0.000136669975977287,2.90046569001357,0.00012642856163896,2.80683431632266,0.00640963886653668,0.304013545746626
0.000107982924471112,3.05928101287021,0.000112697791404785,2.99333007200824,0.00013731775194646,2.90691344023045,0.000126870619335676,2.8130270927654,0.00643112297297902,0.302871360738151
0.000108280386131609,3.06584433194469,0.00011313375150783,3.00033091003599,0.000137527033413423,2.91274480174735,0.000127293030023649,2.8186417599504,0.00645258902906773,0.301211938082136
0.000108607593958156,3.07291464898139,0.000113322007006872,3.00614546998972,0.000137816041153515,2.91770024248007,0.000127676146694136,2.82472066638782,0.00647407327881564,0.300073859532833
0.00010883564789787,3.07874973461924,0.000113450813400954,3.01108829529815,0.00013857344074824,2.92305309171672,0.000128128027895223,2.83132512669592,0.0064955484031077,0.298674288637199
0.000109271924999933,3.08487980088965,0.000113698518004957,3.01716347694996,0.000138952140545603,2.92800042207181,0.000128540615078824,2.83778068007399,0.0065170313236464,0.297498121246985
0.000109737948268045,3.09248477032286,0.000113807508030718,3.02416431497772,0.000139350771911247,2.93460226946368,0.00012891390824494,2.8448143427098,0.00653848029578017,0.295349153353427
0.000109985832985126,3.09774833098513,0.000114253376317923,3.02894537509423,0.000140207829347383,2.94020654040691,0.000129355965941655,2.85069178683014,0.0065599363895404,0.293404257545635
0.000110174225370107,3.10326078155611,0.000114471356369446,3.03412186123542,0.000141214373545636,2.94701925761719,0.000129719435603399,2.85746267253061,0.00658137061391112,0.290832688609463
0.000110203971536157,3.10895759502245,0.000114590254579367,3.03928936042151,0.00014170269696855,2.95201525023807,0.000130171316804486,2.86350654204333,0.0066028416643901,0.289316381524999
0.000110451856253238,3.11502313427948,0.000114937041024971,3.04611045934714,0.000142480028131557,2.95987420616279,0.000130407080909401,2.87005844696436,0.00662427727195242,0.286784448309005
0.000111294664291313,3.11998249616442,0.000115026214682412,3.05137681503939,0.000143167667237294,2.96492697142709,0.000130603550996831,2.87535778182695,0.00664577440569086,0.286015563908655
0.000112048233831239,3.12548572859064,0.000115234286549775,3.05794627922204,0.000143347051351835,2.97114763107029,0.000130819668093003,2.88054324668424,0.00666723188956968,0.284110502316123
0.000112861295703264,3.13144065011046,0.000115818869415222,3.0646595346864,0.000144224040356253,2.97658969446089,0.000131615371947091,2.88530826844499,0.00668867280816261,0.281730758084016
0.000112980280367463,3.13757071638087,0.000116235013149947,3.07155252925288,0.000144762192699873,2.98279413334883,0.000132155664687521,2.89279741110205,0.00671012995354592,0.279815996813173
0.00011330748819401,3.14453041568036,0.00011656198322723,3.07736708920661,0.000145928189444383,2.98809020994206,0.000132430722809922,2.89794783903462,0.00673159029492268,0.277992817577986
0.000113456219024258,3.14998755738274,0.000116720514173792,3.08236383624568,0.000146037813069936,2.99294832614321,0.000132637016401723,2.90275665695126,0.00675306658558912,0.276626669448323
0.000113654526797923,3.15682742080025,0.000117057392435236,3.08978706116342,0.000146267026105181,2.99902299898904,0.000133010309567838,2.90777569641616,0.00677452352398545,0.274705976911014
0.000114507250224681,3.16285608747822,0.000117562709827402,3.09515227336184,0.000146665657470826,3.00790386249531,0.000133314838203353,2.91447650826722,0.00679596648872566,0.272384865569165
0.000114973273492793,3.16859899166839,0.000118087843587888,3.10226095485087,0.000147213775598587,3.01460303441876,0.000133776542908812,2.92083571010233,0.00681743952245229,0.270925388969827
0.000115131919711725,3.17401004264694,0.000118444538217652,3.10759021922887,0.00014831001185411,3.02111566765669,0.000134061424535584,2.92609124880904,0.00683894339730517,0.270349672982728
0.000115449212149589,3.1810895778284,0.000118434630033492,3.1123892532556,0.000148608985378343,3.02708490559332,0.000134444541206071,2.93197745216055,0.00686040946079124,0.268690462300325
0.000115816081530869,3.18639001106974,0.000118702151005815,3.12073813454929,0.000148818266845307,3.03222688501156,0.000134749069841586,2.93852935708158,NaN,NaN
0.000116232527855565,3.19240024145817,0.000118910222873178,3.12633700758047,0.00015018357927264,3.0379122597311,0.000135240245060159,2.9436622665518,NaN,NaN
0.000116559735682111,3.19846578071521,0.000119009304714779,3.13263686310994,0.000150382894955462,3.04320833632433,0.000135800184809333,2.94909298988207,NaN,NaN
0.000116946435840758,3.20353576033735,0.000119247101134622,3.13817282745538,0.000150681868479695,3.04805834214784,0.000136163654471077,2.95769455489871,NaN,NaN
0.000117224066723888,3.20867026697287,0.000119583979396066,3.14436483952357,0.000151150260334328,3.05353284704897,0.00013632083054102,2.96415886750796,NaN,NaN
0.000117690089992,3.21750124966016,0.000120039755867431,3.15027825598347,0.000152306291294697,3.05916955950272,0.000136497653619706,2.9695195169888,NaN,NaN
0.000118116451705379,3.22252513855847,0.000120376634128875,3.15505931609999,0.000152495641193378,3.06456296062753,0.000136851299777079,2.97602762575394,NaN,NaN
0.000118463490309293,3.2295862374504,0.000120951308810162,3.16195231066647,0.00015322314343568,3.0707755098931,0.000137037946360136,2.98174740371308,NaN,NaN
0.000118820444301889,3.23653671860512,0.000121595340780569,3.1677668706202,0.000153801158915865,3.076452774235,0.000137676474144281,2.98840441940824,NaN,NaN
0.000119157567517119,3.24171731596448,0.000122288913671778,3.17362636534946,0.00015420975606565,3.08121356590457,0.000138177472867226,2.99438697430271,NaN,NaN
0.000119474859954983,3.24711914879825,0.000122863588353064,3.17990824696872,0.000154518695374025,3.08777486140829,0.000138550766033341,2.99987901225122,NaN,NaN
0.000119673167728648,3.25291736185703,0.000123269823903629,3.18587558515926,0.000154837600466541,3.09307093800152,0.0001389437062082,3.0050644771085,NaN,NaN
0.000119901221668362,3.25877088378441,0.000123586885796753,3.19196874072128,0.000156033494563475,3.09887796838553,0.000139425057922401,3.0106791442935,NaN,NaN
0.000120149106385443,3.26362884607691,0.000124052570452278,3.20056925675795,0.000157388841206666,3.10448223932875,0.000139680469036059,3.01591716453786,NaN,NaN
0.000121041491366934,3.27022903773046,0.000124419173266203,3.20579067767467,0.000157817369924734,3.10943768006147,0.000140004644680317,3.02183840481408,NaN,NaN
0.000121448022302947,3.27800915191426,0.000124865041553408,3.21235115490222,0.000159322203330043,3.1146283217455,0.000140397584855176,3.02670853734896,NaN,NaN
0.000121547176189779,3.28281180533814,0.000125330726208933,3.21752764104341,0.000159661039990841,3.11943777568085,0.000141350464779207,3.03205166836745,NaN,NaN
0.000121755399352127,3.28993743124345,0.000125419899866374,3.2251665528837,0.000160807105167069,3.12552055890432,0.000141654993414722,3.03693056013351,NaN,NaN
0.000122370153450488,3.29497053828652,0.000125518981707975,3.23061264767808,0.000161245599669278,3.13187098458963,0.000141733581449694,3.04238756115731,NaN,NaN
0.000122994822937532,3.30110060455693,0.000125707237207018,3.23690351625244,0.000161943204559156,3.13691563947629,0.000142038110085209,3.04789711756817,NaN,NaN
0.000123411269262228,3.30738737928839,0.00012594503362686,3.24180140678534,0.000162112622889555,3.14211439153795,0.00014238193273821,3.05299499011368,NaN,NaN
0.000123500507760377,3.31334230080822,0.000126133289125903,3.2480922753597,0.000162620877880752,3.14840804457983,0.000143069578044213,3.05945930272293,NaN,NaN
0.000123698815534041,3.31836618970652,0.000126549432860628,3.2531429441294,0.000163288585418207,3.15380144570464,0.000143413400697214,3.06462724911786,NaN,NaN
0.000124055769526638,3.32448703783217,0.000127064658436954,3.25883168671165,0.00016421540334333,3.15939760627024,0.000143786693863329,3.07128426481302,NaN,NaN
0.000125126631504428,3.33078303070839,0.000127411444882558,3.26410702935901,0.000165132255484313,3.16582913573185,0.000144218928055673,3.0769076912292,NaN,NaN
0.000125434008553608,3.33773351186311,0.000127936578643044,3.27077535004783,0.000165600647338945,3.1723985416132,0.000144523456691189,3.08183913838233,NaN,NaN
0.000125582739383856,3.34264678302421,0.000128263548720328,3.27857602708004,0.000166049107625296,3.17827856539589,0.00014493604387479,3.08767278634677,NaN,NaN
0.000125909947210403,3.34921932024346,0.000128570702429291,3.28507359562185,0.000166557362616493,3.18410992691279,0.000145466513110849,3.09352395277358,NaN,NaN
0.000126316478146416,3.35533095022434,0.000128907580690735,3.29110384249813,0.000167573872598886,3.18955199030338,0.000145761218241992,3.098814528405,NaN,NaN
0.000126514785920081,3.36128587174416,0.000128957121611536,3.29723294588058,0.0001682316143522,3.19488050840714,0.000146183628929965,3.1066803180027,NaN,NaN
0.000126951063022143,3.36707486665817,0.000129135468926418,3.3051953881047,0.000169178363845606,3.19978728687408,0.000146596216113567,3.11240009596184,NaN,NaN
0.000127149370795808,3.37243982691288,0.00012928409168882,3.3101022655927,0.000169676653052662,3.20508336346731,0.000147303508428312,3.11910966704407,NaN,NaN
0.000127575732509187,3.37724248033677,0.000130056930053309,3.31640212112217,0.00017046394999981,3.21126347122236,0.000147716095611913,3.12617836660459,NaN,NaN
0.000128130994275448,3.38412843447811,0.000130245185552351,3.32334903741929,0.000171879091347848,3.21629190535376,0.000147794683646885,3.13101346221476,NaN,NaN
0.000128795325317225,3.38931824998224,0.000130631604734595,3.33034987544704,0.000172297654281775,3.22172585836672,0.00014857074049223,3.13725003481339,NaN,NaN
0.000129291094751387,3.39410246711659,0.00013100811573268,3.33643404405396,0.000172556764669444,3.22703004533759,0.000148934210153974,3.14226907427829,NaN,NaN
0.000129598471800567,3.40051829587479,0.000131166646679242,3.34228455182812,0.000172955396035089,3.23252077099397,0.000149415561868175,3.14748081682911,NaN,NaN
0.000129925679627114,3.40532094929867,0.000131711596808048,3.3474520510142,0.000173971906017482,3.23861977497271,0.000149877266573634,3.15326190940649,NaN,NaN
0.000130114072012095,3.41067669140861,0.000131959301412051,3.35304193709028,0.000174270879541716,3.24416727327251,0.000150211265722264,3.15856124426909,NaN,NaN
0.000130798233831239,3.41707408387728,0.000132345720594296,3.36036630550186,0.000174878792374324,3.24906594136181,0.000150623852905865,3.16374670912637,NaN,NaN
0.000131115526269102,3.42303822354188,0.000132563700645818,3.36547988295731,0.00017564615775319,3.25434579719978,0.00015126238069001,3.16858180473654,NaN,NaN
0.000131988080473227,3.42917750795705,0.000132831221618141,3.37279526441378,0.000175965062845706,3.25969053605881,0.000151969673004755,3.1747658219481,NaN,NaN
0.000132820973122619,3.43474526739664,0.000133415804483588,3.38021848933152,0.000177599451444848,3.26693310328355,0.000152126849074698,3.18017026758483,NaN,NaN
0.000133326657945464,3.44191698402579,0.000133911213691594,3.38698566652652,0.000178336919471291,3.27315376292675,0.000152480495232071,3.1859951563181,NaN,NaN
0.000133852173545676,3.44671963744967,0.000134168826479757,3.39193747879005,0.000179054455929451,3.28095594620806,0.000153099376007473,3.19133828733659,NaN,NaN
0.000134219042926955,3.452020070691,0.00013441653108376,3.39785988220506,0.000179752060819329,3.28721715773942,0.000153502139686702,3.19646243757563,NaN,NaN
0.000134397519923254,3.45705317773408,0.000134713776608563,3.40409682904878,0.000180678878744453,3.29285387019316,0.000154071902940247,3.20139388472876,NaN,NaN
0.000134665235417701,3.46235361097541,0.000135120012159128,3.40964178034933,0.00018172528607927,3.29901775719295,0.000154582725167563,3.20658810881722,NaN,NaN
0.000135498128067093,3.46841915023245,0.000135437074052252,3.41615732280135,0.000182333198911878,3.30398941868093,0.000155024782864279,3.21209766522808,NaN,NaN
0.000135577451176559,3.47447547134472,0.000136071197838499,3.42159443064062,0.000182951077528628,3.29864467982191,0.000155407899534766,3.21692400160708,NaN,NaN
0.000136340936105168,3.47970215942791,0.000136408076099943,3.42890981209709,0.000183449366735683,3.30398941868093,0.000155889251248967,3.22320437036159,NaN,NaN
0.000137094505645094,3.48505790153785,0.000136645872519786,3.43590166316974,0.000183838032317187,3.3109805641991,0.000156616190572455,3.2288540744713,NaN,NaN
0.000137362221139541,3.49008179043615,0.000136863852571309,3.44112308408646,0.000184435979365654,3.31578190775683,0.000156979660234199,3.23573007094591,NaN,NaN
0.000137986890626585,3.49743786996064,0.00013700256714955,3.44639842673382,0.000185163481607955,3.3212158607698,0.000157539599983372,3.2405213704002,NaN,NaN
0.000138373590785231,3.50334670075663,0.000137121465359472,3.45253651707137,0.000185542181405318,3.32626862603409,0.000158335303837461,3.24555792832746,NaN,NaN
0.000138819783275977,3.5107396528602,0.000137349353595154,3.45823424660873,0.000186130162669643,3.33286236304833,0.000158610361959861,3.25227625864087,NaN,NaN
0.000139702252868785,3.51581885062711,0.000137478159989236,3.46491155425266,0.00018663841766084,3.33874238683102,0.000159052419656577,3.25733909426166,NaN,NaN
0.000140416160853978,3.5217829902917,0.000138062742854683,3.470016144753,0.000187395817255565,3.33336520646147,0.000159386418805207,3.26272602143604,NaN,NaN
0.000140723537903158,3.52759042149525,0.000138746407561731,3.47672940021735,0.000188900650660873,3.3384260821034,0.000159769535475694,3.26838448477693,NaN,NaN
0.000140921845676823,3.5327710188546,0.000139122918559815,3.48151046033387,0.000189448768788635,3.34337341245849,0.000160663474373496,3.27317578423121,NaN,NaN
0.000141606007495966,3.53883655811164,0.000139430072268779,3.48677681602612,0.000189727810744586,3.34862082678594,0.000161950353446158,3.2780021206102,NaN,NaN
0.000142151353873544,3.54451493528844,0.000139975022397585,3.49344513671494,0.000190963567978084,3.34381137285058,0.000162470999177845,3.28299488238157,NaN,NaN
0.000142726446417172,3.5493821157257,0.00014038125794815,3.50065267471014,0.000191671138652104,3.34927776737407,0.000163315820553791,3.28829421724417,NaN,NaN
0.000143063569632402,3.55494987516529,0.000140827126235355,3.50604484777388,0.000192079735801889,3.35626080251461,0.000164023112868536,3.29495123293933,NaN,NaN
0.000143658492953396,3.55975252858918,0.000141134279944319,3.51099666003741,0.000192388675110264,3.35077818723586,0.000164514288087109,3.30124036092503,NaN,NaN
0.000144322823995173,3.56486859893516,0.000141570240047364,3.51734145034241,0.000193684227048609,3.35686097045933,0.000165280521428082,3.30602290114813,NaN,NaN
0.000144967324259584,3.57105397407417,0.000141808036467207,3.52217643218957,0.00019387357694729,3.35205151652397,0.000165791343655398,3.31183903065022,NaN,NaN
0.000145433347527696,3.57707342260737,0.000142392619332653,3.52960864406242,0.000194730634383426,3.36072962058946,0.000166449518448286,3.31703325473869,NaN,NaN
0.000145800216908975,3.58324957960162,0.000142749313962418,3.53821814705419,0.000196544407097109,3.36637444342084,0.000166979987684345,3.32400560275625,NaN,NaN
0.000146771924999933,3.5904673869546,0.000143125824960502,3.5468905587317,0.000196853346405484,3.3714190983075,0.000168129337695806,3.33019837919899,NaN,NaN
0.000147426340653026,3.59620107300001,0.000143393345932825,3.55199514923204,0.000197471225022233,3.37713691453756,0.000168934865054265,3.33662765488353,NaN,NaN
0.000147951856253238,3.6017688324396,0.000144176092481474,3.55695594845068,0.000199992568409935,3.38257897792816,0.000169779686430211,3.34286422748215,NaN,NaN
0.000148447625687399,3.60656226771872,0.000144413888901317,3.56174599552231,0.000200470926048709,3.38738843186352,0.000171066565502872,3.34873291237131,NaN,NaN
0.00014942924916704,3.61131883041876,0.000144839940820202,3.56921415521558,0.00020218504092098,3.39249796977123,0.000171616681747674,3.35366435952444,NaN,NaN
0.000150361295703264,3.6180665123886,0.000145285809107407,3.57502871516932,0.000203271311392362,3.39870240865917,0.000171950680896303,3.35922647132237,NaN,NaN
0.000150619095809028,3.62369879884156,0.000145424523685649,3.58095111858432,0.000204935597343928,3.40487440603658,0.000172500797141105,3.36556815469513,NaN,NaN
0.00015077774202796,3.62922046755731,0.000145810942867894,3.58659492639104,0.000205892312621475,3.41085986472848,0.000172687443724163,3.37081493417066,NaN,NaN
0.000151075203688457,3.63408764799457,0.000146009106551096,3.59305654711242,0.000207456940731631,3.41779423760323,0.00017320808945585,3.37583397363557,NaN,NaN
0.000151918011726532,3.63987664290858,0.000146643230337343,3.60186376311653,0.000208224306110496,3.42371481327408,0.000174023440318681,3.38102819772403,NaN,NaN
0.000152780650541974,3.64734334017029,0.000146900843125506,3.60713910576388,0.000208573108555435,3.41882425556241,0.000174367262971682,3.38585453410303,NaN,NaN
0.000153494558527167,3.65283735445174,0.000147128731361189,3.61229761799486,0.000208961774136939,3.42436364348458,0.000174770026650912,3.39141664590096,NaN,NaN
0.000154010158738695,3.65858025864191,0.00014724762957111,3.61745613022584,0.000209549755401265,3.4301220116028,0.000175555907000629,3.3972502938654,NaN,NaN
0.000154297705010509,3.66371476527743,0.000147534966911754,3.62391775094722,0.000210008181471756,3.43672385899467,0.000175840788627401,3.40276860950745,NaN,NaN
0.000154694320557838,3.66913503440074,0.000147941202462319,3.63107136721178,0.000211233972921113,3.44338247902997,0.000176184611280402,3.40947818058968,NaN,NaN
0.000155200005380683,3.67396534225893,0.000148337529828723,3.63909671812165,0.000212698943189857,3.44892186695214,0.000176960668125748,3.41452349774812,NaN,NaN
0.000156013067252709,3.68030742585899,0.000148862663589209,3.64431813903837,0.000214283502868295,3.45562914925322,0.000178021606597865,3.42063744111025,NaN,NaN
0.000156508836686871,3.68511929742764,0.000149516603743777,3.64997093380019,0.000215011005110596,3.46055214847541,0.000178650310877639,3.42655868138648,NaN,NaN
0.000156687313683169,3.69014318632595,0.0001497345837953,3.65621686759902,0.000217651937907992,3.46657004867783,0.000179308485670526,3.43233101473268,NaN,NaN
0.000157093844619182,3.69538831069868,0.000150111094793384,3.66293012306337,0.000218748174163514,3.472263533775,0.000179897895932814,3.4377792565253,NaN,NaN
0.000157321898558896,3.70050438104466,0.000150517330343949,3.66853798304966,0.000219655060520356,3.47730818866166,0.000180752540813131,3.44338516447912,NaN,NaN
0.000157421052445728,3.70581403243076,0.000150834392237072,3.67552983412231,0.000220233076000541,3.48308277753514,0.000181607185693448,3.44867574011054,NaN,NaN
0.000158065552710139,3.7126170232692,0.000151280260524278,3.68398655887727,0.000221668148916861,3.48783545882708,0.000182235889973221,3.45408894497845,NaN,NaN
0.000158412591314052,3.7176409121675,0.000151775669732284,3.69060095783546,0.000222585001057844,3.49414533262423,0.000183591533576483,3.45905542905629,NaN,NaN
0.000158967853080313,3.7229229091193,0.000152043190704607,3.69894085217404,0.000223661305745084,3.48890602867441,0.000183817474177026,3.46398687620942,NaN,NaN
0.000159205822408711,3.72787305285947,0.00015234043622941,3.70419822091119,0.00022415959495214,3.49472927981368,0.000184456001961171,3.46940008107732,NaN,NaN
0.000159780914952339,3.73356064818103,0.000152548508096773,3.70904218971345,0.000225544838947755,3.50043087528848,0.000185133823762802,3.47499722979997,NaN,NaN
0.000160623722990414,3.739192934634,0.000152766488148295,3.71420070194443,0.000225933504529259,3.50557285470672,0.000185624998981375,3.48208344782285,NaN,NaN
0.000161030253926426,3.74466851262591,0.000153390703750382,3.71990741843688,0.000228026319198893,3.51082026903417,0.000187442347290095,3.4877944665508,NaN,NaN
0.000161754077300303,3.7495264749184,0.000153767214748467,3.72592867835806,0.000229590947309048,3.51670029281685,0.000188247874648555,3.49260328446744,NaN,NaN
0.00016235891600998,3.75499283476555,0.000154084276641591,3.73259699904688,0.000230567594154877,3.52208558356403,0.000188896225937071,3.49827926627068,NaN,NaN
0.000162537393006278,3.76007203253246,0.000154341889429754,3.73842054595572,0.000231564172568989,3.52727622524806,0.000189593694747445,3.5031756764991,NaN,NaN
0.000162715870002577,3.76496686740402,0.000154549961297116,3.74460357106881,0.000233248390088838,3.53247497730972,0.000190242046035961,3.50858012213583,NaN,NaN
0.00016407427825218,3.76994466557849,0.000155164268715043,3.74977107025489,0.000233846337137304,3.53733309351086,0.000190674280228305,3.5142473447079,NaN,NaN
0.000164371739912677,3.77695967374659,0.00015569931065969,3.75638546921308,0.000235002368097674,3.54267783236989,0.000191391396047422,3.51901236646865,NaN,NaN
0.000165502094222566,3.78335706621526,0.000156125362578575,3.76253254650574,0.000236646722480958,3.54893093352361,0.000191882571265995,3.52520514291138,NaN,NaN
0.000166235832985126,3.78815971963914,0.000156273985340976,3.76833811950437,0.00023756357462194,3.55451087333394,0.00019265862811134,3.53012783083333,NaN,NaN
0.00016646388692484,3.7930269000764,0.000156482057208339,3.77409875772746,0.000238370803137371,3.56052877353636,0.000193719566583457,3.53584760879247,NaN,NaN
0.000167276948796865,3.79940585625553,0.000156709945444021,3.77985040899545,0.000239128202732096,3.56576807748618,0.000193886566157772,3.54062138978439,NaN,NaN
0.000167852041340493,3.80431912741663,0.000157264803756988,3.78550320375727,0.000241101427992036,3.57271056073856,0.000195527091387806,3.54533385615808,NaN,NaN
0.000168694849378568,3.81114977268937,0.000157760212964994,3.79109308983335,0.000242845440216732,3.57835538356994,0.000195998619597636,3.5515704287567,NaN,NaN
0.000169051803371165,3.81711391235397,0.000158196173068039,3.79706042802389,0.000243353695207929,3.58389477149212,0.000196922029008553,3.55707998516757,NaN,NaN
0.000169607065137426,3.8245160826023,0.000158681674091885,3.80346812701463,0.000243702497652868,3.58917462733009,0.000197334616192155,3.56332531699737,NaN,NaN
0.000170092919182905,3.82993635172561,0.00015913745056325,3.8099117738258,0.000245944799084619,3.59490866431541,0.00019770790935827,3.56877355878999,NaN,NaN
0.000170618434783116,3.83528287569078,0.000159266256957331,3.81599594243272,0.000246562677701368,3.60159972586123,0.000198827788856616,3.57395902364728,NaN,NaN
0.000171173696549377,3.84161574114607,0.000159543686113815,3.82104661120242,0.000247489495626491,3.60844488458204,0.00019952525766699,3.57876784156392,NaN,NaN
0.000172066081530869,3.84840029569498,0.000160167901715902,3.82701394939296,0.00024980155754723,3.61408159703579,0.000200596019643479,3.58360293717409,NaN,NaN
0.000172869228014211,3.85441052608341,0.000160623678187267,3.83218144857904,0.000251505706635361,3.61988051704217,0.000201637311106854,3.59010228670805,NaN,NaN
0.000173533559055988,3.85994141294393,0.00016087138279127,3.83714224779768,0.000251705022318183,3.6256956578038,0.000203071542745087,3.59506877078589,NaN,NaN
0.000174019413101466,3.86479937523642,0.000161049730106152,3.84230974698376,0.00025230296936665,3.63108094855098,0.00020417177523469,3.60073599335795,NaN,NaN
0.000174525097924311,3.87033026209694,0.000161525322945838,3.84816924171303,0.000253827734340241,3.63643379778763,0.000204338774809005,3.60557108896813,NaN,NaN
0.000175586044513417,3.87722543438306,0.000162010823969684,3.85708430117841,0.000255183080983433,3.64312485933345,0.000204869244045064,3.61077407228777,NaN,NaN
0.00017605206778153,3.88212948739938,0.000162199079468726,3.86245850033194,0.00025622948831825,3.65039986806872,0.000205714065421009,3.61587194483327,NaN,NaN
0.000176260290943878,3.88737461177211,0.000162654855940091,3.86859659066949,0.000257236032516502,3.65559862013038,0.00020847447014939,3.62117127969587,NaN,NaN
0.000176607329547791,3.89238928252565,0.000162962009649055,3.87339562469622,0.000259029873661903,3.66136509862623,0.00020908352742042,3.62603265299958,NaN,NaN
0.000177083268204586,3.89917383707456,0.000163566408882822,3.87873387602932,0.000260026452076015,3.66645841577868,0.000211519756504542,3.63158600556633,NaN,NaN
0.000178292945623941,3.90586621017579,0.000163982552617547,3.88423389255434,0.00026186015635798,3.67126786971404,0.000211539403513285,3.63667511888066,NaN,NaN
0.000178739138114687,3.91077948133688,0.000164468053641392,3.8900933872836,0.000262806905851386,3.67627197271255,0.000212364577880488,3.64151021449083,NaN,NaN
0.000179294399880948,3.91684502059392,0.000164884197376117,3.89622249066605,0.000263833381617921,3.68186813327814,0.000214142632171722,3.64623144009569,NaN,NaN
0.000179859577035892,3.92218232641432,0.000165330065663323,3.90304358959168,0.000267002500974796,3.68677491174507,0.000214790983460238,3.65118916494235,NaN,NaN
0.000180226446417172,3.92802663019694,0.000165548045714845,3.90809425836138,0.000269573673283203,3.691681690212,0.00021574386338427,3.65600674209017,NaN,NaN
0.00018077179279475,3.9350508565098,0.000166043454922851,3.912884305433,0.000271636590600414,3.69636137810526,0.000216392214672786,3.66151629850103,NaN,NaN
0.000182397916538801,3.94006552726334,0.000166419965920935,3.91837533500291,0.000272782655776643,3.69134105435149,0.00021696197792633,3.66661417104654,NaN,NaN
0.000183339878463708,3.94537517864944,0.00016681629328734,3.92457633402621,0.000273261013415416,3.68593143247142,0.000217472800153646,3.67154561819967,NaN,NaN
0.000183677001678938,3.95057421229833,0.000167499957994388,3.93016622010229,0.000275124615049805,3.68103276438212,0.000219123148888052,3.67747561770707,NaN,NaN
0.000184014124894168,3.95648304309432,0.000168114265412315,3.93795791017939,0.000276171022384622,3.68724531364769,0.000219290148462366,3.6824070648602,NaN,NaN
0.000184291755777299,3.96269607266763,0.000168421419121279,3.94377247013312,0.000278263837054256,3.68186002290051,0.000221353084380373,3.68803049127637,NaN,NaN
0.000185362617755089,3.96749872609152,0.000168708756461922,3.95130353851215,0.000279140826058674,3.67658827744017,0.000221863906607689,3.69377654692904,NaN,NaN
0.000185898048743983,3.97262401458227,0.000168946552881765,3.95754048535587,0.000280057678199657,3.68258995688732,0.000222905198071063,3.69984669413529,NaN,NaN
0.00018656237978576,3.97926107881489,0.00016941223753729,3.96356174527705,0.00028106422239791,3.67773184068618,0.000223612490385809,3.70610078519627,NaN,NaN
0.000188178588141128,3.98467212979344,0.000170125626796819,3.96866633577739,0.000281861485129199,3.68293870312547,0.000224300135691811,3.71193443316072,NaN,NaN
0.000189090803899985,3.99046112470745,0.000170323790480021,3.97446292182091,0.000282698610997053,3.67733443218225,0.000225282486128957,3.71724252725449,NaN,NaN
0.000189646065666247,3.99570624908017,0.000170868740608828,3.97946865581508,0.000283007550305427,3.67219245276401,0.000226029072461188,3.72233164056882,NaN,NaN
0.000190042681213576,4.00173491575814,0.000171027271555389,3.98491475060945,0.000284133683913373,3.66739110920628,0.000226500600671018,3.72826164007622,NaN,NaN
0.000190865658474285,4.00721049375006,0.000171383966185154,3.99127751482467,0.000284402760085183,3.66152730617886,0.000226932834863362,3.73343834570233,NaN,NaN
0.000191450666406596,4.01205001975301,0.000172027998155561,3.99629223577394,0.000285688346239387,3.66675849975104,0.000227846420769908,3.73883403210788,NaN,NaN
0.000192571105327801,4.0189820646182,0.000172890010177491,4.00189110880513,0.000286256395935431,3.66176250713016,0.000228259007953509,3.7445976062229,NaN,NaN
0.000192818990044882,4.02412578939848,0.000173197163886455,4.0090626989799,0.000286914137688744,3.65501467294093,0.000228789477189568,3.74984438569844,NaN,NaN
0.00019308670553933,4.02997931132587,0.00017360339943702,4.01615340655872,0.000288169826490525,3.64972670672532,0.000229703063096113,3.75540649749637,NaN,NaN
0.000194673167728648,4.0360448505829,0.000174138441381666,4.02285767506797,0.000291578124666787,3.64390345558606,0.000230321943871515,3.7609686092943,NaN,NaN
0.000195297837215691,4.04106873948121,0.000176447048290973,4.03033482171635,0.00029214617436283,3.63720428366261,0.000231098000716861,3.76668838725343,NaN,NaN
0.000195773775872487,4.04609262837952,0.000177200070287142,4.03621229035583,0.000292564737296757,3.63220829104173,0.000232011586623406,3.77206655519663,NaN,NaN
0.000196190222197183,4.05144837048945,0.000177616214021867,4.03088302597783,0.000294418373147004,3.62676622765113,0.00023372087638404,3.77815422086524,NaN,NaN
0.000196596753133195,4.05667505857265,0.000178032357756592,4.03631114686199,0.000294966491274766,3.6189316028593,0.000234015581515184,3.78345355572783,NaN,NaN
0.000199204500356887,4.06147771199653,0.000178408868754676,4.04314123274273,0.000296531119384921,3.6121918790477,0.000234418345194414,3.78875289059043,NaN,NaN
0.000200265446945993,4.06671361822449,0.000178666481542839,4.04840758843498,0.000296850024477437,3.60738242511234,0.000235773988797675,3.79368433774356,NaN,NaN
0.000201643685972963,4.07158079866175,0.000181559671317593,4.04217962854636,0.000297358279468633,3.60209445889674,0.000237119808896565,3.79893111721909,NaN,NaN
0.000202189032350541,4.07720386696995,0.000183224246256492,4.04767065811627,0.000297916363380536,3.59732555684954,0.000237807454202567,3.80385380514104,NaN,NaN
0.00020362676370961,4.08220010143395,0.000183571032702097,4.05271233993087,0.000298065850142653,3.58999377547085,0.000238524570021684,3.80945095386368,NaN,NaN
0.000203953971536157,4.08753740725435,0.000183967360068501,4.04781444939797,0.000298773420816672,3.58189150821719,0.000239231862336429,3.8142685310115,NaN,NaN
0.000204449740970319,4.09244146027068,0.000184383503803226,4.04282668931401,0.000299301607376151,3.57514367402795,0.000240882211070834,3.82056641822837,NaN,NaN
0.000205381787506543,4.09951177730738,0.00018471047388051,4.04803912327563,0.000299411231001703,3.56689541997693,0.000241894032021095,3.82555917999974,NaN,NaN
0.000206254341710668,4.1043052125865,0.000185017627589474,4.05395253973553,0.000301244935283669,3.56011514427717,0.000242503089292125,3.83034172022284,NaN,NaN
0.000206700534201413,4.11159676509762,0.00018554276134996,4.05991987792607,0.000301942540173547,3.55461630824315,0.000243328263659328,3.83548338892424,NaN,NaN
0.000207830888511302,4.11689719833895,0.00018814861378407,4.06490763801003,0.000302739802904836,3.54854163539731,0.000244831259828161,3.84223675616236,NaN,NaN
0.000208316742556781,4.12198561425063,0.000188653931176236,4.07197138472352,0.000303766278671371,3.54127473703967,0.000245548375647277,3.84721199947138,NaN,NaN
0.000209595827696918,4.1163441096529,0.000190110434247773,4.07702205349323,0.000304663199244071,3.53622197177538,0.000247238018399169,3.85199453969448,NaN,NaN
0.000209794135470583,4.10806621565165,0.00019150748821435,4.08183007447506,0.000305719572363029,3.53134763481897,0.000247925663705171,3.85691722761643,NaN,NaN
0.00021006185096503,4.10289483643706,0.000192547847551162,4.08662012154668,0.000306357382548061,3.52494854686788,0.000249634953465805,3.86268956096263,NaN,NaN
0.000210210581795279,4.09809218301318,0.000193419767757252,4.09220102066765,0.000306646390288153,3.51849268627337,0.000249841247057605,3.86856700508297,NaN,NaN
0.000210894743614422,4.09135371918811,0.000195351863668475,4.08671897805285,0.000306995192733092,3.51339125874329,0.000250568186381093,3.87342837838667,NaN,NaN
0.000216496938220451,4.09540970288583,0.00019582745650816,4.08144363540549,0.000308151223693462,3.50761666986981,0.000252876709908386,3.87842114015804,NaN,NaN
0.000217488477088774,4.08996177932821,0.000196729101266731,4.07521567551687,0.000308310676239719,3.50153388664634,0.000253387532135702,3.88396573349362,NaN,NaN
0.000218162723519235,4.09499488637129,0.000198056797944187,4.08058088771529,0.000308490060354259,3.49449407886237,0.000254438647103448,3.88924754989386,NaN,NaN
0.00021900553155731,4.0997883216504,0.000198938626334437,4.08575737385648,0.000309078041618585,3.48939265133229,0.00025532276249688,3.89487097631004,NaN,NaN
0.000222535409928542,4.1054113899586,0.000200107792065331,4.09190445114915,0.000309426844063524,3.48453453513115,0.000256039878315996,3.89968855345786,NaN,NaN
0.000223447625687399,4.11031544297493,0.000200424853958454,4.09953437603434,0.000310353661988648,3.47831387548794,0.000256982934735656,3.90471635215394,NaN,NaN
0.000223992972064978,4.10545748068244,0.000201128335033823,4.09369285521529,0.000310961574821256,3.47352064230785,0.000258328754834546,3.90961276238236,NaN,NaN
0.000224925018601202,4.11215907192844,0.000202069612529034,4.10041509763475,0.000311898358530521,3.4678839298541,0.000259684398437808,3.91453545030431,NaN,NaN
0.000225599265031662,4.11812321159303,0.000202951440919284,4.10556462291062,0.000312855073808068,3.46154161454643,0.000259871045020865,3.92060559751055,NaN,NaN
0.000227671581266458,4.12358035329541,0.000203991800256096,4.11108261334584,0.000313223807821289,3.45609955115583,0.0002616490993121,3.9261239131526,NaN,NaN
0.000229535674338907,4.12991321875071,0.000204516934016582,4.11594455605832,0.000313522781345523,3.44847579618242,0.000263161918985304,3.93219406035884,NaN,NaN
0.000230001697607019,4.13471587217459,0.000206726459084288,4.12105813351376,0.000313911446927026,3.44352846582733,0.000264399680536108,3.9379839121674,NaN,NaN
0.00023092382875456,4.13956461632231,0.000207083153714052,4.12664801958984,0.000314021070552579,3.43823238923409,0.000265499913025712,3.94370369012653,NaN,NaN
0.000232678852551493,4.14546422897354,0.000208381125839028,4.13316356204186,0.000315097375239819,3.43240102771719,0.000265981264739913,3.94847747111846,NaN,NaN
0.000233511745200884,4.15037750013463,0.000208926075967834,4.138420930779,0.00031573518542485,3.42648045204635,0.000267553025439347,3.95326001134156,NaN,NaN
0.000234562776401308,4.15612040432481,0.000214801629174783,4.14407372554082,0.000316044124733225,3.41837007441506,0.000268525552372121,3.95876080852125,NaN,NaN
0.000235960846205644,4.1609783666173,0.000215941070353196,4.14951083338009,0.000316123851006354,3.41356873085733,0.000269566843835496,3.96351707105082,NaN,NaN
0.000236942469685284,4.16704390587433,0.000217338124319773,4.15446264564363,0.000316761661191385,3.40852407597067,0.000270166077602155,3.96828209281157,NaN,NaN
0.000239341993746627,4.17357035236975,0.000218021789026821,4.1598997534829,0.000317299813535006,3.40259538992219,0.000271688720779731,3.97328361381412,NaN,NaN
0.000239877424735522,4.17901827592736,0.000218586555523947,4.16485156574643,0.000317947589504178,3.3966099312303,0.000272238837024533,3.97825009789196,NaN,NaN
0.000241414309981424,4.18392232894369,0.000219498108466678,4.16989324756103,0.000318724920667185,3.39034871969894,0.000274311596446911,3.9839260796952,NaN,NaN
0.000242633902789462,4.18883560010478,0.000219825078543962,4.17559097709838,0.000319472354477769,3.38433892987415,0.000276777296044147,3.98884000838598,NaN,NaN
0.000243070179891524,4.19375808941065,0.000220469110514369,4.18101909798254,0.000319671670160591,3.37739644662176,0.000277641764428836,3.99543570946289,NaN,NaN
0.000243139587612307,4.18691822599314,0.000222718268318716,4.18631241454011,0.000320219788288352,3.37218958418247,0.000279940464451757,4.00148833820679,NaN,NaN
0.000243833664820134,4.19343545434378,0.000223025422027679,4.19367273077212,0.000320897461609948,3.36564450943402,0.000281738165751734,3.99677587183311,NaN,NaN
0.000244230280367463,4.19939037586361,0.000224164863206093,4.19841784306821,0.000321146606213476,3.3606890687013,0.000282140929430964,4.00247813132988,NaN,NaN
0.000245251565401836,4.1939701067403,0.000225185406174585,4.2034595248828,0.00032180434796679,3.3555308685278,0.000282877692258823,4.00763731849363,NaN,NaN
0.000248721951440969,4.1985699609793,0.000226196040958917,4.20889663272207,0.000322282705605563,3.34815042488332,0.000284282453383942,4.00240805748046,NaN,NaN
0.000252350983699034,4.20391648494447,0.000227256216664049,4.21418096232454,0.000323757641658449,3.34330852943744,0.000287386680765323,4.00744461540772,NaN,NaN
0.000256793077829123,4.19939959400838,0.000227662452214614,4.21999552227827,0.000324515041253173,3.33811788775341,0.000289714851301359,4.00975705243867,NaN,NaN
0.000259618963603846,4.19458772243973,0.000228256943264221,4.21465727094517,0.000324973467323665,3.33248928567729,0.000291109788922106,4.00258324210402,NaN,NaN
0.000260987287242132,4.1882917295635,0.000229445925363435,4.22024715702125,0.000325103022517499,3.32718509870643,0.000293614782536829,3.99791457188623,NaN,NaN
0.000261393818178145,4.18315722292798,0.00023070426475177,4.22599880828923,0.000326348745535138,3.33258661020887,0.000294538191947746,3.99314955012548,NaN,NaN
0.000266143289357415,4.17795818927909,0.000231467194932099,4.22084928301336,0.000326667650627654,3.32572523073279,0.000295422307341177,3.99894816116521,NaN,NaN
0.000267303389833354,4.173044918118,0.000231942787771784,4.22639423431391,0.000327195837187133,3.3192207078725,0.000296326069743351,3.99404299170562,NaN,NaN
0.000267283559055988,4.1677076122976,0.000233627179079004,4.22134356554421,0.000328032963054987,3.31417605298583,0.000298261300104529,3.98935680302547,NaN,NaN
0.000272489138114687,4.17217841250985,0.000234538732021735,4.21548407081494,0.000329946393610081,3.30890430752549,0.000300815411241108,3.98365454352869,NaN,NaN
0.000273153469156463,4.16689641555805,0.000235093590334701,4.21026264989822,0.000331650542698212,3.30360823093226,0.000302829229637258,3.97814498711783,NaN,NaN
0.000273470761594327,4.16127334724986,0.000236143857855673,4.21548407081494,0.000332338181803949,3.29855546566796,0.000305324399747608,3.97347631690003,NaN,NaN
0.00027522578539126,4.15555809749399,0.000237194125376646,4.20964254999589,0.000335078772442756,3.29383522588655,0.000305432458295694,3.96639885810833,NaN,NaN
0.000275979354931186,4.14971379371137,0.000239076680367068,4.21494485350857,0.000337968849843679,3.28727393038283,0.000305687869409352,3.95959293548315,NaN,NaN
0.000276861824523994,4.15483908220212,0.000239700895969155,4.21011885861652,0.000339204607077177,3.28114248489358,0.000306365691210983,3.95435491523879,NaN,NaN
0.000282751565401836,4.159641735626,0.000242346381139906,4.20531083763469,0.000340739337834909,3.27620326491612,0.000307770452336102,3.94957237501569,NaN,NaN
0.000284060396708023,4.15236861940442,0.000244972049942337,4.19996359934648,0.00034065961156178,3.27125593456103,0.000308939449356305,3.94438691015841,NaN,NaN
0.000284952781689515,4.1592730098353,0.000245071131783938,4.19398727420084,0.000341078174495707,3.27741982156081,0.000309519036114221,3.93818537448449,NaN,NaN
0.000288234775343666,4.16437986203652,0.000245457550966183,4.18855016636157,0.00034181564252215,3.2723102836531,0.000311591795536599,3.93329772348725,NaN,NaN
0.000289275891155406,4.15937440942775,0.000247191483194203,4.18173805439104,0.000342692631526568,3.26680333724145,0.000312731322043689,3.92799838862465,NaN,NaN
0.000289850983699034,4.1645550067871,0.000247567994192287,4.17657055520496,0.000343509825826139,3.26183167575347,0.000314381670778094,3.92230488835905,NaN,NaN
0.000293341200515533,4.17041774685925,0.000247954413374532,4.16973148236912,0.000348412991623568,3.25664103406944,0.000315540844293926,3.91678657271701,NaN,NaN
0.000295423432139012,4.17603159702268,0.000248766884475662,4.16473473533005,0.000350007517086147,3.25120708105647,0.000316896487897187,3.91070766627959,NaN,NaN
0.000297832871589039,4.17106301699298,0.000251372736909772,4.15887524060079,0.000352668381451825,3.24561092049088,0.000319381834503167,3.9058375337447,NaN,NaN
0.000298407964132666,4.17679670303839,0.000251798788828657,4.15294385023067,0.000352857731350506,3.2403797269187,0.000320148067844141,3.89953964652783,NaN,NaN
0.000299042549008394,4.18276084270298,0.000253225567347714,4.15865955367824,0.000354811025042164,3.23514042296888,0.000322358356327719,3.8938198685687,NaN,NaN
0.000301352834571588,4.1882364206949,0.000255732337940223,4.16360237898667,0.000355986987570816,3.23033907941116,0.000323085295651207,3.8886781998673,NaN,NaN
0.000302899635206173,4.19420056035949,0.000260498174521239,4.15896511015185,0.00035655503726686,3.23587846733333,0.000324784761907469,3.88319492114997,NaN,NaN
0.000307619360219393,4.20011860930025,0.000261211563780768,4.16539078305281,0.00035736226578229,3.23052561809668,0.000326317228589417,3.87800069706151,NaN,NaN
0.000311288054032191,4.20475533611832,0.000261340370174849,4.17131318646781,0.000357551615680971,3.22499434055213,0.000327604107662078,3.87323567530076,NaN,NaN
0.000312180439013682,4.19951021174559,0.000262588801379024,4.16597493513471,0.000360690837685422,3.21970637433653,0.000330639570512859,3.86850569046472,NaN,NaN
0.000313985039754031,4.20535451552821,0.000263599436163356,4.16054681425055,0.000361478134632571,3.21286121561572,0.00033232921326475,3.86378446485986,NaN,NaN
0.000317366187295014,4.20049655323572,0.000266997943330275,4.15510970641128,0.000361378476791159,3.20785711261721,0.000333900973964184,3.85891433232498,NaN,NaN
0.000318615526269102,4.20663583765089,0.000267552801643242,4.16135564021011,0.000361767142372663,3.21275578070651,0.000334519854739586,3.85320331359702,NaN,NaN
0.000320360634677352,4.21220359709048,0.000268038302667088,4.16640630897981,0.000362165773738308,3.21853036957999,0.000336514026126992,3.84785142334736,NaN,NaN
0.00032332533589364,4.20660818321659,0.000269712785790147,4.17139406906377,0.000362713891866069,3.22449960751663,0.000337191847928623,3.8426571992589,NaN,NaN
0.000323920259214634,4.21295026681666,0.000271000849730962,4.17689408558878,0.000362893275980609,3.21940629036417,0.000339411959916573,3.83663960743972,NaN,NaN
0.000326825468098822,4.21761464806903,0.000272566342828261,4.18257384121592,0.000364268554192083,3.21416698641436,0.000340620250954262,3.83155049412539,NaN,NaN
0.000330266107971905,4.22244495592722,0.000275201919814852,4.18995213135814,0.000366172018963036,3.20925209756979,0.000342113423618724,3.8251387369032,NaN,NaN
0.000332050877934888,4.21696015979053,0.000275826135416939,4.18451502351887,0.00036826483363267,3.20295033415028,0.000342467069776096,3.81998830897063,NaN,NaN
0.000335491517807971,4.22179046764872,0.000276242279151664,4.19200115712236,0.000370208161540188,3.19609706505184,0.00034417635953673,3.81510065797339,NaN,NaN
0.000336790433725475,4.21606599974808,0.000277153832094395,4.1974023171412,0.000370756279667949,3.19109296205333,0.000344539829198474,3.80948599078839,NaN,NaN
0.000337226710827537,4.2211728519493,0.000277996027748004,4.2024439989558,0.000374632969698843,3.18613752132061,0.000346681353151452,3.80405526745813,NaN,NaN
0.000339447757892582,4.22701715573191,0.000281404443099085,4.20768339378273,0.000374852216949948,3.18044403622344,0.000347064469821939,3.79840556334842,NaN,NaN
0.000339844373439911,4.22851971332902,0.000283841856402473,4.21306657989137,0.000376018213694458,3.17287705389344,0.000347889644189142,3.79342156080822,NaN,NaN
0.000341470497183962,4.22183655837256,0.000284981297580886,4.20751264163571,0.000378290412478633,3.16810815184624,0.000349746286515348,3.78691345204308,NaN,NaN
0.000343622136528224,4.21705234123821,0.00028699265896539,4.21223978002159,0.000378609317571148,3.16230112146224,0.000351514517302211,3.78186813488464,NaN,NaN
0.000345684537374338,4.22222372045279,0.000289370623163818,4.21877329638382,0.000379655724905965,3.15550462500722,0.000352437926713128,3.77651624463498,NaN,NaN
0.000346180306808499,4.21727357671263,0.000290787493498715,4.22376105646778,0.000380462953421396,3.15035453521134,0.000353213983558473,3.77039354204166,NaN,NaN
0.000346666160853978,4.21009264193872,0.000291639597336485,4.2288386861028,0.000381160558311274,3.15535863820985,0.000354893802805993,3.76518179949084,NaN,NaN
0.000354152279309821,4.20668192837473,0.000292016108334569,4.23459033737079,0.000381728608007317,3.15050052200871,0.000356612916070998,3.7602591115689,NaN,NaN
0.000359526419976136,4.20210051042527,0.000293541968695227,4.23983871915283,0.000381768471143882,3.14524499730363,0.000359088439172606,3.75560795981346,NaN,NaN
0.000361529328490149,4.20810152266893,0.000294225633402275,4.24517697048593,0.000383851320029375,3.13833495556177,0.000360719140898268,3.75079038266564,NaN,NaN
0.000362580359690572,4.2007270068549,0.000295632595553011,4.25054218268435,0.000385605298038211,3.13293344405933,0.000362890135364361,3.74606039782961,NaN,NaN
0.000363115790679467,4.20642382032124,0.00029722781320279,4.25567373405001,0.000388017017800361,3.127353504249,0.000363862662297135,3.74007784293514,NaN,NaN
0.000365049291472698,4.20133540440956,0.000297921386093998,4.261425385318,0.000389212911897295,3.12182222670445,0.000366092597789456,3.73356973417,NaN,NaN
0.000366110238061805,4.20655287434799,0.000299358072797215,4.25661736433617,0.000389830790514044,3.11616929349544,0.000368253768751177,3.72873463855983,NaN,NaN
0.000366715076771482,4.20076387943397,0.00029974449197946,4.26147032009353,0.000391734255284997,3.11029738009039,0.000369491530301981,3.72363676601432,NaN,NaN
0.000367746277194539,4.20594447679333,0.000302221538019489,4.26630530194068,0.000392720867914968,3.10543926388924,0.000377281569268549,3.7272017731037,NaN,NaN
0.000368400692847632,4.20054264395955,0.000306848660022263,4.27097851859593,0.000393418472804846,3.09955112972892,0.00037769415645215,3.72213017825173,NaN,NaN
0.000368717985285496,4.1953620466002,0.000307720580228353,4.27669422204349,0.000394046317205736,3.09319259366599,0.000382173674445535,3.71654178876026,NaN,NaN
0.000369114600832825,4.20171334834503,0.000308493418592842,4.26916315366447,0.000396557694809297,3.08856156803852,0.000386034311663519,3.71151399006418,NaN,NaN
0.000370344109029547,4.20788950533928,0.000311931558496403,4.27383637031971,0.000397215436562611,3.08374400372553,0.000389777066829045,3.70578545287387,NaN,NaN
0.00037035402441823,4.20253376322934,0.000312486416809369,4.27878818258324,0.000398042596646323,3.07737735728497,0.000390513829656905,3.70010947107062,NaN,NaN
0.000371058017014739,4.19679085903917,0.000316717211445739,4.28390176003869,0.000398780064672766,3.07135945708255,0.000393274234385285,3.69449480388562,NaN,NaN
0.000371920655830181,4.19183149715423,0.000317232437022065,4.29057008072751,0.000399118901333564,3.06646889937088,0.000394806701067232,3.68901152516829,NaN,NaN
0.000372307355988827,4.19862526984791,0.000318025091754874,4.28472855990846,0.00039925842231154,3.06155401052632,0.000397085754081411,3.6843428549505,NaN,NaN
0.000372882448532455,4.20364915874621,0.000320313882295861,4.29014769383752,0.000399836437791724,3.06660677579061,0.0003982940451191,3.67952527780268,NaN,NaN
0.000373368302577934,4.19642213324847,0.000321423598921794,4.28433313388379,0.000400653632091296,3.06116471240001,0.000399924746844763,3.67444492371953,NaN,NaN
0.000375024172488034,4.19148120765307,0.000322434233706126,4.28959050262093,0.000402088705007616,3.0563147065765,0.000402852151147458,3.66939084732992,NaN,NaN
0.000376362749960271,4.19650509655137,0.000323276429359736,4.29567467122785,0.000402806241465777,3.05044279317144,0.000404325676803177,3.66361851398371,NaN,NaN
0.000376937842503899,4.1911032637176,0.000327398233970344,4.30087811823436,0.000404271211734521,3.04296502499539,0.000404237265263833,3.65570016899894,NaN,NaN
0.000376779196284967,4.18552628613324,0.000330360781034219,4.30626130434299,0.000404779466725718,3.0381474606824,0.000404256912272576,3.64726502937468,NaN,NaN
0.000377314627273862,4.17985712710121,0.000331054353925427,4.31138386875354,0.000406065052879921,3.03187813877341,0.000403824678080232,3.63782257816496,NaN,NaN
0.000381350190467939,4.17404047775289,0.000335483312244999,4.31639858970282,0.000407231049624432,3.02659017255781,0.000403972030645804,3.63127943247511,NaN,NaN
0.000382589614053343,4.16747715867841,0.00033980328053881,4.32130546719082,0.000410360305844742,3.02170772522377,0.00040374609004526,3.62493774910234,NaN,NaN
0.000384800745729705,4.16224125245045,0.000340843639875622,4.32723685756094,0.000410908423972504,3.01659818731606,0.000404139030220119,3.61922673037439,NaN,NaN
0.000388320708712254,4.15766905264575,0.000342022713790676,4.33008572232961,0.000411476473668547,3.01073438428863,0.000404581087916834,3.62745164845039,NaN,NaN
0.000390303786448901,4.15202754804802,0.00034325132862653,4.3222760583423,0.000413389904223641,3.00478947748489,0.000405298203735951,3.63444151493031,NaN,NaN
0.000393109841446257,4.1471788039003,0.000345609476456638,4.31699172873983,0.000415173779584901,3.00009356883638,0.000404934734074207,3.62347495749564,NaN,NaN
0.00039489461140924,4.14196133396187,0.000346382314821127,4.31127602529227,0.000418313001589352,2.9953571082997,0.000405622379380209,3.62845020080466,NaN,NaN
0.000395192073069737,4.13522287013681,0.000349305229148361,4.3059916956898,0.000421033660659877,2.99056387511961,0.000405632202884581,3.61623107331156,NaN,NaN
0.000395955557998346,4.14310438391305,0.000351445396926946,4.31143779048418,0.000423156372681935,2.98477306549086,0.000406241260155611,3.62162675971712,NaN,NaN
0.000396510819764607,4.13674386402345,0.000353209053707447,4.30621636956746,0.000424880453338348,2.98976905811174,0.000406693141356698,3.62776698077279,NaN,NaN
0.000401042152392846,4.13229150010073,0.000354021524808577,4.29980867057672,0.000425279084703992,2.98477306549086,0.000407361139653957,3.63652621195064,NaN,NaN
0.000401210714000461,4.1273874470844,0.000360818539142416,4.29540506257466,0.000428069504263504,2.97985006626867,0.000407400433671443,3.63133198786217,NaN,NaN
0.00040267819152558,4.12231746746226,0.000361571561138585,4.29057008072751,0.000432564072911148,2.97533258592804,0.000407685315298216,3.63715687659544,NaN,NaN
0.000407298762651968,4.11783744910524,0.000364355760887578,4.2844948990757,0.000434357914056548,2.97061234614663,0.000407822844359416,3.62767062922983,NaN,NaN
0.000407328508818018,4.11226047152088,0.000365574467539272,4.2782939000524,0.000435773055404587,2.97572188405434,0.000408451548639189,3.63632474963354,NaN,NaN
0.000408052332191894,4.10706143787199,0.000366555377771124,4.27335107474397,0.000436121857849526,2.9708637678532,0.000408058608464331,3.6275655184557,NaN,NaN
0.000409014124894168,4.11203001790169,0.00036798215629018,4.26722197136152,0.000437098504695355,2.96531626955339,0.000409001664883991,3.63422253415086,NaN,NaN
0.000409420655830181,4.10513484561557,0.000368200136341703,4.26210839390607,0.000438433919770265,2.97031226217427,0.00040960089865065,3.64160656603379,NaN,NaN
0.000414239534730234,4.099050870069,0.000368527106418987,4.25650952087489,0.000439599916514775,2.9648783091613,0.00041014119139108,3.64742269553588,NaN,NaN
0.00041428911167365,4.09310516669394,0.000369319761151796,4.25040737835776,0.00044143362079674,2.95884418820362,0.000410671660627139,3.65523592974652,NaN,NaN
0.000415102173545675,4.09806452857888,0.00037049883506685,4.24346046206064,0.000442161123039042,2.95370220878538,0.000411103894819484,3.66037759844791,NaN,NaN
0.000420684537374338,4.09353841949802,0.000371172591589738,4.238499662842,0.000444532979664627,2.958373786301,0.000411978186708543,3.6663513941112,NaN,NaN
0.000423103892213047,4.08786004232122,0.000371281581615499,4.23370062881528,0.000445150858281376,2.95343456632355,0.000412400597396516,3.6713353966514,NaN,NaN
0.000423698815534041,4.09398089044686,0.000371905797217586,4.22864996004557,0.000448011038329877,2.94817093124084,0.000412646185005803,3.66347836628487,NaN,NaN
0.000425037393006278,4.08917823702297,0.000372262491847351,4.22300615223886,0.00044973511898629,2.94314249710944,0.000412646185005803,3.65697025751973,NaN,NaN
0.000429578641023201,4.08444011061246,0.000372539921003834,4.21756005744448,0.000449944400453253,2.93619190347942,0.000412636361501431,3.65157457111418,NaN,NaN
0.000430718910721773,4.07962823904381,0.0003730947793168,4.21122425409459,0.000451837899440065,2.93143111180985,0.000412371126883402,3.64077443907189,NaN,NaN
0.00043441735070062,4.07377471711642,0.000373768535839688,4.20632636356169,0.000454518695374025,2.92634590503503,0.00041229253884843,3.63515977188689,NaN,NaN
0.000436925944037479,4.08114001478568,0.000374075689548652,4.20079039921625,0.00045705997033001,2.92047399162997,0.00041229253884843,3.63023708396494,NaN,NaN
0.000437629936633989,4.07566443679377,0.000374689996966579,4.19592845650378,0.000459282340193478,2.91516169428147,0.000412734596545146,3.6251917668065,NaN,NaN
0.000438502490838113,4.07064976604023,0.00037561145809347,4.19113840943216,0.000461026352418173,2.90849496386855,0.000413834829034749,3.62015520887924,NaN,NaN
0.000441933215322513,4.06428002800586,0.000376186132774757,4.18457793220461,0.000462461425334494,2.9134828461118,0.000414768061950038,3.61369965550117,NaN,NaN
0.000442329830869843,4.05848181494708,0.000376542827404521,4.17651663347432,0.000463378277475477,2.9084300808475,0.000414797532463152,3.60798863677321,NaN,NaN
0.000443043738855036,4.06345961312155,0.000376572551957001,4.17135812124334,0.000465022631858761,2.9035314127582,0.000414777885454409,3.59646148854317,NaN,NaN
0.000444778931874602,4.05842650607848,0.000376780623824364,4.16646023071045,0.00046573020253278,2.89715665594,0.000414640356393209,3.59068915519696,NaN,NaN
0.000446712432667833,4.05356854378599,0.000377137318454128,4.15936053617652,0.000470005523929319,2.89117119724811,0.000415347648707954,3.59907173943416,NaN,NaN
0.000450143157152233,4.04841560086094,0.000377434563978931,4.15387849356172,0.000472018612325824,2.89662137101634,0.000416811350859301,3.60473896200623,NaN,NaN
0.000450708334307177,4.04354842042368,0.000377850707713656,4.14780331190991,0.000472437175259751,2.89113064535995,0.00041734182009536,3.61369965550117,NaN,NaN
0.000452770735153291,4.038856384737,0.000377820983161176,4.14301326483829,0.000474320708462422,2.88606976971803,0.000417803524800819,3.61936687807323,NaN,NaN
0.000456816213736051,4.03428418493231,0.000378465015131583,4.13804347866454,0.000475955097061564,2.87951658459194,0.000417587407704647,3.61092297921779,NaN,NaN
0.00045727232161548,4.02941700449505,0.000379218037127752,4.13229182739655,0.000479243805828133,2.87496666274079,0.000418412582071849,3.61874497265961,NaN,NaN
0.000457083929230498,4.02416266197755,0.000379574731757516,4.12661207176941,0.000481486107259884,2.87005177389622,0.000418255406001906,3.61192153157206,NaN,NaN
0.000459919730393904,4.02952762223226,0.000379653997230797,4.12132774216695,0.000482751761845805,2.8651206642964,0.000418422405576221,3.60695504749423,NaN,NaN
0.000460593976824364,4.02395986279267,0.000379812528177359,4.1149110562211,0.000484376184660807,2.8603517622492,0.000419453873535224,3.60184841571754,NaN,NaN
0.000461952385073967,4.01923095452692,0.000383211035344279,4.10903358758162,0.000485512284052894,2.86521798882797,0.000422744747499663,3.59582206466718,NaN,NaN
0.000463310793323571,4.01408722974664,0.000384013598261248,4.10398291881192,0.000487854243326056,2.86054641131235,0.00042400215605921,3.59016360132629,NaN,NaN
0.000464669201573174,4.00878679650531,0.000386579817958719,4.09779989369884,0.000489379008299647,2.85514489980991,0.000424886271452641,3.58444382336716,NaN,NaN
0.000465551671165982,4.00320060077618,0.000387005869877604,4.09167977727149,0.000493883542731431,2.85044088078376,0.000426575914204532,3.59040885979927,NaN,NaN
0.000466642363921138,3.99814905744357,0.000388085861951056,4.08495753485203,0.000494959847418672,2.84549355042867,0.000426536620187046,3.58543361649026,NaN,NaN
0.000468843580208817,3.99289471492608,0.000389046955814587,4.0795743487434,0.000496863312189625,2.84005148703807,0.000427351971049877,3.57971383853112,NaN,NaN
0.000470251565401836,3.98764037240858,0.000390810612595088,4.072519588985,0.000501258222995857,2.83496628026325,0.000429915905690828,3.57416048596437,NaN,NaN
0.000473850851493851,3.98205417667946,0.00039096914354165,4.06740601152956,0.000503759634815277,2.82928090554371,0.000430593727492459,3.56930787189184,NaN,NaN
0.000474723405697976,3.97686436117533,0.000393337199555918,4.06218459061284,0.000504218060885768,2.82426869216757,0.000431762724512663,3.56438518396989,NaN,NaN
0.000477301406755617,3.97031026024562,0.000393604720528241,4.05732264790036,0.000506998514661139,2.81903749859539,0.000434248071118642,3.55970775452092,NaN,NaN
0.000478253284069208,3.97741744986139,0.000395150397257219,4.05217312262449,0.000510496504894671,2.81408205786267,0.000435495656173817,3.55446097504539,NaN,NaN
0.000479016768997817,3.97078960377353,0.000395457550966183,4.04733814077734,0.00051120407556869,2.80885086429048,0.000436134183957962,3.54958208327933,NaN,NaN
0.000481555108500726,3.96613444066592,0.00039606195019995,4.0422245633219,0.00051397456355992,2.80361156034067,0.000437234416447566,3.54380974993313,NaN,NaN
0.000484559471271746,3.95934066797225,0.000397122125905082,4.03652683378454,0.000515738507352898,2.79811272430665,0.00043820694338034,3.5384053042964,NaN,NaN
0.000486334325846046,3.95424303391581,0.000397399555061566,4.03152109979037,0.000515818233626027,2.79315728357393,0.000439975174167203,3.53360524561094,NaN,NaN
0.00048729611854832,3.9601518647118,0.000399163211842066,4.02458317044836,0.00051960523159965,2.78800719377806,0.000441448699822922,3.52788546765181,NaN,NaN
0.000487722480261699,3.95429834278441,0.000399906325654075,4.01911910174377,0.000521648217348579,2.78261379265325,0.000442322991711982,3.52233211508505,NaN,NaN
0.000487930703424047,3.94861996560761,0.000401818605196977,4.01431108076194,0.000522495309000574,2.77720417077318,0.000441497817344779,3.50177419951065,NaN,NaN
0.000492818990044882,3.94408463838198,0.000402551810824826,4.00887397292267,0.000524747576216466,2.77212707437599,0.000441350464779207,3.49228795214504,NaN,NaN
0.000495268091049642,3.93753053745227,0.000403374190110116,4.00393114761424,0.000526920117159229,2.7666363487196,0.000441409405805436,3.48629663801939,NaN,NaN
0.000503408625158579,3.93304130095048,0.000404919866839094,3.99903325708134,0.000527418406366285,2.76145381741321,0.000442322991711982,3.49599310693327,NaN,NaN
0.000503825071483275,3.92813724793415,0.000405801695229344,3.99385677094015,0.000528644197815642,2.75663625310022,0.00044318746009667,3.50563702046007,NaN,NaN
0.000505431364449959,3.93372344366327,0.000407684250219766,3.98847358483152,0.000531534275216566,2.75182679916486,0.000444169810533816,3.52178904275202,NaN,NaN
0.000505738741499139,3.92841379227717,0.000408922773239781,3.98233549449396,0.000533248390088837,2.74673348201241,0.000445152160970962,3.53091616163934,NaN,NaN
0.000509040565930657,3.92386002876201,0.000414946949209131,3.97573906944599,0.000535381067895036,2.74141307428628,0.000445613865676421,3.51875834876449,NaN,NaN
0.000509407435311937,3.91835679633579,0.000417166382460997,3.97046372679863,0.000535749801908258,2.73466524009705,0.000445790688755107,3.51382690161136,NaN,NaN
0.000512699344354771,3.91315776268691,0.000417909496273006,3.96491877549809,0.000537583506190223,2.72945837765776,0.000445594218667678,3.50825603058225,NaN,NaN
0.000515336837744512,3.90834589111825,0.000419167835661341,3.9696998356146,0.000538829229207862,2.72407308691058,0.000445397748580248,3.50295669571965,NaN,NaN
0.000515594637850276,3.90287031312634,0.000420039755867431,3.96490978854298,0.000538928887049273,2.71854180936604,0.000446527451582966,3.49700041851872,NaN,NaN
0.000517300084703793,3.89697070047512,0.000420089296788232,3.95947268070371,0.000541529956710105,2.71378101769647,0.000447784860142513,3.50201069875245,NaN,NaN
0.00051827179279475,3.89196524786634,0.000420376634128875,3.95452086844018,0.000542965029626425,2.70891479111769,0.000448747563570916,3.49719312160463,NaN,NaN
0.000519560793323571,3.88585361788547,0.000421575524412249,3.94910173451112,0.000543951642256396,2.70378092207708,0.000449592384946862,3.49240182215035,NaN,NaN
0.000520244955142714,3.87951153428541,0.000421952035410334,3.94387132663929,0.000545765414970079,2.69658701711813,0.000451409733255582,3.48759300423371,NaN,NaN
0.000521990063550964,3.87403595629349,0.000422338454592578,3.93731084941174,0.000546104251630877,2.69162346600777,0.000453521786695445,3.48244257630114,NaN,NaN
0.000523041094751387,3.86861568717018,0.000423210374798668,3.94236151818145,0.000548127305811523,2.68639227243559,0.000454936371324936,3.47705564912676,NaN,NaN
0.00052406237978576,3.86330603578408,0.000423735508559155,3.93601672787645,0.000550160325776311,2.67910915332269,0.00045631166193694,3.47180886965123,NaN,NaN
0.000524558149219922,3.85822683801717,0.000426014390915981,3.94135497920955,0.000550648649199225,2.67414560221234,0.000458020951697574,3.46597522168679,NaN,NaN
0.000525262141816432,3.8531937309741,0.000426539524676467,3.93581901486411,0.000551505706635361,2.67914970521084,0.000459651653423236,3.46099997837777,NaN,NaN
0.000527503019658843,3.84828967795777,0.000428005935932165,3.93022014183293,0.000553419137190455,2.67356976540052,0.000460525945312296,3.45591962429462,NaN,NaN
0.000528752358632931,3.84243615603038,0.000429858766370106,3.92548401649194,0.000554515373445978,2.66841156522701,0.000460801003434697,3.45011225402371,NaN,NaN
0.000530140513048584,3.83694214174893,0.000432454710620057,3.92076586506117,0.000555033594221316,2.66331824807456,0.000461586883784414,3.44497058532231,NaN,NaN
0.000531241121192423,3.83201965244307,0.000433316722641987,3.91585000061806,0.000556259385670673,2.65807894412474,0.000462657645760903,3.44015300817449,NaN,NaN
0.000533521660589568,3.82611082164708,0.000433663509087591,3.9110060318158,0.000557236032516503,2.6523124656289,0.000463276526536305,3.43537046795139,NaN,NaN
0.000535633638379097,3.82086569727435,0.000435001113949207,3.90529931532334,0.000559916828450463,2.64759222584748,0.000464406229539022,3.42990470769641,NaN,NaN
0.000536912723519234,3.81557448217779,0.000436358535179143,3.9004733204313,0.000560584535987917,2.64274222002397,0.000466184283830257,3.42492070515622,NaN,NaN
0.000537477900674179,3.80987766871145,0.000440886575340316,3.89547657339223,0.000561023030490127,2.6361403726321,0.000466420047935172,3.41958633336891,NaN,NaN
0.000539064362863497,3.80397805606023,0.000440856850787835,3.88993162209169,0.000562288685076048,2.63137958096253,0.00046674422357943,3.41434831312456,NaN,NaN
0.000540303786448901,3.79819827929099,0.000443442886853626,3.88497980982815,0.000564162252494578,2.62643225060744,0.000467402398372318,3.40941686597143,NaN,NaN
0.000540779725105697,3.79329422627466,0.000445870391972854,3.87965054545016,0.000566444417062893,2.62056844758001,0.000468826806506179,3.40381971724879,NaN,NaN
0.000541602702366405,3.78850079099554,0.000448654591721847,3.87425837238642,0.000568816273688479,2.61589687006439,0.000469651980873382,3.39730284925247,NaN,NaN
0.000543565949325686,3.78185450861815,0.00044977421653194,3.86924365143714,0.00056936439181624,2.61083599442246,0.000469956509508897,3.39194219977163,NaN,NaN
0.00054455748819401,3.77700576447042,0.000450438064870668,3.86347402625894,0.000570948951494677,2.6041854847648,0.000471420211660245,3.38607351488247,NaN,NaN
0.000546768619870371,3.77182516711107,0.000451131637761876,3.86967502528224,0.000573430431745815,2.59878397326236,0.000472147150983732,3.38035373692334,NaN,NaN
0.000547413120134782,3.76593477260461,0.00045231071167693,3.86407615225106,0.000574436975944068,2.59377987026385,0.00047273656124602,3.37553615977552,NaN,NaN
0.000548087366565242,3.76096619257492,0.000452538599912612,3.85789312713797,0.000576639414239254,2.58909207199297,0.000473915381770595,3.36997404797759,NaN,NaN
0.000548721951440969,3.75451349123764,0.000454658951322877,3.85291435400912,0.000577436676970544,2.58343913878395,0.000474986143747084,3.36495500851268,NaN,NaN
0.000549257382429864,3.74903791324573,0.0004583051630938,3.84724358533709,0.000580675556816406,2.57776998481968,0.0004753594369132,3.35986589519835,NaN,NaN
0.000549743236475342,3.74306455543636,0.000460514688161506,3.84231873393887,0.000582818200406746,2.57097348836466,0.000476980315134491,3.35330523104615,NaN,NaN
0.00055197419892907,3.73742305083863,0.000462199079468726,3.83714224779768,0.000585837833001504,2.56573418441484,0.000477442019839949,3.34836502466184,NaN,NaN
0.000552598868416114,3.73162483777985,0.00046340787793626,3.84263327736759,0.000586973932393591,2.56052732197555,0.000478011783093494,3.34223356283735,NaN,NaN
0.000553253284069208,3.72682218435597,0.000463992460801707,3.83740286949576,0.00058901691814252,2.55474462272444,0.000478954839513154,3.33703057951771,NaN,NaN
0.000553530914952339,3.72175220473382,0.00046428970632651,3.83110301396629,0.000590571580468534,2.54961886406146,0.000479347779688012,3.33019837919899,NaN,NaN
0.000553818461224152,3.71463579697329,0.000467420692521107,3.82633094080488,0.000592584668865039,2.54480129974847,0.000481066892953018,3.32437349046572,NaN,NaN
0.000556208069896812,3.70945519961393,0.000469144716564967,3.81954578969968,0.000596291940565534,2.5401946052539,0.000481548244667219,3.31959095024262,NaN,NaN
0.00055647578539126,3.702394100722,0.000471225435238592,3.81471080785253,0.000598474447292439,2.53412804278569,0.000482599359634965,3.31429161538002,NaN,NaN
0.000557060793323571,3.69748082956091,0.000472919734729972,3.8078897089269,0.000602460760948885,2.52961056244506,0.000483267357932225,3.30872950358209,NaN,NaN
0.000557735039754031,3.6910650008027,0.000473851104041023,3.80309067490017,0.000603208194759468,2.52471189435576,0.000484298825891228,3.30336885410124,NaN,NaN
0.000557863939806913,3.68499946154566,0.000474544676932231,3.798084940906,0.000604593438755084,2.5196672394691,0.00048552676393766,3.29802572308276,NaN,NaN
0.000558647255512889,3.67955153798805,0.000477120804813861,3.79134472457632,0.000605769401283735,2.5128788533917,0.000487118171645837,3.2932256643973,NaN,NaN
0.000560283294645623,3.67381785194264,0.000477943184099151,3.786410886223,0.000612595963420399,2.50879122306553,0.000487786169943096,3.28777742260468,NaN,NaN
0.000560808810245834,3.66852663684608,0.000478180980518993,3.78157590437585,0.000614280180940248,2.50334915967494,0.000488110345587354,3.28294232699451,NaN,NaN
0.000561701195227325,3.66377007414603,0.00047962757540637,3.77648030083061,0.000615844809050403,2.50966714384971,0.000489073049015757,3.27716999364831,NaN,NaN
0.000561949079944406,3.65814700583784,0.000481153435767028,3.77169025375899,0.000616382961394023,2.50480902764857,0.000489819635347988,3.2723874534252,NaN,NaN
0.000562811718759848,3.65285579074127,0.000482282968761281,3.76689121973226,0.00061822663146013,2.49955350294349,0.000491126161429392,3.26765746858916,NaN,NaN
0.000563138926586395,3.64766597523715,0.000483105348046571,3.77275970141663,0.000618575433905068,2.49479271127392,0.00049225586443211,3.26284865067253,NaN,NaN
0.000563059603476929,3.64290019439234,0.000483551216333776,3.76721475011609,0.000619641772808168,2.50058352090266,0.000492747039650683,3.25736537195519,NaN,NaN
0.00056395198845842,3.63728634422891,0.000483729563648658,3.76118450323981,0.000623578257543908,2.49497924995944,0.00049326768538237,3.25226749940969,NaN,NaN
0.000564755134941762,3.63240994564688,0.000485721108664842,3.75622370402117,0.0006259999430902,2.48993459507278,0.000495045739673605,3.24689809069767,NaN,NaN
0.000565865658474285,3.62552399150553,0.000486127344215407,3.75142466999444,0.000626886897878759,2.49474404900813,0.000497108675591611,3.24187905123276,NaN,NaN
0.000566054050859266,3.62061072034444,0.000488544941150475,3.74635602731452,0.000627564571200355,2.48977238752015,0.000498670612786673,3.23630818020365,NaN,NaN
0.000566698551123677,3.61579884877578,0.000489367320435765,3.74081107601398,0.000630982835160757,2.48503592698347,0.000498955494413445,3.23148184382466,NaN,NaN
0.00056735296677677,3.61103306793097,0.000490536486166658,3.7350773986562,0.000632497634350207,2.48022647304812,0.000501450664523796,3.22675185898862,NaN,NaN
0.000568334590256411,3.60505049197684,0.000492498306630361,3.73025140376416,0.000636872613588157,2.47575765497328,0.000502511602995914,3.2210671179542,NaN,NaN
0.000569147652128436,3.59936289665527,0.000493122522232449,3.72545236973743,0.000640380569605829,2.47012905289716,0.000503081366249458,3.21530354383918,NaN,NaN
0.000571011745200884,3.59384122793952,0.000493449492309733,3.71986248366135,0.000641755847817303,2.46429769138026,0.000504967479088779,3.20822608504748,NaN,NaN
0.000571279460695332,3.58716729112782,0.000495718466482399,3.71097438506129,0.000643340407495741,2.46920446984719,0.000505478301316095,3.20134132934169,NaN,NaN
0.000572667615110985,3.58030899142078,0.00049921605549092,3.70606750757329,0.000644815343548626,2.46439501591183,0.00050592035901281,3.19426387054999,NaN,NaN
0.000573193130711196,3.57226155103872,0.000499959169302929,3.69978562595403,0.00064878172563679,2.46941533966561,0.000506480298761983,3.1892360718539,NaN,NaN
0.000573678984756675,3.56713626254797,0.000500236598459412,3.69398903991051,0.000649877961892312,2.47458976059437,0.000507443002190386,3.1833060723465,NaN,NaN
0.00057491840834208,3.56168833899036,0.000502941532735124,3.68909114937761,0.000650246695905534,2.46885572360905,0.000507924353904588,3.17776147901093,NaN,NaN
0.000575007646840229,3.55655383235484,0.000503833269309534,3.68343835461579,0.000651891050288818,2.46318656964477,0.000508425352627532,3.17293514263193,NaN,NaN
0.000575979354931186,3.55168665191758,0.000504507025832422,3.67842363366652,0.000657013463337351,2.45862853741599,0.000508651293228076,3.16788982547349,NaN,NaN
0.000576633770584279,3.55747564683159,0.000506558019953566,3.67273489108427,0.000660162651125944,2.45236732588463,0.000509692584691451,3.1630634890945,NaN,NaN
0.000576435462810615,3.54936367943616,0.000509144056019357,3.66734271802053,0.000663341736266959,2.44779307290058,0.000510114995379423,3.15771159884484,NaN,NaN
0.000576752755248478,3.54418308207681,0.000510749181853295,3.66260659267955,0.000671593405535803,2.44432183127438,0.000510851758207283,3.15203561704159,NaN,NaN
0.000577099793852392,3.53893795770408,0.000511482387481144,3.65758288477517,0.000674912011654794,2.43823904805091,0.000511794814626943,3.14714796604435,NaN,NaN
0.000577754209505485,3.53253134709065,0.00051283980871108,3.65192110305824,0.000679436477654861,2.43275643277216,0.000513268340282662,3.14233914812771,NaN,NaN
0.00057795251727915,3.52760885778478,0.000513236136077485,3.64659183868024,0.000680991139980875,2.42725759673814,0.000513690750970635,3.13735514558752,NaN,NaN
0.00057859701754356,3.52210562535857,0.000514276495414297,3.65148972921314,0.000682077410452257,2.43207516105113,0.000515360746713783,3.1319857368755,NaN,NaN
0.000580352041340493,3.5150260901771,0.000516525653218643,3.64630425611684,0.000686312868712231,2.42741169391314,0.000516411861681529,3.12688786432999,NaN,NaN
0.000580461110616009,3.50846277110262,0.000518071329947621,3.64109182215523,0.000689272706602142,2.42186419561333,0.000516922683908845,3.12173743639742,NaN,NaN
0.00058061975683494,3.50094998311708,0.000518972974706192,3.6354300404383,0.000693378609668281,2.41739537753849,0.000518720385208822,3.11700745156138,NaN,NaN
0.000580887472329388,3.49526238779551,0.000522807441976157,3.63080175855859,0.000698889688298318,2.41269946888997,0.000520026911290226,3.11176943131703,NaN,NaN
0.000581422903318283,3.4884778332466,0.000523847801312969,3.62531971594379,0.000699288319663963,2.4079386772204,0.000520753850613714,3.10583067257845,NaN,NaN
0.000582166557469525,3.48246760285817,0.000528375841474142,3.62006234720665,0.000705257824364491,2.4039727025587,0.000523131138671607,3.10058389310292,NaN,NaN
0.000582642496126321,3.47713029703777,0.000531189765775615,3.61434664375908,0.000709214240668514,2.39833599010495,0.000523750019447009,3.09538090978328,NaN,NaN
0.000582622665348954,3.47227233474528,0.000532131043270826,3.60843322729918,0.000711047944950479,2.39342921163802,0.000526520247679761,3.08971368721121,NaN,NaN
0.000583286996390731,3.46736828172895,0.00053502423304558,3.60317585856204,0.000714526003615729,2.38870897185661,0.000529595004548027,3.08493114698811,NaN,NaN
0.000584476843032719,3.46189270373703,0.000537164400824165,3.59810721588212,0.000715562445166405,2.39357519843538,0.000531009589177518,3.07827413129295,NaN,NaN
0.000584397519923253,3.45539391167592,0.000539641446864195,3.59271504281838,0.000716718476126774,2.38778438880664,0.000534182581089499,3.07265946410795,NaN,NaN
0.000584952781689515,3.44876606558806,0.000543198484977676,3.5977836854983,0.000717744951893309,2.3808013536661,0.000536844750774164,3.06777181311071,NaN,NaN
0.000586618566988298,3.44285723479207,0.000543812792395603,3.59218481246711,0.000723505175126874,2.37655962616493,0.000539821272598717,3.06280532903287,NaN,NaN
0.000586717720875131,3.43562099114956,0.000546854604932759,3.58756551754251,0.000725627887148931,2.37185560713878,0.000540941152097063,3.0569804402996,NaN,NaN
0.000587203574920609,3.42890096361403,0.000548281383451816,3.58244295313196,0.000727351967805344,2.36706237395869,0.000545047376924333,3.05246943624301,NaN,NaN
0.000589275891155406,3.42218093607849,0.000549955866574875,3.5775989843297,0.000729345124633567,2.36187173227466,0.00054556802265602,3.04768689601991,NaN,NaN
0.000589801406755617,3.41367258845806,0.000550916960438407,3.5824968748626,0.000733231780448602,2.35695684343009,0.00054758184105217,3.04244887577555,NaN,NaN
0.000590485568574761,3.40830762820336,0.000554355100341967,3.57653852362716,0.000736630112840723,2.36190417378518,0.000549978776118806,3.03745611400418,NaN,NaN
0.000591120153450488,3.41345135298364,0.00055629710443735,3.57127216793491,0.000736650044409005,2.35632423397485,0.000551815771436269,3.03221809375983,NaN,NaN
0.000591903469156464,3.40710005123881,0.000561053032834206,3.56641921217755,0.0007412542366822,2.35195274043159,0.000553692060771217,3.02745307199908,NaN,NaN
0.000591972876877246,3.4017350909841,0.000563708426189117,3.56158423033039,0.000744542945448768,2.34618626193574,0.000555656761645509,3.0226617725448,NaN,NaN
0.000591982792265929,3.39682181982301,0.000570445991417996,3.55727947883451,0.000749366384973068,2.34174988537142,0.000557896520642202,3.01670549534386,NaN,NaN
0.000592538054032191,3.3885900165456,0.0005707927778636,3.55162668407269,0.000751100431413622,2.33671334086239,0.000561413335207185,3.01110834662122,NaN,NaN
0.000592587630975607,3.38374127239788,0.000572962670194665,3.54606375886193,0.000756551715338813,2.33244728222833,0.000563692388221363,3.00606302946278,NaN,NaN
0.000593489931345781,3.38887577903339,0.000578124834142086,3.54156129435371,0.0007596510742067,2.32769460093639,0.000565499913025712,3.00034325150365,NaN,NaN
0.000594184008553608,3.38409156189904,0.000579987572764188,3.5346233650117,0.000762132554457837,2.32283648473524,0.000567798613048633,2.99563078512996,NaN,NaN
0.000595820047686342,3.37822882182689,0.000581572882229806,3.52915929630711,0.000765740168316921,2.31695646095256,0.000568869375025122,2.99007743256321,NaN,NaN
0.000595978693905274,3.37304822446754,0.000583762590929192,3.53384149991745,0.000768530587876434,2.311887474933,0.000569724019905439,2.98517226310361,NaN,NaN
0.000595839878463708,3.36564605421921,0.000585803676866176,3.52908740066626,0.000770583539409503,2.30530995867402,0.000570323253672098,2.98029337133755,NaN,NaN
0.000596553786448901,3.35903664442089,0.000586299086074182,3.52315601029615,0.000772726182999843,2.31039516544884,0.000571914661380275,2.97519549879205,NaN,NaN
0.00059737676370961,3.35408650068072,0.000587230455385233,3.52821566602095,0.000773752658766378,2.30544783509375,0.000575618122528315,2.96962462776294,NaN,NaN
0.000598566610351598,3.36047467500462,0.000587587150014997,3.53348202171321,0.00077636369421135,2.30060593964787,0.000576718355017918,2.96401871980912,NaN,NaN
0.000599230941393375,3.35493456999933,0.000587924028276441,3.5279909921433,0.000777330375273039,2.29559372627173,0.000578191880673637,2.95924493881719,NaN,NaN
0.000600589349642979,3.34992911739056,0.000588290631090365,3.52293133641849,0.000780768570801724,2.2893649562509,0.000579537700772527,2.95392808549224,NaN,NaN
0.000602076657945464,3.34468399301783,0.000590301992474869,3.51767396768134,0.000783469298303966,2.28465282684712,0.00058258298712768,2.94925941527444,NaN,NaN
0.000602503019658843,3.33668264335961,0.000593581601431867,3.52327284071253,0.000785283071017649,2.28985968928641,0.000583575161069197,2.94432796812132,NaN,NaN
0.00060384159713108,3.33167719075084,0.000593720316010109,3.5176110589956,0.000786678280797405,2.28470959949053,0.000586345389301949,2.93968557559706,NaN,NaN
0.000606469175132138,3.32603568615311,0.000595028196319244,3.51180548599697,0.000787076912163049,2.27951084742888,0.000588496736759298,2.93469281382569,NaN,NaN
0.000610227107443084,3.31937096748618,0.000597396252333512,3.50604484777388,0.00078905013742299,2.27479060764746,0.000590520378659819,2.9295073489684,NaN,NaN
0.000612924093164925,3.3117291254739,0.000597852028804877,3.50104810073481,0.000790604799749004,2.27960817196045,0.000593742488093658,2.92414669948756,NaN,NaN
0.00061612676370961,3.30535938743953,0.000598803214484249,3.50609876950452,0.000791840556982503,2.27440941989879,0.000597445949241698,2.91826925536722,NaN,NaN
0.000616453971536157,3.29894355868133,0.000599992196583463,3.50106607464503,0.000794481489779898,2.26960807634107,0.000598929298401788,2.91252319971456,NaN,NaN
0.000617247202630816,3.30486160762209,0.000603440244671183,3.49654563622659,0.000799673663317419,2.26539067997279,0.000602249642879341,2.90746036409376,NaN,NaN
0.000617990856782058,3.29922932116912,0.000604758033164479,3.49056931108095,0.000801178496722728,2.26019192791114,0.000604233990762376,2.90198584460761,NaN,NaN
0.000621044796496495,3.29446354032431,0.000607205354652027,3.48486259458849,0.000803650011189725,2.25537436359815,0.000607406982674358,2.89743104439513,NaN,NaN
0.000622066081530869,3.28900639862193,0.000608424061303722,3.4791019563654,0.000807925332586263,2.24989985869702,0.000611179208352998,2.89222806107549,NaN,NaN
0.000623801274550435,3.28354003877478,0.000610564229082307,3.47349409637911,0.000809888592062063,2.24466055474721,0.000615442609250211,2.88761194624476,NaN,NaN
0.000624406113260112,3.27835022327066,0.000611842384838962,3.47904803463476,0.000811981406731697,2.23921849135661,0.000617869014829962,2.88294327602697,NaN,NaN
0.000624594505645094,3.27321571663514,0.000612684580492571,3.47284703561146,0.00081424363973173,2.24440102266301,0.000618556660135964,2.87695196190132,NaN,NaN
0.000625972744672064,3.27795384304565,0.000617252253390385,3.46710437129858,0.000814991073542314,2.23672860542381,0.000623615764887266,2.87244971707591,NaN,NaN
0.0006274303068085,3.27134443324733,0.000619689666693774,3.46239520682291,0.000816804846255997,2.24285194053543,0.00062499105549927,2.86723797452509,NaN,NaN
0.000627777345412413,3.26654177982345,0.000619868014008656,3.45749731629001,0.000817661903692133,2.23737743563431,0.000626562816198704,2.86204375043663,NaN,NaN
0.000628987022831768,3.27200813967059,0.000620789475135547,3.45226690841819,0.000817572211634863,2.23068637408849,0.000630629747008488,2.85752398714886,NaN,NaN
0.000630266107971905,3.26632976249379,0.000625218433455119,3.44646133541956,0.000822365753806739,2.22636354281101,0.000632113096168578,2.85279400231282,NaN,NaN
0.000631356800727061,3.26047624056641,0.000625129259797678,3.4416083796622,0.00082451836318122,2.22077549262305,0.000633350857719382,2.84759101899318,NaN,NaN
0.000632566478146416,3.25540626094426,0.000625446321690801,3.43589267621463,0.0008259434703134,2.21577138962454,0.000634343031660899,2.84250190567885,NaN,NaN
0.000634856932932243,3.24861248825059,0.000628418776938836,3.43055442488153,0.000830288552198926,2.2113025715497,0.000634627913287672,2.83725512620332,NaN,NaN
0.000635937710298716,3.25335983280587,0.000629875280010373,3.42559362566289,0.000832789964018346,2.20658233176829,0.000636062144925905,2.83159666286243,NaN,NaN
0.00063686975683494,3.24800409069593,0.000632005539604798,3.42003070045213,0.000835829528181387,2.2007023079856,0.000637673199642824,2.82656886416635,NaN,NaN
0.000637494426321984,3.24147764420052,0.000634284421961625,3.41467447520882,0.000837802753441328,2.20713383744722,0.00063959860649963,2.82153230623909,NaN,NaN
0.000638069518865612,3.2352646146272,0.000634651024775549,3.40934521083082,0.000838679742445746,2.20130247593032,0.000640757780015462,2.81577749135524,NaN,NaN
0.000639636150277563,3.24286958406042,0.000635176158536035,3.4044113724775,0.000840194541635195,2.19555221818973,0.000642594775332925,2.81094239574507,NaN,NaN
0.000641133373968732,3.23767055041153,0.000637504581813663,3.39910008200972,0.000841779101313632,2.20055632118824,0.000644068300988644,2.80548539472127,NaN,NaN
0.000641549820293428,3.23268353409229,0.000640278873378495,3.39355513070917,0.000842048177485443,2.19535756912658,0.000645767767244907,2.80029117063281,NaN,NaN
0.000642561189939118,3.23971697854992,0.00064327114499485,3.38645543617525,0.000846303567313699,2.1894288830781,0.000647418115979312,2.79406335726536,NaN,NaN
0.00064342382875456,3.2334209856737,0.000645569843719997,3.38170133692405,0.000846901514362166,2.18392193666646,0.00064854781898203,2.78898300318221,NaN,NaN
0.000645188767940176,3.2277702629312,0.000647412765973779,3.37690230289733,0.000847629016604467,2.18871516984655,0.000650070462159606,2.78406907449144,NaN,NaN
0.000645605214264872,3.22269106516429,0.000649077340912679,3.37156405156422,0.000851166869974563,2.18362996307173,0.00065130822371041,2.77849820346233,NaN,NaN
0.000646448022302947,3.22759511818061,0.000651336406901185,3.36660325234558,0.000854923970595764,2.17909626197584,0.000652801396374872,2.77335653476093,NaN,NaN
0.000648431100039594,3.22102258096136,0.000653258594628248,3.36171434876779,0.000855073457357881,2.1727377259129,0.000655935094269367,2.76831121760249,NaN,NaN
0.000651217324259583,3.21434864414967,0.000654071065729377,3.35659178435724,0.000857515074472454,2.17794458835219,0.000657899795143659,2.76287173504105,NaN,NaN
0.000652873194169684,3.21941862377181,0.00065686517366253,3.35078621135861,0.000858122987305062,2.17245386269581,0.000660031495592266,2.75774758480201,NaN,NaN
0.000652932686501783,3.21396148206943,0.000659728638884803,3.34604109906252,0.000859837102177334,2.16730377289994,0.000661514844752356,2.75291248919184,NaN,NaN
0.000653091332720715,3.20822779602402,0.000661898531215869,3.34136788240728,0.000863165674080466,2.1622915595238,0.000662890135364361,2.74761315432924,NaN,NaN
0.000652942601890467,3.20324999784956,0.000663394667024046,3.33628126581716,0.000866833082644397,2.15763620276343,0.000663872485801507,2.74142913711768,NaN,NaN
0.000653507779045411,3.20848590407752,0.000666585102323604,3.33056556236959,0.000870360970230352,2.1520562629531,0.000664884306751767,2.73606848763684,NaN,NaN
0.000654628217966617,3.20245723739955,0.00066796233992186,3.3256676718367,0.000875114649265664,2.14588426557569,0.00066665253753863,2.7310231704784,NaN,NaN
0.000655322295174443,3.19674198764368,0.000669379210256757,3.32087762476507,0.000878682399988183,2.14095315597586,0.00066773312301949,2.72582018715876,NaN,NaN
0.00066042872034631,3.1923357144448,0.000670389845041089,3.31548545170134,0.000880316788587326,2.13613559166288,0.000669029825596523,2.72106392462919,NaN,NaN
0.000661192205274919,3.18648219251741,0.000673134412053441,3.31057857421333,0.000883456010591777,2.12973650371179,0.000669805882441868,2.71607116285782,NaN,NaN
0.000663978429494909,3.18173484796213,0.000673996424075371,3.30514146637406,0.000884851220371534,2.13520289823528,0.000671662524768074,2.71118351186058,NaN,NaN
0.00066624905350337,3.17589054417951,0.000674650364229939,3.29863491087715,0.000886714822005922,2.13026367825782,0.000672585934178991,2.70605936162154,NaN,NaN
0.000668529592900514,3.17069151053062,0.00067733548213733,3.29372803338915,0.000886894206120462,2.12381592804094,0.000673322697006851,2.70030454673769,NaN,NaN
0.000671246409399721,3.16599025669918,0.000679624272678317,3.2880392908069,0.000891368843199823,2.11939577223189,0.00067446222351394,2.69458476877856,NaN,NaN
0.000671623194169684,3.16114151255146,0.000679990875492241,3.2812631266568,0.000892714224058874,2.11434300696759,0.000676574276953804,2.68969711778132,NaN,NaN
0.000673427794910033,3.15604387849501,0.000680228671912084,3.27610461442583,0.000893252376402494,2.12100162700288,0.00067890244748984,2.68493209602057,NaN,NaN
0.000675391041869314,3.14820845544261,0.000681477103116259,3.27119773693782,0.000893959947076513,2.11385638430971,0.000679167682107869,2.68016707425982,NaN,NaN
0.000677969042926955,3.15378543302697,0.000681863522298503,3.26629984640493,0.000894448270499428,2.11881182504243,0.000679973209466329,2.67505168325196,NaN,NaN
0.000678821766353714,3.14871545340482,0.000683399290843321,3.26123120372501,0.000896262043213111,2.11355630033736,0.000681279735547733,2.67006768071177,NaN,NaN
0.000681013067252709,3.14342423830826,0.000684380201075173,3.25517399598341,0.000899610546684526,2.10710855012048,0.000683470377022568,2.66444425429559,NaN,NaN
0.00068260944483071,3.1375061893675,0.000686995961693443,3.25007839243818,0.000902769700257259,2.11196666632162,0.000685120725756973,2.65972302869073,NaN,NaN
0.00068429506090686,3.13202139323082,0.00068754091182225,3.2449198802072,0.000902919187019376,2.10598931800736,0.000685582430462432,2.65446748998402,NaN,NaN
0.000684780914952339,3.13698997326052,0.000689165854024509,3.23909633329836,0.000904105115332169,2.10122041596016,0.000687674836893553,2.64922071050849,NaN,NaN
0.000684929645782587,3.13196608436221,0.000691632991880378,3.23355138199782,0.000906905500675822,2.09564047614983,0.000687949895015954,2.64350969178053,NaN,NaN
0.00068938165530136,3.1275966837424,0.000693624536896561,3.22886917838747,0.00090742372145116,2.09028762691318,0.000689590420245987,2.63839430077267,NaN,NaN
0.00069011539406392,3.12217641461909,0.000693802884211443,3.22347700532373,0.000908350539376284,2.09518629500248,0.000690710299744334,2.6336380382431,NaN,NaN
0.000692118302577934,3.11698659911497,0.000696646533065397,3.21888467126445,0.00091099147217368,2.09023896464739,0.000692262413435024,2.62822483337519,NaN,NaN
0.000694101380314581,3.11164929329457,0.000698875874501423,3.21395981986623,0.000913751994380769,2.08557549750939,0.000692557118566168,2.62275907312022,NaN,NaN
0.000695410211620768,3.10685585801545,0.000699301926420308,3.20875637285972,0.0009152867251385,2.09149607318024,0.00069418782029183,2.618020329053,NaN,NaN
0.000699009497712783,3.09989615871596,0.000702284289852503,3.20315749982854,0.000915794980129698,2.08605400978964,0.000696034639113665,2.61251077264214,NaN,NaN
0.000701656906491207,3.09515803230545,0.000702432912614904,3.19836745275692,0.000916871284816938,2.08130943887533,0.000697930575457356,2.60741290009663,NaN,NaN
0.0007023708144764,3.09007883453854,0.000704483906736049,3.19335273180764,0.00091930293614737,2.07607013492552,0.000699423748121818,2.60171064059985,NaN,NaN
0.000704343976824364,3.08350629731929,0.000707268106485041,3.18872444992793,0.000920957256314795,2.08128510774244,0.00070172244814474,2.59656897189846,NaN,NaN
0.000709133109558367,3.07827960923609,0.000708655252267458,3.18399731154205,0.000922033561002036,2.07607824530315,0.000704404264838148,2.59143606242824,NaN,NaN
0.000710233717702206,3.07328337477209,0.000709646070683469,3.17905448623363,0.000922591644913938,2.07101736966122,0.000704590911421206,2.58641702296333,NaN,NaN
0.000711413648955512,3.06761421574006,0.000713014853297909,3.17427342611711,0.000923837367931578,2.0765567575834,0.000707076258027185,2.58121403964369,NaN,NaN
0.000715597942979837,3.0620925470243,0.000715402725680497,3.16889024000848,0.000924026717830259,2.07136611589937,0.000708274725560503,2.57580959400696,NaN,NaN
0.000716510158738695,3.05700413111262,0.000715898134888502,3.16335427566304,0.000926488266513114,2.06671075913901,0.000710062603356109,2.57099201685914,NaN,NaN
0.000717561189939118,3.05127044506722,0.000717503260722441,3.15860017641184,0.000927724023746613,2.06101727404184,0.000710622543105282,2.56585910738893,NaN,NaN
0.000719583929230498,3.0460806295631,0.000718424721849332,3.15246208607429,0.000932836471011005,2.05591584651176,0.000713491006381748,2.56119919640231,NaN,NaN
0.000721041491366934,3.04131484871828,0.000721446718018168,3.14639589137758,0.000934211749222479,2.05068465293957,0.000715534295291012,2.55640789694803,NaN,NaN
0.000722380068839171,3.03606972434555,0.000723794957664115,3.14144407911405,0.000934729969997817,2.04520203766082,0.000720131695336855,2.55119615439721,NaN,NaN
0.000724224331134253,3.03123941648737,0.000724270550503801,3.13629455383818,0.000936015556152021,2.05028724443564,0.00072225357228109,2.54630850339997,NaN,NaN
0.00072694114763346,3.02583758365359,0.000725746869943658,3.13127084593379,0.000937091860839261,2.04521014803845,0.000723835156484895,2.54152596317687,NaN,NaN
0.000728487948268045,3.02038044195121,0.000726866494753751,3.12590563373537,0.000939214572861319,2.05147946994744,0.000725976680437873,2.53675218218494,NaN,NaN
0.000730857726163338,3.01563309739593,0.000727134015726074,3.12035169547972,0.000939892246182915,2.04662135374629,0.000729297024915426,2.53217110427893,NaN,NaN
0.00073303911167365,3.01093184356449,0.000729115652558098,3.11545380494682,0.000940490193231382,2.04078188185176,0.000731192961259118,2.52743236021171,NaN,NaN
0.000736281443773068,3.00629511674642,0.000731632331334767,3.10997176233202,0.000941576463702763,2.04636182166209,0.000732312840757465,2.52248339459623,NaN,NaN
0.000739067667993058,3.00131731857195,0.000733405896299428,3.10496602833785,0.000942114616046383,2.04139827055174,0.000735358127112617,2.51788479822786,NaN,NaN
0.000741972876877246,2.99497523497189,0.00073441653108376,3.0999962421641,0.00094386859405522,2.03548580525853,0.000738413236972141,2.51250663028466,NaN,NaN
0.000744094770055459,2.98971167430962,0.000736239636969221,3.09464001692079,0.000946778603024425,2.04044935636888,0.000744886926352933,2.50812701469574,NaN,NaN
0.000747813040811672,2.98495511160958,0.00073698275078123,3.08924784385705,0.000947635660460561,2.03465854674014,0.000749896913582377,2.50392258373037,NaN,NaN
0.000749558149219922,2.97975607796069,0.000737141281727792,3.08439488809968,0.000951004095500258,2.03010862488898,0.000751999143517869,2.49878091502898,NaN,NaN
0.000750757911250593,2.97402239191528,0.000739122918559815,3.07929928455445,0.000951990708130229,2.02524239831021,0.000754956018333679,2.49368304248347,NaN,NaN
0.000754981866829652,2.96839932360708,0.000739281449506377,3.0740329288622,0.000956654695108271,2.02057893117221,0.000756105368345139,2.48849757762619,NaN,NaN
0.000757470629389145,2.96297905448378,0.000741728770993926,3.06762522987146,0.000958996654381433,2.01582624988027,0.000760496474799182,2.4839865735696,NaN,NaN
0.000758938106914263,2.95695960595057,0.000742818671251539,3.06202635684027,0.000960152685341803,2.02087901514457,0.000765339462454311,2.47970330952363,NaN,NaN
0.000760990592371693,2.95205555293425,0.000743918479693311,3.05669709246228,0.000961348579438736,2.01602089894343,0.000768257043252635,2.47499084314995,NaN,NaN
0.00076407427825218,2.94709619104931,0.000745295717291568,3.05183514974981,0.000963202215288984,2.02183603970506,0.000771017447981015,2.46959515674439,NaN,NaN
0.000767386018072381,2.94210917473008,0.000747079190440388,3.04709003745372,0.000963620778222911,2.01456914134742,0.000774347615962939,2.46497028268249,NaN,NaN
0.000770549027062333,2.93644923384281,0.000750111094793384,3.04219214692082,0.000965095714275796,2.00960559023707,0.000779298662166155,2.46071329633006,NaN,NaN
0.000772462697078198,2.93157283526079,0.000750784851316272,3.03696173904899,0.000971782755434484,2.00321461266361,0.000781361598084162,2.45593075610695,NaN,NaN
0.000774505267146945,2.92582993107061,0.000752033282520447,3.03130894428717,0.000975649479681237,1.99859169741378,0.000784505119483029,2.45028981122842,NaN,NaN
0.000777628614582164,2.9208060421723,0.000754837298637759,3.02642004070938,0.000976636092311207,2.00350658625834,0.000788542579779698,2.44554230793003,NaN,NaN
0.000781227900674179,2.91627071494668,0.00075660095541826,3.02070433726182,0.000976695887016054,1.99795908795854,0.000791352102029936,2.44052326846512,NaN,NaN
0.000782189693376453,2.91143118894372,0.000758681674091885,3.0153391250634,0.000976675955447772,1.99314152364555,0.00079319892085177,2.43525021129606,NaN,NaN
0.000782953178305062,2.91655647743447,0.000762060364890484,3.00969531725668,0.000980622405967654,1.99805641249011,0.000798896553387217,2.43110709494894,NaN,NaN
0.00078448014816228,2.91175382401059,0.000764646400956274,3.00362013560487,0.000982765049557993,1.99329562082054,0.000801224723923253,2.4260617777905,NaN,NaN
0.000788129011197712,2.90657322665123,0.000767371151600307,2.99883008853325,0.000985435879707812,1.98838073197598,0.000805949829525925,2.421752236051,NaN,NaN
0.000788684272963972,2.91170773328675,0.000769025818355046,3.00388974425806,0.000989501919637388,1.98341718086563,0.000809054056907306,2.41714488045145,NaN,NaN
0.000789725388775712,2.90685898913903,0.000769263614774889,2.99860541465559,0.000990169627174842,1.97786157218819,0.000811578697530771,2.41233606253481,NaN,NaN
0.000794147652128436,2.9023236619134,0.000770006728586897,2.99289869816314,0.000995172450813682,1.97339275411335,0.000816313626637814,2.40771118847291,NaN,NaN
0.000794811983170213,2.90732911452217,0.000774584309668871,2.98847711625087,0.000997962870373195,1.9685346379122,0.000823258844228436,2.40370821982463,NaN,NaN
0.000795099529442027,2.90137419300234,0.000774792381536234,2.98364213440372,0.000999118901333564,1.97484451170935,0.000824260841674325,2.39894319806388,NaN,NaN
0.000796894214793693,2.89642404926218,0.00077703163115642,2.97824097438487,0.000999358080152951,1.96941866907401,0.000827866067778651,2.39365262243246,NaN,NaN
0.000799095431081371,2.89165826841736,0.000780984996636306,2.97262412744348,0.00100078318728513,1.9644388972084,0.000833769993905898,2.3891328591447,NaN,NaN
0.000801693262916379,2.88682796055917,0.000784343871066586,2.96772623691058,0.00100318494126314,1.96957276624901,0.000837453808045195,2.38394739428741,NaN,NaN
0.000803914309981424,2.88140769143586,0.000787088438078938,2.96310694198598,0.00100538737955833,1.96251673770978,0.000841579679881208,2.37849039326361,NaN,NaN
0.000805530518336791,2.88687405128301,0.000789248422225843,2.95706770815459,0.0010101809217302,1.95746397244549,0.000843328263659328,2.37365529765344,NaN,NaN
0.000806284087876717,2.88162892691028,0.000791319232715307,2.95135200470703,0.00101221394169499,1.95168127319438,0.000846157432918308,2.36811070431786,NaN,NaN
0.0008080093655076,2.87665112873582,0.000794995169038711,2.94679561846817,0.00102057523458939,1.94856688818396,0.000849743012013891,2.36302159100354,NaN,NaN
0.000810369228014211,2.87147974952123,0.000795995895638882,2.94183481924953,0.00102291719386255,1.9439115314236,0.000852945474438986,2.35826532847396,NaN,NaN
0.000814077583381741,2.86656647836013,0.000799513301015724,2.93640669836536,0.00102688357595071,1.93893986993562,0.000856580171056427,2.35343899209497,NaN,NaN
0.000816199476559954,2.86078670159089,0.000803209053707447,2.93114932962822,0.00102817912788906,1.93270298953715,0.000859419163819778,2.34765789951759,NaN,NaN
0.000817528138643507,2.85570750382398,0.000803615289258012,2.92614359563404,0.0010339592826909,1.92824228183994,0.000865578501060683,2.3429892292998,NaN,NaN
0.000818470100568415,2.8605562479717,0.000804368311254181,2.92097609644796,0.00103622151569094,1.93338426125818,0.000867837907066119,2.3381278559961,NaN,NaN
0.000818846885338378,2.85495161595304,0.000806984071872451,2.91542215819231,0.00103712840204778,1.92765833465049,0.000871806602832189,2.33340663039124,NaN,NaN
0.000818846885338378,2.8492548024867,0.000810679824564175,2.91051528070431,0.00103937070347953,1.92225682314805,0.000875647593041429,2.32879927479169,NaN,NaN
0.000822247863656728,2.84377000635002,0.000814266587230137,2.90465578597504,0.00104492164524613,1.9268310761321,0.000878466938796038,2.32356125454734,NaN,NaN
0.000825906642080842,2.83797179329124,0.000817873166264419,2.89850870868238,0.00104582853160297,1.92164043444807,0.000881227343524418,2.31879623278659,NaN,NaN
0.000829555505116273,2.83244090643072,0.000818754994654669,2.89300869215737,0.00104676531531224,1.91677420786929,0.000884144924322742,2.31417135872469,NaN,NaN
0.00082982322061072,2.82707594617602,0.000820687090565892,2.8875715843181,0.00104840966969552,1.92280021844934,0.000887681385896467,2.30928370772745,NaN,NaN
0.000830001697607019,2.82199674840911,0.000822450747346393,2.88240408513201,0.00105116022611847,1.9175528041219,0.000890775789773477,2.30423839056901,NaN,NaN
0.000831300613524523,2.82681783812253,0.000825462835331068,2.87728152072146,0.0010551664713432,1.91264602565496,0.000894813250070147,2.29887774108817,NaN,NaN
0.000833194452763021,2.82202440284341,0.000828742444288066,2.87210503458027,0.00105650188641811,1.91760146638768,0.000897170891119297,2.29363096161264,NaN,NaN
0.00083463218412209,2.81714800426138,0.000829564823573356,2.86719815709227,0.00105643212592912,1.91281634358522,0.000901414645007767,2.28780607287937,NaN,NaN
0.000835663384545147,2.82256827338469,0.000833944240972128,2.86274961431468,0.00105927237440934,1.90730939717357,0.000905432458295694,2.28274323725857,NaN,NaN
0.000835970761594327,2.81682536919452,0.000835529550437746,2.85580269801757,0.0010609366603609,1.91230538979445,0.000908153569006589,2.27813588165903,NaN,NaN
0.00083806290860649,2.81165398997993,0.000837501279085609,2.85085987270914,0.00106279029621115,1.90711474811042,0.000911346207927313,2.27299421295763,NaN,NaN
0.000838598339595385,2.80547783298568,0.000838957782157146,2.84585413871497,0.00106598931292045,1.90256482625927,0.000912967086148604,2.2682204319657,NaN,NaN
0.000840224463339435,2.80016818159958,0.000840364744307883,2.83994072225507,0.00106724500172223,1.90842862928669,0.000915481903267697,2.26333278096846,NaN,NaN
0.0008421381333553,2.79544849147861,0.000845100856336418,2.83552812729791,0.00106726493329051,1.90299467627372,0.000919971244765454,2.25860279613243,NaN,NaN
0.000844210449590097,2.79009274936867,0.000846408736645554,2.82976748907481,0.00106853058787643,1.90906123874193,0.00092243694436269,2.25392536668346,NaN,NaN
0.000845291226956569,2.78481997056164,0.000846497910302995,2.82401583780682,0.00106864021150199,1.9034812989316,0.000925993052945159,2.24916910415389,NaN,NaN
0.000847234643138484,2.77865303171216,0.000849103762737105,2.81898314294733,0.00106868007463855,1.89842853366731,0.000929146397848398,2.24420262007605,NaN,NaN
0.000847571766353714,2.77357383394525,0.000850867419517606,2.81422005674103,0.00107008525020245,1.90333531213424,0.000932790917970209,2.23929745061645,NaN,NaN
0.000850169598188722,2.76690911527832,0.000853225567347714,2.80907951842027,0.00107193888605269,1.89790135912127,0.000937810728704024,2.23404191190975,NaN,NaN
0.000851121475502312,2.76189444452478,0.000857595076562325,2.80417264093226,0.00107221792800865,1.89270260705961,0.000939107431281057,2.22899659475131,NaN,NaN
0.000853104553238959,2.75555236092472,0.000857743699324727,2.79938259386064,0.00107677229136114,1.88818512671898,0.000943960242440558,2.22458194223767,NaN,NaN
0.000854046515163867,2.75019661881478,0.000860934134624284,2.79464646851966,0.00108120706530393,1.88249164162182,0.000947732468119199,2.21965925431572,NaN,NaN
0.000856069254455247,2.74396515295193,0.000866700697805472,2.79017995183186,0.00108756523558596,1.87772273957461,0.000949196170270546,2.21485043639908,NaN,NaN
0.000857685462810615,2.73789039555012,0.000870029847683271,2.78536294389492,0.0010934151508768,1.87350534320634,0.000954530333144249,2.21028687695543,NaN,NaN
0.000859589217437796,2.73265448932216,0.000870188378629833,2.7805728968233,0.00109792965109272,1.8683633637881,0.000959550143878064,2.20564448443117,NaN,NaN
0.000860174225370107,2.72768590929246,0.000872903221089705,2.77427304129383,0.00110164688857736,1.86370800702774,0.000962497195189502,2.20086194420806,NaN,NaN
0.000863010026533513,2.72286481957904,0.000876668331070549,2.76965374636923,0.00110520467351574,1.85837137854635,0.000968008181141891,2.19676262401683,NaN,NaN
0.000864239534730234,2.71540734046211,0.000879165193478898,2.76377627772975,0.00111048653911053,1.85356192461099,0.000970974879462072,2.19145452992306,NaN,NaN
0.000868840275079256,2.70872418550564,0.000882642966119099,2.75870763504984,0.00111543953382866,1.84932019710983,0.000976318865840146,2.18709243279649,NaN,NaN
0.000869504606121032,2.70341453411955,0.000883663509087591,2.75326154025546,0.00111917670288158,1.8447783856363,0.000978981035524811,2.18152156176738,NaN,NaN
0.000870545721932772,2.69827080933926,0.000887468251805076,2.74868718010639,0.00112346199006226,1.83934443262334,0.00098348020052694,2.1768090953937,NaN,NaN
0.000870486229600673,2.69154156365896,0.000887735772777399,2.74319615053648,0.0011247077130799,1.84485948941262,0.000986997015091922,2.17142216821932,NaN,NaN
0.000871477768468997,2.69650092554389,0.000892620507568336,2.73881051644464,0.00112622251226935,1.83992026943516,0.000992291883948139,2.16624546259321,NaN,NaN
0.000872885753662016,2.69145860035605,0.000893997745166592,2.73391262591174,0.00112811601125616,1.83447820604456,0.000994875465597833,2.16120890466595,NaN,NaN
0.00087348067698301,2.68566038729727,0.000897624140569195,2.72883499627672,0.00113386626870559,1.82978229739604,0.000997901104944242,2.15626869828165,NaN,NaN
0.000874541623572117,2.69057365845837,0.00090062632036971,2.72400900138467,0.00113835087156909,1.82532158969883,0.00100246903447697,2.15191536038626,NaN,NaN
0.00087587028565567,2.68455420992517,0.000902736763595815,2.71835620662285,0.00114432037626962,1.82089332351214,0.00100571079091955,2.14713282016315,NaN,NaN
0.000876346224312465,2.6781568174565,0.000905907382527052,2.71324262916741,0.00114965207078511,1.8164245054373,0.00100844172513482,2.14182472606938,NaN,NaN
0.000877694717173386,2.67330807330878,0.000907116180994586,2.71808659796967,0.00115396725531822,1.81198812887298,0.00101401165211344,2.13775168357168,NaN,NaN
0.00087899363309089,2.67859928840534,0.000907730488412513,2.71312579875103,0.00115811302152092,1.80750309004288,0.00101864834617676,2.13270636641324,NaN,NaN
0.000880629672223624,2.67337260032215,0.000909424787903893,2.70834473863451,0.00116202957468838,1.80288828517067,0.00102185080860186,2.12809901081369,NaN,NaN
0.000881601380314581,2.66826574812094,0.000913031366938176,2.70378835239565,0.00116405262886903,1.79768953310901,0.00102683132531819,2.12357048829475,NaN,NaN
0.000882692073069737,2.66349074913135,0.000916043454922851,2.69898033141382,0.00116757055067084,1.79276653388682,0.00103022043432634,2.11905072500698,NaN,NaN
0.000882692073069737,2.65845764208828,0.000918431327305439,2.6927523715252,0.00117280258734492,1.78859779978433,0.00103356042581264,2.11384774168734,NaN,NaN
0.000886053389833354,2.66453239949009,0.00092027424955922,2.69800075330724,0.00117988825986926,1.78471292889895,0.00103612436045359,2.10891629453421,NaN,NaN
0.00089051531474081,2.66988814160002,0.000920957914266269,2.69259959328839,0.00118278830305432,1.77965205325702,0.00104184163999778,2.10460675279471,NaN,NaN
0.000896038186237373,2.66408992854124,0.00092366284854198,2.6878544809923,0.00118997363342007,1.77605915596636,0.0010478929186906,2.10059502491525,NaN,NaN
0.000902810396708023,2.65984958194818,0.000927784653152589,2.68328910779834,0.00119298330023068,1.77095772843627,0.00105354143370419,2.0965044639552,NaN,NaN
0.000903801935576347,2.65175605084228,0.000929508677196449,2.67822046511842,0.00119996931491361,1.76604283959171,0.00105517213542985,2.09173944219445,NaN,NaN
0.000907540037109927,2.65700117521501,0.000932778377969287,2.67343940500191,0.0012025604187903,1.76115228188004,0.00106020176966804,2.08742990045495,NaN,NaN
0.000909919730393904,2.65080658193123,0.000935225699456836,2.66811014062391,0.00120929728886969,1.75742961854728,0.00106369893722428,2.0819553809688,NaN,NaN
0.000910048630446786,2.64407733625093,0.000941101252663785,2.66402107605057,0.00121263582655696,1.75255528159087,0.00106872857146246,2.07688378611682,NaN,NaN
0.000914490724576876,2.64876015379283,0.000943687288729575,2.65913217247278,0.00121572521964071,1.74678069271739,0.0010744654980154,2.07246913360319,NaN,NaN
0.000915859048215163,2.64290663186545,0.000946540845767689,2.65440503408691,0.00121699087422663,1.75208487968825,0.0010791120155831,2.06805448108955,NaN,NaN
0.000916325071483275,2.63694249220086,0.000951326498717025,2.64930943054167,0.00121996067790068,1.74674014082923,0.00108301194681857,2.06254492467869,NaN,NaN
0.000919775626745041,2.63077555335137,0.000954041341176897,2.6435757531839,0.00122084763268924,1.74169548594257,0.00108516329427592,2.05679010979484,NaN,NaN
0.000920439957786818,2.62565026486063,0.000956211233507962,2.64826694374935,0.00122378753901087,1.73590467631382,0.00108887657892833,2.05227034650708,NaN,NaN
0.000923900428437267,2.61669944629135,0.00095691471458333,2.64248833161604,0.00123131170603741,1.73215768184817,0.00109269792212883,2.04733014012277,NaN,NaN
0.000925060528913206,2.61079061549536,0.000958975616888635,2.63715906723805,0.00123454062009914,1.72727523451413,0.00109419109479329,2.04253884066849,NaN,NaN
0.00093110891600998,2.60681759510055,0.000960085333514568,2.64233555337924,0.00123936405962344,1.72188994376695,0.00109794367346319,2.03786141121952,NaN,NaN
0.000932506985814317,2.60119452679236,0.000961333764718742,2.63754550630762,0.00124257304211687,1.72665073543652,0.00110300277821449,2.03261463174399,NaN,NaN
0.000933369624629758,2.59544240445742,0.000964702547333182,2.63199156805196,0.00124281222093626,1.72184939187879,0.0011074724727035,2.02767442535968,NaN,NaN
0.00093456938666043,2.59059366030969,0.00096708051153161,2.62634776024525,0.00124755593418743,1.71729135965001,0.0011105374060674,2.02301451437307,NaN,NaN
0.000937781972593798,2.59582956653765,0.000968091146315941,2.62130607843065,0.00125046594315664,1.71091660283181,0.00111726650656185,2.01846847339177,NaN,NaN
0.0009410342200819,2.59085176836318,0.000970647457829252,2.61537468806054,0.00125215016067649,1.70517445546885,0.00112096996770989,2.01365965547513,NaN,NaN
0.000941411004851863,2.58567117100383,0.000972520104635514,2.62010182644642,0.0012554986641479,1.71024344148841,0.00112436890022241,2.00913989218736,NaN,NaN
0.000944484775343666,2.58082242685611,0.000973540647604006,2.6138738665578,0.00125833891262812,1.70547453944121,0.00113066576652452,2.00516320123262,NaN,NaN
0.000945396991102524,2.5757985379578,0.000975244855279546,2.60915571512703,0.00126210597903346,1.69959451565852,0.00113710998539219,2.00127410258965,NaN,NaN
0.000946497599246363,2.57054419544031,0.00097906941436535,2.60446452456158,0.00126430841732865,1.6949229381429,0.00114339702818993,1.99664922852775,NaN,NaN
0.000951058678040652,2.56609183151759,0.000983904608235487,2.59951271229804,0.00126560396926699,1.69967561943484,0.00114575466923908,1.99165646675638,NaN,NaN
0.000951861824523994,2.56012769185299,0.000989502732285953,2.59492936519386,0.00126847411509963,1.69450119850607,0.00114982160004886,1.98656735344205,NaN,NaN
0.000955153733566828,2.55554627390353,0.000990424193412844,2.58928555738715,0.00127344704138605,1.68990261438913,0.00115626581891654,1.98223153400902,NaN,NaN
0.000955927133884121,2.54913966329009,0.000993763251474803,2.58393831909894,0.00127351680187504,1.68508505007614,0.00116223850957439,1.97760665994711,NaN,NaN
0.00095938760453457,2.54456746348539,0.000996151123857391,2.57898650683541,0.00127948630657557,1.68080277068682,0.00116558832456505,1.97249126893925,NaN,NaN
0.000964375045042238,2.5400505725493,0.000999163211842066,2.57441214668634,0.00128639259498536,1.67703144508827,0.00116892831605135,1.96789267257088,NaN,NaN
0.000965802861012624,2.53518339211204,0.0010039984057122,2.57010739519045,0.00129179404998984,1.67206789397792,0.0011751760648316,1.96366196391198,NaN,NaN
0.000967181100039594,2.52973546855443,0.00100473161134005,2.56530836116372,0.00129765393106482,1.66763962779123,0.00117901705504084,1.95889694215123,NaN,NaN
0.000968489931345781,2.52388194662705,0.00100648535993639,2.57015232996598,0.00130497878240854,1.66346278331111,0.00118105052044573,1.95411440192813,NaN,NaN
0.000971107593958156,2.51874743999153,0.00100728792285336,2.56525443943308,0.00130914448017953,1.65875065390733,0.00118757332734838,1.95012019251103,NaN,NaN
0.000972109048215163,2.51317968055194,0.00100910112055466,2.5583614448666,0.00131520367693732,1.65471168584695,0.00118917455856093,1.94450552532603,NaN,NaN
0.000977294796496495,2.50845999043096,0.00101351026250591,2.55351747606435,0.00131841265943076,1.64935072623266,0.00119066773122539,1.94964719402743,NaN,NaN
0.000978325996919552,2.50234836045009,0.00101644308501731,2.54834098992316,0.00131995735597264,1.65409529714697,0.00119405684023354,1.94497852380963,NaN,NaN
0.000982480544777828,2.49731525340701,0.001020941400626,2.5429308429492,0.00132177112868632,1.64795574128008,0.00119707265607558,1.93995948434473,NaN,NaN
0.000983303522038537,2.49245729111452,0.00102325000753531,2.53779929158355,0.00132759114662473,1.64395732510785,0.00120149323304274,1.93562366491169,NaN,NaN
0.000987130862070266,2.48783900058599,0.00102535054257725,2.53296430973639,0.00133135821303007,1.63930196834749,0.00120409646170118,1.9307973285327,NaN,NaN
0.000989401486078727,2.48263074879233,0.00102925436713634,2.52822818439541,0.00133543421874379,1.63463039083187,0.00120772133481424,1.92528777212183,NaN,NaN
0.000989758440071324,2.4755696499004,0.00103387158095495,2.52370774597697,0.00133793563056321,1.6282637443913,0.00121169003058031,1.91962054954977,NaN,NaN
0.000993625441657786,2.47033374367244,0.00103503083850169,2.51880985544408,0.00133850368025925,1.62303255081912,0.00121161144254534,1.91474165778371,NaN,NaN
0.000996223273492794,2.46493191083867,0.00103839962111613,2.51395689968671,0.00133921125093327,1.62798799155184,0.00121695542892342,1.91888477413083,NaN,NaN
0.000998117112731292,2.45984349492699,0.0010394994295579,2.50899610046807,0.0013400184794487,1.62206741588099,0.00122264323795449,1.92314176048326,NaN,NaN
0.00100140902177413,2.45493022376589,0.00104450306255876,2.50463742724155,0.00134085560531656,1.62818264061499,0.00122780057774951,1.92759144992161,NaN,NaN
0.00100777470130876,2.45029349694782,0.00104588030015701,2.49987434103525,0.00134132399717119,1.62334074516911,0.0012380268458002,1.9260147883096,NaN,NaN
0.00101036261775509,2.44418186696695,0.00104743588507015,2.49484164617576,0.00135142930229028,1.62107794980998,0.00124620982494162,1.92161765425832,NaN,NaN
0.00101142356434419,2.43811632770991,0.00104970485924282,2.48988084695712,0.00136007960292477,1.61759859780615,0.00125278174936613,1.91604678322921,NaN,NaN
0.00101529056593066,2.43253013198078,0.00105152796512828,2.49518315046979,0.00136257104896005,1.61168613251294,0.00125922596823381,1.91190366688209,NaN,NaN
0.00101644075101791,2.42773669670166,0.00105197383341549,2.4901414686552,0.00136944744001742,1.60794724842491,0.00126390195631462,1.9070335343472,NaN,NaN
0.00102104149136693,2.4231552787522,0.00105378703111679,2.48432690870147,0.00137491865551089,1.60278904825141,0.0012651495413698,1.90184806948992,NaN,NaN
0.00102343110003959,2.41742159270679,0.0010551246359784,2.4786112052539,0.00137867575613209,1.59787415940685,0.0012745801055664,1.89927285552363,NaN,NaN
0.00102428382346635,2.40993645915556,0.00105547142242401,2.47285955398591,0.00138736591990314,1.594857098928,0.00127723245174669,1.89430637144579,NaN,NaN
0.00102894405614747,2.40557627668051,0.00105953377792965,2.46832114165727,0.00138891061644501,1.59013685914659,0.00127833268423629,1.88927857274971,NaN,NaN
0.00103131383404277,2.39845065077521,0.00106234770223113,2.46270429471587,0.00139695300424689,1.58699003262565,0.00128065103126796,1.89447279683817,NaN,NaN
0.00103379268121358,2.3930856905205,0.00106266476412425,2.45734806947256,0.00140336100344963,1.58292673343237,0.00128516001977446,1.89000558893747,NaN,NaN
0.00103978157597825,2.38900205238849,0.00106660822141998,2.45243220502945,0.00140764629063031,1.57851468800095,0.00128866701083507,1.88538947410674,NaN,NaN
0.00104071362251448,2.38363709213378,0.00107056158689986,2.44690522763912,0.00141357593219428,1.57424862936689,0.00129162388565088,1.8800288246259,NaN,NaN
0.00104343043901368,2.37888052943373,0.00107189919176148,2.441396224159,0.00142125955176708,1.57074494623017,0.00129709557758578,1.87578935673582,NaN,NaN
0.00104515571664457,2.37415162116799,0.00107340523575382,2.43657022926695,0.00142607302550723,1.56647077721848,0.00130147686053545,1.87058637341618,NaN,NaN
0.00104816007941559,2.36936740403364,0.00107645695647513,2.43196890825256,0.0014311057464985,1.56223716009494,0.00130700749349658,1.86621551705844,NaN,NaN
0.00105319709686667,2.36483207680801,0.0010772595193921,2.42689127861754,0.00143565014406685,1.55785755617405,0.00131032783797414,1.86144173606651,NaN,NaN
0.00105499178221834,2.35929197180272,0.00107855749151708,2.43207675171383,0.00144008491800964,1.55305621261632,0.00131420812220086,1.85683438046696,NaN,NaN
0.00105639976741136,2.35329095955906,0.00107918170711916,2.42648686563776,0.00144676199338419,1.54897669266778,0.00131826522950628,1.85230585794802,NaN,NaN
0.00106016761511099,2.34848830613517,0.00108096518026799,2.42168783161103,0.00145022012048116,1.54421590099821,0.00132370745092807,1.84647220998357,NaN,NaN
0.00106253739300628,2.34367643456652,0.00108422497285666,2.4165922280658,0.00145042940194812,1.5389765970484,0.00132922826038483,1.84196120592698,NaN,NaN
0.00106473860929396,2.33877238155019,0.00108655339613429,2.41188306359013,0.0014525321824019,1.54475929629951,0.00133540724463447,1.83807210728402,NaN,NaN
0.00106803051833679,2.33418174545596,0.00108784146007511,2.40641000793043,0.00145447551030941,1.54006338765099,0.0013396313515142,1.83303554935676,NaN,NaN
0.00107121335810411,2.32907489325475,0.0010885647575188,2.40103580877691,0.00146125224352537,1.53582166014982,0.00134193987504149,1.82803402835421,NaN,NaN
0.00107381118993912,2.32426302168609,0.00109068510892906,2.39629968343592,0.00146326533192188,1.53088244017236,0.0013451030434491,1.82253323117452,NaN,NaN
0.00107507044430189,2.31892571586569,0.00109235959205212,2.39140179290303,0.00146711212460035,1.52641362209752,0.00134949414990315,1.81782952403201,NaN,NaN
0.00107617105244573,2.31395713583599,0.00109527259819519,2.38655782410077,0.00147349022645066,1.52202590779899,0.00135563384013531,1.81276668841122,NaN,NaN
0.00107802523012949,2.30914526426734,0.00109671919308257,2.38109375539618,0.00147872226312475,1.51778418029783,0.0013609385324959,1.80829948051052,NaN,NaN
0.00108135680072706,2.31466693298309,0.00109920614730676,2.37603409967137,0.0014852797490896,1.51394797167822,0.00136372840773739,1.80342058874446,NaN,NaN
0.00108236817037275,2.30783628771035,0.00109950339283156,2.37065990051784,0.00149131901427912,1.51002254890468,0.0013669603406756,1.79842782697308,NaN,NaN
0.00108286393980691,2.30231461899459,0.00110357565652137,2.36592377517686,0.00149482697029679,1.50471836193381,0.00137312950142088,1.79391682291649,NaN,NaN
0.00108313165530136,2.29707871276663,0.00110431877033338,2.36063944557439,0.00149980986236735,1.50001434290766,0.00137644984589843,1.78842478496798,NaN,NaN
0.0010906772660893,2.29234058635612,0.00110770736931614,2.35590332023341,0.00150392573121763,1.49524544086046,0.00137972107285413,1.7837123185943,NaN,NaN
0.00109166880495763,2.2874918422084,0.00111017450717201,2.35088859928413,0.00150737389253045,1.49977103157872,0.00138462300153549,1.77930642531185,NaN,NaN
0.00109541682187989,2.28174893801822,0.00111145266292866,2.34546946535507,0.00150746358458772,1.49456416913943,0.00138989822338296,1.7748567358735,NaN,NaN
0.00109954162357212,2.27638397776352,0.00111440530180838,2.3407513139243,0.00151495785426184,1.4911091482685,0.001393257861878,1.7697150671721,NaN,NaN
0.00110318057121886,2.2719039594065,0.00111545556932935,2.33525129739929,0.00151704070314734,1.48522912448582,0.00139884743586536,1.76519530388433,NaN,NaN
0.00110394405614747,2.26692616123203,0.00111791279900106,2.33041631555214,0.00152267137118707,1.48070353376755,0.00140356271796366,1.76009743133883,NaN,NaN
0.00110782097312262,2.26157041912209,0.0011199142522014,2.32497920771287,0.00153220862661011,1.47806766103738,0.00140560600687292,1.75531489111572,NaN,NaN
0.00111045846651236,2.25681385642204,0.00112390725041793,2.32039586060869,0.00153713172397583,1.47371238824938,0.00141154922701766,1.75079512782795,NaN,NaN
0.00111477166058957,2.25098798892896,0.00112581952996083,2.31559682658196,0.00154146684007721,1.46896781733507,0.00141571439287116,1.74533812680416,NaN,NaN
0.00111835111590422,2.24633282582136,0.00112887125068215,2.30955759275057,0.00154806418917863,1.46464498605759,0.00141865162067822,1.7404592350381,NaN,NaN
0.00112219828671331,2.24182515303003,0.00113185361411434,2.3041204849113,0.00155557839042103,1.46106830952219,0.00142298378610604,1.73565041712146,NaN,NaN
0.0011230906716948,2.23680126413173,0.00113402350644541,2.29889906399458,0.00156024237739907,1.45542348669081,0.00142704089341145,1.73064013688773,NaN,NaN
0.00112509358020882,2.23173128450958,0.00113604477601407,2.29410901692296,0.00156519537211721,1.45055726011204,0.00143304305458241,1.72581380050874,NaN,NaN
0.00113000169760702,2.22620961579383,0.00113734274813905,2.29918664655798,0.00157313810207768,1.44695625244374,0.00143805304181185,1.72129403722097,NaN,NaN
0.00113173689062659,2.22083543739436,0.00113789760645201,2.29422584733934,0.00157837013875176,1.44260097965574,0.00144389802691287,1.71729982780387,NaN,NaN
0.00113743823911945,2.21586685736466,0.00114246527934983,2.28988514802303,0.00158399084100735,1.43847279744141,0.00144870172055052,1.71304284145144,NaN,NaN
0.00113905444747481,2.21057564226809,0.00114358490415992,2.28477157056758,0.00159107651353168,1.43485556901785,0.00145327947358762,1.70744569272879,NaN,NaN
0.00114238601807238,2.205662371107,0.00114643846119803,2.27938838445895,0.00159836150173884,1.43120589908377,0.001458446636887,1.7032500209946,NaN,NaN
0.00114470621902426,2.20098877170986,0.00114988650928575,2.2738434331584,0.00160272651519265,1.42679385365235,0.00146126598264161,1.69828353691677,NaN,NaN
0.00115056621373605,2.19619533643074,0.00115284905634963,2.26909832086231,0.00160844687528965,1.42226826293409,0.00146883008100764,1.69425429057496,NaN,NaN
0.00115123054477783,2.19111613866383,0.00115604939983335,2.26405663904772,0.00161250294943508,1.4178399967474,0.00147235671907699,1.68906006648649,NaN,NaN
0.00115469101542828,2.18641488483238,0.00116008203078651,2.25950025280886,0.00161761539669947,1.41338739942782,0.00147726847126272,1.68433008165046,NaN,NaN
0.00115762597047852,2.18165832213234,0.00116144936020061,2.25471919269234,0.00162378421708283,1.40948630778717,0.00148383057218285,1.6794511898844,NaN,NaN
0.00116139381817815,2.17685566870845,0.00116532346020722,2.250036989082,0.00162762104397715,1.40450653592156,0.00148869320684673,1.67441463195713,NaN,NaN
0.00116433868861707,2.17086387460955,0.00117029736865559,2.24535478547165,0.00163498575845744,1.40080009334405,0.00149110978892211,1.66971092481463,NaN,NaN
0.00116741245910887,2.16595982159323,0.00117266542466986,2.24034905147748,0.00163976933484517,1.39646104131131,0.00149562860093298,1.66503349536566,NaN,NaN
0.00117030775260437,2.16082531495771,0.00117605402365262,2.23575671741819,0.00164597801836509,1.39230041758646,0.00150386069759626,1.66102176748621,NaN,NaN
0.00117569180865937,2.15658496836464,0.00117902647890066,2.2311464094487,0.00165245577805681,1.38813979386161,0.0015067389843771,1.65556476646241,NaN,NaN
0.0011776253094526,2.15034428435702,0.0011842084592164,2.2262485189158,0.00165513657399077,1.38312758048547,0.00151281973358303,1.65104500317464,NaN,NaN
0.00118016364895551,2.1444723261401,0.00118578386049786,2.22144948488907,0.00166140505221554,1.37850466523563,0.00151714207550647,1.64668290604807,NaN,NaN
0.00118158154953721,2.13911658403017,0.00119178822009889,2.21683018996447,0.0016671652754491,1.37443325566472,0.00152155282896926,1.64174269966377,NaN,NaN
0.00118439751992325,2.13226750246789,0.00119211519017617,2.21187837770094,0.00167145056262978,1.36955891870831,0.00152469635036813,1.63685504866653,NaN,NaN
0.0011867375516525,2.13756793570922,0.00119870413264265,2.20813081742164,0.00167685201763427,1.36496033459137,0.00153145492137569,1.63301850541063,NaN,NaN
0.00118849257544943,2.13070963600218,0.00120339070375038,2.20365531377873,0.00168417686897799,1.36098624955204,0.00153531555859367,1.62856005674111,NaN,NaN
0.00118919656804594,2.1245980060213,0.00120655141449746,2.19853274936818,0.00169180069384594,1.35749067679295,0.00153893060820237,1.62386510882978,NaN,NaN
0.00119050539935213,2.11877213852822,0.00120789892754323,2.19324841976572,0.00169567738387683,1.35293264456416,0.00154330206764767,1.61937162323555,NaN,NaN
0.00119672234805652,2.11467006410667,0.00120991028892774,2.1880359858041,0.00170329124296064,1.3493397472735,0.00155140645875412,1.61601683769443,NaN,NaN
0.00119967713388412,2.10782098254439,0.0012151120856118,2.18360541693673,0.00170748683808405,1.34481415655524,0.00155622979940051,1.61149707440666,NaN,NaN
0.00120312768914589,2.10181075215596,0.00121731170249535,2.17802451781576,0.00171241990123391,1.33985871582252,0.00156066019987204,1.60698607035007,NaN,NaN
0.0012099197303939,2.09635361045357,0.00122102727155539,2.17331535334009,0.00171897738719876,1.33573864398582,0.0015655621285534,1.60204586396577,NaN,NaN
0.00121093110003959,2.09089646875119,0.0012271604375505,2.16917236703612,0.00172528572856009,1.33188621461096,0.00157129905510633,1.59795530300571,NaN,NaN
0.00121453038613161,2.08631505080173,0.00122861694062204,2.16383411570302,0.00173088649924739,1.32738495502559,0.00157741909832975,1.59402240820686,NaN,NaN
0.00121654321003431,2.08042465629528,0.00123179746773744,2.1590440686314,0.00173706528541488,1.32341898036389,0.00158133867657396,1.58927490490847,NaN,NaN
0.00121944841891849,2.07550216698941,0.00123539413858756,2.15398441290659,0.00174348325040176,1.31895827266668,0.00158945289118479,1.58528945472255,NaN,NaN
0.00122422763626381,2.06960255433819,0.00123674165163333,2.14849338333668,0.00175169505653404,1.31574656312468,0.00159515052372023,1.58025289679528,NaN,NaN
0.00122651809104964,2.06402557675383,0.00124030859793098,2.1431820928689,0.00175678757223015,1.31151294600115,0.00160069098018574,1.5752250980992,NaN,NaN
0.00123158485466678,2.05815361853691,0.00124288472581261,2.13850887621366,0.00176361413436682,1.30753075058418,0.0016072432576015,1.57070533481143,NaN,NaN
0.00123285402441823,2.05266882240023,0.00124740285778962,2.13382667260331,0.00176929463132725,1.30315925704092,0.0016106520136184,1.56602790536246,NaN,NaN
0.00123809926503166,2.04795835042402,0.00125009788388117,2.12915345594807,0.00177425759182953,1.29873910123186,0.00161798034787951,1.56251545366015,NaN,NaN
0.00124396917513214,2.04344145948793,0.0012526740117628,2.12359951769242,0.00178229001384727,1.29490289261226,0.00162122210432209,1.55760152496937,NaN,NaN
0.0012445244368984,2.03621443399018,0.00125397198388778,2.12838956476404,0.00179004339390905,1.2914154302308,0.00162455227230401,1.55274015166567,NaN,NaN
0.00124769736127703,2.0314670894349,0.00125802443120926,2.12295245692477,0.00179707923751268,1.28736835179279,0.00163103578518917,1.54878973840446,NaN,NaN
0.00124917475419084,2.0261021291802,0.00126082844732658,2.11816240985315,0.00180257038457444,1.28297252711663,0.00163713618140385,1.54437508589082,NaN,NaN
0.00125254598634314,2.01991675404118,0.00126223540947731,2.11326451932025,0.00181133030883448,1.28019877796673,0.00164088876007375,1.53925093565178,NaN,NaN
0.00125349786365673,2.01429368573298,0.00126726876703065,2.10874408090182,0.00181762868441166,1.27602193348661,0.00164793221270809,1.53514285622937,NaN,NaN
0.00125734503446582,2.00925136054514,0.00127060782509261,2.10414275988743,0.00182387723106814,1.27212895222359,0.0016537771978091,1.53111360988757,NaN,NaN
0.00125792012700945,2.00340705676253,0.0012764734701154,2.10001774749366,0.00183128180868499,1.26867393135266,0.0016573922474178,1.5265938465998,NaN,NaN
0.00126217382875456,1.99817115053457,0.00127693915477093,2.09514681782609,0.00183360383638987,1.26366982835415,0.00166344352611062,1.5224419710215,NaN,NaN
0.00126486089908772,1.99294446245138,0.0012800503245972,2.09031183597893,0.00184121769547368,1.25955786689508,0.00166794269111275,1.51755432002426,NaN,NaN
0.00126524759924636,1.98731217599841,0.0012853412949387,2.08615087576475,0.00185040614845179,1.2568408903886,0.00167193103388756,1.51247396594111,NaN,NaN
0.00127006647814642,1.98301652053674,0.00128734274813905,2.08141475042376,0.00185760144460168,1.25285869497164,0.00167954424977544,1.50909290270646,NaN,NaN
0.00127198014816228,1.97792810462506,0.00129054309162276,2.07622927732747,0.00186569366132426,1.24923335617045,0.00168279582972239,1.50438043633278,NaN,NaN
0.00127616444218661,1.97262767138373,0.00129325793408264,2.07161896935797,0.00187192227641246,1.24510517395612,0.00169036975159279,1.49995702458797,NaN,NaN
0.00127698741944732,1.96710600266798,0.00129909385455294,2.06746699609889,0.00187901791472093,1.24116353042731,0.00169268809862445,1.49478031896186,NaN,NaN
0.00128140968280004,1.96236787625746,0.00130290850545459,2.0625780925211,0.00188614345038183,1.23702723783535,0.0016996922572413,1.49115399725423,NaN,NaN
0.00128290690649121,1.95757444097835,0.00130520720417974,2.05755438461672,0.00189389683044362,1.23342623016706,0.00170463347994015,1.48626634625699,NaN,NaN
0.00128519736127703,1.95229244402655,0.00130953708065771,2.05218018546319,0.00190312514655829,1.23056326686321,0.00170827800006196,1.48149256526507,NaN,NaN
0.00128674416191162,1.95763896799172,0.0013121726576443,2.04741709925689,0.0019107390056421,1.22722990165675,0.00171356304541381,1.47690272812787,NaN,NaN
0.00128771587000258,1.95177622791957,0.00131956416302775,2.04365156506738,0.00191761539669947,1.22353967983451,0.00171770856425856,1.4723829648401,NaN,NaN
0.00128832070871225,1.94698279264045,0.00132205111725193,2.03852900065683,0.00192565778450136,1.22020631462805,0.00172367143141204,1.46825736695534,NaN,NaN
0.00128967911696186,1.95204355411783,0.00132398321316316,2.03364009707904,0.00192795988063795,1.21467503708351,0.00172566560279944,1.46337847518928,NaN,NaN
0.00129194974097032,1.94669703015266,0.00132934354079378,2.02921851516677,0.00192983344805648,1.21995489292148,0.00173154988191795,1.45939302500336,NaN,NaN
0.00129273305667629,1.9411753614369,0.00133176113772885,2.02369153777644,0.00193397921425919,1.21549418522427,0.0017375225725758,1.45476815094146,NaN,NaN
0.0012933775569407,1.93587492819557,0.00133508037942249,2.01913515153758,0.00193860333810066,1.21107402941521,0.00174358367477299,1.45056371997609,NaN,NaN
0.00129584648872283,1.93076807599436,0.00133566496228793,2.01384183498001,0.00194625706032104,1.20713238588641,0.00174811231028823,1.44546584743058,NaN,NaN
0.00130168665265726,1.92671209229664,0.0013394003477163,2.00831485758967,0.00195294410147973,1.20338539142075,0.00175314194452642,1.44113878722873,NaN,NaN
0.0013042646537149,1.92082169779019,0.00134158014823152,2.00356974529358,0.00196341814061204,1.20460194806544,0.00175819122577335,1.43676793087098,NaN,NaN
0.00130719960876514,1.91546595568025,0.00134516691089749,1.99878868517707,0.00196381677197769,1.19915177429721,0.00176221886256564,1.43225692681439,NaN,NaN
0.00131084847180057,1.90993506881973,0.00134857532624857,1.99285729480695,0.00197268631986328,1.19535611756577,0.00176565708909566,1.42767584890838,NaN,NaN
0.00131121534118185,1.90452401784119,0.00135283584543742,1.98780662603725,0.00197892490073562,1.19107383817645,0.00177195395539776,1.42370791718481,NaN,NaN
0.00131653990490474,1.90016383536614,0.00135818626488388,1.98264811380627,0.00198601057325995,1.18726196068974,0.00177987169992116,1.42042320549312,NaN,NaN
0.00131900883668687,1.89547179967947,0.00136205045670632,1.97757048417125,0.00199422237939223,1.18384749170696,0.00178183640079545,1.41564942450119,NaN,NaN
0.00132041682187989,1.8897842043579,0.00136587501579213,1.9728792936058,0.00200175651220291,1.18031947743735,0.00178668921195495,1.41133988276169,NaN,NaN
0.00132138852997085,1.88498155093401,0.00136911499201249,1.96820607695056,0.00200735728289022,1.17568845180988,0.00179421401630349,1.40697778563513,NaN,NaN
0.00132547367010834,1.89051243779453,0.00137367275672614,1.96369462548723,0.00201529004706655,1.17908670003739,0.00179888018087993,1.4022040046432,NaN,NaN
0.00132593969337645,1.88355273849505,0.00137789364317835,1.95847320457051,0.00202247537743229,1.18288235676884,0.00180491181256401,1.39827110984435,NaN,NaN
0.00132849786365673,1.87816012380604,0.00138231269331376,1.95405162265824,0.00203269030617694,1.18151981332678,0.00180924397799182,1.39386521656189,NaN,NaN
0.00133115518782384,1.87330216151355,0.00138675155981749,1.94947726250917,0.00204312448217268,1.18031136705972,0.00181489249300541,1.38963450790299,NaN,NaN
0.00133201782663928,1.86763300248151,0.00139391517696526,1.94553198921754,0.00204453962352072,1.17542080934805,0.00182093394819386,1.38489576383577,NaN,NaN
0.00133648966693542,1.86287643978147,0.00139432141251582,1.94012184224358,0.00205492397059576,1.17375818193363,0.00182848822305551,1.38115557212283,NaN,NaN
0.00133688628248275,1.85800925934421,0.00139979073017221,1.93603277767025,0.00206147149077648,1.16950023367721,0.00183510926500187,1.37726647347987,NaN,NaN
0.00134280576952664,1.85254289949706,0.00140603288619308,1.93169207835394,0.00207196546147707,1.16838100156409,0.00183918601931603,1.37222115632143,NaN,NaN
0.00134352959290051,1.84751901059875,0.00140930258696592,1.92620104878403,0.00207822397391769,1.16429337123792,0.00184724129290063,1.36896272232327,NaN,NaN
0.0013465537864489,1.84224623179173,0.00141605996856312,1.9221119842107,0.00208670485622178,1.16127631075907,0.00185300768996667,1.36470573597084,NaN,NaN
0.00135065875736376,1.83717625216958,0.00142248047189887,1.91801393268225,0.0020875818452262,1.15603700680926,0.00185918667421632,1.36079911886552,NaN,NaN
0.00135160071928867,1.83175598304627,0.0014265230110362,1.91338565080254,0.00209640156419109,1.15318215388304,0.00186257578322447,1.35620052249715,NaN,NaN
0.00135490254372019,1.82707316550436,0.00142977289544072,1.90882027760858,0.002102610247711,1.14911074431213,0.00187080787988776,1.35245157155303,NaN,NaN
0.00136056423065831,1.82231660280432,0.00143526202946542,1.90396732185121,0.00210958629660978,1.14507177625175,0.00187869615389804,1.34893911985071,NaN,NaN
0.00136128805403219,1.81662900748275,0.00144094932717333,1.89911436609385,0.00211676166119139,1.14105713932426,0.00187979638638764,1.34370109960636,NaN,NaN
0.00136585904821516,1.81216742541526,0.00144464507986505,1.8941445799201,0.00211992081476412,1.13595571179418,0.00188238979154171,1.33883096707148,NaN,NaN
0.00136708855641188,1.80725415425416,0.0014507187967552,1.89022626749378,0.00212692676101532,1.13235470412588,0.0018875569548411,1.33462653610611,NaN,NaN
0.00136930960347693,1.81204758953328,0.00145275988269219,1.88553507692833,0.00213091307467177,1.1275371398129,0.00189511122970275,1.33105276978555,NaN,NaN
0.00136997393451871,1.80675637443672,0.00145604939983335,1.88078996463224,0.00213980255412564,1.12472283877484,0.00189950233615679,1.32648921034189,NaN,NaN
0.00137043995778682,1.80109643354945,0.00145946772336859,1.8762605392587,0.00214452633580853,1.1198160603079,0.00190572061442392,1.32175046627468,NaN,NaN
0.00137751954530665,1.7966532877715,0.00146074587912524,1.87051787494582,0.00215154224784388,1.11536346298832,0.001911752246108,1.31755479454049,NaN,NaN
0.00137991906936799,1.79138972710924,0.00147000012313079,1.86801950142628,0.00215570794561487,1.11057022980823,0.00191882516925545,1.31384088052108,NaN,NaN
0.00138292343213901,1.78678065472547,0.00147014874589319,1.86221392842766,0.00216426855419208,1.10713142969256,0.00192199816116743,1.3079809548631,NaN,NaN
0.00138652271823103,1.79138050896447,0.0014745182551078,1.85786424215624,0.00217165320024065,1.10333577296112,0.00193017131680449,1.30477507625201,NaN,NaN
0.00138761341098618,1.7863750563557,0.00148053252289299,1.85387403408908,0.00217763267072532,1.09924814263494,0.0019376371801268,1.3013414576303,NaN,NaN
0.0013877819725938,1.7807519880475,0.0014847534093452,1.84910196092767,0.00218591423734659,1.09574445949823,0.00194315798958356,1.29624358508479,NaN,NaN
0.00139126227402161,1.77605073421606,0.00148776549732988,1.84447367904796,0.00219090709520129,1.09112154424839,0.00194923873878949,1.29193404334529,NaN,NaN
0.00139510944483071,1.77086091871194,0.00149361132598435,1.83989931889889,0.0021983515359547,1.08737454978273,0.00195641972048503,1.28804494470233,NaN,NaN
0.00140034477005546,1.76611357415666,0.00149513718634501,1.83483067621897,0.00220218836284903,1.08207036281187,0.00196316846798822,1.28379671758107,NaN,NaN
0.00140400354847957,1.76014943449206,0.00150126044415596,1.8308404681518,0.00220994174291082,1.07842069287778,0.0019696126868559,1.27949593507275,NaN,NaN
0.0014080093655076,1.75503336414608,0.00150578848431713,1.82634699059869,0.00221529336899459,1.07390321253715,0.00197661684547275,1.27537033718798,NaN,NaN
0.00141270925974345,1.74910609706056,0.00150791874391156,1.82106266099622,0.00222422271158503,1.07094292470173,0.00198299229980982,1.27123598007204,NaN,NaN
0.00141627879966942,1.74461686055877,0.0015133979697521,1.8167039877697,0.00223212557840894,1.0674879038308,0.00199034028107968,1.26762717682677,NaN,NaN
0.00141849984673446,1.73919659143546,0.00152048232142658,1.81306427095168,0.00223986899268659,1.06380579238619,0.00199736408670527,1.26379939280205,NaN,NaN
0.00141985825498407,1.73358274127203,0.00152535714803336,1.8087685064109,0.00224633678659417,1.05966949979423,0.00200343501240683,1.25927962951428,NaN,NaN
0.00142478620315964,1.72817169029349,0.00153131196671359,1.80472437661309,0.00225439910596433,1.05650645251803,0.00201057670008488,1.25565330780665,NaN,NaN
0.0014283557430856,1.7236547993574,0.00153722715265718,1.80057240335401,0.00226151467584109,1.0514455768761,0.00201729597707496,1.25181676455075,NaN,NaN
0.00143300606037804,1.71895354552595,0.00153875301301784,1.7955037606741,0.00226994572922447,1.04820953620122,0.00202401525406504,1.24734079741887,NaN,NaN
0.00143564355376778,1.71432603685265,0.00154607516111216,1.79167531779884,0.00227705133331709,1.04395158794479,0.002031392705848,1.2435743280124,NaN,NaN
0.00143928250141453,1.70947729270493,0.00155339730920649,1.78783788796848,0.00228736591990314,1.04258904450273,0.00203895680421403,1.23988669168653,NaN,NaN
0.00144139447920406,1.7027849196037,0.00155785599207854,1.78350617560728,0.00229422237939223,1.03884205003707,0.00204560731667351,1.2355070760976,NaN,NaN
0.00144606462727386,1.69825881052284,0.00156038257903937,1.7786352459397,0.00230066027594739,1.03498151028458,0.00205292582743024,1.23202090208882,NaN,NaN
0.00144777998951606,1.69267261479371,0.00156524749746199,1.77406088579063,0.00230859304012372,1.03128317808471,0.00205948792835038,1.22820187729528,NaN,NaN
0.00145295582240871,1.68763950775064,0.00157247056371471,1.77046610374814,0.00231880796886836,1.02982331011108,0.00206396744634376,1.22362955862044,NaN,NaN
0.00145452245382066,1.68251421925989,0.00158008004914968,1.76577491318268,0.00232480737092131,1.02578434205069,0.00207217007249393,1.22052879078348,NaN,NaN
0.00146050143319665,1.67842136298311,0.00158139783764298,1.76097587915596,0.00233428483163951,1.02354587782445,0.00207866340888347,1.21616669365692,NaN,NaN
0.00146352562674504,1.67323154747898,0.0015880759537669,1.75666214070496,0.00234010484957793,1.01897973521804,0.002083093809355,1.21154181959501,NaN,NaN
0.00146789831315435,1.66751629772311,0.00159268325940135,1.75234840225397,0.00234839638198333,1.01548416245895,0.00209195461029805,1.20838849637099,NaN,NaN
0.00147089276053669,1.66278738945737,0.00159651772667131,1.74728874652916,0.00235720613516408,1.01202914158802,0.00209473466203517,1.20371106692202,NaN,NaN
0.00147373847708877,1.65768975540092,0.0016006692558344,1.74125849965288,0.00236572688060473,1.00897963959865,0.00210230858390557,1.20000591213379,NaN,NaN
0.00147859701754356,1.65315442817529,0.00160578187886102,1.73707057857338,0.00236855716330081,1.00438105548171,0.00211043262202077,1.19647594196912,NaN,NaN
0.00148198808047323,1.6482411570142,0.0016092398351329,1.73254115319984,0.00237648992747714,0.99987168551871,0.0021173385455939,1.192726991025,NaN,NaN
0.00148414963520617,1.64223092662577,0.00161250953590574,1.72797578000587,0.00238652547210724,1.00151809217786,0.00212140547640369,1.18797948772661,NaN,NaN
0.00148918665265726,1.63770481754491,0.00161585850215186,1.72341939376701,0.00238807016864911,0.996522099556986,0.0021312093337664,1.18486120142729,NaN,NaN
0.00149418400855361,1.63308652701637,0.0016192272847663,1.72814653215289,0.00239841465258759,0.995256880646504,0.00213827243340948,1.18125239818202,NaN,NaN
0.00149906237978576,1.62783218449888,0.00161976232671095,1.72251171130128,0.00240551029089607,0.991315237117696,0.0021451488864695,1.17741585492612,NaN,NaN
0.00150100579596767,1.62226442505929,0.00162261588374906,1.71772166422966,0.00241018424365825,0.986935633196798,0.00215016869720332,1.17247564854182,NaN,NaN
0.00150195767328127,1.61747098978017,0.00162767896585488,1.7134528605542,0.00242089746160995,0.986984295462585,0.00215623962290488,1.16827121757645,NaN,NaN
0.00150447618200681,1.62278064116627,0.00162903638708482,1.71862934669539,0.00242820238138539,0.982507367010111,0.00216461907213374,1.16503030204065,NaN,NaN
0.00150866047603113,1.61818078692727,0.00163015601189491,1.71275187805591,0.00243757021847804,0.979295657468119,0.00216995323500744,1.16030907643579,NaN,NaN
0.00151254730839496,1.6135440601092,0.00163346534540439,1.70775513101685,0.00244785490771167,0.977835789494486,0.00217948203424776,1.15802291709837,NaN,NaN
0.00151607718676619,1.60675028741553,0.00164033171702735,1.703791883815,0.00244886145190992,0.97302633555913,0.00218265502615974,1.15304767378936,NaN,NaN
0.00152237345858005,1.60245463195386,0.00164169904644144,1.70894140909087,0.00245877740713033,0.971225831724983,0.00219021912452576,1.14964909209235,NaN,NaN
0.0015235831359994,1.59714498056776,0.00164528580910741,1.70430414025606,0.00246836449147408,0.96882515994612,0.00219715451861201,1.14586510422352,NaN,NaN
0.00152805497629554,1.5926465259212,0.00164756469146423,1.70936379598086,0.00247797150738612,0.966684020251458,0.0022043158532988,1.14166067325815,NaN,NaN
0.0015337563247884,1.58829556159092,0.00165112172957772,1.71399207786057,0.00248732937869463,0.964356341871277,0.00221011172087797,1.13750879767986,NaN,NaN
0.00153490650987566,1.58222080418912,0.00165681893546978,1.71819797285029,0.00249698622352737,0.961890787071364,0.0022172927025735,1.13320801517153,NaN,NaN
0.00154320569020353,1.57868103659839,0.00166363576617194,1.72272739822383,0.00250165021050541,0.957235430311002,0.00222621244454279,1.13053644966229,NaN,NaN
0.00154519868332886,1.57309484086926,0.00166674693599822,1.71679600785372,0.00250983211928526,0.954169707566373,0.00223152696040775,1.12629698177221,NaN,NaN
0.00154767753049967,1.56734271853432,0.00167029406592754,1.72143327668853,0.00251882125658055,0.951249971619108,0.00223867847159017,1.12218014311862,NaN,NaN
0.00154974984673446,1.56208837601682,0.00167596154726713,1.71711953823754,0.00252900628797277,0.949741441379687,0.00224662568662668,1.11882535757751,NaN,NaN
0.00155241708629026,1.5671214830599,0.00168322424625649,1.712590112864,0.0025360919604971,0.945702473319303,0.00225290290592004,1.11420048351561,NaN,NaN
0.00155291285572442,1.56171965022612,0.00169296399128589,1.70996592197298,0.00254353640125052,0.941955478853646,0.00226095817950464,1.11047781026502,NaN,NaN
0.00155723596519031,1.55707370526328,0.00169724432684306,1.70500512275434,0.00255408020087182,0.943958742128575,0.00226895451206301,1.10711426549273,NaN,NaN
0.00156182679015065,1.55193919862777,0.00170355584015305,1.70056556693186,0.00256097652349747,0.939352047634001,0.00227524155486074,1.1030149453015,NaN,NaN
0.00156568387634843,1.54639909362248,0.00171142293837618,1.69710558921596,0.00257090244450202,0.936927044722244,0.00228073289380439,1.09865284817493,NaN,NaN
0.00157095886312791,1.54208500187127,0.00171225522584563,1.69214478999732,0.0025803998367885,0.934112743684185,0.00228782546396058,1.09492141569317,NaN,NaN
0.00157422102600469,1.53623147994389,0.00172124194887886,1.68926896436333,0.00259136219934373,0.934680470118376,0.0022936704490616,1.09045420779246,NaN,NaN
0.00157703699639073,1.54113553296022,0.00172499715067554,1.68437107383043,0.00260010219203549,0.931825617192161,0.00230114613588828,1.08704686686428,NaN,NaN
0.00157819709686667,1.53639740654971,0.00172840556602662,1.67920357464435,0.00260647032810166,0.927802869887039,0.00230611682910024,1.08278988051185,NaN,NaN
0.00158222274467206,1.53154866240198,0.00173706531898256,1.67623787945929,0.00261520035500928,0.924753367897673,0.0023125315774548,1.07887450417535,NaN,NaN
0.00158811248554991,1.52739127911182,0.00174251482027063,1.67194211491851,0.0026253853864015,0.922523014049068,0.00232035108693448,1.07501168322592,NaN,NaN
0.00159330814921992,1.52280064301759,0.00174737973869325,1.66739471563476,0.00263551062308887,0.920965821543859,0.00232690336435025,1.07120141766356,NaN,NaN
0.00159542012700945,1.51773988154022,0.00175411730392212,1.6635572858044,0.00264176913552949,0.9168295289519,0.00233327881868732,1.06694443131112,NaN,NaN
0.00160475050776038,1.51514958286054,0.00176132055380653,1.65899191261043,0.0026522431746618,0.915126349649328,0.00234140285680252,1.0636334419259,NaN,NaN
0.00160743757809353,1.50991367663258,0.00176989113310503,1.65575660877219,0.00266221892458706,0.912449925031001,0.00234917324876035,1.0601122309924,NaN,NaN
0.00161484437343991,1.50567333003951,0.00177323019116699,1.65081378346376,0.00266928466554311,0.908662378677187,0.00235424217701602,1.05527713538223,NaN,NaN
0.00161756118993912,1.50080614960226,0.00177948225537202,1.64693141885787,0.00267857277636263,0.906083278590436,0.00236215992153942,1.05175592444874,NaN,NaN
0.00162365915397931,1.49660267558826,0.00178453542929368,1.64207846310051,0.00268827945011608,0.903958359651038,0.00236969454939232,1.04837486121409,NaN,NaN
0.00162630656275773,1.48988264805273,0.00179301683493474,1.63862747233971,0.00269764728720873,0.901679343536644,0.00237563776953706,1.04429305948521,NaN,NaN
0.00163371335810411,1.48624148086955,0.00179700983315127,1.63393628177426,0.00270700515851723,0.899221899114362,0.00238102104993262,1.04009738775102,NaN,NaN
0.0016395733528159,1.48122681011601,0.0018028160290691,1.62940685640072,0.0027166919007024,0.896902331111813,0.00238983273335382,1.03683895375287,NaN,NaN
0.00164505656275773,1.47712473569446,0.00180803764212148,1.62474262670058,0.00272598997730606,0.893974484786916,0.00239798624198213,1.03350168667411,NaN,NaN
0.00165268149665514,1.47334529633977,0.00181718289610126,1.62107594901724,0.00273505884087447,0.891298060168589,0.00240570751641809,1.02966514341821,NaN,NaN
0.00165663773673975,1.46810939011181,0.00182442577872231,1.61736433655837,0.00274434695169399,0.888767622347625,0.00241334037931472,1.02577604477525,NaN,NaN
0.00166287451622151,1.46421933301991,0.00182668484471082,1.61266415903781,0.00275306701281747,0.885685678847734,0.00242001053878294,1.02204461229348,NaN,NaN
0.00166988469602056,1.45970244208382,0.00183289727617921,1.60808081193363,0.00276346132567665,0.886764359072696,0.00242950986751014,1.01983728603667,NaN,NaN
0.00167633961405334,1.45423608223667,0.00183952585138233,1.60415351255221,0.00277267967600719,0.883771629726749,0.00243353750430244,1.01492335734589,NaN,NaN
0.00167676597576672,1.44821663370347,0.00184017979153689,1.59908486987229,0.00278308395465051,0.882603735347843,0.00244312524456898,1.01177879335305,NaN,NaN
0.00168655246439708,1.45014322595989,0.00184828468617987,1.59552603565022,0.00279059815589291,0.879002727679549,0.00245091528353555,1.00815247164542,NaN,NaN
0.00168657229517444,1.445340572536,0.00185840094220735,1.5928928578041,0.00279959725897234,0.876131653998071,0.00245986449601795,1.005472146905,NaN,NaN
0.00168734569549174,1.43953314133246,0.00186359283070725,1.58852519762247,0.0028099616744791,0.87462312375865,0.0024678313580632,1.00190713981561,NaN,NaN
0.00169628937608401,1.43578135641207,0.00187148965348286,1.5852539459638,0.00282023639792859,0.873309242582381,0.00247658410045817,0.998929001215147,NaN,NaN
0.00170272446333944,1.43061919534225,0.00187944592536343,1.58149739872939,0.00282716261790666,0.869562248116723,0.00248432502190288,0.995521660286964,NaN,NaN
0.00170395397153616,1.42507909033696,0.00188128884761722,1.57554803444907,0.00283616172098609,0.866934485764185,0.00249147653308531,0.991685117031067,NaN,NaN
0.00171180695937328,1.42183430337879,0.00189100877627829,1.57333724349294,0.00284226078088045,0.86301717336827,0.00249849051520653,0.988023758398728,NaN,NaN
0.00171584252256736,1.41710539511304,0.00189886596631726,1.56994916141789,0.00285144923385856,0.86558816307739,0.0025066931413567,0.984660213626435,NaN,NaN
0.00172174217883388,1.41145467237055,0.00190406776300132,1.56483558396244,0.00285865449579259,0.861427539352537,0.00251435547476644,0.980928781144672,NaN,NaN
0.00173087425181114,1.40880906482226,0.001910607164547,1.56036008031954,0.00286910860335662,0.860494845924938,0.00252255810091661,0.977880568694782,NaN,NaN
0.00173820172404806,1.40488213515129,0.00191580896123106,1.55552509847238,0.00287512793697785,0.85649642975271,0.00253236195827932,0.975830908599165,NaN,NaN
0.00174160270236641,1.3993143757117,0.001920941400626,1.55982086301316,0.00288548238670047,0.854736477806719,0.00253699865234265,0.97121479376844,NaN,NaN
0.00174725447391585,1.39456703115642,0.00192389403950572,1.55469829860261,0.00289348491136579,0.851516657887096,0.00254476904430048,0.967255621276054,NaN,NaN
0.00175203369126117,1.3996831015024,0.00193085949297028,1.5500610297678,0.00290206545151129,0.848572590806937,0.00255293237643316,0.964146094207918,NaN,NaN
0.00175238072986508,1.39346085378432,0.00193710164899115,1.54611575647616,0.0029129281562251,0.848767239870088,0.00256154758976693,0.961238029456873,NaN,NaN
0.00175595026979105,1.38862132778136,0.00194586048378869,1.54319499606663,0.00292021314443226,0.844971583138643,0.00256804092615646,0.957235060808597,NaN,NaN
0.00176074931791373,1.38398460096329,0.00195413381756239,1.54018436610605,0.00293051776523417,0.843122417038708,0.00257881731045195,0.957129950034463,NaN,NaN
0.00176738271294282,1.3801775071743,0.00195821598943636,1.53565494073251,0.00294103166750305,0.842100509457165,0.00258534994085897,0.953205814466788,NaN,NaN
0.00177570172404806,1.37621370492426,0.00196823316362224,1.53330035849467,0.00294612418319916,0.83786689233363,0.00259095916185508,0.949062698119666,NaN,NaN
0.00177706013229766,1.37112528901258,0.00197352413396374,1.52870802443539,0.00295695699056055,0.838312963103351,0.00260162748760248,0.948589699636063,NaN,NaN
0.00177895397153616,1.37603856017368,0.00198285764344257,1.52608383354437,0.00296631486186906,0.83598528472317,0.0026037198940336,0.943807159412959,NaN,NaN
0.00178213681130348,1.37128199747363,0.00198356112451794,1.52020636490489,0.00296943415230523,0.831329927962808,0.00261401492661489,0.94233560857508,NaN,NaN
0.00178823477534367,1.36648856219451,0.00198755412273446,1.52500539893162,0.00297949959428776,0.829521313751029,0.00261974202966345,0.937973511448513,NaN,NaN
0.00179457070871225,1.36047833180608,0.00198967447414473,1.52021535186,0.00298493094664466,0.825271475872232,0.00262658901221036,0.934207042042039,NaN,NaN
0.00179719828671331,1.36560362029683,0.00199615442658544,1.51595553513964,0.00299544484891354,0.823795387143336,0.00263561681272773,0.930852256500924,NaN,NaN
0.00179846745646477,1.36025709633166,0.00200660756087437,1.51418510498372,0.0030049123438476,0.821483929518418,0.00264429096708773,0.927322286336252,NaN,NaN
0.00180296904292696,1.35565724209266,0.00200914405601936,1.50846940153615,0.00301001482532785,0.817161098240939,0.00265195330049747,0.923932463870425,NaN,NaN
0.00181351901648592,1.35459715544439,0.0020130577887626,1.50294242414582,0.00301611388522221,0.821110852147378,0.00266132492366784,0.921383527597672,NaN,NaN
0.00181427258602584,1.34982215645481,0.00201774435987034,1.49807149447824,0.00302511298830164,0.823795387143336,0.00266843714083278,0.917818520508288,NaN,NaN
0.00182259159713108,1.34561868244082,0.00202673108290356,1.4952675644851,0.00303599562458374,0.823227660709146,0.00267612894475563,0.913990736483569,NaN,NaN
0.00183067263890792,1.34202360598148,0.00202760300310965,1.49041460872773,0.00304648959528433,0.824176574892007,0.0026839189837222,0.910416970163008,NaN,NaN
0.00183256647814642,1.33722095255759,0.00203017913099128,1.49568096441999,0.00305485088817873,0.820940534217121,0.00269116872994834,0.906107428423507,NaN,NaN
0.00184081608153087,1.33419740107384,0.00203213104327083,1.49090889125858,0.00306525516682205,0.819910516257947,0.00270022600097882,0.903488418301331,NaN,NaN
0.00184146058179528,1.32933943878135,0.00204232656477159,1.49371282125172,0.00307582886379578,0.821540702161837,0.00270872333226013,0.900440205851441,NaN,NaN
0.00184365188269427,1.3238730789342,0.00204365426144904,1.48859025684117,0.00308397090943907,0.81716920861857,0.0027160320195125,0.896463514896698,NaN,NaN
0.0018457638604838,1.32900758556972,0.00204750854508733,1.48396197496146,0.00309344837015727,0.814638770797606,0.00272350770633918,0.892880989344959,NaN,NaN
0.00184896653102849,1.32332920839292,0.00205043145941456,1.47900117574282,0.00310324473596799,0.812254319774006,0.00273239797779535,0.889675110733867,NaN,NaN
0.00185212954001844,1.32812264367204,0.00205336428192596,1.48369236630827,0.00311335004108708,0.809967193281982,0.00273951019496029,0.885908641327393,NaN,NaN
0.00185438033324954,1.32337529911676,0.00205903176326554,1.47959431477983,0.00312261822033831,0.806901470537353,0.00274860676000826,0.883350945823462,NaN,NaN
0.00185931819681379,1.31763239492658,0.00206595758399346,1.47550525020649,0.00313241458614903,0.804273708184814,0.00275632803444423,0.880039956438236,NaN,NaN
0.00186410732954779,1.31243336127769,0.00207535054257725,1.47313269405845,0.00314090543423726,0.801362082615179,0.00276572912812771,0.877429705547238,NaN,NaN
0.00186698279226593,1.30782428889393,0.00208067123747124,1.46889085124831,0.00314928665869994,0.797858399478461,0.00277194740639485,0.87319023765716,NaN,NaN
0.00187765175048909,1.30709605545729,0.0020847534093452,1.46405586940115,0.0031573489780701,0.7946548003141,0.00278022862057999,0.87014202520727,NaN,NaN
0.00188137993663399,1.30212747542759,0.00208727999630603,1.4687290860564,0.00316669688359447,0.792237907779975,0.00278358825907503,0.865569706532434,NaN,NaN
0.00188725976212315,1.2972418587008,0.00209221427201777,1.46415472590732,0.00317694170969154,0.790729377540554,0.00279366717456014,0.863572601823885,NaN,NaN
0.00189332797999729,1.29277105848854,0.00210093347407867,1.46055994386483,0.00318568170238329,0.787850193481445,0.00280168315412725,0.860103946277458,NaN,NaN
0.00189983247497349,1.28878881994897,0.00210869158227604,1.45689326618149,0.00319272751177106,0.783673349001329,0.00280944372258071,0.856425069182762,NaN,NaN
0.00190012002124531,1.2838663306431,0.00211207027307464,1.4615305350163,0.00320266339855975,0.78173496874745,0.002819738755162,0.854646945253659,NaN,NaN
0.00190828038613161,1.27966285662911,0.00211355650069866,1.45679440967532,0.00320923085030875,0.777671669554172,0.00282427721418161,0.850319885051803,NaN,NaN
0.00191489395038333,1.27553312777325,0.00211928343114321,1.45202233651391,0.00321812032976262,0.773746246780626,0.00283424807111864,0.848060003407919,NaN,NaN
0.00192093242209142,1.2711176364296,0.00212859712425372,1.44942510648821,0.00322908269231785,0.773746246780626,0.00284311869556607,0.845116901732162,NaN,NaN
0.00192978686418555,1.26700634386328,0.00213438350380323,1.4452281984536,0.00323254081941482,0.769171993796577,0.00285096767555887,0.841823430809292,NaN,NaN
0.00193369352732674,1.26246179849289,0.00213973392324969,1.44037524269623,0.0032409220438775,0.766203595583524,0.00286062418035601,0.839467197622451,NaN,NaN
0.00194231991548116,1.25883906759925,0.00215001861840789,1.43871265600158,0.00325085793066619,0.764451754015165,0.00286787392658215,0.835954745920135,NaN,NaN
0.00195149165001315,1.2554744447591,0.00215735067468638,1.43521673046526,0.00325910959993503,0.761004843521865,0.00287803143010224,0.833913845055696,NaN,NaN
0.00195661790596239,1.25110504413929,0.00216342439157653,1.43116361371235,0.00327012179141097,0.761045395410021,0.002883552239559,0.829814524864464,NaN,NaN
0.00196655312542299,1.24933516034392,0.00217038984504109,1.42718239260028,0.00327912089449039,0.758336529281169,0.00289185310075288,0.826608646253373,NaN,NaN
0.00197248252785556,1.24458781578864,0.00218095196935577,1.42832373589878,0.00328444262322175,0.753827159318171,0.00290173554615057,0.824296209222421,NaN,NaN
0.00197750962991797,1.24016310630022,0.0021830822289502,1.42305738020652,0.0032930829580721,0.750915533748536,0.00290998728982259,0.821247996772531,NaN,NaN
0.00198430167116598,1.23619008590542,0.00219281206579543,1.42094544575656,0.00330225147948192,0.748060680822321,0.00291747280015365,0.817735545070214,NaN,NaN
0.00199300738242986,1.23330480659318,0.00219936137552527,1.41589477698686,0.00331222722940718,0.745789775085559,0.00292304272713226,0.813049356390066,NaN,NaN
0.00199619022219718,1.22856668018267,0.00220701049369688,1.41256061664245,0.00332206345835446,0.743559421236953,0.00293282693748624,0.811034733219162,NaN,NaN
0.00200590730310675,1.22652025204427,0.00221020092899644,1.41717991156705,0.00333253749748677,0.742529403277779,0.00294068574098341,0.807241986119154,NaN,NaN
0.00200890175048909,1.22139496355352,0.00221279687324639,1.41254264273223,0.00334120772968954,0.739471790910782,0.00294734607694725,0.80339668363208,NaN,NaN
0.00201383961405334,1.21709930809185,0.0022136886098208,1.40739311745636,0.00334617069019182,0.735189511521459,0.00295003771714504,0.798526551097197,NaN,NaN
0.00202298160241929,1.21406653846333,0.00221923719295046,1.41229100798926,0.00335497047758842,0.732464424637344,0.00295525399796628,0.793954232422361,NaN,NaN
0.00202930762039919,1.21021335395051,0.00222181332083209,1.40700667838679,0.00336462732242116,0.730323284942683,0.00295933075228044,0.789224247586324,NaN,NaN
0.00203264910638544,1.20490370256441,0.00222507311342077,1.40179424442518,0.00337241059983538,0.726876374449383,0.00296326997753339,0.784599373524421,NaN,NaN
0.00203966920157317,1.20108739063065,0.00222863015153425,1.40653935672127,0.00338151932654035,0.723826872460017,0.0029662268523492,0.779869388688384,NaN,NaN
0.00204426002653351,1.19661659041839,0.0022314242594674,1.40173133573944,0.00339168442636429,0.721896602583769,0.00297351589259282,0.776137956206621,NaN,NaN
0.00205497856170009,1.19605428358757,0.00223943007226878,1.39765125812121,0.00340211860236004,0.720688156316707,0.0029829562802938,0.773676612245646,NaN,NaN
0.00205977760982278,1.1917033192573,0.00224960577740122,1.40029342292244,0.00340922420645266,0.716705960899742,0.00298942996967459,0.769586051285592,NaN,NaN
0.00206711499744837,1.18762889927005,0.00225160723060156,1.39560223235699,0.00341855218040874,0.714126860812991,0.0029995088851597,0.767983111980046,NaN,NaN
0.00206796772087513,1.18217175756767,0.00225491656411104,1.39053358967707,0.00342580727126347,0.710452859746015,0.00300651304377656,0.763953865638237,NaN,NaN
0.00207254863044679,1.18668864850376,0.00226102000555367,1.38607605994438,0.00343397921425919,0.707387137001386,0.00301320285025352,0.75974943467287,NaN,NaN
0.00207795251727915,1.19087368622822,0.0022699076467453,1.3891316246805,0.00344419414300383,0.706024593559329,0.00302110094776817,0.756359612207044,NaN,NaN
0.00208748120580374,1.18838478714098,0.00227340523575382,1.38425170805781,0.00345156882326826,0.702569572688398,0.00303096374615712,0.753784398240757,NaN,NaN
0.002098209656359,1.18865211333924,0.00227853767514876,1.37968633486385,0.00346176382044462,0.701109704714765,0.00303704449536305,0.749790188823659,NaN,NaN
0.00210350447391585,1.18354526113803,0.00228609761966293,1.37610053977646,0.0034714306310615,0.698490052739858,0.00304223130567118,0.745585757858293,NaN,NaN
0.00211360825498407,1.18134212453859,0.00229350894141469,1.37264954901567,0.00348215381479734,0.697703346109622,0.00305221198611258,0.743746319310945,NaN,NaN
0.00212230405085927,1.17842919079205,0.00230106888592886,1.3689469235119,0.00348617999159035,0.693096651615048,0.0030578506776218,0.739182759867287,NaN,NaN
0.00213111883139866,1.17557156591411,0.00230400170844026,1.36339298525625,0.00349632515984601,0.69148268646642,0.00306499236529985,0.735197309681367,NaN,NaN
0.00213395463256207,1.1701512967908,0.00231451429183414,1.36221569413733,0.0035055335443924,0.688798151470462,0.00307377457820794,0.731903838758497,NaN,NaN
0.00213823808047323,1.16572658730238,0.00231835866728826,1.35720097318806,0.0035160773440137,0.687541042937612,0.00308200667487122,0.72871547860976,NaN,NaN
0.00214309662092801,1.15997446496744,0.00232253001281967,1.36209886372095,0.00352571425727815,0.685107929648224,0.00309035665358696,0.725369452299823,NaN,NaN
0.0021490161079719,1.15588160869066,0.00232391715860209,1.35720097318806,0.00353344770577166,0.681166286119416,0.00309717416562075,0.721594223662171,NaN,NaN
0.00215505457968,1.1516965709662,0.00232835602510582,1.35274344345536,0.00354283547443259,0.678514192633983,0.00310688961144413,0.719290545862397,NaN,NaN
0.00216081542050496,1.14747466066267,0.00233099160209241,1.34812414853076,0.00355328958199662,0.677265194478764,0.00311507259058555,0.715874445703037,NaN,NaN
0.00216633829200152,1.14278262497599,0.00233324075989676,1.35282432605132,0.00356160104597031,0.674085926447297,0.00312281351203026,0.719395656636532,NaN,NaN
0.00217145463256207,1.13858836910676,0.002336411378828,1.34811516157566,0.00357158676167971,0.672106994305261,0.00313252895785364,0.721970870602819,NaN,NaN
0.00217567858814113,1.1340069511573,0.00233869026118482,1.34239945812809,0.00357951952585604,0.668870953630375,0.0031431776365923,0.722163573688731,NaN,NaN
0.0021806065363167,1.12925038845725,0.00234828138345182,1.34022461499238,0.00358933582323504,0.666445950718618,0.0031531583170337,0.720183987442538,NaN,NaN
0.00218522710744308,1.12472427937639,0.00235476133589253,1.33640515907224,0.00359961054668453,0.664499460087108,0.00316308987995325,0.718283234276945,NaN,NaN
0.00219167211008719,1.12035487875658,0.00236114220649165,1.33246887273571,0.00360992513327058,0.662747618518749,0.00317031015566627,0.714770782574629,NaN,NaN
0.00219652073515329,1.11570893379374,0.00236886068195238,1.32886510373811,0.00362012013044694,0.661141763747753,0.00318068377628253,0.712721122479013,NaN,NaN
0.00220111156011363,1.11078644448788,0.00237306175203627,1.32385038278883,0.00362973711214312,0.659049286318879,0.00319096898535945,0.710934239318732,NaN,NaN
0.00220639646228179,1.10598379106399,0.0023757865026803,1.32859549508492,0.00363674305839432,0.655350954119009,0.00320068443118282,0.708464136126579,NaN,NaN
0.00221330748819401,1.10235184202559,0.00238119637123172,1.32433567836457,0.00364675867145614,0.65341257386513,0.00320942735007342,0.705310812902554,NaN,NaN
0.00221644075101791,1.09728186240344,0.00238409946919064,1.31921311395401,0.00365697360020079,0.651847270982291,0.00321993849975088,0.704268464392391,NaN,NaN
0.00222415492341347,1.09382505811562,0.00239191702649297,1.31570820146258,0.0036676668865842,0.652966503095409,0.00322744365709068,0.700817327308319,NaN,NaN
0.00222794260189047,1.08918833129755,0.00240148833239164,1.31333564531454,0.00367853955708216,0.651895933248078,0.00323812180634245,0.699897608034645,NaN,NaN
0.00223552787423314,1.08470831294053,0.00241152532294584,1.31161014993414,0.00368695067889726,0.648903203902131,0.00324560731667351,0.696131138628171,NaN,NaN
0.00223737213652822,1.07874417327593,0.00241894655288177,1.30800638093654,0.00369710581293706,0.647362232152186,0.00325551923258431,0.693801183134864,NaN,NaN
0.00224155643055255,1.07321328641541,0.00242925106440829,1.30929151551673,0.00370403203291513,0.643728782973366,0.00326549991302571,0.691462468410379,NaN,NaN
0.00224431290860649,1.06845672371536,0.00243260003065441,1.30428578152256,0.0037151239506642,0.643534133910215,0.00327551006398023,0.689526678320075,NaN,NaN
0.00224843771029872,1.06368172472578,0.00244270637849772,1.30265015569323,0.00372399349854979,0.640419748899799,0.00328497009868994,0.687205482057946,NaN,NaN
0.00225138258073764,1.05884219872282,0.00245101934500806,1.29897449105478,0.00373286304643538,0.63760544786174,0.00329330043039694,0.683640474968562,NaN,NaN
0.00225334582769692,1.05372612837684,0.00245981781254224,1.29596386109419,0.00374335701713598,0.63572384025128,0.00330173882065203,0.680592262518672,NaN,NaN
0.00225729215239285,1.0490248745454,0.00246745702252969,1.29244996164765,0.00375407023508767,0.634555945872374,0.00331246608742566,0.679436044003196,NaN,NaN
0.00226023702283177,1.04410238523954,0.00247443238417842,1.28802837973539,0.00376474358990281,0.632998753367165,0.00331789848534308,0.675056428414273,NaN,NaN
0.00226305299321781,1.03895866045925,0.00248326057626508,1.28517052801161,0.00377403170072233,0.630565640077778,0.00332806581236754,0.673076842168079,NaN,NaN
0.0022657202327736,1.0334369917435,0.00249328765863512,1.28344503263121,0.00378446587671808,0.62857048718048,0.00333792861075648,0.670746886674772,NaN,NaN
0.00227101505033045,1.02866199275392,0.00250013421388976,1.27907737244958,0.00379442169507505,0.626623996548969,0.00334824329034651,0.669161465831582,NaN,NaN
0.00227297829728973,1.02359201313177,0.0025103099190222,1.27740579879982,0.00380523457086816,0.626575334283181,0.00335523762545899,0.665316163344507,NaN,NaN
0.00227865981500522,1.01845750649626,0.00251694840240947,1.27364026461031,0.00381500103932646,0.624288207791157,0.00336437348452445,0.662285469356973,NaN,NaN
0.00228145595461389,1.0132216002683,0.00252702502570031,1.27125872150716,0.00382562456522088,0.622779677551736,0.00337500251625437,0.661707360099235,NaN,NaN
0.00228806951886561,1.00934997946593,0.00253379231548167,1.26676524395404,0.00383529137583777,0.620735862388651,0.00338189861632313,0.657818261456271,NaN,NaN
0.00229022115820987,1.00437218129146,0.0025432744477229,1.26428484434472,0.00384555613350312,0.619178669883442,0.00339223294292191,0.656346710618393,NaN,NaN
0.00229534741415911,1.00016870727747,0.00255201346615213,1.26152584912711,0.00385255211397018,0.615456006550678,0.00340263603405129,0.654612382845179,NaN,NaN
0.00230251624017709,0.996628939686736,0.00255817635669972,1.25728400631697,0.0038618402247897,0.613006672506028,0.00341077971917523,0.651511615008222,NaN,NaN
0.00230648239565038,0.992148921329714,0.00256859976643616,1.25596292391635,0.00387225446921716,0.611968544169223,0.003421457868427,0.649882398009142,NaN,NaN
0.0023145138604838,0.988397136409328,0.00257784410225755,1.25337468084576,0.00388251922688251,0.610403241286383,0.00343185113605201,0.648200625622996,NaN,NaN
0.00231822221585133,0.983806500315095,0.00258288736799505,1.24847679031286,0.00389191696132758,0.607864693087788,0.00343702812285577,0.643917361577029,NaN,NaN
0.00232321957174768,0.978542939652833,0.00259153721276683,1.24519655169909,0.00390214185585637,0.606210176051004,0.00344763750757694,0.644469193141233,NaN,NaN
0.00233033882082225,0.97489255432489,0.00260012760843365,1.24223085651403,0.00391172894020012,0.603817614649773,0.00345232331916213,0.639870596772864,NaN,NaN
0.00233628805403219,0.970311136375426,0.00261004570077793,1.24433380400889,0.00392240229501526,0.603241777837951,0.00346262817524779,0.638609267483254,NaN,NaN
0.00234153329464562,0.966015480913755,0.00261737775705641,1.23927414828408,0.00393298595777312,0.602033331570888,0.00347203909243565,0.635850109662232,NaN,NaN
0.00234720489697243,0.960991592015448,0.00262577989722419,1.23554456191499,0.00394256307633273,0.599648880547288,0.00348278600621802,0.634790242689712,NaN,NaN
0.00235453236920935,0.956898735738663,0.00263184370593018,1.23157232775804,0.00395285773135051,0.598286337105231,0.00349186292425725,0.632179991798714,NaN,NaN
0.00235916285572442,0.952372626657804,0.00263810567831938,1.22763604142151,0.00396324207842555,0.596729144600023,0.00350106754785331,0.62967485168185,NaN,NaN
0.00236514183510041,0.947791208708339,0.00264723111593084,1.2250298244407,0.00397396526216139,0.595561250221117,0.00350983011375265,0.62695073078554,NaN,NaN
0.0023729551613828,0.944030205643185,0.00265382996658148,1.22035660778546,0.00398185816320115,0.591919690664666,0.00351877932623505,0.623902518335649,NaN,NaN
0.00237591986259909,0.938987880455344,0.00265632682898983,1.22524551136325,0.00399276073105153,0.591287081209425,0.00352713912845516,0.620433862789222,NaN,NaN
0.00238028263361971,0.9346276979803,0.00266200421851358,1.22077899467545,0.00400342412008253,0.59069502364234,0.00353727698496651,0.622220745949503,NaN,NaN
0.00238379268121358,0.929834262701182,0.00267134763617657,1.21836150375188,0.00401333010951879,0.5888701886753,0.00354741484147785,0.620591528950423,NaN,NaN
0.00238902800643832,0.925298935475556,0.00267887785613825,1.21475773475428,0.00402239897308721,0.58617754330171,0.00355458599966902,0.616807541081594,NaN,NaN
0.0023901682761369,0.919933975220851,0.00268399047916488,1.20985984422138,0.00403281321751468,0.584523026264927,0.00356447826857108,0.614915547147179,NaN,NaN
0.002398209656359,0.916117663287091,0.00269376985693091,1.20737944461206,0.00404286869371306,0.582544094122891,0.00357522518235346,0.613601662470502,NaN,NaN
0.00240532890543357,0.912531804972521,0.0026997345837953,1.20328139308362,0.0040532530407881,0.581238323324253,0.00358327063243368,0.610343228472343,NaN,NaN
0.0024082043681517,0.907830551141078,0.00270528316692496,1.19891373290199,0.00406393636138738,0.579973104413771,0.00358659097691123,0.605551929018061,NaN,NaN
0.00241853620315964,0.905959267753269,0.00271602363855453,1.19837451559562,0.00407213820173552,0.576810057137567,0.00359666989239635,0.603344602761244,NaN,NaN
0.0024209258118323,0.900244017997397,0.00272382137948854,1.19454607272036,0.00408301087223347,0.576420759011265,0.00360636569121098,0.600997128805581,NaN,NaN
0.00242612147550231,0.894943584756065,0.00273252076518112,1.19179606445786,0.00409409282419839,0.576420759011265,0.00361539349172835,0.598036508667469,NaN,NaN
0.00243651280284234,0.893496336027562,0.00273620660968869,1.18700601738623,0.00410006232889892,0.572381790950881,0.00362592428841456,0.596906567845526,NaN,NaN
0.00244289831315435,0.889200680565891,0.00274230014294716,1.19098723849829,0.00410812464826909,0.569170081408889,0.00363642561458765,0.595329906233514,NaN,NaN
0.00244838152309618,0.884075392075142,0.0027475812051045,1.18636794357369,0.00411843923485514,0.567418239840529,0.00364486400484273,0.592194101471845,NaN,NaN
0.00245527271823103,0.880249861996615,0.0027575191138171,1.18452561777691,0.00412935176848966,0.56698027944844,0.00365444192160491,0.589356110570223,NaN,NaN
0.00246465267592537,0.877825489922754,0.00276287944144772,1.17958279246849,0.00413909830537967,0.564855360509041,0.00366516918837854,0.58851522437715,NaN,NaN
0.00246946163943674,0.873456089302943,0.00276888380104875,1.17536791052366,0.00414999090744591,0.564936464285354,0.0036750614572806,0.586728341216869,NaN,NaN
0.00247655114234525,0.869695086237789,0.00277932702715351,1.17431643677623,0.00415837213190859,0.561992397205194,0.00368200667487122,0.582996908735106,NaN,NaN
0.0024836803068085,0.865998610186008,0.00278885870031555,1.17110809380331,0.00416929463132725,0.561667982099943,0.0036925472950618,0.581998356380832,NaN,NaN
0.00248991708629026,0.862071680515038,0.00279157354277542,1.16625513804594,0.00417985836251684,0.560191893371047,0.00370171262464037,0.579055254705075,NaN,NaN
0.0024991780593204,0.859481381835361,0.00280144209419889,1.16928374191674,0.00418998359920421,0.558496824446107,0.00371241042090089,0.578739922382673,NaN,NaN
0.00250738800115012,0.855637415467299,0.0028053657351263,1.16464647308193,0.00419775691083428,0.554936368665969,0.00372029869491117,0.575534043771581,NaN,NaN
0.00251385283457159,0.851664395072492,0.00281284641416719,1.16088093889242,0.00420842029986527,0.55393879221732,0.00373073125655366,0.574482936030239,NaN,NaN
0.00252185455323896,0.847470139203264,0.00282200157633113,1.15791524370736,0.00421903385997556,0.553014209167353,0.00373864900107706,0.57126829818797,NaN,NaN
0.00252760547867524,0.843017775280545,0.00283236553696262,1.1611505475456,0.00422979690684796,0.553395396916024,0.00374924856229386,0.570042005823071,NaN,NaN
0.00253346547338703,0.837929359368866,0.00283716109809611,1.15598304835952,0.00424035067225341,0.552576248775263,0.00375840406836806,0.566774812593735,NaN,NaN
0.00254204228459803,0.835053298201395,0.00284334380501202,1.15190297074129,0.00424799442868964,0.548902247708287,0.00376915098215044,0.566406924884265,NaN,NaN
0.00254646454795075,0.830352044369953,0.00285399510298415,1.15113907955726,0.0042592059358484,0.548845475064868,0.00377684278607329,0.562973306262549,NaN,NaN
0.002551997334836,0.825991861894909,0.00286274402959753,1.14822730610284,0.00426859370450933,0.546379920264955,0.00378742270028135,0.56203606852652,NaN,NaN
0.00255888852997085,0.822184768105917,0.00286828270454304,1.15269382279064,0.00427952616971213,0.545649986278139,0.00379732479268778,0.559942612275014,NaN,NaN
0.00256668202547587,0.81888467227914,0.00287249368281109,1.14786782789859,0.00428984075629819,0.543752157912416,0.00380673570987564,0.557700249093486,NaN,NaN
0.00257311711273129,0.815068360345381,0.00288174792681664,1.14526161091779,0.00430088284512654,0.54346018431769,0.00381313081122146,0.553609688133431,NaN,NaN
0.00258174350088571,0.811067685516271,0.00288635523245109,1.14056143339723,0.00431095825289321,0.541513693686179,0.00382346513782024,0.552278284994399,NaN,NaN
0.0025872465416049,0.806928738515648,0.00289269647031356,1.1444168371378,0.0043160707001576,0.536996213345549,0.0038341825810895,0.551060751860678,NaN,NaN
0.00259099455852717,0.802292011697578,0.00289356839051965,1.13964476397639,0.00431942916941316,0.532275973564136,0.00384149126834186,0.547495744771294,NaN,NaN
0.00259951187740607,0.799305332792897,0.00290338740102233,1.13711942959154,0.0043284083409243,0.535341696308765,0.00385137371373955,0.545139511584454,NaN,NaN
0.00260721613441294,0.794935932173086,0.00291407833173109,1.13678691225261,0.00433757686233413,0.538204659612612,0.00386210098051319,0.545349733132722,NaN,NaN
0.00261631846122415,0.791672708925379,0.0029194683839142,1.13223052601375,0.00434704435726819,0.535576897260073,0.00386994013700161,0.542038743747496,NaN,NaN
0.00262488535704647,0.788483230835812,0.0029301494064388,1.13162840002163,0.00435770774629918,0.536744791638979,0.00388038252214847,0.540514637522551,NaN,NaN
0.00263185587529078,0.784611610033447,0.00293674825708944,1.12748541371766,0.00436846082738745,0.534895625539044,0.00388850656026367,0.537413869685593,NaN,NaN
0.00263887597047851,0.780693898507245,0.00294609167475243,1.12500501410834,0.00437935342945369,0.535479572728497,0.00389932223857665,0.537624091233861,NaN,NaN
0.00264915822854303,0.779265086068278,0.00295119438959489,1.12009813662034,0.00439002678426882,0.535041612336407,0.00390948956560111,0.535942318847715,NaN,NaN
0.00265177589115541,0.773854035089735,0.00295544500059958,1.12462756199388,0.00440088948898264,0.535187599133771,0.0039161007840431,0.532158330978885,NaN,NaN
0.00265973794826804,0.770074595735046,0.00296365888526832,1.12894130044487,0.0044121508250621,0.534165691552228,0.00392697540338231,0.531054667850477,NaN,NaN
0.00266977232161548,0.768442984111192,0.00297370578400667,1.13104424793973,0.0044186485163221,0.530240268778682,0.00393771249366031,0.53063422475394,NaN,NaN
0.0026782202327736,0.76508757941581,0.0029823952615151,1.12813247448531,0.00442963081044561,0.529469782903709,0.00394712341084817,0.528391861572411,NaN,NaN
0.00268304902706233,0.760828796533209,0.00299073795257791,1.13212268255247,0.00444045365202286,0.529907743295799,0.00395603332931308,0.52571153683199,NaN,NaN
0.00269171507677148,0.757851335773295,0.002994641777137,1.1271079616032,0.00445144591193051,0.529356237616871,0.00396636765591186,0.524047282908199,NaN,NaN
0.00269606793240342,0.752606211400568,0.00300499582958432,1.12872561352232,0.004459318881402,0.525317269556487,0.00397608310173523,0.52148082817309,NaN,NaN
0.0027047141513352,0.74890051720402,0.00301417080811659,1.12608344872109,0.00446968329690876,0.526623040355125,0.00398519931379194,0.518695392658535,NaN,NaN
0.00271014778433362,0.743922719029551,0.00302417807411831,1.12403442295687,0.00447993808878996,0.525284828045962,0.00399581852201749,0.518213634943754,NaN,NaN
0.0027187345109333,0.741000567138243,0.00303491854574787,1.1236569708424,0.00448854852628789,0.521659489244774,0.00400511155715289,0.515883679450446,NaN,NaN
0.002729324146047,0.74022624297777,0.00304394490151774,1.12069127565735,0.00449929164159201,0.522543520406584,0.00401431618074895,0.513483650107716,NaN,NaN
0.00273488667909829,0.735893714937029,0.00304874046265123,1.11633260243082,0.00450819108683003,0.519680557102738,0.00402241074835103,0.510374123039581,NaN,NaN
0.00274214474361442,0.732068184858502,0.00305922332149264,1.11740205008847,0.00451971153329716,0.519242596710648,0.00403267631041921,0.508648554497545,NaN,NaN
0.00275216920157317,0.730261428484065,0.0030665355614028,1.11386118977661,0.00453072372477309,0.518755974052771,0.0040431088720617,0.507334669820868,NaN,NaN
0.00275575857227651,0.725744537547974,0.00307420449594273,1.11027539468922,0.00454098848243844,0.517166340037037,0.00405287343540693,0.505337565112319,NaN,NaN
0.0027660507457297,0.723817945291559,0.00308465763023166,1.10858584712925,0.00455202060548265,0.516712158889685,0.00406200929447239,0.502394463436563,NaN,NaN
0.00277463747232939,0.720951102268856,0.00309293096400535,1.1050539737725,0.00456096987964137,0.513662656900319,0.00407229450354931,0.500607580276282,NaN,NaN
0.00278113205191691,0.71674762825486,0.00310363180289828,1.10351720444934,0.00457182261857105,0.512640749318776,0.00408040871816013,0.496928703181587,NaN,NaN
0.00279061116349808,0.7139821848246,0.00311108275738669,1.09989546154153,0.00458181830006459,0.514968427698957,0.00409093951484633,0.495825040053178,NaN,NaN
0.00279924746704118,0.71005525515363,0.00311661152414803,1.09575247523755,0.00458625307400739,0.520167179760616,0.00410140154700194,0.494721376924769,NaN,NaN
0.00280616840834208,0.706349560957081,0.00312317074206203,1.09185213672145,0.00459664738686657,0.518861408961977,0.00411158852103514,0.493048363769801,NaN,NaN
0.00281660931262553,0.703750044132637,0.00313207819962197,1.0889044154466,0.00460780906510462,0.517782728737015,0.00412096996770989,0.490779722894738,NaN,NaN
0.00282709979385239,0.702874320379721,0.00313945979682126,1.08530064644901,0.00461740611523251,0.51555237488841,0.00413125517678681,0.489255616669793,NaN,NaN
0.00283248384990739,0.698062448811068,0.00314888247995753,1.08238887299459,0.00462752138613574,0.517215002302825,0.00414044997687849,0.486654125009973,NaN,NaN
0.00284221084620564,0.69525091465697,0.00315783947843827,1.07974670819335,0.00463379983014465,0.513273358774017,0.00415129512570458,0.485935868053389,NaN,NaN
0.00285232454266254,0.693462594572068,0.00316709372244382,1.07694277820021,0.00464204153362935,0.509039741650482,0.00416203221598259,0.484840964156159,NaN,NaN
0.00286209120051553,0.691388511999373,0.0031753472398492,1.07392316128452,0.00464823028558098,0.505146760387461,0.0041719736024065,0.482729989442298,NaN,NaN
0.00286644405614747,0.68657664043072,0.00318590936416388,1.07208982244284,0.00465868439314501,0.50256766030071,0.00418059863924464,0.479602943911806,NaN,NaN
0.00287623054477783,0.684041650619649,0.00319270637849772,1.06831530129823,0.00466876976669582,0.500961805529714,0.00419145361157511,0.479602943911806,NaN,NaN
0.00288380590173182,0.68055719189752,0.00320341712557481,1.06805467960015,0.00467680218871356,0.497717654477196,0.00420114941038974,0.476887582246674,NaN,NaN
0.00289250169760702,0.677570512992839,0.00320814332941918,1.06349829336129,0.00468728619363001,0.499177522450829,0.00421101220877868,0.474890477538125,NaN,NaN
0.00290343837132463,0.677128042043998,0.00321896306652203,1.06421724976979,0.0046973416698284,0.496655195007497,0.00421961759860808,0.471999931249436,NaN,NaN
0.00291216391336588,0.673532965584659,0.00322758318674133,1.0613504110909,0.00470799509307525,0.495122333635183,0.0042290088687872,0.474785366763991,NaN,NaN
0.00291902536233468,0.669882580256716,0.00323550973406943,1.05772866818309,0.00471884783200493,0.49397877038917,0.00424053183941492,0.474890477538125,NaN,NaN
0.00292570833430718,0.665476307057835,0.00324474416170665,1.05484385559399,0.00472969060515046,0.492672999590532,0.00425143592926724,0.474470034441588,NaN,NaN
0.00293619881553404,0.66631515823168,0.00325515766325894,1.05362162969954,0.00474053337829599,0.491756526918196,0.0042627034887813,0.473629148248515,NaN,NaN
0.002944150957258,0.662637118469434,0.00326501630649825,1.05156361698021,0.00475058885449438,0.490037126860362,0.00427374510769482,0.474522589828655,NaN,NaN
0.00295395727666572,0.660728962502554,0.00327395348861068,1.04888550435855,0.00476052474128307,0.487879766410438,0.00428319531890017,0.471369266604631,NaN,NaN
0.00296371401913002,0.658636443640324,0.00328449579655704,1.04699824378624,0.00477199535882949,0.487628344703868,0.00429400117370877,0.470633491185691,NaN,NaN
0.0029691674829058,0.654156425283302,0.00329184766920385,1.0433315661029,0.00478238967168868,0.485706185205251,0.00430431585329881,0.468951718799545,NaN,NaN
0.002979459656359,0.65222061488212,0.0033017954861006,1.04090508822422,0.0047917276114289,0.483224409650076,0.00431507259058555,0.467585278735801,NaN,NaN
0.00298733247497349,0.647740596525099,0.00330778993751747,1.03680703669578,0.00480257038457444,0.482072736026432,0.00432622226804716,0.466113727897923,NaN,NaN
0.00299653395567153,0.645316224451237,0.00331797555083407,1.03508154131538,0.00481397124163187,0.482575579439572,0.00433715582841259,0.465115175543648,NaN,NaN
0.00300545780548645,0.642541562876209,0.00332694245749898,1.03240342869372,0.00482428582821793,0.480953503913313,0.00434755891954197,0.463223181609233,NaN,NaN
0.00301209120051553,0.638467142888959,0.00333753430636614,1.03158561577906,0.00483529801969386,0.480401998234386,0.00435757889400086,0.46148885383602,NaN,NaN
0.00301935918042034,0.634853630140086,0.00334578782377152,1.02849410322251,0.00484496483031074,0.478244637784462,0.00436679334110129,0.459071306030934,NaN,NaN
0.00302773768385768,0.631710242774356,0.00335260465447368,1.0245847777513,0.00485478112768974,0.476152160355588,0.00437721607923941,0.457652310580123,NaN,NaN
0.00303568982558164,0.628511546540022,0.00336100679464146,1.02087316529243,0.00486572355867669,0.475730420718761,0.0043875798763513,0.456128204355178,NaN,NaN
0.00303994352732674,0.62388403786672,0.00337102396882734,1.01876123084246,0.00487652646868566,0.476922646230561,0.0043981794375681,0.454131099646629,NaN,NaN
0.0030447029138947,0.628631382422,0.0033785343724207,1.01527429226125,0.00488250593917033,0.4725268215544,0.00440816994151387,0.452247864943392,NaN,NaN
0.00305169326291638,0.624870379356846,0.00338908658855123,1.01375549684829,0.00489354802799868,0.473305417807004,0.00441877932623505,0.451398219519141,NaN,NaN
0.00306082533589364,0.622058845202748,0.00339789496426957,1.01101447554089,0.00490426124595038,0.47165090077022,0.00442933959343437,0.450347111777799,NaN,NaN
0.00306916417777624,0.618740313086436,0.0034086948850041,1.00955858881368,0.0049150043612545,0.470434344125526,0.00444048927089598,0.450347111777799,NaN,NaN
0.00307545053420141,0.614149676992204,0.00341616565586083,1.0058379893997,0.00492562788714893,0.46970441013871,0.00444945813038712,0.447316417790264,NaN,NaN
0.00308186579067947,0.610167438452629,0.00342682686201711,1.00508308517078,0.00493647066029447,0.468779827088742,0.00445938969330666,0.445336831544071,NaN,NaN
0.00308590135387354,0.615145236627097,0.00343506056305417,1.00200954652445,0.0049457388395457,0.466395376065142,0.0044701169600803,0.444986462296957,NaN,NaN
0.00309470621902426,0.617855371188752,0.00344225390475441,0.998127181918555,0.00495631253651943,0.465422130749387,0.00447944928923318,0.442279859863002,NaN,NaN
0.00310510746175297,0.615200545495703,0.00344928871550809,0.9941549477616,0.00496762370151959,0.464692196762571,0.00448951838121393,0.44070319825099,NaN,NaN
0.00311634159713108,0.61453683907244,0.00345778002933331,0.990964578698888,0.00497898469544046,0.464302898636269,0.00450094311679794,0.441079845191637,NaN,NaN
0.00312746666323367,0.614315603598019,0.00346613262858029,0.987971922648513,0.00498911989791198,0.462502394802122,0.00450899839038253,0.445222961538759,NaN,NaN
0.0031346652354177,0.610333365058444,0.00347652631376425,0.986129596851735,0.00499972349223813,0.461285838157428,0.00451994177425234,0.445126609995803,NaN,NaN
0.00314424350088571,0.612490410934047,0.00348668220252837,0.984098544997727,0.00501066592322507,0.460069281512734,0.00453066904102597,0.44404046532975,NaN,NaN
0.00314944907994441,0.608028828866561,0.00349543112914176,0.981195758498414,0.0050200038629653,0.457360415383882,0.00454049254539743,0.441728028298798,NaN,NaN
0.00315972142262024,0.606415653532242,0.00350598334527228,0.979470263118017,0.00503067721778043,0.458950049399615,0.00455116087114484,0.441500288288174,NaN,NaN
0.00316902205720511,0.602839013362439,0.00351712014426825,0.979847715232479,0.00504098183858234,0.457303642740463,0.00456234984262393,0.441158678272238,NaN,NaN
0.00317712292975932,0.599640317128105,0.00352065736601341,0.975057668160857,0.00505233286671907,0.456768357816797,0.00457145623117627,0.43818053967177,NaN,NaN
0.00318817858814113,0.598773811519956,0.00352776153405621,0.971453899163258,0.00506325536613774,0.45521927568922,0.00458082785434665,0.435806788022574,NaN,NaN
0.00319852033853774,0.596506147907143,0.00353762017729553,0.973323185825354,0.00507359985007621,0.45377562847085,0.00459150600359842,0.43407246024936,NaN,NaN
0.00320901081976461,0.59509577175771,0.00354123666451397,0.968820721317132,0.00508428317067549,0.453134908637978,0.00460247885798134,0.433135222513331,NaN,NaN
0.00321888654689311,0.593196833935598,0.00355151145148801,0.966834604238655,0.00509559433567566,0.452372533140636,0.00461309806620689,0.431777541680765,NaN,NaN
0.00322820701225535,0.590883079598947,0.00356245008680078,0.967427743275666,0.00510532094099739,0.450409821753864,0.00462413968512041,0.43191768937961,NaN,NaN
0.00323576253843198,0.586089644319829,0.00357128818707161,0.964623813282522,0.0051161836457112,0.44950956983679,0.00463469995231973,0.430305990842886,NaN,NaN
0.00324162253314377,0.581996788043044,0.00358207819962197,0.964030674245511,0.00512705631620916,0.44900672642365,0.0046451030434491,0.429044661553276,NaN,NaN
0.00324731396624795,0.577184916474391,0.00358939043953214,0.959078861981977,0.00513755028690975,0.447408982030285,0.0046557418986834,0.426942446070593,NaN,NaN
0.00325779453208613,0.575027870598788,0.00360016063571418,0.95826104906731,0.00514889134926234,0.447595520715805,0.00466644951844829,0.426154115264587,NaN,NaN
0.00326813628248275,0.572428353774344,0.00360902846053749,0.955573949490546,0.00515868771507306,0.445527374419825,0.004676253375811,0.424051899781904,NaN,NaN
0.00327878540992854,0.571165467941191,0.0036186393991728,0.953462015040582,0.00516976966703798,0.446297860294798,0.00468708870113272,0.423421235137099,NaN,NaN
0.00328664831315435,0.567588827771388,0.00362709108026138,0.949274093961078,0.00517989490372535,0.444375700796181,0.00469814014355061,0.422948236653495,NaN,NaN
0.0032968512481094,0.565708326238811,0.00363333323628225,0.953462015040582,0.00519034901128938,0.443402455480426,0.00470854323467999,0.421371575041483,NaN,NaN
0.0033050711053278,0.56201185018703,0.00363821797107319,0.949202198320228,0.00520062373473887,0.441934477129162,0.00471841585657331,0.4192693595588,NaN,NaN
0.00331288443161019,0.558536609609669,0.00364775955241938,0.946586994384314,0.00521174554984036,0.440880128037094,0.00472911365283383,0.417797808720922,NaN,NaN
0.00332300804345578,0.556296600431159,0.00365531949693355,0.942812473239697,0.00522252852828105,0.441610062023911,0.00473985074311183,0.416168591721842,NaN,NaN
0.00333384556328655,0.555089023466611,0.003663206411525,0.938516708698918,0.00523298263584508,0.4396635713924,0.00475065659792044,0.414854707045165,NaN,NaN
0.00333921970395287,0.550664313978195,0.00367280744197616,0.940772434430582,0.00524363605909193,0.439176948734523,0.00476074533690993,0.413024027728995,NaN,NaN
0.00335054307782912,0.550701186557265,0.00367905950618119,0.936000361269173,0.00525446886645332,0.437863067558253,0.00477154136821416,0.411762698439385,NaN,NaN
0.00335876293504753,0.547069237518857,0.00368939374226019,0.934220944158139,0.00526521198175744,0.436646510913559,0.00478200340036976,0.410466332225064,NaN,NaN
0.00336713152309618,0.543778359836847,0.00370001531567984,0.933780583357933,0.00527573584981046,0.434991993876775,0.00479241631500351,0.408644412140072,NaN,NaN
0.00337564884197508,0.54055200916821,0.00370994331620827,0.931866361920306,0.00528546245513219,0.432996840979477,0.00480286852365474,0.407225416689261,NaN,NaN
0.00338435455323896,0.53778656573795,0.00371923719295046,0.929502792727367,0.00529436190037021,0.435673265597804,0.00481408696564695,0.407505712086952,NaN,NaN
0.00339473596519031,0.536228699272236,0.00372882831521745,0.927067327893578,0.00530517477616332,0.435381292003077,0.00482464723284627,0.405508607378403,NaN,NaN
0.00340392753049967,0.533361856249533,0.00373635853517914,0.923409637165342,0.00531160270693433,0.431293661676906,0.00483467703080953,0.403748001911656,NaN,NaN
0.00341171111061601,0.530098633001826,0.00374438416434884,0.920174333327098,0.00532245544586401,0.431731622068995,0.00484522747450448,0.402898356487405,NaN,NaN
0.00341788839776566,0.52578454125062,0.00375163695515404,0.923733167549166,0.0053340157554677,0.43119633714533,0.00485471697972731,0.400603437918809,NaN,NaN
0.00342862676370961,0.525563305776199,0.0037545796858496,0.918934133522438,0.00534491832331808,0.429931118234848,0.00486570948111897,0.401041399477701,NaN,NaN
0.00343747129041506,0.522797862345939,0.00376044533087239,0.914467616834641,0.00535617965939755,0.429639144640122,0.0048736861666686,0.397380040845361,NaN,NaN
0.00344846745646477,0.521415140630809,0.00377120561887027,0.914952912410377,0.00536633479343734,0.427789978540187,0.00488472778558212,0.396022360012795,NaN,NaN
0.00345916616085398,0.519875710454631,0.003778676389727,0.910917769567679,0.00537766589000579,0.427060044553371,0.00489551399338198,0.395601916916259,NaN,NaN
0.00346923028036746,0.517506647249374,0.00378789100099591,0.908230669990916,0.00538874784197071,0.425867819041571,0.0049057304379283,0.39360481220771,NaN,NaN
0.00347849125339761,0.514317169159807,0.00379652102939937,0.911663686841496,0.0053995806493321,0.425940812440252,0.0049170176444511,0.393867589143045,NaN,NaN
0.0034893783501718,0.513229428077238,0.00380183181610919,0.907430830986461,0.00541015434630583,0.424051094452161,0.00492706708942311,0.39197559520863,NaN,NaN
0.00349756846122415,0.509781841934181,0.00381248311408132,0.906370370283926,0.00542018989093593,0.422064051932494,0.00493581000831371,0.388822271984605,NaN,NaN
0.0035067699419222,0.506481746107403,0.00382357037215649,0.907278052749655,0.00543135156917398,0.422883200073255,0.00494708739133214,0.388822271984605,NaN,NaN
0.00351692329993383,0.504066592178309,0.00382676080745604,0.902317253531015,0.00544145687429307,0.420182444322034,0.00495654742604185,0.386562390340721,NaN,NaN
0.00352597604980162,0.501264276168979,0.00383711485990337,0.900807445073168,0.00545134293216106,0.418292726333943,0.004966891576145,0.384722951793373,NaN,NaN
0.00353573279226593,0.499217848030586,0.0038454278264137,0.89760808905535,0.00546273382343435,0.417433026305026,0.0049784931348077,0.384722951793373,NaN,NaN
0.00354506317301685,0.496839566680562,0.00385600976709671,0.898354006329167,0.00546909199371638,0.413596817685424,0.00498885693191958,0.38351417789083,NaN,NaN
0.00355386803816757,0.49352103456425,0.00386260861774734,0.894112163519025,0.00547964575912183,0.412810111055189,0.00499861167176045,0.381096630085745,NaN,NaN
0.00356468572722098,0.494018814381697,0.00387287349653722,0.892278824677354,0.00548800705201622,0.409476745848727,0.00500945682058654,0.382095182440019,NaN,NaN
0.0035712397991406,0.490036575842122,0.00387477586789597,0.887587634111901,0.00549744464959786,0.412096397823635,0.00501856320913888,0.379309746925464,NaN,NaN
0.00358173028036746,0.488653854126992,0.00388221691420021,0.883867034697921,0.00550947335105618,0.413110195027546,0.00502929047591251,0.379257191538397,NaN,NaN
0.00359189355376778,0.486340099790341,0.0038914612500216,0.880685652590315,0.00551991749283607,0.414067219588039,0.00503959533199817,0.377084902206291,NaN,NaN
0.00360094630363558,0.483740582965896,0.00389746560962263,0.876659496702723,0.00553085992382302,0.413978005434095,0.00505042083381552,0.376016276002594,NaN,NaN
0.00361018744588835,0.480707813337377,0.00390695765004802,0.873478114595117,0.00554242023342671,0.414172654497246,0.0050610989830673,0.374553484395893,NaN,NaN
0.00362038046545472,0.47879043922573,0.00391694509968142,0.871267323638984,0.00555290423834317,0.412729007278876,0.0050720423669371,0.374308225922914,NaN,NaN
0.00362976042314906,0.475757669597212,0.00392609035366121,0.86879591098477,0.005564474513731,0.413450830888061,0.00508210163541348,0.372661490461479,NaN,NaN
0.00364063760453457,0.475186144621624,0.0039368506416591,0.868229732813077,0.00557568602088976,0.413531934664374,0.00509225913893357,0.370909644225909,NaN,NaN
0.00365035468544414,0.472641936665785,0.00394594635471808,0.865605541922057,0.00558705698059477,0.413296733713066,0.00510335969887332,0.369797221866323,NaN,NaN
0.00366140042843727,0.471406705266935,0.00395479436317307,0.862738703243169,0.00559881660588128,0.412972318607814,0.00511360561393275,0.368194282560777,NaN,NaN
0.00366595159184287,0.466834505462238,0.00396471245551734,0.860923338311711,0.00560906143197835,0.411082600619723,0.00512487317344681,0.368535892576713,NaN,NaN
0.00367689818094917,0.465451783747108,0.0039752547634637,0.859844903698963,0.00562040249433094,0.41006069303818,0.00513524679406307,0.367090619432368,NaN,NaN
0.00368556423065831,0.462031852038353,0.00398440992562765,0.856331004252426,0.00563089646503153,0.408787363750067,0.00514513906296513,0.364567960853148,NaN,NaN
0.00369695701225535,0.461755307695327,0.00399411994610457,0.859018103829189,0.00564187875915504,0.409468635471096,0.0051558565062344,0.362929984622891,NaN,NaN
0.00370671375471966,0.45976418842554,0.00399837055710926,0.854326913263736,0.00565340917140631,0.408600825064548,0.0051669374191654,0.363201520789404,NaN,NaN
0.00371498318888148,0.456556274046438,0.00400794186300793,0.852134096217816,0.00566452102072366,0.407140957090915,0.00517782186200898,0.362097857660996,NaN,NaN
0.00372417475419084,0.453901448353388,0.00401380750803072,0.847865292542355,0.00567620091973705,0.406508347635674,0.00518735066124929,0.359951846022423,NaN,NaN
0.00373556753578788,0.452850579849889,0.00402453807147612,0.847604670844275,0.00568703372709844,0.405827075914645,0.0051989129258945,0.35947884753882,NaN,NaN
0.00374642488639602,0.451025387185917,0.00403364369271927,0.844755806075599,0.00569751773201489,0.403539949422621,0.00520534732125781,0.355642304282923,NaN,NaN
0.00375685587529078,0.448702414704498,0.00404411664337651,0.843623449732214,0.00570970588601948,0.403588611688408,0.00521470912092381,0.353119645703703,NaN,NaN
0.00376638456381537,0.445955407563773,0.00405460941040208,0.842275406466279,0.00572057855651743,0.402566704106865,0.00522490591846138,0.351437873317557,NaN,NaN
0.00377791616085398,0.446167424893426,0.00406463649277212,0.840064615510146,0.00573135156917398,0.400912187070082,0.00523586894933993,0.351805761027026,NaN,NaN
0.00378608644112896,0.44248938513118,0.00407238469278533,0.836559703018715,0.0057424335211389,0.400036266285902,0.00524625239346057,0.34938821322194,NaN,NaN
0.003795882845148,0.439788468714293,0.00408300626620497,0.836182250904254,0.00575333608898928,0.40052288894378,0.00525696001322546,0.348284550093532,NaN,NaN
0.00380703765741664,0.439502706226499,0.00409190381558075,0.833432242641747,0.00576391975174714,0.399938941754326,0.00526828651376575,0.347916662384062,NaN,NaN
0.00381636803816757,0.436801789809612,0.00410261456265784,0.834025381678758,0.0057747425933244,0.398527736046481,0.00527892536900004,0.347128331578056,NaN,NaN
0.00382706674255678,0.436386973295073,0.00411017450717201,0.829397099799049,0.00578591423734659,0.396970543541273,0.00528941687166876,0.345394003804843,NaN,NaN
0.00383745806989681,0.434405072170053,0.00411918104657355,0.826467352434417,0.00579670718157141,0.396143285022881,0.00530006555040742,0.344605672998836,NaN,NaN
0.00384599521955308,0.430275343314197,0.00412860372970982,0.829118504190755,0.00580882557508701,0.395997298225518,0.00531073387615483,0.343186677548025,NaN,NaN
0.00385715003182172,0.429777563496751,0.00413777870824209,0.82634153506293,0.00582027626106515,0.394099469859795,0.00532170673053774,0.341767682097214,NaN,NaN
0.00386410071928867,0.425454253600777,0.00414614121567323,0.82295345298788,0.00583090975274372,0.392550387732218,0.00533262064389444,0.341820237484281,NaN,NaN
0.0038746110312929,0.426247014050785,0.00415599985891255,0.821111127191102,0.00584011813729011,0.389930735757311,0.00534307285254567,0.340191020485202,NaN,NaN
0.00388468506619507,0.423712024239713,0.00416620528859747,0.819736123059849,0.00584939628232549,0.386954227166626,0.00535436988257285,0.338772025034391,NaN,NaN
0.00389503673198037,0.422061976326324,0.00417156561622809,0.814955062943334,0.00586136518907897,0.387408408313979,0.00536467473865851,0.337247918809445,NaN,NaN
0.00390526941310147,0.420365837689098,0.00418248443517254,0.81489215425759,0.00587168974144917,0.385056398800904,0.00537550024047586,0.337458140357714,NaN,NaN
0.00391185323118714,0.416484998741966,0.00419229353749105,0.812537572019757,0.00588330984575771,0.385202385598267,0.00538660080041561,0.336407032616372,NaN,NaN
0.00392276015873869,0.416826070098365,0.0041962072702343,0.807801446678773,0.00589472066859929,0.38447245161145,0.00539722983214553,0.334935481778494,NaN,NaN
0.0039338753094526,0.415664583857656,0.00420697746641634,0.806345559951563,0.00590490569999151,0.382769272308879,0.00540768204079676,0.333884374037152,NaN,NaN
0.00394418731368317,0.413950008930894,0.0042153597902158,0.803065321337789,0.00591684470939256,0.382907148728611,0.00541882189475399,0.333463930940616,NaN,NaN
0.00395533221056313,0.413452229113447,0.00422213698818132,0.807316151103036,0.00592763765361739,0.381074203383939,0.00542883204570851,0.331642010855624,NaN,NaN
0.00396592184567682,0.41146110984366,0.0042290727170934,0.811351293945734,0.00593897871596998,0.380547028837905,0.00543948072444717,0.329968997700655,NaN,NaN
0.00397661063467735,0.409248755099452,0.00423476001480131,0.807100464180487,0.00595102734899659,0.379719770319513,0.00544986416856781,0.328751464566934,NaN,NaN
0.00398795383933098,0.409027519625031,0.00424379627875534,0.804188690726067,0.00596181032743728,0.379225037284004,0.00546053249431521,0.327568968357925,NaN,NaN
0.00399835508205969,0.407257635829664,0.0042541899639393,0.806022029567739,0.00597231426392201,0.377473195715645,0.00547173128929867,0.327656560669703,NaN,NaN
0.00400859767856947,0.405266516559877,0.00426454401638662,0.803919082072881,0.00598334638696623,0.375834899434123,0.00548292026077777,0.326500342154228,NaN,NaN
0.00401878078274716,0.402666999735432,0.00427524485527955,0.802085743231209,0.00599481700451265,0.375551036217028,0.00549420746730057,0.326412749842449,NaN,NaN
0.00403001491812526,0.401560822363328,0.00428340919902748,0.798967269809347,0.00600661649293573,0.375259062622301,0.00550418814774198,0.324038998193253,NaN,NaN
0.00404104083034102,0.399468303501098,0.00429484324354826,0.799452565385083,0.00601764861597994,0.374196603152602,0.00551484664998501,0.323618555096716,NaN,NaN
0.00405126359607344,0.398085581785968,0.0043055638988095,0.798472987278504,0.00602874053372901,0.374464245614435,0.00552553462274116,0.322900298140133,NaN,NaN
0.00406220026979105,0.396536933465022,0.00431581886941522,0.796918244045126,0.00603899532561021,0.372720514423707,0.00553605559592299,0.321910505017036,NaN,NaN
0.00407310719734261,0.396048371792343,0.0043245677960286,0.793745848892626,0.00605015700384826,0.371455295513225,0.00554612468790374,0.319808289534353,NaN,NaN
0.00408171375471966,0.392812802978938,0.00433586312597114,0.793889640174326,0.00606095991385723,0.370887569079034,0.00555733330639157,0.31929149489486,NaN,NaN
0.00409123252785556,0.390388430905077,0.00434398783698243,0.790753192842251,0.00607204186582215,0.368868085048842,0.00556785427957341,0.31835425715883,NaN,NaN
0.00410203038613161,0.391254936513225,0.00435424280758815,0.78925237133951,0.0060832035440602,0.368722098251479,0.00557844401728584,0.317732351745203,NaN,NaN
0.00411067660506339,0.388461838648662,0.0043631007242273,0.786592232628065,0.00609177411842156,0.365810472681845,0.00558824787464855,0.315209693165984,NaN,NaN
0.00412189090966413,0.388157639871333,0.00437380156312022,0.786484389166791,0.00610374302517504,0.365226525492392,0.00559951543416262,0.315472470101319,NaN,NaN
0.0041315484982416,0.385567341191656,0.00438405653372594,0.784758893786394,0.00611488477184481,0.364739902834514,0.00561044899452805,0.315419914714252,NaN,NaN
0.00414162253314377,0.38327202314454,0.00438966456596057,0.780687803123271,0.00612635538939123,0.363036723531943,0.0056201742638558,0.313317699231569,NaN,NaN
0.00415226174520089,0.382774243327093,0.00440042485395845,0.780867542225395,0.00613648062607861,0.361382206495159,0.00563149094089172,0.312634479199697,NaN,NaN
0.00416335706513743,0.381631193375919,0.00441005560896209,0.778387142616075,0.00614801103832988,0.360652272508343,0.00564226732518721,0.31095270681355,NaN,NaN
0.00417447221585133,0.380746251478236,0.0044178038089753,0.774936151855282,0.00615950158744458,0.358997755471559,0.00565341700264882,0.310164376007544,NaN,NaN
0.00418410997365144,0.378091425785186,0.00442855418878902,0.773102813013611,0.00616654739683235,0.355299423271689,0.00566387903480442,0.30916582365327,NaN,NaN
0.00419461037026699,0.37643215972703,0.00443909649673539,0.771224539396408,0.00617845650888099,0.355250761005901,0.00567429194943817,0.30790449436366,NaN,NaN
0.00420508102071648,0.374828202537479,0.00444744909598237,0.768258844211352,0.00618972781074459,0.354131528892783,0.0056852942743342,0.308692825169666,NaN,NaN
0.00421590862515858,0.37388795177119,0.00445812021032281,0.76788139209689,0.00620073003643638,0.353304270374391,0.00569521601374938,0.306800831235251,NaN,NaN
0.00422587359078523,0.372062759107218,0.00446637372772819,0.763783340568448,0.00621222058555109,0.352914972248089,0.00570640498522847,0.306222721977513,NaN,NaN
0.00423551134858534,0.369629168888589,0.00447600448273182,0.765886288063307,0.00622409980024729,0.352039051463909,0.00571752519217696,0.305749723493909,NaN,NaN
0.00424621005297455,0.368522991516485,0.0044830888344063,0.761033332305941,0.00623376661086418,0.349184198537694,0.00572805598886316,0.304961392687903,NaN,NaN
0.00425708723436006,0.369352624545563,0.00449381939785171,0.761087254036579,0.00624499804959121,0.348251505110095,0.00573831172742697,0.303174509527622,NaN,NaN
0.0042662887150581,0.366863725458329,0.00449870413264265,0.756611750393675,0.00625593051479402,0.349070653250856,0.00574893093565252,0.30249128949575,NaN,NaN
0.00427750301965884,0.365536312611804,0.00450976166616534,0.756611750393675,0.00626678325372369,0.347910869249581,0.00576042443576713,0.302543844882818,NaN,NaN
0.00428834053948962,0.364817297319936,0.0045202048922701,0.755641159242202,0.0062770878745256,0.345453424827299,0.00577109276151453,0.300651850948403,NaN,NaN
0.00429538046545472,0.361120821268155,0.00452542650532248,0.751489185983123,0.0062884289368782,0.343158187957643,0.00578220314495865,0.299600743207061,NaN,NaN
0.0043060395082892,0.361351274887344,0.00453612734421541,0.752028403289497,0.0063003081515744,0.343717804014202,0.00579231153095688,0.297761304659713,NaN,NaN
0.00431727364366731,0.361286747873971,0.0045473335005005,0.751165655599298,0.00631092171168469,0.343004090782649,0.00580297003319992,0.29671895614955,NaN,NaN
0.0043265048705314,0.358539740733246,0.00455465564859482,0.747238356217875,0.00632179438218265,0.341244138836658,0.00581419829869649,0.296394864595969,NaN,NaN
0.00433639051304858,0.356659239200669,0.00456528713019863,0.749341303712733,0.00633052440909027,0.33799187740651,0.00582480768341767,0.294975869145158,NaN,NaN
0.0043470297251057,0.35695421983323,0.00457144011256206,0.744982630486211,0.00634167612154418,0.336832093405235,0.00583601630190551,0.294257612188575,NaN,NaN
0.00435689553684552,0.354953882418675,0.00458170499135194,0.74300550036284,0.00635329622585272,0.337732345322308,0.00584677303919225,0.293075115979565,NaN,NaN
0.00436744551040448,0.353644905861685,0.00459085024533173,0.73983310521034,0.00636474691183086,0.336402243390776,0.00585770659955769,0.29268970980774,NaN,NaN
0.0043774897991406,0.351395678538407,0.00460125383869985,0.738188492425899,0.0063767058528002,0.33542088769739,0.00586841421932258,0.292295544404737,NaN,NaN
0.00438866444218661,0.350676663246539,0.0046086453440833,0.734144362628095,0.00638764828378714,0.334455752759266,0.00587857172284267,0.290403550470322,NaN,NaN
0.00439796507677148,0.34816932786977,0.00461336163974351,0.728976863442012,0.00639880996202519,0.332898560254057,0.00588926951910319,0.290026903529675,NaN,NaN
0.00440934794297984,0.347957310540116,0.00462146653438649,0.732131284684299,0.00641016099016192,0.331779328140939,0.00589626385421567,0.285419547930128,NaN,NaN
0.00441840069284763,0.345422320729044,0.00463136481036244,0.73031591975284,0.00642105359222816,0.332265950798817,0.00590005572690305,0.279445752266836,NaN,NaN
0.00442918863573499,0.344500506252291,0.00464236289478017,0.728257907033513,0.00643220530468207,0.331487354546212,0.00590233477991723,0.273936195855971,NaN,NaN
0.00443936182452399,0.342066916033662,0.00465198374159965,0.726074076942699,0.00644420410878797,0.331146718685698,0.00591221722531492,0.271308426502617,NaN,NaN
0.00445043731368317,0.341292591873189,0.00466293228509657,0.724564268484852,0.00645544551329915,0.329492201648914,0.00592326866773281,0.27088798340608,NaN,NaN
0.00446158221056313,0.340905429792953,0.00467224597820708,0.722245634067444,0.00646742438583677,0.330270797901518,0.00593362264134033,0.269468987955269,NaN,NaN
0.00447160666852188,0.338195295231298,0.00468163893679087,0.719765234458124,0.00647864585877967,0.329005578991037,0.00594499825940248,0.269206211019934,NaN,NaN
0.00448201782663928,0.336646646910352,0.00468894126851688,0.715685156839895,0.00648892058222916,0.327399724220041,0.00595351523769253,0.265579889312305,NaN,NaN
0.0044914076997223,0.333991821217302,0.00469810633886499,0.712872239891644,0.0065003712682073,0.327545711017404,0.00596358432967328,0.263740450764958,NaN,NaN
0.00450257242737963,0.334766145377775,0.00470931249515008,0.713456391973549,0.00651172229634403,0.326426478904286,0.00597413477336823,0.26222510377119,NaN,NaN
0.00451324138560279,0.33482145424638,0.00471847756549819,0.710598540249767,0.0065224056169433,0.324771961867502,0.00598525498031672,0.261813419905831,NaN,NaN
0.00452372195144097,0.333272805925434,0.00472590870361827,0.706815032150043,0.00653429479742366,0.324042027880685,0.00599650289282204,0.261340421422228,NaN,NaN
0.00453373649401104,0.331336995524252,0.00473461799749502,0.703966167381368,0.00654403136852952,0.321179064576839,0.00600740698267436,0.260341869067953,NaN,NaN
0.00454419722907185,0.330341435889358,0.00474517021362554,0.703004563185001,0.00655479441540193,0.321179064576839,0.0060169259584103,0.257784173564022,NaN,NaN
0.00455437041786085,0.328626860962597,0.00475557380699366,0.701602598188429,0.00656599595677654,0.320976305136057,0.00602774163672328,0.256925768908593,NaN,NaN
0.00456449402970644,0.326580432824204,0.00476610620675586,0.700398346204194,0.00657702807982076,0.319954397554514,0.00603841978597505,0.256811898903281,NaN,NaN
0.00457535138031458,0.327797227933519,0.00477493439884253,0.697576442300837,0.00658848873158304,0.319857073022938,0.00604859693650389,0.255025015743,NaN,NaN
0.00458644670025112,0.326580432824204,0.00478510019579081,0.696057646887884,0.00659906242855677,0.318843275819026,0.00605961890840867,0.253702371835146,NaN,NaN
0.00459545978856418,0.323593753919523,0.00479612800476102,0.695105029646623,0.00661031379885208,0.319029814504546,0.00606930488371892,0.256671751204436,NaN,NaN
0.00460560323118713,0.32210963261195,0.00480248905899181,0.690899134656907,0.00662038920661875,0.31742395973355,0.00607692792311118,0.252003080986643,NaN,NaN
0.00461714474361442,0.322321649941604,0.00481335833701546,0.690737369464994,0.00663087321153521,0.316410162529639,0.00608737030825804,0.250540289379943,NaN,NaN
0.00462642554742193,0.319786660130532,0.00482462394240551,0.690845212926269,0.00664126752439439,0.315209826640207,0.00609806810451856,0.251127157868859,NaN,NaN
0.00463734239036218,0.319888059722974,0.00483249104062864,0.687609909088026,0.0066527580735091,0.315023287954687,0.00610872660676159,0.249506700100957,NaN,NaN
0.0046483286410232,0.319629951669483,0.00484291445036509,0.685992257168904,0.0066636905387119,0.31384728319815,0.00611996469576254,0.248508147746683,NaN,NaN
0.0046586803068085,0.318062867059003,0.00485096980408726,0.682109892563012,0.00667415461206007,0.312095441629791,0.00613093755014546,0.247640983860076,NaN,NaN
0.00466651346386826,0.314642935350247,0.00486097707008898,0.680384397182615,0.00668493759050076,0.311292514244293,0.00614144869982292,0.246572357656378,NaN,NaN
0.00467818387634843,0.315242114760137,0.00487055828417181,0.678281449687757,0.00669607933717052,0.310432814215376,0.00615214649608344,0.245959211473929,NaN,NaN
0.00468848596519031,0.313868611189774,0.00487404596499617,0.67359924607741,0.00670819773068612,0.310230054774593,0.00616329617354505,0.245696434538594,NaN,NaN
0.00469839143848486,0.311517984274053,0.00488500441667726,0.674677680690158,0.00671858207776116,0.307740168841786,0.00617259903218482,0.243121220572307,NaN,NaN
0.00470916946598354,0.312006545946733,0.00489595296017419,0.675819023988649,0.0067298135164882,0.305980216895796,0.00618406306178631,0.243419034432354,NaN,NaN
0.00471829162357212,0.308475996500767,0.00490661416633047,0.677481610683302,0.00674075594747515,0.304544680055057,0.00619398480120149,0.241518281266761,NaN,NaN
0.00472881185096503,0.307655581616456,0.00491774105714228,0.679359884300505,0.00675113032876605,0.303084812081424,0.00620507553763686,0.241281782024959,NaN,NaN
0.00473957996307502,0.307886035235645,0.00492803566048464,0.677957919303932,0.00676252122003934,0.301730379016998,0.0062155277462881,0.239459861939967,NaN,NaN
0.00475075460612103,0.308632704961815,0.00493879594848253,0.676735693409485,0.00677368289827739,0.300765244078874,0.00622649077716665,0.238785401139273,NaN,NaN
0.00475797300908243,0.31257807092232,0.00494979403290026,0.674524902453352,0.00678513358425553,0.299694674231544,0.00623736539650585,0.23883795652634,NaN,NaN
0.00476350579596767,0.31679998122585,0.00495883029685429,0.67097505518639,0.00679655437288125,0.300132634623633,0.00624716925386857,0.236595593344811,NaN,NaN
0.0047727766843865,0.314430918020594,0.00497016525953346,0.670705446533203,0.00680776588004001,0.299791998763119,0.00625835822534766,0.236061280242963,NaN,NaN
0.0047830093655076,0.316569527606662,0.00497989509637869,0.668287955609627,0.00681904714768775,0.297407547739519,0.00626969454939233,0.235500689447581,NaN,NaN
0.00479409477005546,0.315573967971768,0.0049906752007449,0.668647433813876,0.00682992978396985,0.294633798589617,0.00628028428710476,0.23460724786744,NaN,NaN
0.00480467448978047,0.314366391007221,0.0049972344186589,0.66470216052224,0.00683515185485979,0.290408291843713,0.00629065790772102,0.232715253933025,NaN,NaN
0.00481553184038862,0.312937578568254,0.00500830186036575,0.667218507951985,0.00683860001617262,0.285201429404423,0.00630146376252962,0.231979478514086,NaN,NaN
0.00482655775260438,0.31134283952347,0.00501799206447434,0.664693173567134,0.00684192858807575,0.28048118962301,0.0063123482053732,0.231138592321013,NaN,NaN
0.00483731594932569,0.31115847662812,0.00502916849620695,0.665088599591808,0.00684700117220358,0.275809612107385,0.00632363541189601,0.231769256965818,NaN,NaN
0.00484796507677148,0.310734441968813,0.00503819485197682,0.662131891361858,0.00685617965939755,0.272508688411449,0.0063332427991713,0.229141487612464,NaN,NaN
0.00485874310427016,0.311010986311839,0.00505001531567984,0.662760978219294,0.00686751075596599,0.272176162928566,0.00634352800824821,0.22777504754872,NaN,NaN
0.00486951121638016,0.309471556135661,0.00505917047784378,0.660064891687424,0.00687884185253444,0.270294555318106,0.00635477592075354,0.227564826000452,NaN,NaN
0.00487999178221834,0.307526527589711,0.00506693849422531,0.656739718298119,0.00688957500205442,0.268202077889232,0.00636538530547471,0.225725387453104,NaN,NaN
0.00489045251727915,0.306530967954817,0.00507844189603521,0.65711717041258,0.00690031811735855,0.26850216186159,0.00637631886584015,0.225462610517768,NaN,NaN
0.004901131390891,0.305221991397827,0.00508911301037566,0.654331214329648,0.0069122571267596,0.267537026923466,0.00638664336893455,0.223623171970421,NaN,NaN
0.00491209781077466,0.304447667237355,0.00510056687126475,0.653198857986263,0.00692128612719145,0.264576739088044,0.00639735098869944,0.223833393518689,NaN,NaN
0.00492303448449226,0.303783960814092,0.00511221889583705,0.65313594930052,0.00693108249300217,0.267034183510326,0.00640678155289604,0.221258179552402,NaN,NaN
0.0049343677737572,0.304447667237355,0.00512159203805252,0.650871236613749,0.00694155653213448,0.269069888295781,0.00641734182009536,0.219891739488658,NaN,NaN
0.00494183406143568,0.301036953673367,0.00513282791889009,0.648660445657616,0.00695000751708615,0.265525653270906,0.0064282066159302,0.219418741005054,NaN,NaN
0.00495256251199094,0.30128584358209,0.00514013025061609,0.645119585345761,0.00695825918635499,0.261697555028935,0.00643914017629563,0.218945742521451,NaN,NaN
0.00496326121638015,0.301700660096629,0.00515144539692695,0.644805041917042,0.00697042740879129,0.261697555028935,0.00644971026699932,0.216896082425835,NaN,NaN
0.00497432679015065,0.301083044397205,0.00516253265500212,0.643097520446858,0.006981917957906,0.261713775784198,0.0064605947098429,0.215643512367403,NaN,NaN
0.00498386539406392,0.298354473546014,0.00517127167343134,0.63927806452671,0.0069935280964304,0.260497219139504,0.00647152827020833,0.215328180045,NaN,NaN
0.00499490122166836,0.298317600966944,0.00518324075989676,0.64023068176797,0.00700466984310017,0.259329324760598,0.00648190189082459,0.213655166890031,NaN,NaN
0.00500515373356683,0.295801047445407,0.00519308949495192,0.638019890811837,0.00701547275310914,0.259824057796106,0.00649256039306763,0.213444945341763,NaN,NaN
0.00501603091495234,0.295478412378544,0.00520199695251186,0.634344226173388,0.00702646501301678,0.258510176619837,0.00650286524915329,0.212148579127442,NaN,NaN
0.00502591655746953,0.292934204422704,0.00521062698091532,0.629877709485591,0.00703849371447511,0.258364189822474,0.00651415245567609,0.210843453681943,NaN,NaN
0.00503690280813055,0.29321074876573,0.00522186286175289,0.62804437064392,0.0070494959401669,0.256320374659388,0.00652429031218744,0.209012774365773,NaN,NaN
0.00504782956645948,0.292547042342468,0.00523118646304756,0.625402205842687,0.00706035864488072,0.255687765204147,0.00653552840118839,0.209117885139907,NaN,NaN
0.00505845886312791,0.290721849678496,0.00524218454746529,0.624755145075039,0.00707116155488969,0.254568533091029,0.00654517508248116,0.2067879296466,NaN,NaN
0.00506896917513214,0.291772718181995,0.00525385638840591,0.623730632192928,0.00708259230929955,0.25432522176209,0.00655621670139468,0.206060913458839,NaN,NaN
0.00507989593346106,0.291109011758732,0.00526548859660988,0.622975727964005,0.00709362443234376,0.253595287775273,0.00656649208696723,0.204668195701561,NaN,NaN
0.00508960309898195,0.288509494934288,0.00527288010199333,0.619309050280662,0.00710493559734393,0.254568533091029,0.00657766141143758,0.204247752605024,NaN,NaN
0.0050987450873479,0.285744051504027,0.00527891418614684,0.615166063976689,0.00711600758352471,0.252914016054245,0.00658852620727241,0.203967457207333,NaN,NaN
0.00510950328406921,0.28779047964242,0.00529125978361035,0.616621950703899,0.00712688025402267,0.251356823549036,0.0065982023590783,0.201628742482848,NaN,NaN
0.00512090598105493,0.287845788511025,0.00530220832710727,0.615642372597319,0.00713767319824749,0.250578227296432,0.00660850721516396,0.203144089476616,NaN,NaN
0.00513188231632727,0.287237390956368,0.00531311723786756,0.612416055714182,0.00714958231029613,0.250772876359583,0.00661676878234036,0.199903173940812,NaN,NaN
0.00514209516667101,0.285744051504028,0.00532396669952289,0.610061473476349,0.00716171066959586,0.251016187688522,0.00662769251920142,0.201164503230422,NaN,NaN
0.00515284344800363,0.284361329788897,0.00533607450056655,0.610879286391016,0.00717267303215109,0.249167021588587,0.00663627826202208,0.1983265123288,NaN,NaN
0.005163631390891,0.283974167708661,0.00534553681643946,0.608030421622341,0.00718367525784288,0.249410332917526,0.00664707429332631,0.197958624619331,NaN,NaN
0.00517378474890263,0.28248082825632,0.00535501894868069,0.605514074192596,0.00719398984442894,0.248096451741257,0.00665733985539449,0.196119186071983,NaN,NaN
0.00518512795355625,0.282093666176084,0.00536189522848782,0.601631709586704,0.00720460340453923,0.245906649780807,0.00666800818114189,0.19491041216944,NaN,NaN
0.00519516232690369,0.280213164643507,0.00537254652645994,0.599420918630571,0.00721484823063629,0.244592768604538,0.00667857827184558,0.193911859815165,NaN,NaN
0.00520575196201738,0.278553898585351,0.00538453542929368,0.599960135936945,0.00722609960093161,0.243676295932202,0.00668959042024599,0.193596527492763,NaN,NaN
0.00521682745117656,0.277724265556273,0.00539219445564945,0.596473197355727,0.00723725131338552,0.24372495819799,0.00670055345112454,0.19238775359022,NaN,NaN
0.00522765505561865,0.276341543841143,0.00540268722267501,0.597830227576768,0.00724775524987026,0.241600039258591,0.00671136912943751,0.191651978171281,NaN,NaN
0.00523885944483071,0.276682615197541,0.00541033634084662,0.594325315085337,0.00725902655173386,0.241608149636222,0.00672190974962809,0.190180427333403,NaN,NaN
0.0052497465416049,0.276230926103932,0.0054182926127272,0.590874324324544,0.00727044734035957,0.241072864712557,0.00673180201853015,0.18807821185072,NaN,NaN
0.00526064355376778,0.275631746694042,0.00542945913627565,0.589364515866697,0.00728276504955799,0.241291844908602,0.00674261769684313,0.187762879528317,NaN,NaN
0.00527118361193806,0.273815772174838,0.0054418939073966,0.590389028748807,0.00729382706995463,0.240123950529695,0.00675333514011239,0.18807821185072,NaN,NaN
0.00528225910109724,0.272728031092269,0.00545259474628952,0.589364515866697,0.00730483926143057,0.237820603282408,0.00676416064192974,0.18681688256111,NaN,NaN
0.00529303712859591,0.2730598843039,0.00546356310615477,0.587369411833113,0.00731670851034263,0.237325870246899,0.00677265797321105,0.190180427333403,NaN,NaN
0.00530239725551289,0.270672384809109,0.00547253992100383,0.583064660337228,0.00732748152299918,0.23632829379825,0.00678287441775737,0.188340988786055,NaN,NaN
0.00531342316772865,0.269197481646303,0.00548160590951034,0.580206808613447,0.00733814491203017,0.236798695700865,0.00679269792212883,0.186081107142171,NaN,NaN
0.00532390373356683,0.270736911822482,0.00549149427730214,0.577996017657313,0.0073483797723431,0.238201791031079,0.00680373954104235,0.186186217916305,NaN,NaN
0.00533440413018238,0.269031555040488,0.00550272024995555,0.57800500461242,0.00735818610393796,0.235630801321959,0.00681475168944275,0.185135110174963,NaN,NaN
0.00534480537291109,0.267971468392221,0.00551380750803072,0.57738490471009,0.00737011514755487,0.234738659782517,0.0068253021331377,0.18429422398189,NaN,NaN
0.00535569246968529,0.268589084091646,0.00552138726891321,0.573187996675479,0.00738222357528633,0.235103626775925,0.00683647145760805,0.184031447046555,NaN,NaN
0.00536623252785556,0.267768669207336,0.00553300956893302,0.571786031678907,0.00739384367959487,0.234471017320684,0.0068468156077112,0.18246354466572,NaN,NaN
0.0053763263935351,0.266090966859644,0.00554365095872099,0.568245171367052,0.00740507511832191,0.234835984314092,0.00685778846209412,0.18213945311214,NaN,NaN
0.00538737213652823,0.265445696725917,0.00555515436053088,0.567211671529835,0.00741628662548066,0.233051701235208,0.00686874166946829,0.181666454628536,NaN,NaN
0.00539793202547587,0.263712685509621,0.00556695500786558,0.567040919382817,0.00742765758518567,0.231843254968145,0.00687930193666761,0.179520442989964,NaN,NaN
0.00540854149136693,0.261795311397973,0.00557244414189029,0.562250872311195,0.00743983577340612,0.232621851220749,0.00689052037865982,0.17973942376941,NaN,NaN
0.00541917078803536,0.262643380716587,0.00557918170711917,0.558503312031896,0.00745117683575871,0.231591833261575,0.00690068770568428,0.177856189066173,NaN,NaN
0.00542972076159433,0.260587734433426,0.00558827742017815,0.561415085486315,0.00746209933517737,0.230918671918178,0.00691114973783988,0.176559822851852,NaN,NaN
0.00544037980442881,0.261279095290991,0.00559923587185924,0.561361163755678,0.00747425759182953,0.230732133232658,0.00692188682811789,0.175167105094574,NaN,NaN
0.00545188165530136,0.260698352170637,0.0056092332296768,0.558395468570621,0.0074848910835081,0.229961647357685,0.00693253550685655,0.174186071202655,NaN,NaN
0.00546181687476196,0.258513651860731,0.00561965663941324,0.555591538577477,0.00749592320655232,0.22967778414059,0.00694310559756024,0.173467814246072,NaN,NaN
0.00547253540992854,0.259232667152599,0.00562837584147414,0.551763095702222,0.00750621786157009,0.228080039747225,0.00695428474553496,0.1728634272948,NaN,NaN
0.00548317462198566,0.258172580504333,0.00563878934302642,0.553434669351981,0.00751783796587863,0.228323351076164,0.00696498254179548,0.172837149601267,NaN,NaN
0.00549437901119771,0.258458342992126,0.00565000540749568,0.552194469547321,0.00752916906244708,0.228031377481437,0.00697579822010846,0.171619616467546,NaN,NaN
0.00550491906936799,0.256743768065365,0.00566146917656893,0.55262584339242,0.00753941388854414,0.226084886849927,0.00698692825056132,0.170717415656228,NaN,NaN
0.00551546904292696,0.255748208430471,0.00567053516507544,0.549336617823539,0.00755038621688351,0.226863483102531,0.00699827439811036,0.170104269473779,NaN,NaN
0.00552521587000258,0.253480544817658,0.0056779464868272,0.545723861870834,0.00756166748453125,0.225792913255201,0.00700948301659819,0.169158272506571,NaN,NaN
0.00553196824969586,0.249774850621109,0.00568891484669245,0.546478766099758,0.00757252022346093,0.225500939660474,0.00702004328379751,0.167555333201025,NaN,NaN
0.005542825600304,0.247949657957137,0.00570011109479338,0.545571083634028,0.00758445923286198,0.226182211381503,0.00703071160954492,0.167958257835206,NaN,NaN
0.00555279056593066,0.24606915642456,0.00570702700733715,0.541311266913674,0.00759401641985331,0.224041071686841,0.00704076105451692,0.16635531852966,NaN,NaN
0.00556367766270485,0.246622245110612,0.00571575611758221,0.538246715222449,0.00760560662680943,0.22384642262369,0.00705181249693481,0.165610783879543,NaN,NaN
0.00557499112119242,0.246290391898981,0.0057271108966297,0.538615180381805,0.00761707724435585,0.222435216915845,0.00706257905772593,0.164778656917648,NaN,NaN
0.00558643347973288,0.245405450001297,0.0057391097076476,0.539900314961996,0.00762820902524148,0.221121335739576,0.0070737090881788,0.164147992272843,NaN,NaN
0.00559737015345049,0.244133346023378,0.00574912688183348,0.5380310282999,0.00763939063504781,0.221413309334302,0.00708438723743057,0.163613679170994,NaN,NaN
0.00560869352732674,0.244409890366404,0.00575957010793824,0.536197689458228,0.00765071176583212,0.221851269726392,0.00709516362172606,0.164147992272843,NaN,NaN
0.0056184800159571,0.242418771096616,0.00576945847573004,0.53395095068167,0.00766155453897765,0.219856116829094,0.00710542918379424,0.162203442951361,NaN,NaN
0.00562939685889734,0.244022728286167,0.00578158609314202,0.535083307025055,0.0076723773805549,0.218688222450188,0.00711653956723836,0.16204577679016,NaN,NaN
0.00563897512436535,0.241201975987302,0.0057867581652736,0.530643751202577,0.00768346929830397,0.220050765892245,0.00712705071691582,0.160101227468678,NaN,NaN
0.00564968374414324,0.241367902593117,0.00579711221772092,0.527992599446238,0.00769538837613674,0.220440064018547,0.00713808251232497,0.15989100592041,NaN,NaN
0.00566066007941559,0.241036049381486,0.0058088435077665,0.527183773486678,0.00770621121771399,0.218152937526522,0.00714928130730843,0.158734787404934,NaN,NaN
0.00567099191442352,0.239109457125072,0.00581901921289894,0.528747503675162,0.0077170240935071,0.218298924323886,0.00715973351595966,0.157315791954123,NaN,NaN
0.00568154188798248,0.240317034089619,0.00582972995997603,0.526887203968172,0.00772890330820331,0.218055612994947,0.00717076531136881,0.157053015018787,NaN,NaN
0.00569232983086984,0.239929872009382,0.00583704219988619,0.521845522153576,0.0077395666972343,0.215865811034498,0.00718212128242222,0.156369794986915,NaN,NaN
0.00569997459554462,0.236454631432022,0.00584810964159304,0.519994209401692,0.00775060878606266,0.214065307200351,0.00719269137312591,0.157631124276525,NaN,NaN
0.00571093110003959,0.237570026948893,0.00585871139864436,0.521027709238909,0.00776192991684697,0.21450326759244,0.007202848876646,0.156054462664513,NaN,NaN
0.00572167938137222,0.23601216048318,0.00586956086029969,0.519850418119992,0.00777324108184714,0.215087214781894,0.00721457814086552,0.156317239599848,NaN,NaN
0.00573272512436535,0.234979728269216,0.00588046977105998,0.518673127001076,0.00778408385499267,0.213100172262227,0.00722467670335938,0.154267579504232,NaN,NaN
0.00574385019046794,0.234113222661068,0.00589193354013323,0.51761266629854,0.00779564416459636,0.211834953351745,0.00723556114620296,0.153269027149958,NaN,NaN
0.00575511407201209,0.233458734382573,0.00590273346086776,0.515114292779008,0.00780661649293573,0.210229098580749,0.00724609194288916,0.151482143989677,NaN,NaN
0.00576623913811469,0.234601784333747,0.00591444493454502,0.515177201464752,0.00781826649459669,0.2104237476439,0.00725692726821088,0.151850031699147,NaN,NaN
0.00577487544165779,0.231513705836623,0.00592549255988355,0.514485205921572,0.00782984673576867,0.210618396707051,0.00726823412174244,0.152165364021549,NaN,NaN
0.00578550473832622,0.232490829181982,0.00593276516705707,0.510656763046317,0.00784106820871157,0.209661372146559,0.00727892209449858,0.151377033215543,NaN,NaN
0.00579435918042035,0.229762258330792,0.00594377315965896,0.508553815551459,0.00785286769713465,0.210091222161017,0.00728990477238587,0.151166811667275,NaN,NaN
0.00580488932320194,0.231246379638365,0.00595473161134005,0.506504789787238,0.00786417886213481,0.210375085378112,0.00730074992121197,0.150115703925933,NaN,NaN
0.00581572684303272,0.230803908689523,0.00596580896123106,0.506235181134051,0.00787554982183983,0.209945235363654,0.00731187995166483,0.150115703925933,NaN,NaN
0.00582633630892378,0.229365878105788,0.00597773841495984,0.506936163632337,0.0078865221501792,0.210667058972839,0.00732232233681169,0.149012040797524,NaN,NaN
0.00583753078274716,0.228969497880784,0.00598919227584894,0.505318511713215,0.00789642813961546,0.208006855109775,0.00733351130829078,0.149064596184591,NaN,NaN
0.00584756515609459,0.2266649616889,0.00599850596895945,0.50294595556517,0.00790687228139535,0.20615768900984,0.00734406175198573,0.147593045346713,NaN,NaN
0.00585730206778153,0.228812789419736,0.00600912754237909,0.501166538454136,0.00791894084599024,0.206295565429572,0.00735507390038614,0.147750711507914,NaN,NaN
0.00586759424123473,0.227365540691233,0.006018094449044,0.497787443334193,0.00793009255844415,0.206173909765102,0.00736526087441934,0.145762366030543,NaN,NaN
0.0058789671920544,0.226360762911572,0.00602685328384154,0.494345439528506,0.00794172262853683,0.204819476700677,0.00737575237708806,0.144439722122689,NaN,NaN
0.00588989395038333,0.226185618160989,0.00603803962375831,0.494983513341048,0.00795367160372203,0.205703507862487,0.00738635193830486,0.144974035224537,NaN,NaN
0.00589887729253034,0.223576883191776,0.00604836395165315,0.496376491382514,0.00796453430843585,0.205395313512498,0.00739752126277521,0.144667462133313,NaN,NaN
0.00590959582769692,0.223742809797592,0.00605882699412623,0.497562769456537,0.00797635372842721,0.204551834238844,0.00740828782356633,0.143642632085504,NaN,NaN
0.00592064157069004,0.222876304189444,0.00606930985296764,0.495405900231041,0.00798862160870492,0.204170646490173,0.00741991885274214,0.143195911295434,NaN,NaN
0.00593096349030929,0.224185280746434,0.00608010977370216,0.492961448442146,0.00799955407390773,0.203294725705993,0.00743068541353326,0.143677669010216,NaN,NaN
0.00594220754107608,0.223208157401075,0.00608982970236324,0.490750657486013,0.00801086523890789,0.201226579410014,0.00744151091535061,0.142425098951784,NaN,NaN
0.00595317396095974,0.222046671160366,0.00609711221772092,0.487245744994582,0.00802230595910189,0.201153586011332,0.00745255253426413,0.14118128812453,NaN,NaN
0.0059646163195002,0.22199136229176,0.0061089921305289,0.488441010023711,0.00803329821900954,0.201469890738952,0.00746049974930064,0.146988658395442,NaN,NaN
0.00597471018517973,0.220055551890578,0.00612023791955063,0.48839607524818,0.00804453962352072,0.200780508640293,0.00746177680486893,0.152069012478593,NaN,NaN
0.00598577575895022,0.219336536598711,0.00613053252289299,0.485583158299929,0.00805483427853849,0.199377413310079,0.00746347627112519,0.158042808141884,NaN,NaN
0.00599653395567154,0.219502463204526,0.00614021281881743,0.483111745645716,0.00806714202195277,0.199555841617967,0.00746587320619183,0.163035569913257,NaN,NaN
0.00600721282928338,0.219281227730105,0.00615094338226283,0.481134615522345,0.00807901127086484,0.198363616106167,0.00746704220321203,0.16806336860934,NaN,NaN
0.00601773305667629,0.218064432620791,0.00616264494775593,0.48171876760425,0.00808999356498835,0.197925655714077,0.00747825082169986,0.168930532495947,NaN,NaN
0.00602858049189576,0.218838756781264,0.00617486173882535,0.481826611065524,0.00810215182164051,0.199531510485073,0.00748865391282924,0.167695480899871,NaN,NaN
0.00603934860400575,0.218009123752186,0.00618331341991393,0.478609281137493,0.00811285507380807,0.198233850064066,0.00749976429627336,0.16696846471211,NaN,NaN
0.00604916483880215,0.215686151270767,0.00619429168796334,0.476389503226254,0.00812351846283906,0.198371726483798,0.00751053085706448,0.167134890104489,NaN,NaN
0.00606019075101791,0.21646047543124,0.00620486372046219,0.477198329185815,0.0081349193198965,0.197382260412781,0.00752119918281189,0.165777209271923,NaN,NaN
0.00607142488639602,0.216737019774266,0.00621624822406216,0.476497346687529,0.00814434695169399,0.194876153724711,0.00753247656583032,0.166302763142593,NaN,NaN
0.00608246071400046,0.215464915796346,0.00622517549799042,0.473801260155659,0.00815596705600253,0.195265451851013,0.00754313506807336,0.16582976465899,NaN,NaN
0.006093556033937,0.214635282767268,0.00623596551054079,0.472354360383556,0.00816691945277362,0.195898061306254,0.00755384268783825,0.164463324595246,NaN,NaN
0.00610429439988095,0.215022444847505,0.0062466960739862,0.470898473656346,0.00817768249964603,0.194916705612868,0.00756444224905505,0.165041433852983,NaN,NaN
0.00611480471188518,0.21369503200098,0.00625811030213865,0.471275925770808,0.00818857510171226,0.196084599991774,0.00757566069104726,0.164936323078849,NaN,NaN
0.00612573147021411,0.212644163497481,0.00626717629064516,0.46771709154874,0.00820021513758909,0.194535517864197,0.00758572978302801,0.163201995305636,NaN,NaN
0.0061365590746562,0.212644163497481,0.00627569732902286,0.464158257326672,0.00821070910828968,0.193651486702386,0.00759697769553333,0.162150887564294,NaN,NaN
0.00614756515609459,0.211593294993982,0.00628688366893963,0.463457274828386,0.0082225185624969,0.193359513107659,0.00760867748923973,0.16204577679016,NaN,NaN
0.00615809529887619,0.210542426490483,0.00629809973340888,0.465182770208783,0.00823361048024597,0.193659597080017,0.00761908058036911,0.163359661466837,NaN,NaN
0.00616911129570326,0.211648603862587,0.00630658113904994,0.461632922941821,0.00824497147416684,0.195111354676019,0.00763005343475203,0.162676441434965,NaN,NaN
0.00617898702283177,0.208883160432327,0.00631821334725392,0.460069192753337,0.00825282451207004,0.19869614158905,0.00764072176049943,0.161415112145355,NaN,NaN
0.00618975513494176,0.208717233826511,0.00632980592272125,0.459529975446963,0.00826417554020677,0.200821060528449,0.00765201879052661,0.16078444750055,NaN,NaN
0.00620103884726329,0.20987872006722,0.00634166601916091,0.459269353748882,0.00827528738952411,0.201177917144226,0.00766260852823905,0.15952311821094,NaN,NaN
0.00620748384990739,0.204569068681121,0.00635332795191737,0.458083075674859,0.00828644906776216,0.199150322736403,0.00767378767621377,0.158997564340269,NaN,NaN
0.00620797961934155,0.198982872951995,0.00636419722994102,0.458020166989116,0.00829701279895174,0.199969470877163,0.00768524188231089,0.159260341275605,NaN,NaN
0.00621123186682965,0.193120132879843,0.00637281735016032,0.454317541485348,0.00830896177413694,0.199677497282437,0.00769642103028561,0.159155230501471,NaN,NaN
0.00622182150194335,0.191737411164713,0.0063795549153892,0.450560994250943,0.00831974475257763,0.198590706679843,0.0077071286500505,0.158682232017867,NaN,NaN
0.00623323411431775,0.19627273839034,0.00639073134712181,0.451747272324966,0.00833208239334433,0.198412278371955,0.00771839620956456,0.158104122760129,NaN,NaN
0.00623809265477254,0.202799184885754,0.00639644836938219,0.447568338200568,0.00834425061578063,0.198801576498257,0.00772955571053054,0.157788790437727,NaN,NaN
0.00624303051833679,0.20976810233001,0.00640901194689722,0.445195782052523,0.00835494390216405,0.196855085866747,0.00774085274055772,0.157263236567056,NaN,NaN
0.00624775024335001,0.216294548825424,0.00642050544052296,0.44594169932634,0.00836583650423029,0.197236273615417,0.00775193365348873,0.156580016535184,NaN,NaN
0.00625871666323367,0.215409606927741,0.00643356442724599,0.446975199163557,0.00837676896943309,0.195938613194411,0.00776266092026236,0.156842793470519,NaN,NaN
0.00627065479120829,0.215243680321925,0.00644649460757494,0.447784025123117,0.0083888176024597,0.195752074508891,0.00777250407164256,0.154740577987836,NaN,NaN
0.00628242435757529,0.216128622219609,0.00645651178176082,0.450255437777331,0.00840103565381671,0.194916705612868,0.0077832313384162,0.15484568876197,NaN,NaN
0.00629313297735319,0.214690591635873,0.00646856013369952,0.44773010339248,0.00841277534753494,0.195606087711528,0.00779449889793026,0.155896796503312,NaN,NaN
0.00630450592817286,0.213639723132374,0.00648204517234144,0.449239911850327,0.00842470439115186,0.196044048103617,0.00780560928137438,0.155896796503312,NaN,NaN
0.00631525420950549,0.212312310285849,0.00649096253808554,0.446606734004201,0.00843558702743395,0.19468150466156,0.0078155506677983,0.154162468730098,NaN,NaN
0.00632637927560808,0.212976016709112,0.00650393235115114,0.446435981857183,0.00844699785027553,0.195460100914164,0.00782699505039105,0.154530356439568,NaN,NaN
0.00633783154953721,0.21369503200098,0.00651221559310899,0.442886134590221,0.00845772103401137,0.195792626397047,0.00783776161118217,0.154215024117165,NaN,NaN
0.006349670523625,0.213584414263769,0.00652559164172515,0.444494799554237,0.00846850401245206,0.19317297442214,0.00784887199462629,0.154477801052501,NaN,NaN
0.00636091457439179,0.212478236891665,0.00653952254865427,0.445743986314003,0.00848084165321876,0.193221636687927,0.00785963855541741,0.153531804085293,NaN,NaN
0.00637177192499993,0.213363178789348,0.0065516402578821,0.443694960549782,0.00849226244184448,0.192540364966899,0.00787010058757301,0.152428140956885,NaN,NaN
0.00638237147550231,0.212146383680034,0.00656082514459852,0.440900017511744,0.00850313511234243,0.190885847930115,0.00788080820733791,0.152901139440488,NaN,NaN
0.00639395264948433,0.211593294993982,0.00657314101750955,0.438527461363698,0.00851493460076552,0.191664444182719,0.00789175159120771,0.151534699376744,NaN,NaN
0.00640485957703589,0.210708353096298,0.00658666568888811,0.438797070016885,0.00852676398654102,0.191907755511658,0.007903078091748,0.152165364021549,NaN,NaN
0.00641496335810411,0.208717233826511,0.0065982681725396,0.43518431406418,0.00853795556213149,0.192832338561625,0.00791381518202601,0.151955142473281,NaN,NaN
0.00642641563203325,0.207887600797433,0.00661136679199928,0.434743953263975,0.00854842960126381,0.190934510195903,0.00792469962486959,0.150693813183671,NaN,NaN
0.00643758035969057,0.208606616089301,0.00662476265698375,0.434582188072063,0.00856011946606133,0.190885847930115,0.00793587877284431,0.149695260829396,NaN,NaN
0.0064483286410232,0.207942909666038,0.00663674165163333,0.433081366569322,0.00857063336833021,0.189815278082784,0.00794666498064417,0.149327373119927,NaN,NaN
0.00646053448449226,0.207389820979986,0.00664528250637935,0.428821549848968,0.00858147614147574,0.189377317690694,0.00795749048246152,0.149590150055262,NaN,NaN
0.00647232388163663,0.206615496819513,0.00665749929744878,0.426071541586461,0.00859277734069177,0.189571966753845,0.00796832580778323,0.149327373119927,NaN,NaN
0.0064830523321919,0.205785863790435,0.00666832894273578,0.426610758892835,0.00860371977167871,0.187868787451274,0.00797940672071424,0.14927481773286,NaN,NaN
0.00649491113705705,0.204956230761357,0.00667897033252375,0.427850958697495,0.00861598765195643,0.187382164793396,0.00799069392723705,0.148801819249256,NaN,NaN
0.00650675011114483,0.206117717002066,0.00669178161464278,0.42650291543156,0.00862664107520328,0.18621427041449,0.00800135242948008,0.147803266894982,NaN,NaN
0.00651699270765461,0.204679686418331,0.00670016393844224,0.423105846401404,0.00863830104264838,0.186408919477641,0.00801222704881929,0.148328820765652,NaN,NaN
0.00652844498158375,0.203905362257858,0.00671200421851358,0.421596037943557,0.00864981152333137,0.186749555338155,0.00802296413909729,0.148696708475122,NaN,NaN
0.00653960970924107,0.204790304155541,0.00672463715331773,0.420355838138897,0.00866003641786016,0.185192362832947,0.00803327881868733,0.147487934572579,NaN,NaN
0.00655188496043092,0.204126597732279,0.00673749797635756,0.417983281990852,0.0086720451877502,0.184851726972433,0.00804419273204402,0.147014936088975,NaN,NaN
0.00656349588057899,0.203850053389253,0.00675000210476762,0.41636563007173,0.0086830972423627,0.184219117517192,0.00805513611591382,0.146489382218305,NaN,NaN
0.00657519603922521,0.203573509046227,0.00676196128304888,0.414424447768784,0.00869585344606333,0.184803064706645,0.00806576514764374,0.145228052928695,NaN,NaN
0.00658604347444467,0.20296511149157,0.00677546613805912,0.415287195458982,0.00870787218173751,0.184754402440857,0.00807656117894798,0.146498141449482,NaN,NaN
0.00659712887899253,0.202080169593886,0.00678865393117624,0.415395038920257,0.00871862526282578,0.184511091111919,0.00808697409358172,0.145087905229849,NaN,NaN
0.00660935455323896,0.20180362525086,0.00680171291789927,0.41512543026707,0.00872922885715192,0.183683832593527,0.00809844794668759,0.14549082986403,NaN,NaN
0.00662012266534895,0.20031028579852,0.00681106624374642,0.411899113383933,0.00874037060382169,0.183197209935649,0.00810913591944374,0.143940445945551,NaN,NaN
0.0066311584929534,0.199093490689205,0.00682011241588461,0.409158092076532,0.00875182128979983,0.181591355164653,0.00811967653963431,0.14492147983747,NaN,NaN
0.00664315611326011,0.199425343900837,0.00683252737063723,0.406848444614231,0.00876259430245638,0.181591355164653,0.00813021715982489,0.14415066749382,NaN,NaN
0.00665439024863822,0.200089050324099,0.00684539810186122,0.4063721359936,0.00877387557010412,0.182564600480408,0.00813319368164944,0.144509795972111,NaN,NaN
0.00666326452150972,0.19638335612755,0.00685876424229322,0.406686679422318,0.0087845588907034,0.181202057038351,NaN,NaN,NaN,NaN
0.00667465730310676,0.196493973864761,0.00687184304538457,0.407171974998055,0.00879645803696789,0.181056070240988,NaN,NaN,NaN,NaN
0.00668517753049967,0.197323606893839,0.00688485249118681,0.40727981845933,0.00880895513028085,0.181299381569926,NaN,NaN,NaN,NaN
0.00669719498158375,0.196162120653129,0.00689728726230775,0.404610692792779,0.00881954875882285,0.17969352679893,NaN,NaN,NaN,NaN
0.00670874640939972,0.197047062550813,0.00690994001348022,0.403640101641306,0.00883052108716222,0.179450215469992,NaN,NaN,NaN,NaN
0.00672021851410623,0.196770518207787,0.00692207753907636,0.400836171648161,0.00884185218373067,0.178671619217387,NaN,NaN,NaN,NaN
0.00672989593346106,0.193903675185084,0.00693476001480131,0.398850054569684,0.00885378122734758,0.179352890938416,NaN,NaN,NaN,NaN
0.00674120939194864,0.193239968761821,0.00694677864218753,0.395578802911016,0.00886536146851956,0.178574294685812,NaN,NaN,NaN,NaN
0.00675038112648063,0.195664340835683,0.00696027358901361,0.395524881180378,0.00887692177812325,0.178330983356873,NaN,NaN,NaN,NaN
0.00676255722378365,0.195387796492657,0.00697326321844752,0.395201350796554,0.00888770475656394,0.17687111538324,NaN,NaN,NaN,NaN
0.00677454492870168,0.194115692514737,0.00698165545043114,0.392136799105329,0.00889883653744957,0.178039009762147,NaN,NaN,NaN,NaN
0.00678562041786085,0.194005074777526,0.00699372361873816,0.389872086418558,0.008910237394507,0.176481817256938,NaN,NaN,NaN,NaN
0.00679726108417497,0.19350729496008,0.00700642591083143,0.387984825846249,0.00892132931225607,0.177065764446391,NaN,NaN,NaN,NaN
0.00680827708100205,0.193451986091474,0.00701808784358789,0.39024953853302,0.00893230164059543,0.176968439914816,NaN,NaN,NaN,NaN
0.00681827179279475,0.191248849492034,0.0070309783911802,0.389440712573459,0.00894328393471894,0.176919777649028,NaN,NaN,NaN,NaN
0.00682934728195393,0.19025328985714,0.00704396802061411,0.388092669307524,0.0089544954418777,0.176822453117453,NaN,NaN,NaN,NaN
0.00683974852468264,0.192124573244949,0.00705490665592688,0.385881878351391,0.00896586640158271,0.175119273814881,NaN,NaN,NaN,NaN
0.0068502984982416,0.190428434607723,0.0070671234469963,0.383671087395258,0.00897767585578993,0.176092519130636,NaN,NaN,NaN,NaN
0.0068611855950158,0.188547933075146,0.00707908262527756,0.380768300895945,0.00898835917638921,0.174194690764914,NaN,NaN,NaN,NaN
0.00687264778433362,0.189091803616431,0.00708969429051305,0.382170265892517,0.00899920194953474,0.173124120917583,NaN,NaN,NaN,NaN
0.00688459582769692,0.188501842351308,0.00710219841892311,0.381684970316781,0.00901031379885208,0.173562081309673,NaN,NaN,NaN,NaN
0.00689647446333944,0.188391224614098,0.00711446475091334,0.379797709744472,0.00902126619562317,0.172734822791281,NaN,NaN,NaN,NaN
0.00690830352203854,0.188206861718747,0.00712344156576241,0.377047701481965,0.00903208903720042,0.173464756778097,NaN,NaN,NaN,NaN
0.00691952774202796,0.187229738373389,0.00713613394967151,0.374090993252015,0.00904345999690544,0.173562081309673,NaN,NaN,NaN,NaN
0.00692303778962183,0.18756159158502,0.00714956944739263,0.374782988795195,0.00905538904052235,0.172783485057069,NaN,NaN,NaN,NaN
NaN,NaN,0.00716248971953742,0.37500766267285,0.00906691945277362,0.173172783183371,NaN,NaN,NaN,NaN
NaN,NaN,0.00717464706150189,0.37383935850904,0.00907676564750504,0.171177630286073,NaN,NaN,NaN,NaN
NaN,NaN,0.0071875376090942,0.373560762900747,0.00908881428053165,0.172150875601828,NaN,NaN,NaN,NaN
NaN,NaN,0.00720096319863115,0.373012558639267,0.00909998592455384,0.171907564272889,NaN,NaN,NaN,NaN
NaN,NaN,0.00721444823727307,0.373174323831179,0.00911074897142625,0.172150875601828,NaN,NaN,NaN,NaN
NaN,NaN,0.00722690282476234,0.372176771814387,0.00912170136819733,0.172442849196554,NaN,NaN,NaN,NaN
NaN,NaN,0.00723907998309512,0.370783793772921,0.00913221527046621,0.170447696299256,NaN,NaN,NaN,NaN
NaN,NaN,0.00725206961252903,0.370244576466547,0.00914329722243113,0.170447696299256,NaN,NaN,NaN,NaN
NaN,NaN,0.00726494034375303,0.368564015861682,0.00915435924282777,0.170496358565044,NaN,NaN,NaN,NaN
NaN,NaN,0.00727698869569173,0.366523977052567,0.00916603914184116,0.169523113249289,NaN,NaN,NaN,NaN
NaN,NaN,0.00728942346681267,0.364807468627277,0.00917671249665629,0.170058398172954,NaN,NaN,NaN,NaN
NaN,NaN,0.00729985678473327,0.365822994554281,0.00918800373008817,0.17059368309662,NaN,NaN,NaN,NaN
NaN,NaN,0.00731330219063855,0.365400607664288,0.00919956403969187,0.168939166059836,NaN,NaN,NaN,NaN
NaN,NaN,0.0073261828300467,0.364645703435365,0.00921067588900921,0.169150035878249,NaN,NaN,NaN,NaN
NaN,NaN,0.00733796366101308,0.362983116740712,0.00922197708822524,0.167698278282248,NaN,NaN,NaN,NaN
NaN,NaN,0.00734765386512167,0.360934090976491,0.00923388620027387,0.167544181107253,NaN,NaN,NaN,NaN
NaN,NaN,0.00735973194161286,0.357554995856548,0.0092459149017322,0.16639250748361,NaN,NaN,NaN,NaN
NaN,NaN,0.00737302872475573,0.356368717782525,0.00925688723007157,0.166530383903342,NaN,NaN,NaN,NaN
NaN,NaN,0.00738685064165909,0.357006791595068,0.00926925476819069,0.166165416909934,NaN,NaN,NaN,NaN
NaN,NaN,0.00739897825907108,0.355496983137221,0.00928065562524813,0.166798026365174,NaN,NaN,NaN,NaN
NaN,NaN,0.00740922332149264,0.356898948133793,0.00929157812466679,0.165978878224414,NaN,NaN,NaN,NaN
NaN,NaN,0.00742034030412029,0.354751065863403,0.00930194254017355,0.164016166837641,NaN,NaN,NaN,NaN
NaN,NaN,0.00743211122690251,0.351246153371973,0.00931330353409442,0.163286232850824,NaN,NaN,NaN,NaN
NaN,NaN,0.00744042419341284,0.348172614725642,0.00932537209868931,0.162450863954801,NaN,NaN,NaN,NaN
NaN,NaN,0.00745343363921508,0.346986336651619,0.00933685268201988,0.16275905830479,NaN,NaN,NaN,NaN
NaN,NaN,0.00746648271775395,0.346662806267795,0.00934851264946498,0.163862069662646,NaN,NaN,NaN,NaN
NaN,NaN,0.00747754025127664,0.348981440685203,0.00935992347230656,0.163894511173171,NaN,NaN,NaN,NaN
NaN,NaN,0.00748960841958366,0.347687319149905,0.00937168309759307,0.163278122473193,NaN,NaN,NaN,NaN
NaN,NaN,0.00750185493520557,0.344883389156761,0.00938331316768576,0.162304877157438,NaN,NaN,NaN,NaN
NaN,NaN,0.00751493373829692,0.344829467426123,0.00939452467484451,0.161834475254823,NaN,NaN,NaN,NaN
NaN,NaN,0.00752825033780811,0.344775545695486,0.00940607501866406,0.161883137520611,NaN,NaN,NaN,NaN
NaN,NaN,0.00754008070969529,0.342420963457653,0.00941734632052767,0.161339742219314,NaN,NaN,NaN,NaN
NaN,NaN,0.00755310006368169,0.340911154999806,0.00942858772503884,0.160593587477235,NaN,NaN,NaN,NaN
NaN,NaN,0.00756616895858888,0.340479781154707,0.00944024769248395,0.160325945015402,NaN,NaN,NaN,NaN
NaN,NaN,0.00757942610899512,0.340848246314062,0.00945135954180129,0.160520594078553,NaN,NaN,NaN,NaN
NaN,NaN,0.00759277243305879,0.341719980959367,0.00946342810639618,0.161445177128521,NaN,NaN,NaN,NaN
NaN,NaN,0.00760487032591829,0.338978959651966,0.00947388221396021,0.159076946860183,NaN,NaN,NaN,NaN
NaN,NaN,0.00761677005509459,0.337415229463482,0.00948490437122029,0.159101277993077,NaN,NaN,NaN,NaN
NaN,NaN,0.00762860042698177,0.335914407960741,0.00949528871829533,0.16030972426014,NaN,NaN,NaN,NaN
NaN,NaN,0.00764148106638992,0.335743655813723,0.00950683906211488,0.161072099757481,NaN,NaN,NaN,NaN
NaN,NaN,0.00765051733034395,0.333047569281853,0.00951723337497407,0.159944757266732,NaN,NaN,NaN,NaN
NaN,NaN,0.00766312054059562,0.332679104122498,0.00952666100677156,0.157519754354975,NaN,NaN,NaN,NaN
NaN,NaN,0.00767647677284345,0.33262518239186,0.0095359291860228,0.153870084420893,NaN,NaN,NaN,NaN
NaN,NaN,0.00768948621864569,0.33000099150084,0.00954776853758244,0.152953611748557,NaN,NaN,NaN,NaN
NaN,NaN,0.00770228759258056,0.327853109230451,0.00955917936042402,0.154348596701139,NaN,NaN,NaN,NaN
NaN,NaN,0.00771419722994102,0.327430722340458,0.00957015168876339,0.156716826969477,NaN,NaN,NaN,NaN
NaN,NaN,0.00772566099901427,0.326082679074523,0.00958148278533184,0.155630036366884,NaN,NaN,NaN,NaN
NaN,NaN,0.00773871007755314,0.325489540037512,0.00959309292385624,0.157146676983936,NaN,NaN,NaN,NaN
NaN,NaN,0.00775148172693553,0.324366170649233,0.0096044040888564,0.157211560004986,NaN,NaN,NaN,NaN
NaN,NaN,0.00776485777555169,0.324474014110508,0.0096151173068081,0.156489736395801,NaN,NaN,NaN,NaN
NaN,NaN,0.00777715383209439,0.323988718534771,0.00962460473331044,0.154056623106413,NaN,NaN,NaN,NaN
NaN,NaN,0.00778918236766477,0.32124769722737,0.00963594579566304,0.154802777848492,NaN,NaN,NaN,NaN
NaN,NaN,0.00780142888328668,0.318875141079325,0.00964667894518301,0.15523262786295,NaN,NaN,NaN,NaN
NaN,NaN,0.0078139429198809,0.317419254352116,0.0096576313419541,0.155694919387934,NaN,NaN,NaN,NaN
NaN,NaN,0.00782758648946938,0.318174158581039,0.00966823493628025,0.153107708923552,NaN,NaN,NaN,NaN
NaN,NaN,0.0078411706099529,0.317688863005303,0.00967952616971213,0.153334799497228,NaN,NaN,NaN,NaN
NaN,NaN,0.00785411069846602,0.317796706466577,0.00968578468215275,0.153188812699865,NaN,NaN,NaN,NaN
NaN,NaN,0.00786665445961273,0.315747680702356,NaN,NaN,NaN,NaN,NaN,NaN
NaN,NaN,0.00787852446423654,0.31380649839941,NaN,NaN,NaN,NaN,NaN,NaN
NaN,NaN,0.0078865600015904,0.309223151295232,NaN,NaN,NaN,NaN,NaN,NaN
NaN,NaN,0.00789756799419229,0.306041769187626,NaN,NaN,NaN,NaN,NaN,NaN
NaN,NaN,0.00791019102081228,0.304046665154042,NaN,NaN,NaN,NaN,NaN,NaN
NaN,NaN,0.00792440926508204,0.305179021497427,NaN,NaN,NaN,NaN,NaN,NaN
NaN,NaN,0.00793767632367244,0.305772160534439,NaN,NaN,NaN,NaN,NaN,NaN
NaN,NaN,0.00794875367356345,0.308090794951847,NaN,NaN,NaN,NaN,NaN,NaN
NaN,NaN,0.00796007872805846,0.306742751685912,NaN,NaN,NaN,NaN,NaN,NaN
NaN,NaN,0.00797072011784643,0.307875108029297,NaN,NaN,NaN,NaN,NaN,NaN
NaN,NaN,0.00798317470533569,0.306958438608462,NaN,NaN,NaN,NaN,NaN,NaN
NaN,NaN,0.00799653093758353,0.306796673416549,NaN,NaN,NaN,NaN,NaN,NaN
NaN,NaN,0.00800780645115774,0.304585882460416,NaN,NaN,NaN,NaN,NaN,NaN
NaN,NaN,0.00801841811639322,0.305933925726351,NaN,NaN,NaN,NaN,NaN,NaN
NaN,NaN,0.00803007014096552,0.303399604386394,NaN,NaN,NaN,NaN,NaN,NaN
NaN,NaN,0.00804269316758551,0.303183917463844,NaN,NaN,NaN,NaN,NaN,NaN
NaN,NaN,0.00805501894868069,0.30162018727536,NaN,NaN,NaN,NaN,NaN,NaN
NaN,NaN,0.00806425337631792,0.299193709396677,NaN,NaN,NaN,NaN,NaN,NaN
NaN,NaN,0.00807805547685296,0.29892410074349,NaN,NaN,NaN,NaN,NaN,NaN
NaN,NaN,0.00809154051549488,0.300056457086875,NaN,NaN,NaN,NaN,NaN,NaN
NaN,NaN,0.00810441124671887,0.300433909201337,NaN,NaN,NaN,NaN,NaN,NaN
NaN,NaN,0.00811719280428542,0.29892410074349,NaN,NaN,NaN,NaN,NaN,NaN
NaN,NaN,0.00812565439355816,0.295257423060147,NaN,NaN,NaN,NaN,NaN,NaN
NaN,NaN,0.00813623633424117,0.296497622864807,NaN,NaN,NaN,NaN,NaN,NaN
NaN,NaN,0.00814871073809875,0.295365266521422,NaN,NaN,NaN,NaN,NaN,NaN
NaN,NaN,0.00815968900614816,0.297522135746918,NaN,NaN,NaN,NaN,NaN,NaN
NaN,NaN,0.00817129148979966,0.295428175207166,NaN,NaN,NaN,NaN,NaN,NaN
NaN,NaN,0.00818366681181564,0.2940351971657,NaN,NaN,NaN,NaN,NaN,NaN
NaN,NaN,0.00819141501182885,0.290332571661932,NaN,NaN,NaN,NaN,NaN,NaN
NaN,NaN,0.00820458298857765,0.289847276086196,NaN,NaN,NaN,NaN,NaN,NaN
NaN,NaN,0.00821783023079973,0.291788458389142,NaN,NaN,NaN,NaN,NaN,NaN
NaN,NaN,0.00823145398401988,0.292516401752747,NaN,NaN,NaN,NaN,NaN,NaN
NaN,NaN,0.00824398783698243,0.290844828102987,NaN,NaN,NaN,NaN,NaN,NaN
NaN,NaN,0.00825752241654515,0.290476362943632,NaN,NaN,NaN,NaN,NaN,NaN
NaN,NaN,0.00826950141119473,0.289838289131089,NaN,NaN,NaN,NaN,NaN,NaN
NaN,NaN,0.00828177765136912,0.288490245865155,NaN,NaN,NaN,NaN,NaN,NaN
NaN,NaN,0.00829527259819519,0.288652011057067,NaN,NaN,NaN,NaN,NaN,NaN
NaN,NaN,0.0083075191138171,0.286018833210941,NaN,NaN,NaN,NaN,NaN,NaN
NaN,NaN,0.00831910178110027,0.282900359789078,NaN,NaN,NaN,NaN,NaN,NaN
NaN,NaN,0.00832994133457144,0.283592355332258,NaN,NaN,NaN,NaN,NaN,NaN
NaN,NaN,0.00834153391003878,0.28127372091485,NaN,NaN,NaN,NaN,NaN,NaN
NaN,NaN,0.00835395877297556,0.28010541675104,NaN,NaN,NaN,NaN,NaN,NaN
NaN,NaN,0.00836613593130834,0.278334986595112,NaN,NaN,NaN,NaN,NaN,NaN
NaN,NaN,0.00837807529322128,0.275872560896005,NaN,NaN,NaN,NaN,NaN,NaN
NaN,NaN,0.00838868695845677,0.277634004096826,NaN,NaN,NaN,NaN,NaN,NaN
NaN,NaN,0.00839906082727241,0.278928125632124,NaN,NaN,NaN,NaN,NaN,NaN
NaN,NaN,0.00840953377792965,0.279952638514234,NaN,NaN,NaN,NaN,NaN,NaN
NaN,NaN,0.00842290982654581,0.279035969093399,NaN,NaN,NaN,NaN,NaN,NaN
NaN,NaN,0.00843503744395779,0.278451817011493,NaN,NaN,NaN,NaN,NaN,NaN
NaN,NaN,0.00844707588771233,0.277714886692782,NaN,NaN,NaN,NaN,NaN,NaN
NaN,NaN,0.00845905488236191,0.276151156504298,NaN,NaN,NaN,NaN,NaN,NaN
NaN,NaN,0.00847275790105535,0.275279421858994,NaN,NaN,NaN,NaN,NaN,NaN
NaN,NaN,0.00848111050030233,0.2722598049433,NaN,NaN,NaN,NaN,NaN,NaN
NaN,NaN,0.0084948828762849,0.272852943980311,NaN,NaN,NaN,NaN,NaN,NaN
NaN,NaN,0.00850694113640776,0.270273687864822,NaN,NaN,NaN,NaN,NaN,NaN
NaN,NaN,0.00851775096532644,0.271406044208207,NaN,NaN,NaN,NaN,NaN,NaN
NaN,NaN,0.0085290165707165,0.269680548827811,NaN,NaN,NaN,NaN,NaN,NaN
NaN,NaN,0.00854190711830881,0.268449335978257,NaN,NaN,NaN,NaN,NaN,NaN
NaN,NaN,0.00855446078763967,0.266346388483399,NaN,NaN,NaN,NaN,NaN,NaN
NaN,NaN,0.00856587501579213,0.264081675796628,NaN,NaN,NaN,NaN,NaN,NaN
NaN,NaN,0.00857805217412491,0.263641314996423,NaN,NaN,NaN,NaN,NaN,NaN
NaN,NaN,0.00859078419077066,0.261861897885389,NaN,NaN,NaN,NaN,NaN,NaN
NaN,NaN,0.00859885936086116,0.264989358262358,NaN,NaN,NaN,NaN,NaN,NaN
NaN,NaN,0.00861112569285138,0.263803080188335,NaN,NaN,NaN,NaN,NaN,NaN
NaN,NaN,0.0086246107314933,0.263272849837068,NaN,NaN,NaN,NaN,NaN,NaN
NaN,NaN,0.00863266608521547,0.259714015615,NaN,NaN,NaN,NaN,NaN,NaN
NaN,NaN,0.00864378306784312,0.260199311190736,NaN,NaN,NaN,NaN,NaN,NaN
NaN,NaN,0.00864740946324572,0.261268758848378,NaN,NaN,NaN,NaN,NaN,NaN
