1.2160535753,-102.0916442871,-7.2950598001
3.6213303804,-102.0913639069,-6.7867689133
5.9789193869,-102.0870132446,-5.9889597893
1.3132635951,-102.1002025604,-4.1591395736
3.9694711566,-102.0971508026,-3.9154789448
6.8685427904,-102.0896282196,-3.6245852709
1.4399038255,-102.0918464661,-1.3575094640
4.3415021300,-102.0892715454,-1.2886402309
7.3746399879,-102.0855751038,-1.2187342449
1.1876640320,-106.2969264984,-7.2306100130
3.5440585017,-106.2850723267,-6.7345644236
5.8862416744,-106.2654228210,-5.8836190701
1.2741202712,-106.3458290100,-4.0915881991
3.8815795779,-106.3185997009,-3.8258079290
6.7649465799,-106.2787227631,-3.5403304696
1.4238242507,-106.2989253998,-1.3224804699
4.3095965385,-106.2835750580,-1.2487014532
7.3472968340,-106.2633247375,-1.1865515113
1.1758162679,-110.9543285370,-7.2176091671
3.5266213417,-110.8104019165,-6.7268397808
5.8801440001,-111.0006237030,-5.8830029964
1.2504404486,-110.8191757202,-4.0648990870
3.8494807482,-110.6700496674,-3.7983068824
6.7562403679,-110.7761726379,-3.5299760699
1.4116181731,-111.0769767761,-1.3088409603
4.2943416238,-110.8212776184,-1.2291707397
7.3442004919,-110.6898784637,-1.1771454811
-1.4396372437,-102.0917739868,-1.3576354980
-4.3410991430,-102.0890998840,-1.2888605297
-7.3743911982,-102.0854778290,-1.2188285097
-1.3127399385,-102.1000270844,-4.1596533060
-3.9687860608,-102.0967769623,-3.9162792563
-6.8681541681,-102.0894546509,-3.6248717308
-1.2157970965,-102.0915412903,-7.2954474688
-3.6210488677,-102.0911636353,-6.7873494625
-5.9787795544,-102.0869388580,-5.9891525507
-1.4237379432,-106.2984771729,-1.3224769533
-4.3095217347,-106.2826023102,-1.2486799955
-7.3472640514,-106.2627773285,-1.1865335107
-1.2740474641,-106.3446521759,-4.0915935040
-3.8816251159,-106.3161792755,-3.8258086443
-6.7650064230,-106.2774524689,-3.5403258204
-1.1876775920,-106.2961750031,-7.2306188345
-3.5441789031,-106.2835769653,-6.7345869541
-5.8863343000,-106.2646751404,-5.8836327791
-1.4116851986,-111.0751266479,-1.3087637126
-4.2944243550,-110.8177032471,-1.2288677692
-7.3442696333,-110.6864032745,-1.1767463088
-1.2512120902,-110.8134231567,-4.0646771789
-3.8503015041,-110.6578273773,-3.7975420952
-6.7568278313,-110.7637519836,-3.5289231539
-1.1771784125,-110.9371280670,-7.2173779011
-3.5283013582,-110.7782802582,-6.7259879112
-5.8815112114,-110.9779529572,-5.8817455769
56.1780929565,-138.0473976135,-42.7530498505
57.5316534042,-128.4732093811,-76.1669273376
35.6995844841,-111.7831745148,-62.4198074341
93.4259872437,-116.7111740112,-198.2601051331
81.9517726898,-81.4830551147,-233.0853538513
93.9650325775,-81.0705394745,-232.4504318237
82.1766948700,-68.8670101166,-233.0674514771
94.1151752472,-68.5206966400,-232.1488990784
93.9704113007,-68.4983139038,-245.0724716187
69.5600118637,-56.0318822861,-221.3507041931
81.8748550415,-56.1056337357,-233.3839759827
81.8776741028,-56.1668682098,-245.7605476379
93.8275337219,-55.8058042526,-232.6072463989
93.9533004761,-55.8924865723,-245.1082458496
69.8994274139,-43.5518369675,-221.6482276917
81.7073097229,-43.6770162582,-245.9286270142
93.7530460358,-43.4260482788,-245.4937782288
94.0814285278,-43.4721221924,-257.4143257141
70.0697488785,-31.3778238297,-221.7166213989
69.7293586731,-31.3314681053,-233.7729949951
82.3522148132,-31.3398156166,-257.8266029358
94.1293430328,-31.1308064461,-257.3495407104
70.1719551086,-19.2482922077,-234.0307731628
82.6735420227,-18.9975202084,-257.6364250183
94.2330856323,-18.8140001297,-257.1625175476
58.6172370911,-6.2876967192,-209.2730751038
70.8731908798,-6.5438638926,-234.0607986450
82.7290325165,-6.3527574539,-257.5059509277
94.2769489288,-6.2717758417,-257.3712425232
43.6019792557,-115.3291988373,-74.7913436890
36.6661233902,-101.5453720093,-62.9402847290
42.9552145004,-92.9687862396,-112.6599998474
57.7257642746,-44.2847490311,-198.3107261658
81.0895366669,-43.7441186905,-234.3276062012
81.5490093231,-31.9962587357,-246.3865814209
70.2080507278,-19.3776824474,-222.1858711243
32.7471485138,-99.3457813263,-21.2481312752
32.5153384209,-98.7866992950,-24.5241951942
32.2598142624,-98.2541732788,-27.7784452438
36.3470487595,-99.4811916351,-21.6298036575
36.0437774658,-98.9646987915,-24.9381995201
35.6714897156,-98.4716320038,-28.2046217918
39.9965677261,-99.6910915375,-22.0841832161
39.6469268799,-99.1806755066,-25.4409871101
39.1779832840,-98.6898250580,-28.7307453156
32.5966391563,-103.0392265320,-21.5229353905
32.2502880096,-102.3769512177,-24.8493223190
31.9278182983,-101.7760238647,-28.1622228622
36.1817712784,-103.1700763702,-21.9284677505
35.7740879059,-102.5905284882,-25.2745394707
35.3157234192,-102.0781211853,-28.5886502266
39.8260173798,-103.3996257782,-22.3879580498
39.3886089325,-102.8384017944,-25.7753601074
38.8455972672,-102.3100547791,-29.0935277939
32.3143315315,-106.6861515045,-21.8663926125
31.6423864365,-105.9286727905,-25.2868728638
31.0699806213,-105.4010238647,-28.7851600647
35.9730854034,-106.7705478668,-22.2295832634
35.4090175629,-106.1064739227,-25.5994029045
34.7338790894,-105.7181720734,-29.0442805290
39.6178455353,-107.0553493500,-22.6892137527
39.0888376236,-106.4105987549,-26.0904841423
38.4103450775,-105.8911228180,-29.4789004326
89.7608089447,-89.1128063202,-166.2587432861
89.7031803131,-89.0611038208,-162.2988471985
89.6853027344,-88.9444541931,-158.2926216125
89.6851367950,-93.1732482910,-166.1484756470
89.5825290680,-93.1280250549,-162.2079315186
89.5147552490,-93.0225734711,-158.2183952332
93.8377895355,-97.5734062195,-166.0165023804
93.7733726501,-97.5445270538,-162.0770301819
89.6756267548,-97.3063564301,-166.0999832153
89.5596504211,-97.2594203949,-162.1831092834
89.4708919525,-97.1650390625,-158.1945495605
-9.7926274538,-64.5544986725,-6.2226275206
-10.6813437939,-64.5725860596,-3.8379870653
-11.1287114620,-64.5806770325,-1.2879188302
-14.8326447010,-64.5196409225,-7.3342765570
-15.2980301380,-64.5571193695,-4.3753442764
-15.9441680908,-64.5761547089,-1.4519650042
-9.7959920168,-68.7241516113,-6.2239810228
-10.6826460361,-68.7398281097,-3.8403511047
-11.1288161278,-68.7473812103,-1.2889958265
-14.8342525959,-68.6929492950,-7.3501774073
-15.2905855179,-68.7259254456,-4.3869146109
-15.9156126976,-68.7433013916,-1.4563112259
-9.8022173643,-72.8957252502,-6.2221955061
-10.6881859303,-72.9080295563,-3.8406490088
-11.1312434673,-72.9143524170,-1.2893113437
-14.8613829613,-72.8710918427,-7.3564310074
-15.3176722527,-72.8971328735,-4.3929986358
-15.9525198936,-72.9110679626,-1.4587436616
60.6515436172,-53.0376482010,-154.2060737610
60.5826053619,-53.1454181671,-149.8333969116
60.5124864578,-53.2196226120,-145.5379257202
56.1289997101,-53.0621385574,-154.9991493225
56.2209692001,-53.2458219528,-150.2229766846
56.1023178101,-53.3383846283,-145.7529563904
51.6717357635,-53.0092830658,-155.4954490662
51.9751825333,-53.3867759705,-150.5388336182
51.6560726166,-53.5400867462,-146.0222053528
60.8123493195,-57.3112888336,-154.5373229980
60.5764989853,-57.4558353424,-150.1532669067
60.4509925842,-57.5453071594,-145.7959938049
56.2498893738,-57.4346265793,-155.3912658691
56.1866168976,-57.6103639603,-150.6285705566
56.0460510254,-57.6710968018,-146.0553245544
51.7078018188,-57.7500495911,-155.9851951599
51.8889579773,-57.9655895233,-151.0620040894
51.6431846619,-57.9384059906,-146.4037742615
60.9336719513,-61.5513286591,-154.7758216858
60.5932435989,-61.7172374725,-150.3696479797
60.3969697952,-61.8446846008,-145.9621543884
56.3230600357,-61.7363338470,-155.6586151123
56.1465415955,-61.9043722153,-150.8645248413
55.9421682358,-61.9590148926,-146.1957359314
51.2945365906,-62.7870826721,-156.5214195251
51.4242267609,-62.8499431610,-151.4670486450
51.2182321548,-62.4725685120,-146.5565490723
28.9637269974,-26.3132548332,-46.3923835754
25.9713444710,-26.4870319366,-46.4886932373
23.0259747505,-26.5844841003,-46.7751636505
28.9455099106,-26.3939771652,-49.1657667160
26.1022949219,-26.4969038963,-49.5006122589
23.2925148010,-26.5574498177,-49.9657897949
29.0305829048,-26.4163813591,-51.8169231415
26.5093750954,-26.4821863174,-52.5222558975
23.8350195885,-26.5231099129,-53.2157220840
29.1627626419,-30.4802217484,-46.5732793808
26.1544599533,-30.6140289307,-46.6853199005
23.1850042343,-30.6960787773,-46.9921684265
29.1431875229,-30.5423083305,-49.3468589783
26.2812075615,-30.6255588531,-49.7066135406
23.4492354393,-30.6768832207,-50.1969184875
29.2249455452,-30.5663156509,-52.0062475204
26.6861224174,-30.6209826469,-52.7370891571
23.9901976585,-30.6557106972,-53.4578247070
29.3106050491,-34.6954412460,-46.7385740280
26.2980527878,-34.7790250778,-46.8612747192
23.3190798759,-34.8313484192,-47.1814308167
29.2953495979,-34.7308073044,-49.5092658997
26.4271044731,-34.7834310532,-49.8865280151
23.5858569145,-34.8139219284,-50.3944311142
29.3801255226,-34.7443647385,-52.1688489914
26.8346924782,-34.7793769836,-52.9190540314
24.1285395622,-34.7988233566,-53.6599779129
36.5882024765,-39.7517366409,-102.7515525818
36.6579055786,-39.7632274628,-98.7432212830
36.8011741638,-39.7693243027,-94.6991500854
32.5246810913,-39.7676267624,-102.7391986847
32.5753006935,-39.7452630997,-98.6770973206
32.7861990929,-39.7124338150,-94.5364017487
28.4251875877,-39.9403362274,-102.9674987793
28.4619979858,-39.8300437927,-98.7715587616
28.8366179466,-39.7113637924,-94.3908252716
36.7522926331,-43.7859582901,-102.9013252258
36.8061151505,-43.7974891663,-98.9380855560
36.9255666733,-43.7913551331,-94.9354419708
32.8073635101,-43.7382202148,-102.8463497162
32.7930078506,-43.7208652496,-98.8382930756
32.9360942841,-43.6843891144,-94.7457332611
28.9695367813,-43.8368844986,-103.0827732086
28.8784584999,-43.6143531799,-98.8986263275
29.1124305725,-43.4496383667,-94.5665302277
36.7579183578,-47.8644866943,-102.9907207489
36.8076963425,-47.8532428741,-99.0881538391
36.8964834213,-47.8253259659,-95.1412353516
32.7982773781,-47.7853641510,-102.8903217316
32.6899347305,-47.7394304276,-98.9495620728
32.7100338936,-47.6798067093,-94.9275245667
28.7293334007,-48.0074834824,-103.3972511292
28.4528379440,-47.4621238708,-98.9598236084
28.2936906815,-47.2133026123,-94.6965293884
37.9135808945,-75.8615589142,-39.5198154449
34.8780736923,-75.9213943481,-39.2441654205
31.8608527184,-75.7548274994,-39.0010242462
37.4219589233,-75.8450794220,-42.6289129257
34.5626211166,-75.7253761292,-42.2892541885
31.6645016670,-75.5144691467,-42.0357589722
37.1594648361,-75.6769542694,-45.6338834763
34.3739671707,-75.5222949982,-45.2793197632
31.5612239838,-75.2988967896,-45.0017814636
37.8409843445,-79.4172840118,-39.7359142303
34.8178339005,-79.3712348938,-39.3991718292
31.7557873726,-79.2492046356,-39.1575908661
37.4463243484,-79.2534847260,-42.7635898590
34.5244693756,-79.1559066772,-42.4238624573
31.5706562996,-79.0058250427,-42.1797285080
37.1881523132,-79.0732727051,-45.7562522888
34.3378381729,-78.9538593292,-45.4040803909
31.4730653763,-78.7884864807,-45.1350126266
37.7052803040,-82.9556884766,-39.9355106354
34.6945304871,-82.8579101562,-39.5801773071
31.6272664070,-82.7475643158,-39.3362646103
37.3415002823,-82.7332420349,-42.9344415665
34.4156904221,-82.6134262085,-42.5879144669
31.4479150772,-82.4815731049,-42.3455486298
37.0848627090,-82.5364723206,-45.9087810516
34.2294616699,-82.4007568359,-45.5529899597
31.3515510559,-82.2503051758,-45.2877645493
34.9954700470,-26.4423875809,-57.3159599304
32.2493739128,-26.3690404892,-55.7734508514
30.0780401230,-26.3841772079,-54.0335397720
32.1854410172,-26.5867824554,-60.0521450043
29.6266431808,-26.4609951973,-57.8752441406
27.6596426964,-26.4507040977,-55.3730401993
28.5941090584,-26.6760110855,-62.7534980774
26.4878950119,-26.5161643028,-59.5934600830
24.8831100464,-26.4937691689,-56.4488067627
35.1167831421,-30.6373848915,-57.4959535599
32.4284071922,-30.5491642952,-55.9511070251
30.2700972557,-30.5480594635,-54.2232265472
32.3068094254,-30.7588849068,-60.2456045151
29.7855072021,-30.6300010681,-58.0818204880
27.8327126503,-30.6057362556,-55.5888519287
28.7046523094,-30.8411707878,-62.9892759323
26.6257271767,-30.6798591614,-59.8360996246
25.0336952209,-30.6432275772,-56.6948747635
35.2543630600,-34.8260784149,-57.5690870285
32.5768375397,-34.7400283813,-56.0822772980
30.4258360863,-34.7310485840,-54.3787527084
32.4116005898,-34.9174242020,-60.3816356659
29.9220175743,-34.7995815277,-58.2428207397
27.9805021286,-34.7710857391,-55.7655639648
28.8117203712,-34.9887247086,-63.1669530869
26.7530350685,-34.8372774124,-60.0266122818
25.1700077057,-34.7952642441,-56.8948659897
89.5017910004,-92.9025859833,-154.2095184326
89.4199008942,-97.0629863739,-154.1800460815
89.4309959412,-96.9730033875,-150.1569442749
9.0107448101,-39.3339319229,-29.5709800720
5.5119553208,-39.3406152725,-29.9901027679
1.9995013364,-39.3525362015,-30.4355173111
9.1984525919,-39.2772912979,-32.8445482254
5.6790367961,-39.2872438431,-33.3229093552
2.1289624572,-39.3046913147,-33.8570003510
9.4326134920,-39.2173833847,-36.0921993256
5.9195443392,-39.2290191650,-36.6307859421
2.3612710685,-39.2513132095,-37.2620048523
9.0365430117,-43.4522438049,-29.6885461807
5.5264112353,-43.4603328705,-30.1177463531
2.0101055950,-43.4752683640,-30.5717325211
9.2264977694,-43.3904418945,-32.9797067642
5.6995920539,-43.4023666382,-33.4726548195
2.1501782164,-43.4248104095,-34.0222344398
9.4674043655,-43.3264379501,-36.2426280975
5.9505469799,-43.3405389786,-36.8013210297
2.3971487358,-43.3695449829,-37.4591159821
9.0564934015,-47.5667371750,-29.7896776199
5.5402690768,-47.5693740845,-30.2239637375
2.0298675522,-47.5769319534,-30.6796278954
9.2461298704,-47.4975223541,-33.0969834328
5.7196612954,-47.5042648315,-33.5982160568
2.1845580488,-47.5191135406,-34.1538543701
9.4908168316,-47.4279441833,-36.3746814728
5.9802639484,-47.4363059998,-36.9460611343
2.4494277239,-47.4553575516,-37.6171073914
72.7750110626,-2.0991790891,-164.5038452148
72.8048305511,-2.0991790295,-160.4294967651
72.8205051422,-2.1006823182,-156.3573036194
68.5770683289,-2.0979925990,-164.1966972351
68.6221256256,-2.1005985737,-160.1328239441
68.6565723419,-2.1031048894,-156.0991973877
64.3484096527,-2.0940639377,-163.6868553162
64.4278354645,-2.1009660363,-159.7111625671
64.4681367874,-2.1039300561,-155.7424545288
72.7916889191,-6.2961690426,-164.4588394165
72.8710613251,-6.2985208035,-160.3851623535
72.9269523621,-6.3034123182,-156.3311691284
68.5848102570,-6.2966309786,-164.1538200378
68.6920337677,-6.3038344383,-160.0968933105
68.7615222931,-6.3099094629,-156.0661964417
64.4454450607,-6.2945315838,-163.6781234741
64.5318984985,-6.3081649542,-159.6999740601
64.5806512833,-6.3130542040,-155.7293243408
72.8233203888,-10.4925796986,-164.4762954712
72.9322452545,-10.5001602173,-160.4028167725
73.0171298981,-10.5091531277,-156.3579254150
68.6193237305,-10.4980325699,-164.2020492554
68.7564716339,-10.5091271400,-160.1359672546
68.8551082611,-10.5175597668,-156.1053733826
64.4990530014,-10.5047953129,-163.7777938843
64.6036710739,-10.5186693668,-159.7769699097
64.6760807037,-10.5223846436,-155.7991447449
49.0339069366,-52.2863187790,-103.9870033264
49.2344932556,-52.2104806900,-100.0130252838
49.3931102753,-52.1564083099,-96.0777225494
44.8158502579,-52.2203426361,-103.7659740448
45.0413169861,-52.1186313629,-99.8107547760
45.1990261078,-52.0416193008,-95.9216976166
40.6827602386,-52.1472806931,-103.4554729462
40.8975811005,-52.0346107483,-99.5256137848
41.0339050293,-51.9607572556,-95.6441459656
48.9866085052,-56.4389009476,-104.1520538330
49.1806573868,-56.3085308075,-100.1928005219
49.3128538132,-56.2263126373,-96.2876529694
44.7853899002,-56.3542013168,-103.9251518250
45.0242996216,-56.2019224167,-99.9870834351
45.1758060455,-56.1066942215,-96.1413307190
40.6779985428,-56.2763223648,-103.5672492981
40.9064779282,-56.1134281158,-99.6744632721
41.0404329300,-56.0235509872,-95.8473453522
48.9708280563,-60.5759296417,-104.2591762543
49.1683244705,-60.3791227341,-100.3138465881
49.2755727768,-60.2800617218,-96.4417667389
44.7803792953,-60.4652156830,-104.0423240662
45.0310230255,-60.2493543625,-100.1135234833
45.1714115143,-60.1557273865,-96.3064117432
40.6960449219,-60.3656206131,-103.6673278809
40.9349784851,-60.1426954269,-99.7887630463
41.0653219223,-60.0653839111,-96.0066623688
10.9099502563,-26.6224708557,-48.1067667007
7.7405968904,-26.5773849487,-48.5409822464
4.5080458522,-26.5020956993,-49.2036008835
11.4423744678,-26.5547709465,-51.2780437469
8.3811101913,-26.5056533813,-51.5814266205
5.2893615961,-26.4290661812,-52.1113948822
11.8994026184,-26.4893498421,-54.5112390518
8.9300255775,-26.4307222366,-54.6437606812
6.0854226351,-26.3578925133,-54.8500537872
10.9719474316,-30.7248401642,-48.3990249634
7.7849358320,-30.6823453903,-48.8497047424
4.5345834494,-30.6130647659,-49.5345182419
11.5106363297,-30.6619172096,-51.5848503113
8.4378746748,-30.6105895042,-51.8963327408
5.3383809924,-30.5319042206,-52.4308528900
11.9562249184,-30.6149625778,-54.8340559006
8.9727210999,-30.5560569763,-54.9705181122
6.1219151020,-30.4823441505,-55.1707763672
11.0720770359,-34.8277730942,-48.6327323914
7.8884044886,-34.7867975235,-49.0900087357
4.6410694122,-34.7203607559,-49.7920255661
11.6201298237,-34.7680912018,-51.8265447617
8.5612524748,-34.7111682892,-52.1314659119
5.4854158759,-34.6173477173,-52.6452140808
12.0429725647,-34.7407598495,-55.0879421234
9.0599161386,-34.6828575134,-55.2158050537
6.2219958305,-34.6008720398,-55.3800544739
72.6048717499,-85.8791828156,-141.6319236755
72.6972026825,-85.8761348724,-137.6610527039
72.7947978973,-85.8377151489,-133.6432991028
68.0625400543,-85.9341163635,-141.4916954041
68.0073738098,-85.9605197906,-137.5405006409
68.0576171875,-85.9342174530,-133.4730987549
63.2152500153,-86.5285701752,-142.3500175476
63.0559654236,-86.2133274078,-137.7065048218
62.9749212265,-86.1660785675,-133.3496742249
72.7431068420,-90.8598785400,-141.3958244324
72.7906417847,-90.7415924072,-137.5341758728
72.8561630249,-90.6284961700,-133.5723228455
68.3577728271,-91.1233501434,-141.3127174377
68.2458515167,-91.0007858276,-137.4589195251
68.2519893646,-90.8875503540,-133.4366722107
63.8977079391,-91.9187507629,-142.5418930054
63.6772222519,-91.6676788330,-137.7728195190
63.4758739471,-91.5553569794,-133.3720245361
73.0299034119,-95.5420017242,-141.2737503052
73.0549888611,-95.3574123383,-137.4463729858
73.0999813080,-95.1823101044,-133.5124092102
68.8395786285,-95.9103622437,-141.2061462402
68.7004241943,-95.7293758392,-137.3980712891
68.6867351532,-95.5472068787,-133.4080581665
64.2942171097,-97.3144855499,-142.4694519043
64.1258840561,-97.1509876251,-137.7482986450
63.9349546432,-96.9919605255,-133.3609733582
22.5235948563,-51.2066020966,-58.2907924652
19.1994037628,-51.1290702820,-58.7510423660
15.8644168377,-51.0453081131,-58.9124898911
23.6654524803,-51.2365636826,-61.7801809311
19.7865285873,-51.1596574783,-62.2944755554
15.9944820404,-51.0731201172,-62.3588886261
25.0202074051,-51.3304948807,-65.5142393112
20.3094267845,-51.2607383728,-66.0057554245
16.0249519348,-51.2171850204,-65.9799547195
22.5692338943,-55.2306499481,-58.4170007706
19.2290000916,-55.1374492645,-58.8875579834
15.8948519230,-55.0199890137,-59.0407991409
23.7382502556,-55.2499189377,-61.9106349945
19.8186745644,-55.1407003403,-62.4328203201
15.9929852486,-54.9733295441,-62.4754571915
25.1585397720,-55.3253831863,-65.6553325653
20.3929877281,-55.2091131210,-66.1387996674
16.0841848850,-55.0278873444,-66.0455131531
22.5555934906,-59.2045650482,-58.5416049957
19.1619472504,-59.1302442551,-59.0632371902
15.6654715538,-59.0800485611,-59.3316440582
23.7382807732,-59.2174139023,-62.0367259979
19.6997151375,-59.1164293289,-62.6226472855
15.4424300194,-58.9932336807,-62.8272428513
25.2159147263,-59.2822055817,-65.7741260529
20.2932028770,-59.1588048935,-66.2887153625
15.3806252480,-58.9494142532,-66.2794399261
-9.7930160761,-52.0633153915,-6.2203744650
-10.6820735931,-52.0744142532,-3.8341039419
-11.1291363239,-52.0805721283,-1.2862200978
-14.8309102058,-52.0400695801,-7.2975704670
-15.3030605316,-52.0611791611,-4.3513392806
-15.9542081356,-52.0756645203,-1.4435223043
-19.3253378868,-52.0454788208,-7.8358414173
-19.7551250458,-52.0543708801,-4.7028720975
-20.9866428375,-52.0702733994,-1.5520047843
-9.7828551531,-56.2251691818,-6.2135815620
-10.6754062176,-56.2405443192,-3.8310328126
-11.1264362335,-56.2475137711,-1.2853266540
-14.7929258347,-56.1976137161,-7.2802765369
-15.2713706493,-56.2286205292,-4.3431374431
-15.9136552811,-56.2440900803,-1.4411040545
-19.2091526985,-56.2051458359,-7.8046002388
-19.6462850571,-56.2294340134,-4.6848203540
-20.7835154533,-56.2437191010,-1.5451207757
-9.7864698172,-60.3889379501,-6.2171339989
-10.6781163216,-60.4069433212,-3.8336997628
-11.1276664734,-60.4144248962,-1.2862954083
-14.8133697510,-60.3590822220,-7.3032671213
-15.2891676426,-60.3964090347,-4.3565981984
-15.9426121712,-60.4122829437,-1.4455555677
-19.7262549400,-60.4042892456,-4.7238131762
19.4297347069,-2.0678540468,-44.9133796692
16.8085191250,-2.0650228858,-45.0242519379
14.1368670464,-2.0637435913,-45.1202478409
19.8102631569,-2.0404746532,-47.6855449677
17.1805574894,-2.0405524969,-47.8621349335
14.4978299141,-2.0420939326,-47.9672689438
20.3608283997,-2.0007249117,-50.5166187286
17.6299376488,-2.0066256523,-50.7632741928
14.8439226151,-2.0107974112,-50.8619375229
19.4482932091,-6.1934663057,-45.3425817490
16.7617173195,-6.1848397255,-45.4993562698
14.0145473480,-6.1789613962,-45.6395797729
19.8164110184,-6.1262624264,-48.2935123444
17.1565146446,-6.1239925623,-48.4904890060
14.4324223995,-6.1241233349,-48.6129093170
20.3671803474,-6.0330907106,-51.3298435211
17.6378874779,-6.0425096750,-51.5635499954
14.8450779915,-6.0479553938,-51.6545171738
19.5383000374,-10.2988553047,-45.7663326263
16.7710552216,-10.2872648239,-45.9653053284
13.9443600178,-10.2762367725,-46.1485872269
19.9025597572,-10.2163674831,-48.8386030197
17.1770799160,-10.2106049061,-49.0644035339
14.3867726326,-10.2047700882,-49.2177324295
20.4564576149,-10.1091924906,-52.0036163330
17.6758031845,-10.1132972240,-52.2528276443
14.8307783604,-10.1112749577,-52.3635206223
85.3106784821,-14.5746300220,-189.4533500671
85.3466434479,-14.5926854610,-185.3969993591
81.1401672363,-14.5837152004,-189.2779769897
81.1832065582,-14.6019906998,-185.2096481323
81.1676826477,-14.6161875725,-181.1575508118
77.0631275177,-14.5976476669,-189.0049972534
77.0486984253,-14.6145625114,-184.9892501831
76.9627494812,-14.6274921894,-180.9816741943
85.3174934387,-18.7433457375,-189.5192489624
85.3574275970,-18.7593407631,-185.4459915161
81.1489696503,-18.7558684349,-189.3746757507
81.1970996857,-18.7700405121,-185.2812004089
81.1855068207,-18.7847366333,-181.2132225037
77.0741729736,-18.7738857269,-189.1285476685
77.0652332306,-18.7849555016,-185.0847015381
76.9831485748,-18.7980666161,-181.0602264404
85.3312282562,-22.9071578979,-189.6004829407
85.3765258789,-22.9200835228,-185.5064277649
81.1647872925,-22.9201312065,-189.4862937927
81.2216320038,-22.9289531708,-185.3629951477
81.2149028778,-22.9455323219,-181.2793655396
77.0899562836,-22.9392905235,-189.2590942383
77.0942440033,-22.9426350594,-185.1847457886
77.0184593201,-22.9578766823,-181.1445465088
6.4414243698,-64.5864362717,-9.2077493668
3.8802925348,-64.5531177521,-9.9677908421
1.2951888135,-64.5404014587,-10.5201368332
7.6505770683,-64.5476112366,-12.9778676033
4.5203651786,-64.4768657684,-13.4302101135
1.4627522016,-64.4468078613,-13.7886228561
8.1617068052,-64.4418621063,-16.5183649063
4.8188889027,-64.3734159470,-16.8544545174
1.5288347648,-64.3408451080,-17.1447868347
6.4148564339,-68.7375736237,-9.2179024220
3.8644628525,-68.7069683075,-9.9729070663
1.2845970695,-68.6973628998,-10.5212695599
7.5792634487,-68.6693725586,-13.0069401264
4.4760622978,-68.6054058075,-13.4446423054
1.4316992834,-68.5842361450,-13.7924952507
8.0649839640,-68.5370559692,-16.5619578362
4.7544047236,-68.4777355194,-16.8757822514
1.4793128669,-68.4594573975,-17.1513614655
6.3924701214,-72.8777828217,-9.2274782658
3.8519118428,-72.8549442291,-9.9761183262
1.2778487792,-72.8506412506,-10.5194795132
7.5214252472,-72.7641448975,-13.0325171947
4.4423784614,-72.7176418304,-13.4529297352
1.4130872339,-72.7109909058,-13.7873401642
7.9901008606,-72.5971984863,-16.5972523689
4.7087872028,-72.5580234528,-16.8862452507
1.4531780221,-72.5614318848,-17.1423439980
60.7954378128,-39.5779027939,-128.3142738342
60.8292160034,-39.2859020233,-124.1498508453
60.9244604111,-39.0995683670,-120.0465736389
56.4212808609,-39.8309926987,-128.2816467285
56.5156135559,-39.6693086624,-124.1066703796
56.6138000488,-39.5618200302,-119.9740734100
52.1336450577,-39.9408493042,-128.1655960083
52.2718925476,-39.8331165314,-123.9772968292
52.3856058121,-39.7658777237,-119.8359527588
60.8999767303,-43.9859189987,-128.4215316772
61.0379877090,-43.7589282990,-124.2982254028
61.2332696915,-43.5944166183,-120.2309265137
56.5461635590,-44.1361875534,-128.3429775238
56.7159795761,-43.9721307755,-124.1958217621
56.8685216904,-43.8591146469,-120.1024513245
52.2884111404,-44.2122821808,-128.1502723694
52.4588270187,-44.0754756927,-124.0166473389
52.5834341049,-43.9929418564,-119.9291038513
60.9277391434,-48.4496717453,-128.5645084381
61.1009979248,-48.2840452194,-124.4643497467
61.3135585785,-48.1493453979,-120.4179019928
56.6266126633,-48.4853582382,-128.4171066284
56.8225021362,-48.3345127106,-124.2897987366
56.9812278748,-48.2290010452,-120.2268753052
52.4330425262,-48.4864931107,-128.1408996582
52.5983619690,-48.3389778137,-124.0448226929
52.6948661804,-48.2594614029,-120.0062255859
89.6245841980,-126.0722293854,-81.9624233246
89.7457466125,-126.0329532623,-78.0306186676
89.8447456360,-125.9403743744,-74.0814895630
93.6738452911,-130.8425025940,-81.9880008698
93.7904071808,-130.7923393250,-78.0142021179
93.8867034912,-130.6386146545,-74.0115928650
89.4376430511,-130.4407272339,-81.9780139923
89.6250782013,-130.3810729980,-78.0210533142
89.7689132690,-130.2312908173,-74.0301876068
97.8690452576,-135.8531494141,-81.9979858398
97.9356002808,-135.7820968628,-77.9025611877
97.9827270508,-135.4652748108,-73.8640995026
93.5640373230,-135.3582458496,-82.0050716400
93.7743072510,-135.2790603638,-77.9872322083
93.9280929565,-134.9423179626,-73.8685817719
89.2414951324,-134.9443511963,-82.0745391846
89.5983142853,-134.8059158325,-78.0416259766
89.8477077484,-134.4810943604,-73.9034194946
48.2220659256,-2.1794361472,-100.9930515289
48.3246936798,-2.1758109927,-96.5809974670
48.4093322754,-2.1666146517,-91.9010086060
44.0581655502,-2.1573809981,-100.5721549988
44.1133003235,-2.1553680301,-96.3146915436
44.0986824036,-2.1528690457,-92.0292129517
39.8951187134,-2.1448484659,-100.1091423035
39.9531030655,-2.1443607211,-95.9351825714
39.9964532852,-2.1443853378,-91.7694377899
48.2937860489,-6.5220412016,-101.0355720520
48.4301509857,-6.5253415108,-96.6759567261
48.5398387909,-6.5186750889,-92.1760711670
44.0928258896,-6.4615492821,-100.7238006592
44.1666431427,-6.4649947882,-96.5131053925
44.1580429077,-6.4685977697,-92.3603687286
39.8856544495,-6.4272437096,-100.3878288269
39.9396562576,-6.4297895432,-96.2415008545
39.9793844223,-6.4351330996,-92.1290531158
48.2936086655,-10.8253526688,-101.1718750000
48.4655227661,-10.8545103073,-96.8151607513
48.6218576431,-10.8782050610,-92.3379707336
44.0938568115,-10.7413699627,-100.9454002380
44.1907663345,-10.7630751133,-96.7463092804
44.2089233398,-10.7887303829,-92.6206722260
39.8706789017,-10.6933021545,-100.6972084045
39.9368991852,-10.7055702209,-96.5618133545
39.9957208633,-10.7246632576,-92.4655456543
85.3570804596,-27.0616345406,-189.6754417419
85.4072475433,-27.0731725693,-185.5665283203
81.1958389282,-27.0703129768,-189.5833053589
81.2627925873,-27.0753831863,-185.4390220642
81.2596817017,-27.0967078209,-181.3460655212
77.1245861053,-27.0859398842,-189.3636703491
77.1467876434,-27.0812878609,-185.2702751160
77.0761985779,-27.1027793884,-181.2224998474
85.3973903656,-31.2079920769,-189.7297325134
85.4510326385,-31.2198634148,-185.6189765930
81.2470493317,-31.2065582275,-189.6464767456
81.3243293762,-31.2093853951,-185.4994735718
81.3215999603,-31.2388787270,-181.4083709717
77.1868648529,-31.2109675407,-189.4225692749
77.2308292389,-31.1976909637,-185.3299217224
77.1608943939,-31.2316999435,-181.2887229919
85.4466190338,-35.3509750366,-189.7677421570
85.5046730042,-35.3639163971,-185.6655502319
81.3153266907,-35.3313884735,-189.6810226440
81.4045677185,-35.3343257904,-185.5465049744
81.3984088898,-35.3756780624,-181.4689292908
77.2791461945,-35.3060951233,-189.4372749329
77.3487358093,-35.2899303436,-185.3648796082
77.2712039948,-35.3464393616,-181.3478507996
9.0538277626,-51.6760845184,-29.8794393539
5.5335451365,-51.6699657440,-30.3131198883
2.0318452120,-51.6641817093,-30.7632045746
9.2403863668,-51.5977516174,-33.2025446892
5.7176741362,-51.5967960358,-33.7049217224
2.2036758140,-51.5965595245,-34.2551574707
9.4837821722,-51.5220689774,-36.4970340729
5.9830324650,-51.5222778320,-37.0735349655
2.4855862856,-51.5198726654,-37.7411603928
9.0150697231,-55.7755689621,-29.9616127014
5.4866344333,-55.7643251419,-30.3891696930
1.9764019102,-55.7511930466,-30.8292427063
9.1959279776,-55.6879587173,-33.3007822037
5.6713499427,-55.6860179901,-33.7980389595
2.1622025333,-55.6791181564,-34.3333311081
9.4305573702,-55.6080522537,-36.6165876389
5.9292340875,-55.6112737656,-37.1943140030
2.4480058178,-55.5986671448,-37.8469123840
8.9417885542,-59.8548650742,-30.0349426270
5.4008613825,-59.8483686447,-30.4498996735
1.8566437655,-59.8432102203,-30.8771553040
9.1167956591,-59.7585945129,-33.3887004852
5.5821718574,-59.7707290649,-33.8740215302
2.0485171191,-59.7808771133,-34.3879194260
9.3366739750,-59.6778554916,-36.7295942307
5.8165777326,-59.7099123001,-37.3070487976
2.3075968623,-59.7336750031,-37.9461679459
78.4909534454,-115.5443000793,-70.3318119049
78.0485935211,-115.5139465332,-66.1690006256
81.9992103577,-120.5553226471,-70.2493228912
81.9951763153,-120.5374202728,-66.2714519501
77.9286117554,-119.8221492767,-70.4856452942
77.8203144073,-119.9054965973,-66.4455642700
77.6877803802,-120.2625732422,-62.3756608963
18.8017501831,-87.0470485687,-29.9608058929
15.4659171104,-86.9959049225,-30.0156502724
12.1465749741,-86.9532833099,-30.0959954262
18.8572502136,-86.7071628571,-33.2013645172
15.5912744999,-86.6274986267,-33.2734928131
12.3405473232,-86.5535316467,-33.3678612709
18.9371800423,-86.2970619202,-36.4084711075
15.7518100739,-86.1918773651,-36.4946699142
12.5811200142,-86.1294994354,-36.6142520905
18.7394928932,-90.8124065399,-30.1389031410
15.4037523270,-90.7541027069,-30.1858029366
12.0912573338,-90.6838665009,-30.2645478249
18.7537150383,-90.5058803558,-33.4288005829
15.4778902531,-90.3892364502,-33.4868025780
12.2277877331,-90.2420272827,-33.5943255424
18.7919821739,-90.0194683075,-36.6482534409
15.6179823875,-89.8299427032,-36.6825551987
12.4723701477,-89.6309814453,-36.7938756943
18.7083601952,-94.6696777344,-30.3194556236
15.3130474091,-94.5844001770,-30.3879790306
11.8697819710,-94.5404052734,-30.5964684486
18.6620221138,-94.5418224335,-33.7618665695
15.2348072529,-94.3406524658,-33.8557076454
11.6228568554,-94.1954917908,-34.2727880478
18.5618567467,-93.9920673370,-37.0191698074
15.2136244774,-93.6739482880,-37.0543613434
89.5629520416,-2.0589071512,-201.6513519287
89.5413150787,-2.0683007240,-197.6456184387
89.5346527100,-2.0757660866,-193.6322479248
89.5420322418,-6.1789264679,-201.5782508850
89.5040607452,-6.2066831589,-197.6004219055
89.5018444061,-6.2282094955,-193.6021728516
89.5547714233,-10.3043773174,-201.5339050293
89.4970226288,-10.3510522842,-197.5817985535
89.4896678925,-10.3843603134,-193.5962257385
21.9727125168,-101.2113285065,-10.9712722301
22.0127248764,-100.6694774628,-14.1660976410
22.0638670921,-100.0641078949,-17.3853476048
25.7321410179,-101.1072559357,-11.1134495735
25.7099776268,-100.5623245239,-14.2981750965
25.6813273430,-99.9613971710,-17.4908905029
29.4554619789,-100.9971275330,-11.2593145370
29.3988437653,-100.4618759155,-14.4693732262
29.3106293678,-99.8909130096,-17.6875662804
22.0533032417,-105.3722991943,-11.1301274300
22.0694198608,-104.7493991852,-14.3603179455
22.0834550858,-104.0637512207,-17.6151530743
25.8381381035,-105.2151985168,-11.2558991909
25.7747349739,-104.5950260162,-14.4573779106
25.6880774498,-103.8972492218,-17.6434309483
29.5946769714,-105.0011539459,-11.4025073051
29.4811320305,-104.4024009705,-14.6380610466
29.3149070740,-103.7438488007,-17.8608765602
22.1507120132,-109.6936283112,-11.3476748466
22.1621994972,-108.9674034119,-14.6134729385
22.0912566185,-108.2707309723,-17.9241027832
25.9831471443,-109.4532737732,-11.4261274338
25.8783693314,-108.7632999420,-14.6282358170
25.6945137978,-108.0179481506,-17.7590985298
29.8307347298,-109.0386009216,-11.5605337620
29.6600174904,-108.3765735626,-14.8098316193
29.3807573318,-107.6619949341,-18.0038132668
93.5993480682,-27.0580577850,-213.4493522644
93.9776420593,-26.9563426971,-209.5300521851
89.1704387665,-27.1408362389,-212.9258537292
90.1636619568,-26.8265094757,-209.1373825073
90.1296195984,-26.8486976624,-205.3844223022
93.5908260345,-31.2235302925,-213.3753318787
94.0396614075,-31.1373581886,-209.4785308838
89.1372547150,-31.2722287178,-212.7650985718
90.3123474121,-31.0896162987,-209.0584793091
90.3109245300,-31.0727510452,-205.3339538574
93.5890789032,-35.2829036713,-213.2253341675
94.0785160065,-35.2604618073,-209.3810272217
89.1103649139,-35.3184795380,-212.5981559753
90.3724498749,-35.2370977402,-208.9361534119
90.4020385742,-35.2453641891,-205.2653770447
8.2008748055,-76.3937435150,-20.0706415176
4.8332312703,-76.4029407501,-20.2914781570
1.4589229487,-76.4590320587,-20.5055823326
8.3807573318,-76.1623573303,-23.4544091225
4.9465430379,-76.1996021271,-23.6746177673
1.4824964367,-76.2913131714,-23.9012050629
8.5482491255,-75.9371376038,-26.8050732613
5.0838216543,-76.0065040588,-27.0425634384
1.5773029663,-76.1399192810,-27.2925553322
8.1953960657,-80.3388042450,-20.0946145058
4.8502600789,-80.3754253387,-20.2854676247
1.5010932051,-80.4607925415,-20.4708118439
8.3812031746,-80.0648860931,-23.4753298759
4.9742690325,-80.1301841736,-23.6641354561
1.5427175146,-80.2599811554,-23.8602337837
8.5532225370,-79.7989139557,-26.8223810196
5.1180945039,-79.8998413086,-27.0292000771
8.2172501087,-84.2429008484,-20.1197404861
4.8941702247,-84.2994728088,-20.2810997963
1.5756447199,-84.4011192322,-20.4344635010
8.4077144861,-83.9151115417,-23.4995951653
5.0305811167,-83.9968433380,-23.6570096016
8.5809068680,-83.5972003937,-26.8463125229
5.1756867170,-83.7152194977,-27.0256295204
-1.8944891691,-64.2135610580,-20.7461800575
-5.3683297038,-64.1948966980,-20.8706355095
-2.0002258122,-64.1046028137,-24.2453603745
-2.0120620579,-64.0061264038,-27.7591528893
-1.9599971734,-68.3456325531,-20.7404117584
-2.0858547464,-68.2387752533,-24.2343044281
-1.9720030315,-72.4648952484,-20.7033271790
9.8141864538,-51.4472751617,-39.7501745224
6.3653990030,-51.4432668686,-40.3916616440
2.9198713750,-51.4256296158,-41.1937427521
10.2671999931,-51.3717403412,-42.9433488846
6.9086008072,-51.3596115112,-43.6099643707
3.5536968112,-51.3174161911,-44.5448284149
10.8651318550,-51.2945318222,-46.0693397522
7.6521327496,-51.2779674530,-46.6684999466
4.4460488558,-51.2295923233,-47.6388816833
9.7481857538,-55.5340433121,-39.8937253952
6.2897480726,-55.5362148285,-40.5517559052
2.8591693938,-55.4962434769,-41.3605175018
10.1918580532,-55.4624691010,-43.1053609848
6.8103830814,-55.4557628632,-43.8059358597
3.4631536603,-55.3610887527,-44.7833271027
10.7940154076,-55.3920650482,-46.2347850800
7.5491927862,-55.3830213547,-46.8766565323
4.3406982422,-55.2597541809,-47.9202241898
9.6248164177,-59.6119832993,-40.0423192978
6.1056479216,-59.6684331894,-40.7379751205
2.5201111045,-59.7487726212,-41.6725301743
10.0350953341,-59.5528669357,-43.2890758514
6.5379056931,-59.6140899658,-44.0684957504
2.8626549076,-59.6477584839,-45.3071031570
10.6167523861,-59.4981908798,-46.4395360947
7.2214988470,-59.5614776611,-47.1833591461
3.6263966486,-59.5050926208,-48.5086679459
-1.3360066125,-64.5334644318,-10.5422768593
-3.9135910869,-64.5260467529,-10.0375807285
-6.4656107426,-64.5128850937,-9.3361272812
-1.5839250302,-64.4294786453,-13.8595952988
-4.6164659858,-64.4103269577,-13.6446230412
-7.6955071688,-64.3768081665,-13.3338425159
-1.7473512543,-64.3209362030,-17.2755551338
-5.0091052055,-64.2970256805,-17.2406587601
-8.2582206726,-64.2509937286,-17.1103484631
-1.3433551188,-68.6942024231,-10.5405144691
-3.9183035493,-68.6914653778,-10.0325989723
-6.4676829576,-68.6843147278,-9.3267211914
-1.6069890782,-68.5784912109,-13.8556275368
-4.6319174767,-68.5744304657,-13.6309819221
-7.7003840208,-68.5611667633,-13.3034272194
-1.7891502082,-68.4597530365,-17.2712345123
-5.0407596827,-68.4635181427,-17.2209923267
-8.2632141113,-68.4561462402,-17.0528929234
-1.3461695621,-72.8527088165,-10.5350573063
-3.9181720018,-72.8560695648,-10.0235891342
-6.4652361870,-72.8565196991,-9.3136501312
-1.6147951931,-72.7210292816,-13.8399651051
-4.6303803921,-72.7361602783,-13.6045675278
-7.6895737648,-72.7469043732,-13.2640576363
-1.8001984321,-72.5884628296,-17.2458443642
-5.0356424451,-72.6265525818,-17.1777000427
32.7859606743,-1.9169343114,-54.1526517868
30.1592602730,-1.8958182335,-52.4453630447
28.2296042442,-1.9180215299,-50.8587360382
30.6345577240,-1.9447580278,-56.5972957611
28.1397004128,-1.9036335051,-54.2356929779
26.3376746178,-1.9300500154,-51.9347867966
27.5965652466,-1.9534805119,-58.9934911728
25.4551191330,-1.9126237333,-55.7312917709
23.9366998672,-1.9428772330,-52.8443431854
33.2328033447,-5.8526682258,-55.0772972107
30.6346440315,-5.8094824553,-53.4514913559
28.5814290047,-5.8691706061,-51.7792606354
30.8944449425,-5.9150757790,-57.5697965622
28.3812417984,-5.8249312639,-55.3457603455
26.4687590599,-5.8869228959,-52.9579830170
27.7080373764,-5.9379017353,-60.0294666290
25.5758867264,-5.8429661989,-56.8668212891
23.9872164726,-5.9081832170,-53.8782262802
33.7585663795,-9.8968840837,-55.7617321014
31.0674262047,-9.8688105345,-54.1924438477
28.9522490501,-9.9481806755,-52.4865999222
31.2321496010,-9.9849410057,-58.3431768417
28.6735124588,-9.8919239044,-56.1480979919
26.7219567299,-9.9620279074,-53.7094459534
27.9078655243,-10.0273392200,-60.8606004715
25.7637696266,-9.9147877693,-57.7080116272
24.1516051292,-9.9796888828,-54.6547203064
62.8595724106,-125.7974224091,-14.0232949257
59.1549806595,-125.4637012482,-13.9568223953
55.5967655182,-125.1040973663,-13.8436446190
62.5487232208,-125.3326759338,-17.9025299549
58.7736072540,-124.9456787109,-17.7952532768
55.1604328156,-124.5185985565,-17.6454977989
62.2821674347,-124.8298263550,-21.6389150620
58.3956451416,-124.4050502777,-21.4749078751
54.7057638168,-123.9151000977,-21.3012928963
62.5592660904,-129.8878612518,-14.3893473148
58.7779397964,-129.4447212219,-14.3283247948
55.1951980591,-128.8899974823,-14.2259943485
62.2003622055,-129.3291702271,-18.3572521210
58.3354225159,-128.8485965729,-18.2498679161
54.6876220703,-128.2400951385,-18.0923848152
61.9259071350,-128.6412982941,-22.0868892670
57.9203519821,-128.1422729492,-21.9150204659
54.1801643372,-127.5102233887,-21.7162303925
62.0957555771,-134.0531692505,-14.8753652573
57.9928855896,-133.3889465332,-14.7780497074
53.5184020996,-132.6882743835,-14.6227922440
61.6625719070,-133.3611259460,-19.1847553253
57.4853267670,-132.6682701111,-19.0622100830
52.9700117111,-131.8881721497,-18.8246121407
61.2008752823,-132.4731254578,-23.7038569450
56.9010238647,-131.7520217896,-23.5758504868
52.2510671616,-131.0585403442,-23.2572398186
-1.5740990173,-39.4759473801,-20.4561204910
-4.9190315008,-39.4873743057,-20.5544772148
-8.2944430113,-39.5136680603,-20.6190967560
-1.5532728434,-39.4450550079,-23.8786606789
-4.9465922713,-39.4689216614,-24.0551853180
-8.3384910822,-39.5164270401,-24.1578974724
-1.5375030339,-39.4136276245,-27.3545098305
-4.9807068110,-39.4535646439,-27.6190052032
-8.3753153086,-39.5293121338,-27.7465362549
-1.5746956039,-43.6127033234,-20.5186667442
-4.9179487824,-43.6226196289,-20.6076092720
-8.2884721756,-43.6524572372,-20.6555213928
-1.5543003082,-43.5763626099,-23.9635715485
-4.9464247227,-43.6029891968,-24.1318221092
-8.3368762732,-43.6646318436,-24.2202072144
-1.5346692242,-43.5433588028,-27.4651474953
-4.9771603942,-43.5958147049,-27.7241544724
-8.3776506186,-43.7107172012,-27.8419256210
-1.5688270796,-47.7332963943,-20.5639619827
-4.9010114074,-47.7266387939,-20.6365299225
-8.2504897118,-47.7328290939,-20.6530385017
-1.5449925940,-47.6840114594,-24.0252122879
-4.9207510352,-47.6901407242,-24.1762905121
-8.2854059935,-47.7247562408,-24.2337484360
-1.5142142475,-47.6407070160,-27.5458226204
-4.9332227707,-47.6741409302,-27.7897853851
-8.3129518032,-47.7840175629,-27.8878903389
79.0047760010,-111.8302764893,-81.8652477264
82.3439617157,-116.4810733795,-81.8834419250
82.4571800232,-116.4599952698,-78.0627098083
78.7361717224,-115.8628997803,-81.7673225403
78.8808174133,-115.8191471100,-78.0672435760
78.8888778687,-115.7393760681,-74.3063640594
85.7992458344,-121.2801475525,-81.9180850983
85.9176616669,-121.2542972565,-78.0337715149
81.7683315277,-120.7377758026,-81.8060264587
81.9171581268,-120.7035713196,-77.9992713928
81.9996871948,-120.6489009857,-74.1557121277
77.6697082520,-120.0361232758,-81.6332988739
77.8656406403,-119.9642486572,-77.9754009247
77.9965705872,-119.9390525818,-74.2891387939
97.8725452423,-14.8158442974,-238.5313682556
97.8137302399,-14.7728872299,-234.0821723938
97.7631244659,-14.7215628624,-230.0350265503
93.4862098694,-15.1511967182,-238.4138526917
93.4363765717,-15.0955126286,-234.2779464722
93.2953662872,-14.9725558758,-230.1302986145
89.0444126129,-15.3535790443,-238.9566497803
89.1644611359,-15.3098547459,-234.5656013489
88.8242225647,-15.1896448135,-230.3193054199
97.8622779846,-19.2807922363,-238.3692474365
97.8062381744,-19.0962948799,-234.0527687073
97.7589626312,-18.9685907364,-229.9988517761
93.4617996216,-19.8086724281,-238.3271026611
93.4162483215,-19.6233854294,-234.2217483521
93.2958793640,-19.3216586113,-230.0482215881
89.0756072998,-20.0773301125,-238.8659515381
89.1754665375,-19.9076900482,-234.5252265930
88.9101352692,-19.5506625175,-230.2529716492
97.8384685516,-24.3371901512,-238.5266151428
97.7688026428,-23.9863972664,-233.9829978943
97.7252120972,-23.4887604713,-229.8253784180
93.2761173248,-24.8518352509,-238.4568672180
93.2400665283,-24.4356532097,-234.1349487305
93.1624088287,-23.7790479660,-229.7854957581
88.5136356354,-25.2038149834,-239.1820526123
88.7295608521,-24.7544951439,-234.4449920654
88.5770854950,-23.9868354797,-229.8829879761
59.7387971878,-114.3558254242,-1.9010079801
56.1259288788,-114.6083240509,-1.8893028200
59.5492143631,-114.3058013916,-5.7225059271
55.8533020020,-114.3800258636,-5.6842274070
59.3766984940,-114.0917739868,-9.5659010410
55.6249923706,-114.0529022217,-9.5008105040
63.6686601639,-118.2491264343,-1.9295769632
59.9236745834,-118.5046997070,-1.9278904498
56.2133808136,-118.7015247345,-1.9152742624
63.5058736801,-118.1365795135,-5.7988629937
59.7175540924,-118.2752532959,-5.7928170562
55.9563455582,-118.3547019958,-5.7531194687
63.3143939972,-117.9499511719,-9.6788198948
59.4845170975,-117.9878749847,-9.6691781282
55.6853256226,-117.9688491821,-9.6006680727
63.7838230133,-122.6584529877,-1.9671784341
60.0406618118,-122.6984024048,-1.9589592218
56.3112916946,-122.7705001831,-1.9406472147
63.5320682526,-122.3838253021,-5.9082941413
59.8101511002,-122.3314266205,-5.8844553828
56.0951395035,-122.3311996460,-5.8324089646
63.2702007294,-122.0866031647,-9.8501000404
59.5280580521,-121.9546718597,-9.8097721338
55.7854795456,-121.8715476990,-9.7267068624
36.9653654099,-75.4818840027,-48.6287860870
34.2544746399,-75.3256111145,-48.2298641205
31.5316925049,-75.1084747314,-47.8764381409
36.7604312897,-75.2964458466,-51.7145471573
34.1196184158,-75.1429920197,-51.1824855804
31.5252733231,-74.9444923401,-50.6317253113
36.5685529709,-75.1153411865,-55.0981082916
33.7733745575,-74.9612617493,-54.1728734970
31.4058833122,-74.8030605316,-53.2320289612
36.9812574387,-78.8965606689,-48.7498483658
34.2132892609,-78.7696819305,-48.3490724564
31.4459705353,-78.6006965637,-48.0005264282
36.7578773499,-78.7376441956,-51.8279190063
34.0715293884,-78.6047039032,-51.2934446335
31.4406261444,-78.4426670074,-50.7456884384
36.5385131836,-78.5980167389,-55.1959114075
33.7101974487,-78.4456615448,-54.2693252563
31.3176174164,-78.3076515198,-53.3323297501
36.8636550903,-82.3719539642,-48.8900060654
34.0957164764,-82.2250556946,-48.4863872528
31.3216686249,-82.0614318848,-48.1423397064
36.6229085922,-82.2425422668,-51.9579839706
33.9426870346,-82.0790786743,-51.4214115143
31.3113932610,-81.9101142883,-50.8787117004
36.3877897263,-82.1462211609,-55.3162078857
33.5696716309,-81.9380626678,-54.3890829086
31.1817693710,-81.7796897888,-53.4576206207
85.3348083496,-14.3921267986,-201.4087524414
85.2261867523,-14.4933719635,-197.4979209900
85.2442073822,-14.5459849834,-193.4973182678
80.9497623444,-14.3801674843,-201.4528007507
80.8500537872,-14.5030553341,-197.4748725891
80.9693374634,-14.5550324917,-193.3783454895
76.2973690033,-14.4987828732,-201.8207740784
76.3330879211,-14.5411427021,-197.5332450867
76.6691322327,-14.5676550865,-193.1765213013
85.3830833435,-18.5581092834,-201.5052795410
85.2382926941,-18.6737489700,-197.6067504883
85.2488842010,-18.7202072144,-193.5854454041
80.9994792938,-18.5563025475,-201.6743812561
80.8555717468,-18.6990575790,-197.6694030762
80.9725265503,-18.7375550270,-193.5159797668
76.3443660736,-18.7051882744,-202.3315238953
76.3315773010,-18.7547807693,-197.8179969788
76.6727027893,-18.7589473724,-193.3513259888
85.3527984619,-22.8293952942,-201.8483085632
85.2361698151,-22.8710498810,-197.7988090515
85.2556209564,-22.8938369751,-193.7047805786
80.9491214752,-22.8542399406,-202.3525314331
80.8392333984,-22.9074048996,-197.9872779846
80.9743099213,-22.9164404869,-193.6903228760
76.3851051331,-22.8750653267,-203.1549758911
76.2969455719,-22.9540972710,-198.1921997070
76.6635875702,-22.9435257912,-193.5476989746
40.9545354843,-2.1240519285,-75.7246894836
41.2099742889,-2.0927245617,-71.3247489929
41.1057376862,-6.3940179348,-76.1012229919
41.4118623734,-6.3189712763,-71.8663616180
41.2481527328,-10.6952803135,-76.4608497620
41.6293277740,-10.5954627991,-72.2951660156
20.4363503456,-38.9808359146,-47.7304420471
17.3996028900,-38.9727983475,-48.1037693024
14.3225998878,-38.9555244446,-48.4529199600
20.8036022186,-38.9503974915,-51.0484285355
17.8264398575,-38.9334716797,-51.4430446625
14.8036675453,-38.9079370499,-51.7507667542
21.3562188148,-38.9326725006,-54.4387121201
18.3192744255,-38.9149065018,-54.8609113693
15.2280352116,-38.8915777206,-55.1260576248
20.5371775627,-43.1022186279,-47.8767700195
17.5068948269,-43.0793457031,-48.2524366379
14.4469771385,-43.0547637939,-48.5976228714
20.9157900810,-43.0691642761,-51.2000875473
17.9460678101,-43.0373268127,-51.5966730118
14.9436526299,-43.0037174225,-51.8991737366
21.4759693146,-43.0499067307,-54.5932226181
18.4400329590,-43.0171079636,-55.0185947418
15.3580954075,-42.9858245850,-55.2807817459
20.6153221130,-47.2131652832,-48.0061445236
17.5921554565,-47.1765670776,-48.3819332123
14.5501828194,-47.1464910507,-48.7206153870
21.0105319023,-47.1733236313,-51.3328523636
18.0500049591,-47.1265039444,-51.7274198532
15.0708975792,-47.0847749710,-52.0191392899
21.5853595734,-47.1475028992,-54.7285451889
18.5546169281,-47.0955457687,-55.1513662338
15.4911720753,-47.0485429764,-55.4007034302
73.0804691315,-52.5484113693,-165.8645973206
73.2922115326,-52.6563205719,-161.7192687988
73.3904018402,-52.7944335938,-157.5995712280
68.8158226013,-52.5913114548,-165.8216247559
69.2555866241,-52.6325216293,-161.6483459473
69.3540477753,-52.7664403915,-157.5408248901
64.3252019882,-52.7300071716,-165.5319938660
65.3821725845,-52.5421314240,-161.4320411682
65.3847713470,-52.7062501907,-157.4827270508
73.0994510651,-56.7668437958,-166.0930480957
73.3249759674,-56.9102592468,-161.9430961609
73.4135265350,-57.0752954483,-157.8132209778
68.8256168365,-56.8308067322,-166.0733985901
69.3365821838,-56.9205083847,-161.8974952698
69.4348106384,-57.0727329254,-157.7735519409
64.3183507919,-56.9518013000,-165.7214736938
65.5710802078,-56.9153356552,-161.6850204468
65.5793514252,-57.0600080490,-157.7307319641
73.1535453796,-60.9772176743,-166.3100585938
73.3632183075,-61.1768169403,-162.1660232544
73.4283027649,-61.3836622238,-158.0286674500
68.8902988434,-61.0501995087,-166.3037300110
69.4125709534,-61.2048454285,-162.1360969543
69.4914588928,-61.3907670975,-158.0034446716
64.3828544617,-61.1673078537,-165.9292297363
65.7052354813,-61.2134637833,-161.9117202759
65.7035312653,-61.3757486343,-157.9638938904
8.7722582817,-2.0852574110,-18.7499556541
5.6101047397,-2.0888290405,-18.7591323853
2.5755368769,-2.0875972509,-18.8111228943
8.9967302084,-2.0880686641,-21.7656145096
5.8850610256,-2.0885479450,-21.7703843117
2.8572981358,-2.0848388076,-21.8318204880
9.1672893763,-2.0887316465,-24.7328519821
6.1144915819,-2.0854758620,-24.7759180069
3.0852732062,-2.0782633424,-24.8910088539
8.7717195749,-6.2522009611,-18.8163704872
5.5749525428,-6.2580462694,-18.9418454170
2.4473674297,-6.2529094219,-19.0849652290
8.9589431286,-6.2562813759,-21.9018406868
5.7901862860,-6.2551634312,-22.0109453201
2.6578874588,-6.2441725731,-22.1512532234
9.1027293205,-6.2558286190,-24.9628872871
5.9617874622,-6.2463483810,-25.0877127647
2.8242844939,-6.2272244692,-25.2560181618
8.7244874239,-10.4148495197,-18.9161481857
5.4896778464,-10.4162771702,-19.1126909256
2.2982067764,-10.4056978226,-19.3083152771
8.8976517916,-10.4145572186,-22.0504388809
5.6746293902,-10.4084303379,-22.2279033661
2.4702366740,-10.3908655643,-22.4193925858
9.0309213400,-10.4093472958,-25.1648015976
5.8193033934,-10.3941674232,-25.3513026237
2.6053635478,-10.3671073914,-25.5669865608
31.8527784348,-26.2446870804,-49.4260692596
33.9554443359,-26.2651638985,-53.1775856018
31.4564990997,-26.3279542923,-52.0319452286
32.0611896515,-30.4287056923,-49.5826292038
34.1488027573,-30.4584293365,-53.3228139877
31.6606945992,-30.4975910187,-52.2003049850
32.2163925171,-34.6580677032,-49.7252950668
34.3068418503,-34.6793498993,-53.4349966049
31.8191542625,-34.6982679367,-52.3434267044
8.5144895315,-27.0502758026,-19.3535022736
5.1792622209,-27.0343956947,-19.6703577042
1.8661825620,-27.0183076859,-19.9549660683
8.6963539124,-27.0256290436,-22.6210994720
5.3266445398,-27.0077199936,-22.9321622849
1.9643510245,-26.9884324074,-23.2293019295
8.8430577517,-26.9934191704,-25.8711218834
5.4455119371,-26.9739027023,-26.2003297806
2.0441462696,-26.9508104324,-26.5355820656
8.4866155386,-31.1980476379,-19.4518322945
5.1396913528,-31.1854825020,-19.7796730995
1.8123050164,-31.1742577553,-20.0727996826
8.6743557453,-31.1672668457,-22.7457728386
5.2852321863,-31.1546521187,-23.0711174011
1.9021734633,-31.1427230835,-23.3804893494
8.8281437159,-31.1294369698,-26.0218544006
5.4045650959,-31.1173920631,-26.3687772751
1.9767244719,-31.1047039032,-26.7202701569
8.4808647633,-35.3413562775,-19.5399470329
5.1207591295,-35.3334484100,-19.8751502037
1.7808705177,-35.3272628784,-20.1733770370
8.6722387075,-35.3039054871,-22.8569478989
5.2651336789,-35.2978219986,-23.1928400993
1.8651996590,-35.2935705185,-23.5106992722
8.8303996325,-35.2604303360,-26.1561956406
5.3849880695,-35.2569112778,-26.5170679092
1.9366206862,-35.2551984787,-26.8810276985
98.0052623749,-139.0818977356,-46.0606622696
94.0754356384,-138.3908004761,-46.1101617813
94.1306667328,-138.2982521057,-42.1168537140
94.1849193573,-138.2727279663,-38.1227712631
90.3060455322,-137.7173767090,-46.1385917664
90.3903293610,-137.6290168762,-42.1473388672
90.4783172607,-137.6105690002,-38.1615009308
97.8660831451,-143.3800735474,-46.0384893417
97.8884601593,-143.3315238953,-42.0426578522
97.9083976746,-143.3397293091,-38.0474433899
93.6826934814,-142.6025009155,-46.0971603394
93.7460708618,-142.5168266296,-42.1087942123
93.8097839355,-142.5326766968,-38.1268224716
89.7980194092,-141.6703262329,-46.1271505356
89.8960990906,-141.5757980347,-42.1481647491
90.0074234009,-141.5917205811,-38.1821603775
92.8304138184,-146.8229942322,-46.1114826202
92.9160976410,-146.5934677124,-42.0980024338
92.9662799835,-146.7667999268,-38.0984935760
87.8865032196,-145.5275459290,-46.1240949631
88.0290355682,-145.2681961060,-42.1239881516
88.1263732910,-145.4403266907,-38.1477212906
18.5201916695,-76.7028484344,-19.8770990372
15.0425074100,-76.5479373932,-19.8745899200
11.5979683399,-76.4410610199,-19.9256119728
18.7314739227,-76.3782653809,-23.1125817299
15.2593319416,-76.2585678101,-23.1740074158
11.8117856979,-76.1827545166,-23.2825527191
18.8917126656,-76.0808753967,-26.3429498672
15.4364905357,-75.9824123383,-26.4515323639
11.9930222034,-75.9311618805,-26.6042432785
18.4873461723,-80.5119113922,-19.9772448540
15.0079169273,-80.4181728363,-19.9537277222
11.5741128922,-80.3544464111,-19.9790573120
18.6802434921,-80.1780586243,-23.2175555229
15.2189416885,-80.1032142639,-23.2542557716
11.7891757488,-80.0595188141,-23.3348312378
18.8209319115,-79.8664436340,-26.4538521767
15.3880248070,-79.8008804321,-26.5345048904
11.9702575207,-79.7722969055,-26.6556391716
18.4936194420,-84.3079051971,-20.0666794777
15.0099072456,-84.2610015869,-20.0274796486
11.5818390846,-84.2327880859,-20.0311307907
18.6581668854,-83.9548511505,-23.3201646805
15.2076842785,-83.9127616882,-23.3346476555
11.7937431335,-83.8927326202,-23.3894252777
18.7746901512,-83.6246337891,-26.5705623627
15.3629846573,-83.5808963776,-26.6238150597
11.9699196815,-83.5639076233,-26.7139873505
35.8419361115,-27.5238170624,-101.9478092194
35.9446258545,-27.5412497520,-97.8476982117
36.1280469894,-27.5789294243,-93.7361412048
31.4726843834,-27.5882878304,-101.9513511658
31.5831828117,-27.5748200417,-97.7796287537
31.8553190231,-27.5791950226,-93.5800876617
26.8844404221,-27.7229747772,-102.1212406158
27.0513505936,-27.6783719063,-97.7805461884
27.5128679276,-27.6713299751,-93.3621997833
36.0577135086,-31.6498279572,-102.2629013062
36.1502637863,-31.6646924019,-98.1878280640
36.3213243484,-31.6956934929,-94.0928878784
31.7504792213,-31.7419772148,-102.2624740601
31.8399357796,-31.7261600494,-98.1214714050
32.0903844833,-31.7205047607,-93.9387531281
27.2619824409,-31.9715552330,-102.4093475342
27.3592567444,-31.9302911758,-98.1339893341
27.7749371529,-31.9001193047,-93.7411041260
36.3222665787,-35.7213048935,-102.5360546112
36.4044218063,-35.7328481674,-98.4907016754
36.5622091293,-35.7516012192,-94.4172763824
32.1071839333,-35.8044128418,-102.5355491638
32.1820139885,-35.7832326889,-98.4273624420
32.4150433540,-35.7620124817,-94.2616214752
27.7135291100,-36.0937891006,-102.7237243652
27.7854671478,-36.0381002426,-98.4756755829
28.1811151505,-35.9656629562,-94.0878086090
85.7467517853,-39.4347534180,-202.0827445984
85.4402999878,-39.4767475128,-198.0236968994
85.4084720612,-39.4929800034,-193.9107246399
81.2008018494,-39.4340448380,-202.7319297791
81.0234165192,-39.4790410995,-198.2702789307
81.1464004517,-39.4759292603,-193.9110755920
76.5065917969,-39.4995431900,-203.3166809082
76.4256801605,-39.5402078629,-198.3309249878
76.8323802948,-39.4655265808,-193.6459236145
85.7778568268,-43.5919675827,-202.1224021912
85.4609909058,-43.6301517487,-198.0556449890
85.4222736359,-43.6497049332,-193.9467201233
81.3002471924,-43.5716447830,-202.7202987671
81.0726871490,-43.6007347107,-198.2611236572
81.1598834991,-43.6131029129,-193.9168243408
76.8581142426,-43.5784807205,-203.1961441040
76.5938301086,-43.5463047028,-198.2056388855
76.8700656891,-43.5234956741,-193.5404510498
85.7297554016,-47.7523384094,-202.2677345276
85.4239711761,-47.7896060944,-198.1396293640
85.3904991150,-47.8175821304,-194.0158500671
81.1704387665,-47.7225379944,-202.8520698547
80.9690570831,-47.7399091721,-198.3335266113
81.0424823761,-47.7918577194,-193.9919509888
76.4778823853,-47.6893148422,-203.2944145203
76.2935886383,-47.5802650452,-198.2512168884
76.4400119781,-47.7662715912,-193.6346473694
85.8742733002,-64.6131467819,-178.1842498779
85.8031806946,-64.6662273407,-174.2150306702
85.7426872253,-64.7596664429,-170.2265510559
81.8743991852,-64.6153888702,-178.2416725159
81.7221183777,-64.6797151566,-174.3137741089
81.6225776672,-64.8064136505,-170.3313713074
77.8488006592,-64.5911808014,-178.3852500916
77.5774116516,-64.6734352112,-174.4885025024
77.4426612854,-64.8489065170,-170.4786224365
85.9138641357,-68.7724246979,-178.2986679077
85.8751506805,-68.7934856415,-174.3409576416
85.8228511810,-68.8684196472,-170.3626251221
81.9267044067,-68.7824821472,-178.3851928711
81.8348007202,-68.7920608521,-174.4747238159
81.7372722626,-68.9042911530,-170.5118484497
77.9268856049,-68.7374553680,-178.5158653259
77.7555789948,-68.7399253845,-174.6589736938
77.5969047546,-68.9363307953,-170.6987991333
85.9339466095,-72.9305896759,-178.4270133972
85.9540615082,-72.9042968750,-174.4755821228
85.9253158569,-72.9413204193,-170.5115737915
81.9275684357,-72.9878940582,-178.5795326233
81.9768314362,-72.8899917603,-174.6669235229
81.9044914246,-72.9485530853,-170.7285995483
77.8125610352,-73.1202888489,-178.7524223328
78.0140018463,-72.8006916046,-174.8774795532
77.8507213593,-72.9574146271,-171.0012779236
60.4871120453,-53.2171049118,-141.2777519226
60.5495281219,-53.1480741501,-137.0420608521
60.7037525177,-53.0384445190,-132.8481292725
56.0079021454,-53.3046817780,-141.3843765259
56.0716314316,-53.1795234680,-137.0107040405
56.3295812607,-53.0147314072,-132.6916275024
51.4153490067,-53.4779825211,-141.6056022644
51.4912471771,-53.2541236877,-136.9458770752
51.9657526016,-52.9738149643,-132.3605499268
60.4047470093,-57.5626287460,-141.4738006592
60.4539260864,-57.5246887207,-137.1911773682
60.6031122208,-57.4586515427,-132.9738578796
55.9626359940,-57.6139993668,-141.5718536377
56.0154256821,-57.4938621521,-137.1025772095
56.2510299683,-57.3745365143,-132.7448043823
51.5012626648,-57.7239227295,-141.7892265320
51.5533924103,-57.4243764877,-136.9092750549
51.9335279465,-57.2144994736,-132.2600250244
60.3057365417,-61.9037599564,-141.5994834900
60.3238048553,-61.9097452164,-137.2938766479
60.4579572678,-61.8911933899,-133.0649528503
55.8257265091,-61.9049854279,-141.6409149170
55.8356761932,-61.8195180893,-137.1549987793
56.0213747025,-61.7812347412,-132.8045501709
51.1751594543,-61.9686870575,-141.7430801392
51.1736145020,-61.6146688461,-136.8911743164
51.3480968475,-61.6558074951,-132.3063583374
-9.6209084988,-2.0506255031,-19.1642856598
-13.1653177738,-2.0313276649,-19.6559724808
-16.6787459850,-2.0134758949,-20.2311425209
-9.4201432467,-2.0376313925,-22.2682452202
-12.6758425236,-2.0016574264,-22.7085452080
-15.8884727955,-1.9573766887,-23.3893728256
-9.2135785818,-2.0197565556,-25.2128949165
-12.1708893776,-1.9609817564,-25.6055350304
-10.1639935970,-6.1594555378,-19.4104146957
-13.5587317944,-6.1104441881,-19.8259029388
-16.9306044579,-6.0647379160,-20.4046382904
-9.8899482489,-6.1241378784,-22.5146346092
-13.1496920586,-6.0376686454,-22.9233036041
-16.3005220890,-5.9391999841,-23.6834611893
-9.5919876099,-6.0784975290,-25.4945449829
-12.7120618820,-5.9403338432,-25.8617653847
-10.5577306747,-10.2765645981,-19.6629948616
-13.9669246674,-10.2017772198,-20.0678510666
-17.4380323887,-10.1099450588,-20.6699113846
-10.3156504631,-10.2244026661,-22.8259596825
-13.6344749928,-10.1086599827,-23.2374162674
-10.0367453098,-10.1605172157,-25.8835325241
-13.2592821121,-9.9897300005,-26.2646751404
52.4623222351,-114.6505985260,-1.8637482524
48.7060956955,-114.5462512970,-1.8349626660
44.9229001999,-114.4178295135,-1.8060889244
52.1681842804,-114.3093242645,-5.6063473225
48.4461193085,-114.1815738678,-5.5195094943
44.7192363739,-114.0218734741,-5.4317536950
51.9092931747,-113.9162750244,-9.3709046841
48.1889781952,-113.7498493195,-9.2244641781
44.4894113541,-113.5466480255,-9.0737764835
52.4944200516,-118.8982753754,-1.8939683139
48.7033634186,-118.9680786133,-1.8714304864
44.8692073822,-118.9049777985,-1.8522511423
52.1852941513,-118.4543247223,-5.6913049817
48.3861856461,-118.4744033813,-5.6284066439
44.6076717377,-118.3478755951,-5.5705419779
51.8791666031,-117.9889221191,-9.4993366003
48.0655021667,-117.9479007721,-9.3956233263
44.3050794601,-117.7623748779,-9.2911484241
52.6078014374,-123.2604732513,-1.9112082422
48.7414426804,-123.6738243103,-1.8957252502
44.7577877045,-123.7508258820,-1.9039691687
52.2746152878,-122.6822490692,-5.7583730221
48.3116579056,-122.9225997925,-5.7228168249
44.4106540680,-122.8284473419,-5.7355035543
51.9037609100,-122.1297512054,-9.6212661266
47.8869142532,-122.2844028473,-9.5627975464
43.9674367905,-122.1298980713,-9.5477929115
76.9736328125,-2.0971624255,-164.7453994751
76.9921188354,-2.0946177244,-160.6262207031
77.0119152069,-6.2903953791,-164.6714782715
77.0685100555,-6.2879021168,-160.5767745972
77.0496807098,-10.4838993549,-164.6631851196
77.1296062469,-10.4877750874,-160.5817565918
73.3898334503,-85.9172019958,-117.3140525818
69.1685848236,-86.0168628693,-117.1028785706
69.5329303741,-86.2185096741,-112.9152469635
69.5523376465,-87.0967884064,-108.7056255341
64.7644739151,-86.3789119720,-116.7681522369
65.8302040100,-86.2663497925,-112.6613483429
65.8785285950,-87.0836486816,-108.5660991669
73.4968585968,-90.5800781250,-117.4177303314
73.6115360260,-90.8290195465,-113.3661289215
73.5306854248,-91.2916355133,-109.3306789398
69.3270092010,-90.8146114349,-117.2131767273
69.7784500122,-90.9957427979,-113.1562728882
69.8005714417,-91.4093189240,-109.0631237030
64.9484987259,-91.4700927734,-116.8467731476
66.1841125488,-91.4336185455,-112.9228477478
66.2123565674,-91.6903724670,-108.9160461426
73.7453346252,-94.9272384644,-117.4386539459
73.8786430359,-95.0790977478,-113.4117031097
73.8204498291,-95.3180522919,-109.3819255829
69.6854629517,-95.2193164825,-117.2437992096
70.0785579681,-95.3288707733,-113.2199249268
70.0681877136,-95.5123558044,-109.1569976807
65.2893915176,-96.5336875916,-116.9348487854
66.3677597046,-96.4102993011,-113.0814971924
66.3656177521,-96.1950588226,-109.0887432098
85.6716232300,-51.9083032608,-202.4104232788
85.3846683502,-51.9510164261,-198.2327499390
85.3602561951,-51.9868202209,-194.0940742493
81.0498943329,-51.8565607071,-202.9747886658
80.8865280151,-51.8948841095,-198.4269523621
80.9399452209,-51.9773225784,-194.0823822021
76.2276439667,-51.7564573288,-203.3093338013
76.1599788666,-51.7178745270,-198.3635406494
76.0940265656,-52.0259752274,-193.7502288818
85.6463260651,-56.0920896530,-202.4884681702
85.3800468445,-56.1256465912,-198.3004989624
85.3663196564,-56.1558847427,-194.1577491760
81.0355205536,-56.0649805069,-203.0274200439
80.9049091339,-56.0959072113,-198.4916496277
80.9487705231,-56.1538286209,-194.1428260803
76.3379383087,-56.0322237015,-203.2385673523
76.3483352661,-56.0479850769,-198.4286651611
76.1669521332,-56.2050065994,-193.7685203552
85.6323375702,-60.2929906845,-202.5301246643
85.3951416016,-60.3049526215,-198.3441734314
85.3945655823,-60.3228569031,-194.2057418823
80.9778614044,-60.3027734756,-203.0838699341
80.9220542908,-60.2994060516,-198.5439987183
80.9861984253,-60.3218059540,-194.1946220398
76.1386260986,-60.3529453278,-203.3722763062
76.3535957336,-60.3257589340,-198.5072746277
76.2063198090,-60.3716316223,-193.8212203979
2.9757570028,-1.9822149277,-46.7781610489
0.0140362829,-1.9291441143,-47.8292655945
-3.2249063551,-1.8813707232,-48.9396276474
3.9692510068,-1.9508057237,-49.5127105713
1.4135419242,-1.8824661672,-50.9606275558
-1.4401357286,-1.8317710161,-52.6079559326
5.1494621634,-1.9014305472,-51.8560943604
3.3013870716,-1.8309647441,-53.8789234161
1.0215846971,-1.7818792164,-56.9342956543
2.4407935143,-5.9715129137,-47.4200897217
-0.4967444018,-5.8441699743,-48.5811071396
-3.5548729897,-5.7355979085,-49.7520942688
3.3950477540,-5.8973109722,-50.2390575409
0.8306474201,-5.7378445268,-51.8179693222
-1.8606545292,-5.6277530193,-53.4943151474
4.6303416491,-5.7895386815,-52.7572937012
2.7338038236,-5.6230889559,-54.8961648941
0.5992491469,-5.5138888955,-57.9410381317
2.0424636481,-9.9976146221,-48.0988111496
-0.9555904837,-9.8281027079,-49.3392868042
3.0022025704,-9.9089685678,-51.0027351379
0.3747885209,-9.7084926367,-52.6631317139
4.2760666609,-9.7940835953,-53.6148653030
2.3232822847,-9.5892744064,-55.8339700699
0.1005150657,-9.4286018610,-59.0099420547
40.0773372650,-63.7658252716,-79.6752052307
40.6914606094,-63.5900468826,-75.2576446533
41.0410728455,-63.6660642624,-70.6191749573
35.0043468475,-63.6525049210,-79.3926715851
35.5056228638,-63.4904203415,-75.3108520508
35.8028278351,-63.4504823685,-71.4997863770
30.3887386322,-63.5555438995,-78.8965187073
30.6799669266,-63.3949909210,-74.7687816620
31.0228557587,-63.3546705246,-70.6453247070
39.9936513901,-67.7279090881,-79.8791580200
40.5867338181,-67.5560169220,-75.5774154663
40.7960634232,-67.5919818878,-71.1795597076
34.9510383606,-67.5908470154,-79.5218029022
35.4179544449,-67.4045600891,-75.4821567535
35.7066650391,-67.3499221802,-71.7214889526
30.4239726067,-67.3848228455,-78.9131984711
30.6307401657,-67.2662239075,-74.8492889404
30.9702553749,-67.2301464081,-70.7727642059
39.6831359863,-71.6163921356,-79.9210987091
40.3014850616,-71.4866676331,-75.8263034821
40.6659088135,-71.4987926483,-71.5580329895
34.6013102531,-71.4503097534,-79.5823574066
35.1046571732,-71.2525196075,-75.6285610199
35.4986867905,-71.1889038086,-71.9033489227
29.7054634094,-71.2002925873,-79.1354560852
30.0613780022,-71.1486949921,-75.1382751465
30.6816024780,-71.0860557556,-70.9802875519
73.4072628021,-27.4105157852,-152.6674079895
69.2663516998,-27.3943552971,-152.5060997009
69.4633502960,-27.4203023911,-148.5071487427
69.6898651123,-27.4326219559,-144.5334510803
65.0990781784,-27.3721079826,-152.3394203186
65.2792377472,-27.3972697258,-148.3478431702
65.4077348709,-27.4170236588,-144.3679733276
73.4426345825,-31.6527266502,-152.7469329834
69.2927513123,-31.6238937378,-152.6062927246
69.4648780823,-31.6590304375,-148.5966529846
69.6699542999,-31.6648159027,-144.6056861877
65.1157560349,-31.5935592651,-152.4580726624
65.2614736557,-31.6334424019,-148.4618339539
65.3681011200,-31.6509499550,-144.4729309082
73.4669036865,-35.9014158249,-152.8354568481
69.3046283722,-35.8590745926,-152.7122535706
69.4411048889,-35.9101104736,-148.6853599548
69.6162624359,-35.9168653488,-144.6598815918
65.1132402420,-35.8197202682,-152.5793762207
65.2071104050,-35.8851041794,-148.5769615173
65.2852048874,-35.9088096619,-144.5680541992
-1.3183910846,-39.5685024261,-10.5105342865
-3.9023516178,-39.5679702759,-10.0193469524
-6.4730969667,-39.5679426193,-9.3472769260
-1.5107049941,-39.5380907059,-13.7558321953
-4.5558956861,-39.5380659103,-13.5740826130
-7.6873472929,-39.5411796570,-13.3452625275
-1.5732264817,-39.5069475174,-17.0823380947
-4.8227974176,-39.5106468201,-17.0737452507
-8.1309933662,-39.5225839615,-17.0457079411
-1.3166668116,-43.7311639786,-10.5184092522
-3.9001153708,-43.7299079895,-10.0253515244
-6.4687414169,-43.7288675308,-9.3492946625
-1.5075333097,-43.6923065186,-13.7802598476
-4.5513153672,-43.6900911331,-13.5929896832
-7.6776227951,-43.6913137436,-13.3534176350
-1.5715648807,-43.6520290375,-17.1249282360
-4.8193247318,-43.6529846191,-17.1079752445
-8.1215482950,-43.6643295288,-17.0647630692
-1.3138783576,-47.8921022415,-10.5240314007
-3.8959729075,-47.8884735107,-10.0279798508
-6.4607319832,-47.8841199875,-9.3452715874
-1.5012935095,-47.8407077789,-13.7977621555
-4.5408630371,-47.8314666748,-13.6018149853
-7.6569703817,-47.8235206604,-13.3445427418
-1.5652295058,-47.7866039276,-17.1556177139
-4.8056648970,-47.7758741379,-17.1253154278
-8.0924959183,-47.7716436386,-17.0562937260
25.5808901787,-14.4977726936,-36.6522474289
22.3931899071,-14.4956803322,-36.8080072403
25.2702827454,-14.5182073116,-39.7624464035
22.3023405075,-14.4901502132,-39.8442859650
28.0416693687,-14.5398104191,-42.9414873123
25.1818575859,-14.4748723507,-42.7995662689
22.3159804344,-14.4546823502,-42.8855543137
25.8137478828,-18.5260348320,-36.7107391357
22.5945730209,-18.5746545792,-36.9370555878
25.4924597740,-18.4996294975,-39.9212636948
22.4957633018,-18.5429844856,-40.0429124832
28.2574696541,-18.3843450546,-43.2014198303
25.4127316475,-18.4595379829,-43.0431890488
22.5069127083,-18.5017957687,-43.1517925262
26.1596674919,-22.5321726799,-36.8763999939
22.8253626823,-22.6418781281,-37.1082191467
25.8177700043,-22.4631748199,-40.0959920883
22.7196736336,-22.5864958763,-40.2470703125
28.6609797478,-22.2084717751,-43.3288574219
25.7033619881,-22.4352025986,-43.2420578003
22.7178978920,-22.5441527367,-43.3920888901
73.2185096741,-27.1119871140,-188.9618492126
73.0335559845,-27.0952396393,-185.1172485352
72.8413791656,-27.1174340248,-181.1549797058
69.2235603333,-27.1440825462,-189.1066780090
68.8430118561,-27.1171984673,-185.2750015259
68.5090332031,-27.1475324631,-181.2594032288
65.1197128296,-27.1954550743,-190.5816535950
64.6441059113,-27.1504826546,-185.8790054321
64.0283222198,-27.2034425735,-181.5615043640
73.2991924286,-31.2248697281,-189.0038528442
73.1479911804,-31.1920437813,-185.1664505005
72.9545936584,-31.2331633568,-181.2200050354
69.3308525085,-31.2681646347,-189.1062049866
69.0000381470,-31.2037091255,-185.2990188599
68.6611232758,-31.2601370811,-181.3164939880
65.2982568741,-31.4118986130,-190.4923782349
64.8811588287,-31.2498364449,-185.8585205078
64.2616243362,-31.3423848152,-181.5883140564
73.4280986786,-35.2776746750,-188.9816474915
73.3172912598,-35.2371397018,-185.1765747070
73.1063823700,-35.3184795380,-181.2744026184
69.4921722412,-35.3155965805,-189.0068740845
69.2272415161,-35.2009544373,-185.2715492249
68.8554687500,-35.3200845718,-181.3743515015
65.2446546555,-35.6956043243,-190.3713989258
65.1101064682,-35.2180938721,-185.8178253174
64.4609889984,-35.4132032394,-181.6927947998
89.9515533447,-51.9458208084,-201.9132194519
89.6952476501,-51.9852209091,-198.0092430115
89.6292800903,-52.0089483261,-194.0181655884
93.9997501373,-56.1565980911,-201.9244766235
89.9357185364,-56.1212015152,-201.9795646667
89.6914176941,-56.1534223557,-198.0665740967
89.6359405518,-56.1749820709,-194.0708770752
94.0015602112,-60.3382139206,-201.9407539368
93.8740196228,-60.3550758362,-198.0068817139
89.9345245361,-60.3082923889,-202.0093536377
89.7032966614,-60.3253087997,-198.1007499695
89.6561107635,-60.3407354355,-194.1093444824
15.7062480450,-51.4757680893,-70.0747776031
15.4768285751,-51.7457017899,-74.6521015167
15.6084032059,-51.5944337845,-79.6025962830
20.4714255333,-51.4113864899,-70.0027198792
20.3703427315,-51.4893302917,-74.1946086884
20.2666797638,-51.0161046982,-78.3873119354
25.5420460701,-51.4357118607,-69.7281093597
25.2213659286,-51.4540061951,-74.0796928406
24.9240779877,-51.1637840271,-78.2670764923
16.0195255280,-55.2429141998,-70.1531963348
16.0822005272,-55.6585044861,-74.8721084595
16.5504028797,-56.1701364517,-79.9861660004
20.6716814041,-55.3501787186,-70.1508197784
20.7077879906,-55.5513830185,-74.3734359741
20.8217358589,-55.7810735703,-78.4526748657
25.7602558136,-55.4172792435,-69.8857040405
25.5005545616,-55.5050926208,-74.2384567261
25.3069543839,-55.6140708923,-78.2997837067
15.4932229519,-59.0922698975,-70.1646900177
15.9744474888,-59.5818281174,-74.7397499084
16.7128739357,-60.8229465485,-80.0073528290
20.6941857338,-59.2809972763,-70.2151031494
20.9037280083,-59.5551233292,-74.3746089935
21.1211900711,-60.3825149536,-78.5805702209
25.9085993767,-59.3631095886,-69.9764595032
25.7404489517,-59.4991178513,-74.3044986725
25.5864992142,-59.9450511932,-78.4452915192
35.8373594284,-2.1253075600,-111.8584499359
35.7438507080,-2.1307340264,-107.9076766968
35.6940422058,-2.1342393160,-103.8037776947
32.0300283432,-2.1116886139,-111.6746997833
31.6711649895,-2.1163017154,-107.6872768402
31.5086698532,-2.1203251481,-103.4533767700
28.1141567230,-2.0563209057,-112.6319961548
27.5186376572,-2.0841532350,-107.7888755798
27.0125403404,-2.0995682478,-103.2432765961
35.8822193146,-6.3879580498,-112.0808506012
35.7576580048,-6.3983271122,-108.2106723785
35.6644649506,-6.4030269384,-104.1686267853
31.9678053856,-6.3620160818,-111.9729270935
31.6405405998,-6.3734457493,-108.0720767975
31.4172224998,-6.3800773621,-103.9374771118
28.0409121513,-6.2591177225,-113.1173725128
27.5755743980,-6.3243496418,-108.3013248444
27.0705924034,-6.3599213362,-103.8141269684
35.8339300156,-10.6511201859,-112.4636955261
35.7171764374,-10.6613032818,-108.5851745605
35.6205921173,-10.6633477211,-104.5566272736
31.8564553261,-10.6290047169,-112.4304485321
31.5496234894,-10.6407577991,-108.5330524445
31.3233404160,-10.6446082592,-104.4299278259
27.7581105232,-10.5210564137,-113.7440013885
27.3818774223,-10.5912020206,-108.9115009308
26.8894033432,-10.6300055981,-104.4701499939
-1.3002420061,-27.0730257034,-10.4687297344
-3.8808198571,-27.0694999695,-9.9762818813
-6.4455941916,-27.0643801689,-9.3021268845
-1.4542562459,-27.0519127846,-13.6276495457
-4.4878163338,-27.0423493385,-13.4435720444
-7.6035391092,-27.0293974876,-13.2137169838
-1.4771200623,-27.0289745331,-16.8634166718
-4.7040395141,-27.0149259567,-16.8522684574
-7.9869140387,-26.9967045784,-16.8283159733
-1.3108608135,-31.2389593124,-10.4857869148
-3.8932317495,-31.2366676331,-9.9946920872
-6.4613237381,-31.2336597443,-9.3231368065
-1.4860436900,-31.2162661552,-13.6797821522
-4.5255185962,-31.2104792595,-13.4989376068
-7.6496486664,-31.2037811279,-13.2735974789
-1.5290142251,-31.1920652390,-16.9517719746
-4.7668975592,-31.1847639084,-16.9449229240
-8.0622335672,-31.1772398949,-16.9242794514
-1.3168523909,-35.4043331146,-10.4997093678
-3.9004328847,-35.4032096863,-10.0091302395
-6.4708447456,-35.4022760391,-9.3384032249
-1.5046107462,-35.3789310455,-13.7224848270
-4.5482081175,-35.3769102097,-13.5426805019
-7.6784570217,-35.3766450882,-13.3181149960
-1.5605559042,-35.3525800705,-17.0247673988
-4.8064015508,-35.3522186279,-17.0191824436
-8.1114383936,-35.3562803268,-16.9978296757
60.3155555725,-2.0965842009,-163.0069961548
60.2527265549,-2.1031673551,-159.2406806946
60.2550487518,-2.1038063169,-155.3537750244
56.4441385269,-2.0965273380,-162.8048210144
56.0335636139,-2.1016789675,-158.9000740051
55.8591375351,-2.0989739895,-154.8203239441
52.4717941284,-2.0663945079,-163.6845436096
51.7166814804,-2.0882174969,-158.7557868958
51.0706596375,-2.0849332213,-153.9942741394
60.4885482788,-6.3065965176,-163.0115966797
60.3732376099,-6.3169397116,-159.2538528442
60.3529195786,-6.3142838478,-155.3549995422
56.4974679947,-6.3106021881,-162.8851470947
56.1341009140,-6.3206311464,-159.0170021057
55.9940099716,-6.3096196651,-154.9586791992
52.5088186264,-6.2664444447,-163.9910278320
51.8859348297,-6.3174390793,-159.0441741943
51.3116922379,-6.3064045906,-154.3407287598
60.5421314240,-10.5260229111,-163.1711006165
60.4391078949,-10.5325794220,-159.3842315674
60.4417810440,-10.5244197845,-155.4739265442
56.4884757996,-10.5326571465,-163.1267471313
56.1591482162,-10.5401222706,-159.2383003235
56.0664482117,-10.5216503143,-155.1797790527
52.3274927139,-10.4878976345,-164.4237022400
51.8003892899,-10.5437505245,-159.4285049438
51.3086109161,-10.5296852589,-154.7384834290
60.4812536240,-2.1342235208,-139.2458152771
60.4587860107,-2.1634596586,-135.1669425964
60.4259929657,-2.2060407996,-131.0747184753
56.3351182938,-2.1285641193,-138.9318695068
56.2764434814,-2.1494006515,-134.8809700012
56.2388792038,-2.1746829152,-130.7873115540
52.2879257202,-2.1279823184,-138.7806968689
52.1025466919,-2.1399089694,-134.6868209839
52.0296640396,-2.1540608406,-130.4978675842
60.7567768097,-6.3965282440,-139.3262748718
60.6831569672,-6.4740504026,-135.2742958069
60.5943155289,-6.5927668810,-131.2000007629
56.6085472107,-6.3829517365,-139.0741500854
56.4364948273,-6.4350075722,-135.0626258850
56.3156623840,-6.5013661385,-130.9872016907
52.4965486526,-6.3840872049,-138.9462242126
52.1865892410,-6.4121984243,-134.9447212219
52.0260782242,-6.4464823008,-130.8073272705
60.9373931885,-10.6365628242,-139.4846801758
60.8263444901,-10.7386026382,-135.4583168030
60.6865921021,-10.9041521549,-131.3979492188
56.7624216080,-10.6190526485,-139.2801704407
56.5341835022,-10.6848473549,-135.2887229919
56.3511600494,-10.7717399597,-131.2255325317
52.6038312912,-10.6223099232,-139.2079505920
52.2364854813,-10.6579399109,-135.2291259766
52.0171957016,-10.7004506588,-131.1081352234
20.1305632591,-51.4795227051,-38.4092845917
16.6819932461,-51.4586782455,-38.7925510406
13.2506372929,-51.4494485855,-39.2309045792
20.2066125870,-51.4197225571,-41.6218681335
16.9088377953,-51.3907680511,-42.0042228699
13.5998747349,-51.3774099350,-42.4332876205
20.3719077110,-51.3604278564,-44.8580999374
17.2240121365,-51.3240652084,-45.2338619232
14.0561873913,-51.3050088882,-45.6250629425
20.0749273300,-55.5820760727,-38.5288953781
16.6288824081,-55.5415754318,-38.9160242081
13.1940321922,-55.5292100906,-39.3618860245
20.1591448784,-55.5030469894,-41.7457828522
16.8602650166,-55.4633407593,-42.1345272064
13.5426375866,-55.4547481537,-42.5749082565
20.3394379616,-55.4288663864,-44.9826688766
17.1879422665,-55.3890848160,-45.3654260635
14.0083651543,-55.3821649551,-45.7681989670
19.9573674202,-59.6374483109,-38.6615190506
16.5284919739,-59.5844869614,-39.0453510284
13.0935070515,-59.5795707703,-39.4953136444
20.0576796532,-59.5360364914,-41.8791990280
16.7645328045,-59.4945106506,-42.2714262009
13.4329698086,-59.5045566559,-42.7255477905
20.2572398186,-59.4448747635,-45.1124496460
17.1028795242,-59.4125337601,-45.5039100647
13.8977398872,-59.4353094101,-45.9272727966
44.5342082977,-100.8145503998,-11.8625397682
47.9639406204,-101.1967277527,-15.9953103065
44.1806240082,-100.8876285553,-15.5907504559
47.7315950394,-100.7898044586,-19.6370749474
43.9537906647,-100.4917259216,-19.1468148232
51.9746923447,-105.4475250244,-12.7782075405
48.2098798752,-105.1820011139,-12.4794971943
44.4408807755,-104.9453220367,-12.1978869438
51.7164230347,-105.1429252625,-16.5407924652
47.9240570068,-104.9270801544,-16.1794743538
44.1668691635,-104.6636791229,-15.8089199066
51.4953794479,-104.7268295288,-20.2978725433
47.6496639252,-104.5094013214,-19.8649120331
43.8776865005,-104.2236785889,-19.3932704926
51.7612934113,-109.4867000580,-12.9798874855
48.0569143295,-109.2242012024,-12.7200925350
44.3528461456,-108.9811706543,-12.4624376297
51.5224561691,-109.0819015503,-16.7538678646
47.7804908752,-108.8115291595,-16.4200947285
44.0673837662,-108.5318489075,-16.0740530491
51.2629461288,-108.6284275055,-20.5583753586
47.4680719376,-108.3271770477,-20.1270847321
43.7268152237,-108.0048027039,-19.6722831726
8.4177786112,-64.3072900772,-19.9546875954
4.9701752067,-64.2540178299,-20.2617444992
1.5431315303,-64.2289953232,-20.5449924469
8.5738644600,-64.1651678085,-23.3504343033
5.0688370466,-64.1304750443,-23.6651201248
1.5558229387,-64.1173181534,-23.9730482101
8.7075710297,-64.0266685486,-26.7267293930
5.1719920635,-64.0131578445,-27.0707101822
1.6116537303,-64.0157890320,-27.4207224846
8.3162252903,-68.3768615723,-20.0048308372
4.8954585791,-68.3356056213,-20.2855329514
1.4779599942,-68.3309516907,-20.5514249802
8.4797786474,-68.2094993591,-23.3984003067
4.9925984144,-68.1912555695,-23.6851830482
1.4813016877,-68.2063903809,-23.9735374451
8.6240054369,-68.0471801758,-26.7677116394
5.1017237902,-68.0556983948,-27.0813598633
1.5387377292,-68.0968761444,-27.4073352814
8.2402594090,-72.4064693451,-20.0426998138
4.8476303220,-72.3874969482,-20.2938985825
1.4498289339,-72.4114418030,-20.5356497765
8.4123392105,-72.2098217010,-23.4316372871
4.9505981207,-72.2171039581,-23.6856608391
1.4581497312,-72.2690868378,-23.9454126358
8.5691990852,-72.0187377930,-26.7912373543
5.0727985501,-72.0563049316,-27.0675330162
1.5302272961,-72.1430892944,-27.3584580421
1.2816854604,-26.3794279099,-50.2828922272
-1.9213667475,-26.2096323967,-51.7211103439
2.3245898150,-26.2950172424,-53.3060092926
-0.4806906246,-26.1045827866,-55.1527996063
3.6866006255,-26.2433919907,-56.0221033096
1.6051711068,-26.0922822952,-58.4136877060
1.2865451761,-30.5000896454,-50.6518182755
2.3614238836,-30.3955235481,-53.6365070343
3.7100186050,-30.3773961067,-56.3365640640
1.6045703590,-30.2406415939,-58.7301015854
1.3765195385,-34.6054677963,-50.9754953384
2.5141534582,-34.4337120056,-53.8421440125
3.7883759141,-34.4848756790,-56.5052890778
10.8105020523,-102.0843181610,-1.2949220046
10.3845000267,-102.0573539734,-3.8411256075
9.5610527992,-101.9630260468,-6.2364791632
14.5900552273,-102.0878086090,-1.4425804913
14.3323600292,-102.0188732147,-4.3275238276
14.0834174156,-101.7964782715,-7.2456521988
18.4101028442,-102.0948486328,-1.5185923278
18.2542381287,-102.0037231445,-4.5602428317
18.1270179749,-101.7249774933,-7.6245641708
10.7981238365,-106.3413486481,-1.2915428281
10.3373047113,-106.2651748657,-3.8366467357
9.5476084948,-106.1540260315,-6.2598626614
14.5923204422,-106.4954242706,-1.4607163370
14.3652577400,-106.2909202576,-4.3919231296
14.1198351383,-106.0173969269,-7.3560435772
18.4239501953,-106.6246242523,-1.5403368175
18.3210978508,-106.3369750977,-4.6349826455
18.1981124878,-105.9749507904,-7.7504961491
10.7859385014,-110.8015022278,-1.2994455695
10.3357899189,-110.7424259186,-3.8831349611
9.5495296717,-110.8028507233,-6.3459030390
14.5828399658,-111.1221466064,-1.4835255742
14.4112575054,-110.5936222076,-4.5028112531
14.1628677845,-110.3546733856,-7.5428071022
18.4481625557,-111.5618209839,-1.5799752474
18.4642796516,-110.8114013672,-4.7745243311
18.3044166565,-110.4008541107,-7.9611035585
26.9935317039,-38.9929075241,-37.5872802734
23.4622926712,-39.0628423691,-37.7777843475
29.7514419556,-38.8993978500,-40.8845415115
26.5997905731,-38.9755592346,-40.7856864929
23.3457059860,-39.0290012360,-40.9579362869
29.4831576347,-38.9039354324,-43.9710083008
26.4229331017,-38.9629230499,-43.9386835098
23.3246855736,-39.0002183914,-44.1498565674
27.0903711319,-43.1584939957,-37.6879873276
23.5495862961,-43.2021436691,-37.8887596130
29.8413672447,-43.1368265152,-40.9893217087
26.6904439926,-43.1601076126,-40.8979740143
23.4308214188,-43.1771020889,-41.0803833008
29.5775299072,-43.1409835815,-44.0838603973
26.5163998604,-43.1491365433,-44.0614032745
23.4150595665,-43.1490497589,-44.2820577621
27.1767945290,-47.3460092545,-37.7525100708
23.6133370399,-47.3540725708,-37.9814929962
29.9365048409,-47.3813047409,-41.0483283997
26.7629904747,-47.3500318527,-40.9866580963
23.4899711609,-47.3267164230,-41.1870412827
29.6687617302,-47.3766040802,-44.1654214859
26.5907764435,-47.3318500519,-44.1642761230
23.4805922508,-47.2923851013,-44.3986845016
10.8320138454,-2.0826635643,-1.2355388644
10.4713733196,-2.0807527570,-3.6796565652
9.6859225035,-2.0760028889,-5.9614322186
14.8293976784,-2.0785143375,-1.3274928033
14.7027974129,-2.0707325339,-4.0000476837
14.6194224358,-2.0614462495,-6.7310801744
10.9091141224,-6.2480781078,-1.2493098917
10.4959111214,-6.2434614897,-3.7198435068
9.6877526045,-6.2352405787,-6.0136942863
15.0404849052,-6.2411013842,-1.3447231054
14.7018623352,-6.2247710228,-4.0509901643
14.5219252110,-6.2061803341,-6.7824394703
10.9704942703,-10.4144172668,-1.2486213985
10.5122337341,-10.4091899395,-3.7195159197
9.6812030077,-10.4035024643,-6.0123064518
15.2312524319,-10.4094471931,-1.3382850587
14.7378602028,-10.3926994801,-4.0366687775
14.4870209694,-10.3767397404,-6.7554987669
36.6517295837,-85.8395385742,-49.0418481827
33.9034242630,-85.6642017365,-48.6345481873
31.1403007507,-85.4863071442,-48.2990827560
36.3915863037,-85.7527389526,-52.0951986313
33.7326669693,-85.5479583740,-51.5572891235
31.1154966354,-85.3495750427,-51.0264606476
36.1548185349,-85.7215785980,-55.4402418137
33.3565702438,-85.4286499023,-54.5128908157
30.9805469513,-85.2257366180,-53.5958070755
36.3563442230,-89.2696056366,-49.1838665009
33.6479091644,-89.0612430573,-48.7717189789
30.9038200378,-88.8572235107,-48.4572525024
36.0619182587,-89.2595806122,-52.2238845825
33.4402484894,-89.0056972504,-51.6826953888
30.8365612030,-88.7629299164,-51.1814107895
35.8491373062,-89.3583488464,-55.5494232178
33.0725378990,-88.9243755341,-54.6106443405
30.6896581650,-88.6599750519,-53.7320728302
35.9706420898,-92.6782531738,-49.2523803711
33.3550639153,-92.4143619537,-48.8420333862
30.6797800064,-92.1472396851,-48.5685205460
35.5990428925,-92.8219661713,-52.3180475235
33.0669274330,-92.4811286926,-51.7713184357
30.5011405945,-92.1591205597,-51.3345127106
35.4423131943,-93.2552433014,-55.6672315598
32.7221636772,-92.4656734467,-54.6194152832
30.3083109856,-92.1261692047,-53.8378133774
10.9761040211,-52.1448593140,-1.2531398180
10.4943659306,-52.1492338181,-3.7366953492
9.6553510427,-52.1502418518,-6.0507065058
10.9802844524,-56.3328046799,-1.2564760688
10.5075237751,-56.3443145752,-3.7457921505
9.6767388582,-56.3539829254,-6.0650621653
14.4840021133,-56.5601243973,-6.8431464434
10.9964563847,-60.5259265900,-1.2574266436
10.5239636898,-60.5446605682,-3.7495370507
9.6935421228,-60.5635118484,-6.0733925104
14.5560898781,-60.8784313202,-6.8665115833
18.5205173492,-88.0948295593,-20.1530995369
15.0325896740,-88.0829257965,-20.1033048630
11.6078195572,-88.0807018280,-20.0898303986
18.6531581879,-87.7097282410,-23.4233994484
15.2122151852,-87.6912918091,-23.4212350845
11.8126375675,-87.6855792999,-23.4538722038
18.7416753769,-87.3611946106,-26.6956648827
15.3485946655,-87.3306865692,-26.7264671326
11.9808967113,-87.3134765625,-26.7873997688
18.5474295616,-91.8773632050,-20.2509775162
15.0608472824,-91.8881912231,-20.1935930252
11.6376316547,-91.8993091583,-20.1676473618
18.6527447701,-91.4363327026,-23.5294203758
15.2194201946,-91.4340114594,-23.5184712410
11.8272030354,-91.4326839447,-23.5376424789
18.7123918533,-91.0672798157,-26.8237147331
15.3276293278,-91.0446681976,-26.8452439308
11.9704771042,-91.0213851929,-26.8936047554
18.5730476379,-95.6633319855,-20.3735804558
15.0924706459,-95.6853942871,-20.3159179688
11.6722645760,-95.6897983551,-20.2788600922
18.6608719826,-95.1229896545,-23.6303124428
15.2324624062,-95.1292896271,-23.6222481728
11.8423852921,-95.1118717194,-23.6335659027
18.6994695663,-94.6953849792,-26.9018445015
15.3085722923,-94.6729907990,-26.9309368134
11.9402501583,-94.6295681000,-26.9908380508
48.3720569611,-39.8244867325,-115.5356998444
48.5466547012,-39.8170251846,-111.4303493500
48.7170801163,-39.8317632675,-107.3586769104
44.2884321213,-39.8467359543,-115.3200263977
44.4723758698,-39.8275279999,-111.2019729614
44.6140003204,-39.8307495117,-107.1404972076
40.3583574295,-39.8045368195,-115.0019531250
40.5012512207,-39.7756490707,-110.9277763367
40.5740642548,-39.7838983536,-106.9116744995
48.4911327362,-44.0119791031,-115.6688766479
48.6604604721,-43.9952058792,-111.6149253845
48.8424129486,-43.9871006012,-107.5811538696
44.3306617737,-44.0108356476,-115.4539489746
44.5092897415,-43.9899978638,-111.3857746124
44.6819887161,-43.9733448029,-107.3580532074
40.3604030609,-43.9001207352,-115.1344261169
40.4985694885,-43.8855466843,-111.1018505096
40.6252069473,-43.8950366974,-107.1073989868
48.4968090057,-48.2289381027,-115.7848968506
48.6493988037,-48.2103357315,-111.7875480652
48.8517723083,-48.1739931107,-107.7880535126
44.1578063965,-48.2072591782,-115.5831737518
44.3364000320,-48.2016963959,-111.5804767609
44.5956840515,-48.1560974121,-107.5781517029
39.7133150101,-48.1487636566,-115.3241748810
39.9232635498,-48.1686887741,-111.3792247772
40.3444061279,-48.1340913773,-107.3697261810
42.9724102020,-87.5186901093,-31.7013106346
42.0050554276,-87.2382373810,-34.7552814484
41.0799217224,-86.9137229919,-37.6822500229
45.2948503494,-87.4542274475,-35.7112302780
43.9783401489,-87.0939006805,-38.3965234756
46.6283683777,-87.2646942139,-39.4009609222
42.6446590424,-91.1852493286,-31.9738817215
41.7140922546,-90.8318290710,-35.0171012878
40.8104991913,-90.4602336884,-37.9467134476
46.1971387863,-91.4716148376,-33.0968027115
44.9062604904,-91.0653953552,-35.9974889755
43.6410398483,-90.6688594818,-38.6848535538
47.9331884384,-91.2873115540,-37.5876340866
46.2018337250,-90.8664760590,-39.7245969772
42.3211679459,-94.8348445892,-32.3115711212
41.4105558395,-94.3967247009,-35.3301143646
40.5230436325,-93.9617252350,-38.2486886978
45.8137407303,-95.1251258850,-33.4513630867
44.5412950516,-94.6449260712,-36.3281517029
43.2986106873,-94.1931381226,-39.0061950684
49.4038190842,-95.4726657867,-35.3645811081
47.4904451370,-94.8878517151,-37.9465084076
45.8012208939,-94.4156856537,-40.0713739395
65.4362506866,-61.6673927307,-117.0258769989
85.3234252930,-100.6096992493,-142.0062980652
85.4414043427,-100.4977760315,-137.9286956787
85.5322914124,-100.3633251190,-133.8724174500
81.1854400635,-100.2744255066,-141.9108314514
81.3451251984,-100.1355609894,-137.8152542114
81.4458351135,-99.9839534760,-133.7604980469
77.1914749146,-100.0401649475,-141.6641578674
77.3432521820,-99.8586864471,-137.6197242737
77.4240283966,-99.6698322296,-133.6087188721
85.2566947937,-104.8766498566,-141.9729042053
85.3389205933,-104.8076496124,-137.8713493347
85.3989429474,-104.7095489502,-133.7981719971
81.1296367645,-104.6183509827,-141.8782844543
81.2383003235,-104.5160999298,-137.7516059875
81.2978763580,-104.3798007965,-133.6717529297
77.1803760529,-104.4731502533,-141.6296768188
77.2694568634,-104.2951488495,-137.5627479553
77.3117618561,-104.0680217743,-133.5201721191
85.1654586792,-109.0648536682,-141.9824066162
85.2046470642,-109.0528507233,-137.8373298645
85.2243099213,-108.9961986542,-133.7277030945
80.9386348724,-108.8665790558,-141.9121856689
80.9732246399,-108.8281478882,-137.7132034302
80.9658145905,-108.7276744843,-133.5688514709
76.3888721466,-109.2830028534,-141.7497062683
76.3811969757,-109.0710258484,-137.6045265198
76.4066772461,-108.6920986176,-133.4251708984
35.4330987930,-74.9264030457,-58.4037494659
32.5460519791,-74.7597026825,-56.8915624619
30.3384594917,-74.6487083435,-55.2612009048
33.1075539589,-74.7078514099,-61.4024858475
30.3015818596,-74.5296611786,-59.1120662689
28.1955919266,-74.4610118866,-56.6684970856
29.8374800682,-74.4213390350,-64.1546020508
27.4104170799,-74.2728080750,-60.8452272415
25.6150522232,-74.2691440582,-57.7753410339
35.3723373413,-78.4445667267,-58.4700746536
32.4582867622,-78.2639484406,-56.9694280624
30.2438764572,-78.1571960449,-55.3474931717
32.9978604317,-78.2408943176,-61.4305601120
30.1839437485,-78.0414047241,-59.1685113907
28.0952844620,-77.9709777832,-56.7394456863
29.6982946396,-77.9082603455,-64.0994892120
27.2767219543,-77.7639503479,-60.8478593826
25.5136399269,-77.7806739807,-57.8101387024
35.1956691742,-82.0005912781,-58.5750522614
32.2935776711,-81.7507171631,-57.0880279541
30.0993099213,-81.6164264679,-55.4719190598
32.7410964966,-81.7614765167,-61.5411853790
29.9484772682,-81.4967231750,-59.3262252808
27.9266853333,-81.4020309448,-56.8850803375
29.0400176048,-81.3740234375,-64.3845119476
26.7603325844,-81.2338447571,-61.1933012009
25.2349257469,-81.2441043854,-58.0311946869
10.9537332058,-14.3414618969,-46.8718385696
7.9236539602,-14.2928268909,-47.2154378891
4.8272190690,-14.2032852173,-47.7815084457
11.4676456451,-14.2667777538,-49.9323806763
8.5350786448,-14.2214019299,-50.1584091187
5.5638083220,-14.1328999996,-50.6112699509
11.9197626114,-14.1668493748,-53.0534982681
9.0732187033,-14.1121373177,-53.1209974289
6.3338665962,-14.0245773792,-53.2748699188
10.8993420601,-18.4292578697,-47.3413019180
7.8108673096,-18.3787927628,-47.7209215164
4.6582661867,-18.2898082733,-48.3239746094
11.4209783077,-18.3535180092,-50.4523820877
8.4327564240,-18.3044819832,-50.7107982635
5.4090128541,-18.2174129486,-51.1963138580
11.8804848194,-18.2598347664,-53.6248617172
8.9807224274,-18.2011628151,-53.7205038071
6.1940250397,-18.1168777943,-53.8987855911
10.8854820728,-22.5231733322,-47.7540969849
7.7499181032,-22.4748001099,-48.1643228531
4.5508297682,-22.3918733597,-48.7997579575
11.4127087593,-22.4506154060,-50.9012613297
8.3808783293,-22.4013447762,-51.1861572266
5.3159181476,-22.3199782372,-51.6982049942
11.8736550808,-22.3692049980,-54.1100053787
8.9325746298,-22.3101205826,-54.2281293869
6.1100858450,-22.2322878838,-54.4249658585
-10.1353852749,-89.5735301971,-9.4273798466
-10.1662052870,-93.8220577240,-9.5103758574
-11.0474820137,-93.7378635406,-13.2610621452
-10.2612622976,-98.1739635468,-9.7370740175
-15.0791957378,-98.4967479706,-10.8445603848
-11.1471395493,-98.2723808289,-13.7634649277
26.4891338348,-26.5636649132,-37.0951013565
23.0444316864,-26.7144784927,-37.3012704849
26.1284241676,-26.4836177826,-40.2870225906
22.9348020554,-26.6496238708,-40.4508256912
29.0271320343,-26.1851849556,-43.4608783722
25.9747347832,-26.4695672989,-43.4285383224
22.9189472198,-26.6103644371,-43.6121339798
26.7049489021,-30.6859951019,-37.2985677719
23.2151894569,-30.8154253960,-37.4862794876
26.3334264755,-30.6193871498,-40.4796590805
23.1040167809,-30.7550086975,-40.6437005997
29.2235274315,-30.4074053764,-43.6580009460
26.1649718285,-30.6030740738,-43.6200542450
23.0820212364,-30.7184376717,-43.8156614304
26.8692469597,-34.8386278152,-37.4583234787
23.3523082733,-34.9346933365,-37.6446504593
26.4844369888,-34.7947340012,-40.6466436386
23.2380661964,-34.8864994049,-40.8133096695
29.3698272705,-34.6611804962,-43.8292798996
26.3088302612,-34.7781238556,-43.7918624878
23.2146129608,-34.8536367416,-43.9953756332
40.6837615967,-100.8037757874,-11.6902191639
36.8559350967,-100.9132289886,-11.6063466072
33.1501393318,-100.9299793243,-11.4320223331
40.4492235184,-100.6268749237,-15.2371652126
36.7456722260,-100.4837245941,-14.9550998211
33.0709757805,-100.4235000610,-14.6952230930
40.2486734390,-100.1974716187,-18.6848993301
36.5785484314,-99.9968929291,-18.2988100052
32.9369688034,-99.8943023682,-17.9683332443
40.6930561066,-104.8150482178,-11.9714677334
36.9788131714,-104.7824001312,-11.7841489315
33.2969193459,-104.8200511932,-11.5863270760
40.4585142136,-104.4358787537,-15.4728653431
36.7889785767,-104.2937984467,-15.1765050888
33.1429438591,-104.2647972107,-14.8951981068
40.1760005951,-103.9492015839,-18.9513149261
36.5256042480,-103.7498245239,-18.5611071587
32.9130816460,-103.6693725586,-18.2041625977
40.6874351501,-108.7770729065,-12.2213480473
37.0771570206,-108.6365222931,-11.9929649830
33.5028719902,-108.6259746552,-11.7623655796
40.4122648239,-108.2660484314,-15.7402100563
36.8221769333,-108.0609474182,-15.4245994091
33.2790317535,-108.0036487579,-15.1123459339
40.0591230392,-107.6883983612,-19.2369198799
36.4614591599,-107.4358730316,-18.8388895988
32.9237833023,-107.3453235626,-18.4569101334
9.1047279835,-14.5412478447,-28.4857783318
5.8243246078,-14.5131070614,-28.7506871223
2.5228867680,-14.4702351093,-29.0525021553
9.2702554464,-14.5197219849,-31.5931663513
5.9844093323,-14.4846518040,-31.8983054161
2.6597460359,-14.4317426682,-32.2576508522
9.4780421257,-14.4957144260,-34.6775283813
6.2039759159,-14.4550299644,-35.0250816345
2.8778017461,-14.3939800262,-35.4460334778
9.0520250797,-18.6814227104,-28.7015194893
5.7137342691,-18.6518673897,-29.0077199936
2.3560488522,-18.6089053154,-29.3457074165
9.2149332762,-18.6514892578,-31.8448624611
5.8671342134,-18.6164846420,-32.1925334930
2.4826988578,-18.5642781258,-32.5911178589
9.4187527895,-18.6183571815,-34.9671287537
6.0809636116,-18.5786223412,-35.3575916290
2.6931814849,-18.5183448792,-35.8198289871
9.0146789551,-22.8194074631,-28.9068555832
5.6280035377,-22.7921729088,-29.2464179993
2.2226012051,-22.7544274330,-29.6145620346
9.1798824072,-22.7814755440,-32.0831470490
5.7795431018,-22.7509303093,-32.4662752151
2.3433443308,-22.7058501244,-32.8986454010
9.3852330446,-22.7398691177,-35.2392730713
5.9927505255,-22.7060208321,-35.6665248871
2.5508517623,-22.6539463997,-36.1654529572
62.5292501450,-113.1460514069,-25.3455348015
58.5336608887,-112.8347511292,-25.3148274422
54.5809125900,-112.4299221039,-25.1183176041
62.3981246948,-112.9194545746,-29.4092373848
58.3187818527,-112.5307807922,-29.4391398430
54.2275905609,-112.0098247528,-29.2875056267
62.3653135300,-112.7293739319,-33.5250735283
58.2173290253,-112.2317256927,-33.6781263351
53.8690137863,-111.5136013031,-33.7875523567
62.3424005508,-117.0621490479,-25.5560998917
58.3202829361,-116.7563991547,-25.5128045082
54.3226604462,-116.3386211395,-25.3328318596
62.1393785477,-116.9611263275,-29.6531977654
57.9980840683,-116.5642013550,-29.6891102791
53.8369588852,-115.9893207550,-29.5747404099
62.0817422867,-116.8714237213,-33.7702803612
57.8326644897,-116.3147010803,-33.9426693916
53.3777360916,-115.4949970245,-34.1091384888
62.0390901566,-121.0902500153,-25.7212443352
58.0684862137,-120.7436237335,-25.6258292198
54.0944957733,-120.2612953186,-25.4542417526
61.7526607513,-121.2429485321,-29.8615655899
57.5765562057,-120.7596244812,-29.9037804604
53.3355541229,-120.0967712402,-29.8562912941
61.7222681046,-121.3869705200,-33.9141430855
57.3178968430,-120.5989742279,-34.1269526482
52.6886548996,-119.6653747559,-34.4373269081
89.4652328491,-109.2930736542,-129.7981185913
89.4981670380,-109.2294769287,-125.7755260468
64.8947334290,-110.5186729431,-58.8717651367
64.1502771378,-110.9869251251,-54.1388521194
63.6556167603,-111.5994262695,-49.7534246445
60.1538381577,-109.5947742462,-59.1967782974
60.4794607162,-110.1488533020,-54.5674247742
60.1605310440,-110.8651771545,-50.1491537094
55.4974918365,-108.7319755554,-58.7877292633
56.9799766541,-109.3801765442,-54.5785121918
56.7959575653,-110.1174736023,-50.4895563126
64.6458311081,-115.1247997284,-59.4258995056
63.8249292374,-115.4039001465,-54.7008495331
63.4114551544,-115.8078975677,-50.3481826782
59.7457990646,-114.2651729584,-59.5615262985
60.0387830734,-114.5725250244,-55.0791702271
59.7942256927,-115.0301990509,-50.7400665283
54.9792699814,-113.4607734680,-59.0910511017
56.4295892715,-113.8343791962,-55.0320577621
56.3076915741,-114.2665996552,-51.0132179260
64.2287044525,-119.8050727844,-59.9573879242
63.4728355408,-119.8776493073,-55.1154384613
63.0404205322,-120.2110939026,-50.7993354797
59.2601594925,-118.8301753998,-59.9862575531
59.5898180008,-118.8041248322,-55.4565563202
59.3565683365,-119.1824455261,-51.1924304962
54.3474550247,-118.1831951141,-59.5295181274
55.8382492065,-118.0668983459,-55.3478622437
55.7474756241,-118.3955974579,-51.3540868759
10.0887396336,-2.0671421007,-8.9806613922
11.2207996845,-2.0642243624,-12.4840972424
11.8290374279,-2.0686203837,-15.7474975586
14.8196454048,-2.0494983792,-9.6846119165
15.2324578762,-2.0449322462,-12.8569500446
15.5832376480,-2.0443314314,-16.0350577831
10.1202520132,-6.2206448317,-8.9879341125
11.2588222027,-6.2144476175,-12.4229547977
11.8243393898,-6.2199174166,-15.6607775688
14.6986348629,-6.1836059093,-9.6512440443
15.1081149578,-6.1730704308,-12.7120947838
15.4489846230,-6.1687277555,-15.8182024956
10.1051400900,-10.3947472572,-8.9800357819
11.2360851765,-10.3891401291,-12.4067823887
11.7921624184,-10.3896448612,-15.6467454433
14.6391081810,-10.3585770130,-9.5937610865
15.0494804382,-10.3472275734,-12.6193246841
15.4004423618,-10.3399631977,-15.7033472061
32.0045742989,-97.7460041046,-31.0003638268
31.7849249840,-97.2240161896,-34.2124261856
31.5398111343,-96.6921539307,-37.3693408966
35.2527971268,-97.9830455780,-31.4081420898
34.8248224258,-97.4746322632,-34.5514621735
34.4052658081,-96.9591102600,-37.6314659119
38.5950918198,-98.2019615173,-31.9190878868
37.9497032166,-97.7019844055,-35.0064029694
37.3288154602,-97.2018756866,-38.0250720978
31.6562905312,-101.1815013885,-31.4082145691
31.4524607658,-100.5361862183,-34.6422729492
31.2072367668,-99.9204730988,-37.8460845947
34.8570051193,-101.5633716583,-31.8219203949
34.4341621399,-100.9835262299,-34.9777565002
34.0223283768,-100.4016075134,-38.0837154388
38.2302846909,-101.7814998627,-32.2965683937
37.5901432037,-101.2224731445,-35.3881340027
36.9759531021,-100.6710224152,-38.4274435043
30.5859274864,-104.7888774872,-32.1477632523
30.2397904396,-103.8768768311,-35.2931747437
29.8694272041,-103.1745758057,-38.4473085403
34.1545090675,-105.3070755005,-32.3688807487
33.7503881454,-104.6145534515,-35.4899692535
33.3359336853,-103.9550266266,-38.5997276306
37.7592792511,-105.3920478821,-32.7272329330
37.1886301041,-104.7831974030,-35.7958927155
36.6111745834,-104.2028980255,-38.8552808762
19.7288570404,-51.9696025848,-18.9222960472
15.8120038509,-51.9806261063,-19.2418160439
12.1202774048,-51.9559583664,-19.4970698357
19.4353070259,-51.8638076782,-22.3949227333
15.8629045486,-51.8782014847,-22.5780830383
12.2846825123,-51.8635530472,-22.8491020203
19.5839200020,-51.7623395920,-25.6725931168
15.9960904121,-51.7788667679,-25.8899512291
12.4329600334,-51.7713031769,-26.1840882301
19.8548097610,-56.2954168320,-19.0088195801
15.8608171940,-56.2105360031,-19.3086223602
12.1300945282,-56.1318817139,-19.5551824570
19.4961242676,-56.1521596909,-22.4803600311
15.8850095272,-56.0776710510,-22.6507868767
12.2794771194,-56.0166330338,-22.9155797958
19.6046752930,-56.0063123703,-25.7644557953
15.9948377609,-55.9483604431,-25.9704308510
12.4142525196,-55.9027090073,-26.2593784332
19.7997593880,-60.5812072754,-19.0884747505
15.7952747345,-60.4230222702,-19.3869104385
12.0715496540,-60.2907199860,-19.6205945015
19.4519968033,-60.4244031906,-22.5695734024
15.8240098953,-60.2560710907,-22.7366752625
12.2171974182,-60.1490859985,-22.9886250496
19.5396828651,-60.2271432877,-25.8602910042
15.9275901318,-60.0923509598,-26.0596132278
12.3478398323,-60.0104999542,-26.3371882439
10.0772808790,-14.5708520412,-8.9774907827
11.1972930431,-14.5678946972,-12.4141478539
11.7536740303,-14.5663778782,-15.6686649323
15.3746070862,-14.5322885513,-15.6532347202
10.0428100824,-18.7477970123,-8.9815758467
11.1503455639,-18.7479844093,-12.4356601238
11.7091615200,-18.7456450462,-15.7104575634
15.3346793652,-18.7374997139,-15.6443622112
10.0094420910,-22.9224524498,-8.9878599644
11.1026101112,-22.9239025116,-12.4625499249
11.6621119976,-22.9199609756,-15.7612373829
15.2845273018,-22.9353675842,-15.6533825397
78.1272048950,-125.6628494263,-21.9256148338
82.5098133087,-130.5646018982,-14.0942997932
78.3647079468,-130.7253265381,-14.2227144241
82.3136043549,-130.2741317749,-18.1282572746
78.1727447510,-130.3818759918,-18.2611122131
82.2343349457,-129.9442024231,-22.1169319153
78.0726852417,-129.9921951294,-22.2340464592
86.5836868286,-134.8620262146,-14.1517250538
82.3237552643,-135.1665496826,-14.2716448307
78.1039676666,-135.2869529724,-14.4943153858
86.4465522766,-134.5500488281,-18.1899352074
82.1618900299,-134.8116722107,-18.3441925049
77.9140281677,-134.8835449219,-18.6371903419
86.3868618011,-134.2710647583,-22.1935129166
82.0739440918,-134.4963417053,-22.3692646027
77.6512069702,-134.5994224548,-22.8362236023
15.6315269470,-2.0504819751,-19.1055130959
12.1084775925,-2.0742363930,-18.8540649414
18.6717505455,-2.0407745242,-22.3944878578
15.4600017071,-2.0666453838,-22.0548381805
12.1951925755,-2.0816710591,-21.8501071930
18.4532189369,-2.0648891330,-25.1952452660
15.3576166630,-2.0792945027,-24.9261250496
12.2426726818,-2.0870514512,-24.7725920677
15.5057096481,-6.1807978153,-18.8989801407
12.0795247555,-6.2297979593,-18.7951273918
18.5080518723,-6.1638332605,-22.1942548752
15.3907239437,-6.2137341499,-21.9604635239
12.1693949699,-6.2439655066,-21.8744082451
18.4727745056,-6.2081233263,-25.1605629921
15.3842289448,-6.2380762100,-24.9768052101
12.2476050854,-6.2537076473,-24.9161896706
15.4746551514,-10.3509500027,-18.8046150208
12.0455152988,-10.3959491253,-18.8088755608
18.5606331825,-10.3356654644,-22.0528502464
15.3953599930,-10.3800127506,-21.9304680824
12.1451528072,-10.4061243534,-21.9412059784
18.5952258110,-10.3673527241,-25.1036553383
15.4344222546,-10.3978750706,-25.0192070007
12.2393622398,-10.4111223221,-25.0449972153
52.3881063461,-2.2194483280,-101.4600315094
52.5781297684,-2.2155528069,-97.0107269287
52.4946022034,-6.6320846081,-101.4023475647
52.7079868317,-6.6371488571,-96.9701309204
52.4732532501,-10.9760875702,-101.4527988434
52.7300624847,-11.0132601261,-96.9958572388
-10.1281349659,-77.0205650330,-9.4461046457
-11.0676274300,-76.9514007568,-13.2115621567
-10.1192674637,-81.1996765137,-9.4272985458
-10.1235725880,-85.3789405823,-9.4165362120
-9.8207507133,-89.6051845551,-6.2226746082
-10.7034776211,-89.5964374542,-3.8438803554
-11.1373059750,-89.5876960754,-1.2907467046
-15.3647150993,-89.6151847839,-4.3996333480
-15.9788148403,-89.5955810547,-1.4613287151
-9.8341969252,-93.8008823395,-6.2504873276
-10.7111772299,-93.7750015259,-3.8541666269
-11.1399543285,-93.7581291199,-1.2932455859
-14.9515197277,-93.8736534119,-7.4091819525
-15.3797321320,-93.8147583008,-4.4142397642
-15.9651198387,-93.7807197571,-1.4636497498
-9.8632287979,-97.9865493774,-6.2839527130
-10.7285389900,-97.9495372772,-3.8601512909
-11.1473517418,-97.9291419983,-1.2934821524
-15.0467677116,-98.0800781250,-7.4477852583
-15.4532222748,-98.0077018738,-4.4067734480
-16.0373828411,-97.9817466736,-1.4575132430
85.6098728180,-100.2211074829,-129.8361454010
81.5362358093,-99.8315849304,-129.7289695740
81.6210651398,-99.7147598267,-125.7128524780
81.6896362305,-99.6591396332,-121.7117252350
77.5232677460,-99.4838085175,-129.5970687866
77.6409053802,-99.3428287506,-125.5834484100
77.7527351379,-99.2783298492,-121.5744018555
85.4549045563,-104.5984973907,-129.7551918030
85.5080432892,-104.5061225891,-125.7393226624
85.5520572662,-104.4479007721,-121.7447223663
81.3627262115,-104.2299766541,-129.6289749146
81.4367866516,-104.1097259521,-125.6165714264
81.5058784485,-104.0395507812,-121.6246204376
77.3970165253,-103.8281002045,-129.4888687134
77.5087947845,-103.6461524963,-125.4810466766
77.6163196564,-103.5542488098,-121.4896774292
85.2526454926,-108.9113235474,-129.6661243439
85.2898216248,-108.8383808136,-125.6474494934
85.3262233734,-108.7898788452,-121.6582012177
80.9908294678,-108.5913753510,-129.4971561432
81.0409603119,-108.4814510345,-125.4914512634
81.0937995911,-108.4194259644,-121.5221252441
76.5467090607,-108.3017234802,-129.2877979279
76.6445388794,-108.0605258942,-125.2986507416
76.7309532166,-107.9720783234,-121.3581295013
9.8832683563,-77.1141719818,-9.2501456738
10.8454573154,-76.9276847839,-12.9909446239
11.3067827225,-76.6953735352,-16.5093448162
14.2123477459,-77.3479309082,-9.9111480713
14.4793748856,-77.1144390106,-13.1987597942
14.7767071724,-76.8403377533,-16.5461928844
18.1699681282,-77.6492671967,-10.0791647434
18.0680661201,-77.3800296783,-13.3697521687
18.2705292702,-77.0465526581,-16.6325764656
9.8358222246,-81.1822986603,-9.2909545898
10.8080649376,-80.9287891388,-13.0466675758
11.2787477970,-80.6487236023,-16.5646548271
14.0829646587,-81.3278121948,-10.0123512745
14.4190001488,-81.0455055237,-13.2917101383
14.7403998375,-80.7373905182,-16.6285369396
17.8829619884,-81.5552902222,-10.3080072403
18.0105628967,-81.2136573792,-13.4958348274
18.2477145195,-80.8619575500,-16.7336070538
9.8210604191,-85.2421073914,-9.3268088102
10.8074300289,-84.9147853851,-13.0965228081
11.2858774662,-84.5771713257,-16.6160352230
14.0486173630,-85.2910537720,-10.0871818066
14.4199728966,-84.9656829834,-13.3671550751
14.7500929832,-84.6168422699,-16.7005712986
17.8707194328,-85.4046859741,-10.4134550095
18.0480694771,-85.0455112457,-13.5837728977
18.2806754112,-84.6755657196,-16.8156571388
67.5311069489,-122.6984024048,-1.9707084298
70.9563617706,-122.7517814636,-5.9254258275
67.2614383698,-122.5143280029,-5.9215295911
70.7257461548,-122.5598487854,-9.8867329359
67.0167655945,-122.2723522186,-9.8744438887
41.3840017319,-15.0161225796,-76.7930507660
41.8198671341,-14.8985948563,-72.6644325256
41.4965229034,-19.3526749611,-77.0918331146
41.9590311050,-19.2375249863,-72.9792861938
41.5625705719,-23.6760377884,-77.3502998352
42.0439481735,-23.5799431801,-73.2114944458
97.7758007050,-126.6744956970,-129.6230430603
97.7929248810,-126.8113727570,-125.8327522278
97.8009471893,-126.8632946014,-121.8893051147
93.3552970886,-126.1194705963,-129.3244724274
93.4204368591,-126.2882938385,-125.5698013306
93.4479236603,-126.4114971161,-121.6879787445
89.0905818939,-125.5710487366,-129.1520996094
89.1964550018,-125.7581233978,-125.3752746582
89.2339000702,-125.9183788300,-121.5084037781
97.6889209747,-130.5998954773,-129.6649723053
97.6984043121,-130.9715728760,-125.8826522827
97.7070789337,-131.0577926636,-121.9173240662
93.0983848572,-130.1270961761,-129.4262733459
93.1435527802,-130.4598407745,-125.6869029999
93.1724720001,-130.6552391052,-121.7577495575
88.7350940704,-129.5542964935,-129.2341480255
88.8172893524,-129.9069709778,-125.5081520081
88.8546867371,-130.1472244263,-121.5939006805
97.5581951141,-134.4342765808,-130.8484935760
97.5567817688,-135.0360717773,-126.2494010925
97.5620746613,-135.4336242676,-122.0369243622
92.5835781097,-134.1382255554,-130.8356227875
92.6097431183,-134.5634918213,-126.2062759399
92.6361351013,-134.9763450623,-121.9419765472
87.4972610474,-133.8509483337,-130.7004795074
87.5597248077,-134.2502441406,-126.1079273224
87.5874824524,-134.6888504028,-121.8329486847
66.9685230255,-100.3235244751,-81.3985404968
67.5099868774,-100.2417678833,-77.9984321594
67.6925945282,-100.4253025055,-74.7342109680
71.1625080109,-104.0930461884,-81.7555160522
71.5225162506,-104.0768966675,-78.4154434204
71.6481094360,-104.1032733917,-75.3860301971
67.3751335144,-104.5597496033,-81.4934329987
68.0271415710,-104.4693260193,-78.1997356415
68.2409210205,-104.4226512909,-75.0810279846
75.2668380737,-107.7280235291,-81.8466739655
71.5319747925,-107.9340476990,-81.6994400024
71.8512802124,-107.9151477814,-78.3306846619
71.9606819153,-107.8657493591,-75.1916027069
67.6485538483,-108.8876953125,-81.3331775665
68.2506694794,-108.7640743256,-77.9229183197
68.3621978760,-108.4820747375,-74.4905624390
93.6003246307,-126.4245719910,-93.8549690247
93.6455020905,-126.4465293884,-89.8988418579
89.3326492310,-125.9729518890,-93.7231273651
89.4077415466,-126.0054016113,-89.8001213074
89.5077228546,-126.0537033081,-85.8793754578
97.8322334290,-131.0635452271,-93.9551315308
93.4868488312,-130.6682739258,-93.8524589539
93.5224208832,-130.6817550659,-89.8950996399
93.5816860199,-130.7855987549,-85.9320659637
89.1331424713,-130.2499313354,-93.7263355255
89.1882858276,-130.2771530151,-89.8136062622
89.2874355316,-130.3895511627,-85.8886928558
97.7934665680,-135.5187301636,-93.9973449707
97.8077411652,-135.3863525391,-90.0033340454
97.8272666931,-135.6850738525,-85.9956398010
93.3479328156,-134.9463996887,-93.8918628693
93.3802776337,-134.8486099243,-89.9152717590
93.4360980988,-135.1812057495,-85.9135284424
88.8764286041,-134.6023254395,-93.8023929596
88.9343509674,-134.4950561523,-89.8829441071
89.0313968658,-134.8187828064,-85.9395885468
60.5762891769,-66.3100185394,-128.9467258453
60.8785543442,-66.2395153046,-124.8111000061
61.0888175964,-66.1489753723,-120.7126693726
56.2589120865,-66.1712484360,-128.6528739929
56.7753686905,-66.0455741882,-124.5149250031
56.9820642471,-65.9633493423,-120.4279212952
51.7222776413,-66.2070274353,-128.1835289001
52.8362045288,-65.8568525314,-124.1351013184
52.9267339706,-65.8022508621,-120.1800746918
60.4492759705,-70.7768154144,-128.9392986298
60.8041067123,-70.7415122986,-124.7561740875
61.0472164154,-70.7030181885,-120.6000480652
56.1619100571,-70.5782203674,-128.6276035309
56.7687139511,-70.5055027008,-124.4427261353
57.0042438507,-70.4784049988,-120.2858219147
51.6431646347,-70.6767425537,-128.0890331268
52.9543638229,-70.4582443237,-124.0563755035
53.0633687973,-70.3936710358,-120.0414485931
60.2223491669,-75.2125205994,-128.9138488770
60.6266870499,-75.2220058441,-124.6561508179
60.9016675949,-75.3475494385,-120.3950500488
56.0551176071,-74.8255863190,-128.5932769775
56.7208280563,-74.8010368347,-124.3040027618
56.9615793228,-74.9868602753,-119.9948501587
51.6119623184,-75.2118682861,-128.0666828156
53.0267190933,-74.9555683136,-123.9323539734
53.1040554047,-75.0265350342,-119.7989768982
98.0087585449,-89.6011676788,-189.9752082825
97.9789047241,-89.5973968506,-186.0058784485
97.9689712524,-89.5717563629,-182.0186996460
94.0406627655,-89.5846004486,-189.9710769653
93.9491634369,-89.5755844116,-186.0530700684
93.9189682007,-89.5126476288,-182.0752639771
90.1041851044,-89.4669837952,-190.1295471191
89.9634857178,-89.4522285461,-186.2093734741
89.9125804901,-89.3760471344,-182.1835708618
97.9642829895,-93.8633556366,-189.9561996460
97.9272613525,-93.8448028564,-185.9787521362
97.9216270447,-93.7775821686,-181.9802207947
93.9074821472,-93.9623184204,-189.9130744934
93.7927837372,-93.9097461700,-185.9779777527
93.7765502930,-93.7550086975,-181.9656715393
89.9355258942,-93.7966442108,-190.0355682373
89.7567787170,-93.7157821655,-186.0946464539
89.7152957916,-93.5610275269,-181.9972763062
97.8547000885,-98.6022129059,-189.9817695618
97.8171844482,-98.5223846436,-185.8747482300
97.8299503326,-98.2164173126,-181.8264198303
93.4775276184,-98.6223316193,-189.9145278931
93.3673629761,-98.4858417511,-185.9113540649
93.4281501770,-98.1229553223,-181.7674255371
88.8816490173,-98.5564517975,-190.0428237915
88.7191066742,-98.3060245514,-186.0235290527
88.8164825439,-98.0300540924,-181.7214546204
85.4526519775,-125.6057472229,-81.8926467896
85.6113471985,-125.5788497925,-78.0036449432
85.7300834656,-125.5196781158,-74.0956325531
81.2167682648,-125.0846271515,-81.7731075287
81.4185256958,-125.0619239807,-77.9654026031
81.5558223724,-125.0402240753,-74.1386108398
76.7581977844,-124.4627990723,-81.5806217194
77.0640239716,-124.4075756073,-77.9100952148
77.2168979645,-124.4266757965,-74.2277679443
85.1800842285,-129.9915733337,-81.9271335602
85.4211044312,-129.9593772888,-77.9987583160
85.5847339630,-129.8953742981,-74.0521564484
80.8562374115,-129.5236492157,-81.8232040405
81.1349487305,-129.5152778625,-77.9659099579
81.2978477478,-129.5475044250,-74.1036949158
76.4484138489,-129.0857219696,-81.6633739471
76.8624114990,-129.0706024170,-77.9057788849
76.9471206665,-129.1343803406,-74.1345806122
84.9340171814,-134.4544258118,-82.0699634552
85.4126129150,-134.3692779541,-78.0041332245
85.6634197235,-134.2947998047,-73.9294528961
80.4896507263,-133.9650497437,-81.9792938232
80.9408931732,-133.9098510742,-77.9954605103
81.1299591064,-134.1171722412,-74.0664482117
75.8511447906,-133.7440528870,-81.8418865204
76.3466167450,-133.6140556335,-77.9728984833
76.3945331573,-133.8863067627,-74.1189594269
22.4408392906,-14.4776399136,-30.8588685989
22.4717946053,-14.4865126610,-33.8099679947
22.6609611511,-18.6495265961,-30.8693494797
22.6862030029,-18.6078271866,-33.8750276566
22.8746495247,-22.8111796379,-30.9547839165
22.9134144783,-22.7177753448,-34.0080871582
85.9500465393,-77.0687236786,-178.5334701538
86.0256919861,-76.9993667603,-174.5824203491
86.0262489319,-76.9843521118,-170.6426734924
81.9459915161,-77.1692256927,-178.7653388977
82.1473026276,-76.9825592041,-174.8381385803
82.1176280975,-76.9420166016,-170.9447212219
77.8243350983,-77.4247894287,-179.0196266174
78.4527950287,-76.8935356140,-175.1048469543
78.3248062134,-76.8572444916,-171.3566284180
85.9373703003,-81.1589546204,-178.5557708740
86.0165195465,-81.0676612854,-174.5927429199
86.0163707733,-81.0120334625,-170.6679725647
81.9065494537,-81.2722740173,-178.8085975647
82.1384220123,-81.0743999481,-174.8602485657
82.1138648987,-80.9446773529,-170.9970283508
77.7686080933,-81.5160770416,-179.0464286804
78.5097866058,-81.0872554779,-175.1409492493
78.3992080688,-80.8114128113,-171.4724807739
85.8984508514,-85.1573829651,-178.4660263062
85.9148540497,-85.0531024933,-174.4710197449
85.8540992737,-84.9850749969,-170.5299797058
81.7590198517,-85.2388362885,-178.6835556030
81.8455753326,-85.0471572876,-174.6769752502
81.7235260010,-84.8754119873,-170.7705268860
77.0893840790,-85.7626762390,-178.8729972839
77.5073509216,-85.3884582520,-174.9186706543
77.2616329193,-84.8271179199,-171.1277503967
19.3407683372,-64.8227882385,-19.3342695236
15.5681703091,-64.5802230835,-19.5206446648
11.9376792908,-64.4098377228,-19.7043495178
19.2518630028,-64.5950260162,-22.7128725052
15.6688959599,-64.3733787537,-22.8548583984
12.1020126343,-64.2399015427,-23.0727930069
19.3746557236,-64.3500137329,-25.9806776047
15.7973508835,-64.1753520966,-26.1641955376
12.2439877987,-64.0751705170,-26.4173922539
18.8144602776,-68.9384689331,-19.6325654984
15.2972779274,-68.6534233093,-19.6765742302
11.7799203396,-68.4757862091,-19.7938437462
18.9909057617,-68.6274204254,-22.8829045296
15.4804329872,-68.4099483490,-22.9845752716
11.9714224339,-68.2771244049,-23.1571564674
19.1635351181,-68.3513107300,-26.1177344322
15.6436202526,-68.1817340851,-26.2733988762
12.1324579716,-68.0851154327,-26.4921345711
18.6024799347,-72.8624248505,-19.7731561661
15.1281402111,-72.6349525452,-19.7877521515
11.6632666588,-72.4846839905,-19.8664627075
18.8214879036,-72.5406417847,-23.0076642036
15.3408746719,-72.3669033051,-23.0884552002
11.8704719543,-72.2572784424,-23.2262125015
18.9983453751,-72.2520332336,-26.2359890938
15.5186424255,-72.1139488220,-26.3680891991
12.0452923775,-72.0366687775,-26.5530843735
53.7373886108,-52.3157167435,-92.1597042084
53.4703722000,-56.3646936417,-92.3721599579
53.3249702454,-60.3915643692,-92.5350704193
53.1320848465,-60.3412389755,-88.5131549835
52.3703641891,-60.2089586258,-84.2506122589
0.9328368679,-2.0282227993,-37.6888532639
-2.3983266205,-2.0020922124,-38.1663856506
-5.8792912960,-1.9700990617,-38.6632776260
1.4853255022,-2.0185428262,-40.7997636795
-1.7433129381,-1.9885920882,-41.4092817307
-5.0147877932,-1.9559772313,-42.0340480804
2.1537137348,-2.0028276145,-43.8458251953
-1.0010414626,-1.9611023068,-44.6423463821
-4.3556982875,-1.9119420350,-45.4846582413
0.5139157083,-6.0934492350,-38.1908321381
-2.7988983542,-6.0268160105,-38.7213068008
-6.2026613951,-5.9526603818,-39.2434253693
1.0414069872,-6.0657020807,-41.3381919861
-2.1542516220,-5.9900864363,-42.0175905228
-5.3152817488,-5.9151154757,-42.6980981827
1.6692632027,-6.0238074660,-44.4333248138
-1.4485687278,-5.9208235145,-45.3254356384
-4.6431788206,-5.8071905375,-46.2555847168
0.1502457540,-10.1701805592,-38.7008161545
-3.2261825204,-10.0697550774,-39.3049850464
-6.7559251785,-9.9425032139,-39.9535713196
0.6639694609,-10.1264724731,-41.8931293488
-2.5930293351,-10.0139585733,-42.6471014023
-5.8699439168,-9.8848605156,-43.4344406128
1.2796275103,-10.0669858456,-45.0441389084
-1.8967069602,-9.9229342937,-46.0151281357
-5.2014864087,-9.7480646372,-47.0569295883
47.4711666107,-14.9073271751,-127.1086997986
47.4744377136,-14.9130353928,-122.7965984344
47.5954961777,-14.9258224964,-118.4941730499
43.0043992996,-14.9182279110,-127.0113029480
43.1040964127,-14.8814456463,-122.5828762054
43.3770399094,-14.8726861477,-118.1900215149
38.3399372101,-14.9585676193,-126.9312515259
38.5947036743,-14.8579797745,-122.3376464844
39.1228380203,-14.8379056454,-117.7585010529
47.4531726837,-19.0919671059,-127.4028491974
47.4301462173,-19.0975184441,-123.0789241791
47.5329589844,-19.1077551842,-118.7638492584
43.0002708435,-19.1419024467,-127.3397731781
43.0877027512,-19.0971627235,-122.8976745605
43.3530168533,-19.0804910660,-118.4936447144
38.3597784042,-19.2610278130,-127.2738437653
38.5992078781,-19.1203422546,-122.6832714081
39.1215200424,-19.0749773979,-118.0990467072
47.5003957748,-23.2366695404,-127.6371746063
47.4551467896,-23.2527804375,-123.3166522980
47.5439872742,-23.2625050545,-119.0081520081
43.0608835220,-23.3199300766,-127.5965728760
43.1317787170,-23.2872076035,-123.1573734283
43.3874197006,-23.2679433823,-118.7636184692
38.3671293259,-23.5443558693,-127.5872688293
38.6387014389,-23.3674626350,-122.9729480743
39.1657562256,-23.2980613708,-118.3991718292
-1.3138273649,-89.4237918854,-10.5026795864
-3.8840364814,-89.4529972076,-9.9813140631
-6.4378685951,-89.4982624054,-9.2694623470
-1.5043333169,-89.0903072357,-13.7363801003
-4.5051147342,-89.1754741669,-13.4642210007
-7.5774312019,-89.3062191010,-13.1160929203
-1.5791659957,-88.7393074036,-17.0570821762
-1.2982137201,-93.5474395752,-10.5043814182
-3.8709131479,-93.5841846466,-9.9872006178
-6.4349033833,-93.6571311951,-9.2945176363
-1.4528970434,-93.1203861237,-13.7357397079
-4.4516574740,-93.2184047699,-13.4664700031
-7.5421273708,-93.4167060852,-13.1679296494
-1.4851545310,-92.6595001221,-17.0453724861
-4.6313280463,-92.7736301422,-16.8651647568
-1.2791890483,-97.6656646729,-10.5182590485
-3.8530384302,-97.7091827393,-10.0136154890
-6.4276527166,-97.8139057159,-9.3675261736
-1.3983854596,-97.1355762482,-13.7669000626
-4.3952984810,-97.2496604919,-13.5280051231
-7.5105340481,-97.5393409729,-13.3854849339
-1.4191614948,-96.5629882812,-17.0859675407
-4.5423239470,-96.6719188690,-16.9146175385
21.8105025291,-26.5136299133,-57.1914682388
18.5730676651,-26.5130071640,-57.6009387970
15.3023254871,-26.4900946617,-57.7727298737
22.9036922455,-26.5355114937,-60.6826486588
19.1668114662,-26.5286960602,-61.1421489716
15.5079276562,-26.4966468811,-61.2284908295
24.1268763542,-26.6720657349,-64.4035568237
19.6092634201,-26.6243238449,-64.8301925659
15.4914443493,-26.5596175194,-64.7972507477
21.9336543083,-30.6602840424,-57.4679784775
18.6650562286,-30.6599378586,-57.9041147232
15.3622498512,-30.6405363083,-58.0958042145
23.0144896507,-30.6992740631,-60.9617910385
19.2427539825,-30.6979479790,-61.4516677856
15.5447947979,-30.6765084267,-61.5583572388
24.2210745811,-30.8460483551,-64.6836662292
19.6683363914,-30.8162364960,-65.1443519592
15.5049998760,-30.7750482559,-65.1300392151
22.0526471138,-34.8042640686,-57.6905460358
18.7608833313,-34.8019790649,-58.1452856064
15.4313099384,-34.7881708145,-58.3490285873
23.1244029999,-34.8525695801,-61.1786565781
19.3225469589,-34.8564567566,-61.6883335114
15.5843925476,-34.8517313004,-61.8059959412
24.3225731850,-34.9983520508,-64.8906993866
19.7356500626,-34.9872035980,-65.3696632385
15.5166978836,-34.9811754227,-65.3647823334
36.7393932343,-52.0213689804,-102.9965457916
36.7843008041,-51.9417428970,-99.2067127228
36.8481264114,-51.8812265396,-95.3357181549
32.7537317276,-51.9703483582,-102.8779964447
32.5865087509,-51.8386402130,-99.0714702606
32.5170722008,-51.7441616058,-95.1349887848
28.5966329575,-52.2135705948,-103.7795009613
28.2193560600,-51.5814304352,-99.2036933899
27.7765855789,-51.3329010010,-95.0168476105
36.7771072388,-56.2064599991,-103.0107021332
36.8178148270,-56.0437574387,-99.3157424927
36.8732824326,-55.9600028992,-95.5154514313
32.8163723946,-56.2281112671,-102.8949756622
32.6534657478,-56.0129194260,-99.2019958496
32.5758361816,-55.9050626755,-95.3382797241
28.8142175674,-56.4621438980,-103.9918003082
28.4926161766,-56.0324325562,-99.4919509888
28.0846190453,-55.8673353195,-95.3654327393
36.8315095901,-60.2970142365,-103.0776023865
36.8842363358,-60.0723199844,-99.4106464386
36.9432201385,-60.0058927536,-95.6632976532
32.9006495476,-60.3469457626,-102.9529991150
32.7729382515,-60.0732727051,-99.2996215820
32.7223162651,-59.9941558838,-95.4979190826
28.7003903389,-60.7753715515,-104.1886520386
28.6190404892,-60.2401905060,-99.6407432556
28.3340234756,-60.1267709732,-95.5867271423
59.4507112503,-27.2035193443,-115.5058498383
55.6453170776,-27.3330960274,-115.3537731171
55.7310342789,-27.3744626045,-111.1443729401
55.8998584747,-27.4578886032,-106.9293212891
51.7594614029,-27.3883962631,-115.1686973572
51.8833618164,-27.4271535873,-110.9383754730
52.0615396500,-27.4999957085,-106.7078266144
59.5693988800,-31.0260758400,-115.6720714569
55.8444032669,-31.3231992722,-115.5421199799
55.9475469589,-31.3489418030,-111.3797473907
56.1196813583,-31.4216732979,-107.2349224091
51.9430637360,-31.4698119164,-115.3743228912
52.0766963959,-31.4963998795,-111.1891250610
52.2534303665,-31.5594167709,-107.0231285095
60.3008289337,-34.9010601044,-115.8217964172
56.2830753326,-35.3678293228,-115.7136993408
56.4141225815,-35.3766393661,-111.6065502167
56.5915260315,-35.4362783432,-107.5252246857
52.2331151962,-35.5784749985,-115.5585250854
52.3824710846,-35.5905447006,-111.4226760864
52.5607013702,-35.6395273209,-107.3138275146
90.0333271027,-129.9970054626,-58.2118930817
90.1236267090,-129.9586772919,-54.2409400940
94.0156230927,-134.5251274109,-58.0924930573
94.0547943115,-134.4629211426,-54.1234521866
94.1001300812,-134.3365745544,-50.1413269043
90.0051574707,-134.0580024719,-58.1431274414
90.0763740540,-133.9950256348,-54.1629076004
90.1461124420,-133.8883781433,-50.1628236771
89.4398460388,-113.4195995331,-117.7238769531
89.4598960876,-113.3740539551,-113.7445774078
89.3812313080,-117.6509227753,-117.6606769562
89.3938789368,-117.6350727081,-113.6881008148
89.4046669006,-117.5911006927,-109.7103481293
93.5720272064,-122.2631492615,-117.7561779022
93.5782318115,-122.2686271667,-113.7759304047
93.5849838257,-122.2539024353,-109.7904529572
89.3437271118,-121.8367004395,-117.6017818451
89.3487510681,-121.8494968414,-113.6305561066
89.3465824127,-121.8330764771,-109.6487560272
6.4223331213,-39.5758180618,-9.1397562027
3.8854131103,-39.5722198486,-9.9173479080
1.3107738793,-39.5699329376,-10.4799065590
7.6316055059,-39.5544071198,-12.7959778309
4.5546992421,-39.5466747284,-13.2842948437
1.5255036951,-39.5411834717,-13.6654844284
8.1904307604,-39.5223674774,-16.2517275810
4.9091379642,-39.5150461197,-16.6233947277
1.6666165292,-39.5091705322,-16.9363648891
6.4322423935,-43.7416954041,-9.1527407169
3.8901162148,-43.7364006042,-9.9278235435
1.3131390811,-43.7331790924,-10.4890217781
7.6557023525,-43.7160577774,-12.8306474686
4.5660338402,-43.7048702240,-13.3149476051
1.5305462501,-43.6971473694,-13.6933100224
8.2200905085,-43.6757307053,-16.3029775620
4.9225429893,-43.6652984619,-16.6729552746
1.6711735749,-43.6567592621,-16.9835109711
6.4464381933,-47.9102067947,-9.1645982265
3.8966507316,-47.9010829926,-9.9368369579
1.3165613709,-47.8958530426,-10.4964215755
7.6891131401,-47.8835601807,-12.8619077206
4.5814455152,-47.8638925552,-13.3412303925
1.5381240553,-47.8508167267,-13.7157826424
8.2584557533,-47.8348312378,-16.3480718136
4.9396509528,-47.8153142929,-16.7149798870
1.6784633095,-47.7995777130,-17.0213487148
93.6032123566,-113.9416751862,-129.8651542664
89.3622322083,-113.5227756500,-129.7388992310
89.3963050842,-113.4687290192,-125.7046775818
89.4200611115,-113.4432525635,-121.7056522369
93.5399074554,-118.1152019501,-129.8168334961
93.5882072449,-118.0646038055,-125.7795009613
93.6105384827,-118.0631256104,-121.7804031372
89.2837944031,-117.6828308105,-129.6641502380
89.3399600983,-117.6364002228,-125.6190013885
89.3655567169,-117.6436500549,-121.6307048798
97.8163776398,-122.6735725403,-129.8759059906
97.8376579285,-122.6690998077,-125.8870525360
93.4674644470,-122.1983985901,-129.6793022156
93.5353393555,-122.1855010986,-125.6855754852
93.5613479614,-122.2315006256,-121.7240543365
89.1989593506,-121.7241001129,-129.5132255554
89.2979927063,-121.7206726074,-125.5011730194
89.3305778503,-121.7885265350,-121.5532550812
48.8970890045,-39.8704118729,-103.3140506744
49.0854721069,-39.9366254807,-99.2956809998
49.2571630478,-40.0255746841,-95.3066711426
44.7528915405,-39.8489446640,-103.1101493835
44.8949117661,-39.8844690323,-99.1030254364
45.0279741287,-39.9360494614,-95.1194534302
40.6544179916,-39.7995767593,-102.9082260132
40.7579374313,-39.8188838959,-98.9063129425
40.8828058243,-39.8446683884,-94.9036808014
49.0358791351,-43.9901561737,-103.5620021820
49.2313079834,-44.0096721649,-99.5609512329
49.4135322571,-44.0372228622,-95.5895595551
44.8565206528,-43.9561204910,-103.3499507904
45.0166854858,-43.9505357742,-99.3647861481
45.1604795456,-43.9509153366,-95.4094848633
40.7591447830,-43.8867883682,-103.1182460785
40.8784580231,-43.8779964447,-99.1425800323
41.0040864944,-43.8704004288,-95.1733512878
49.0701074600,-48.1331949234,-103.7866039276
49.2723169327,-48.1062574387,-99.7985591888
49.4497890472,-48.0890874863,-95.8420391083
44.8593997955,-48.0835733414,-103.5724468231
45.0546178818,-48.0303773880,-99.6005630493
45.2089328766,-47.9866371155,-95.6730823517
40.7359170914,-48.0088033676,-103.3105201721
40.9056806564,-47.9507398605,-99.3490810394
41.0381374359,-47.9077653885,-95.4163970947
85.1110706329,-113.1467494965,-129.5602550507
85.1306457520,-113.1042804718,-125.5428276062
85.1524715424,-113.0843048096,-121.5676994324
80.7583484650,-112.8793773651,-129.3210315704
80.7685985565,-112.8299541473,-125.3457546234
80.7837944031,-112.8087520599,-121.4149513245
76.0682544708,-112.7711277008,-128.9785251617
76.1513271332,-112.6145782471,-125.0842494965
76.1300354004,-112.5799541473,-121.2185783386
85.0660095215,-117.2896003723,-129.4367065430
85.0873413086,-117.2864246368,-125.4282035828
85.0997714996,-117.3144760132,-121.4759273529
80.7852554321,-117.0844993591,-129.1547031403
80.7665996552,-117.1325740814,-125.2182788849
80.7498874664,-117.1770496368,-121.3233509064
76.3138961792,-117.2660236359,-128.8154983521
76.3925228119,-117.3033733368,-124.9847507477
76.2554111481,-117.3348236084,-121.1508255005
85.0600814819,-121.2663230896,-129.2391796112
85.1137409210,-121.3285255432,-125.2925224304
85.1296443939,-121.4293022156,-121.3881263733
80.8382034302,-121.0907974243,-128.9804973602
80.8507137299,-121.2534503937,-125.1126995087
80.8405170441,-121.3837299347,-121.2561492920
76.0567474365,-122.0143241882,-129.1169967651
76.3181018829,-122.1417236328,-125.0736026764
76.1929149628,-122.2468280792,-121.1837463379
14.9249472618,-13.9927723408,-66.8818874359
14.3877298832,-14.1243150234,-71.0120487213
14.2248902321,-14.3829956055,-75.2807426453
19.4552397728,-14.1743681431,-67.1291809082
19.1911644936,-14.3434157372,-71.1688899994
19.0538201332,-14.5385632515,-75.2670555115
24.2253360748,-14.3054497242,-67.1140422821
23.8621735573,-14.4762074947,-71.3377590179
23.6742525101,-14.6316475868,-75.4090805054
14.9153676033,-18.1848332882,-67.5960540771
14.3672468662,-18.3567922115,-71.7345333099
14.2168276310,-18.6526403427,-75.9661674500
19.4933323860,-18.3673367500,-67.7787055969
19.2080569267,-18.5692882538,-71.8244075775
19.0570902824,-18.8001132011,-75.9134120941
24.3123755455,-18.4979910851,-67.6987476349
23.9168658257,-18.6978135109,-71.9282112122
23.7077903748,-18.8832049370,-75.9949855804
14.8966956139,-22.4191470146,-68.1877155304
14.3201723099,-22.6476368904,-72.3537178040
14.1337900162,-23.0100202560,-76.6136016846
19.5285849571,-22.5872101784,-68.3150558472
19.2228512764,-22.8304820061,-72.3792724609
19.0569620132,-23.1128010750,-76.4802589417
24.3945102692,-22.7043433189,-68.1759128571
23.9739499092,-22.9351525307,-72.4250278473
23.7514100075,-23.1569623947,-76.5035533905
89.6783752441,-52.0241489410,-189.9978981018
89.6975460052,-56.1915216446,-190.0522308350
89.7240562439,-60.3581199646,-190.0975761414
89.8219566345,-60.3785552979,-186.0794296265
93.5138187408,-126.4589004517,-105.7766284943
93.5500984192,-126.4113235474,-101.7910766602
93.5737419128,-126.4079227448,-97.8135948181
89.2617759705,-126.0101795197,-105.5963039398
89.2910537720,-125.9428997040,-101.6160774231
89.3018951416,-125.9421272278,-97.6527271271
97.7783794403,-131.0837402344,-105.9305019379
97.8111801147,-131.0428695679,-101.9317836761
97.8254928589,-131.0535697937,-97.9349613190
93.3519363403,-130.7170944214,-105.7647781372
93.4440402985,-130.6126213074,-101.7723045349
93.4761505127,-130.6371765137,-97.7899780273
89.0183715820,-130.2842197418,-105.5354003906
89.1460208893,-130.1377906799,-101.5578536987
89.1491069794,-130.1835269928,-97.6078071594
97.6996059418,-135.6480712891,-105.9463520050
97.7675590515,-135.4061965942,-101.9411449432
97.7899780273,-135.5168342590,-97.9429092407
93.0659141541,-135.0725975037,-105.7860527039
93.2966022491,-134.7488784790,-101.7703514099
93.3542613983,-134.9015541077,-97.7652397156
88.3380374908,-134.8896980286,-105.5275497437
88.9339160919,-134.3238716125,-101.5145511627
88.9583091736,-134.5086936951,-97.5676441193
59.9450740814,-15.7763354778,-115.0095996857
55.9188966751,-15.3026072979,-114.7662506104
56.0093317032,-15.3579244614,-110.5335483551
56.1486358643,-15.4213495255,-106.2560501099
51.8584127426,-15.0699117184,-114.4985790253
51.9816093445,-15.1139814854,-110.2362499237
52.1371774673,-15.1681621075,-105.9407501221
59.3548145294,-19.6824650764,-115.1646976471
55.6202230453,-19.3818988800,-114.9578742981
55.6996269226,-19.4393610954,-110.7054195404
55.8498649597,-19.5183138847,-106.4136257172
51.7074270248,-19.2166433334,-114.7230777740
51.8275117874,-19.2645440102,-110.4485473633
51.9947195053,-19.3325843811,-106.1451244354
59.3781929016,-23.5187201500,-115.3312263489
55.5688648224,-23.3897838593,-115.1556720734
55.6468305588,-23.4429688454,-110.9133968353
55.8084678650,-23.5304894447,-106.6435260773
51.6786403656,-23.3180437088,-114.9489479065
51.7984790802,-23.3645172119,-110.6860008240
51.9741868973,-23.4400224686,-106.4041538239
6.3767617941,-77.0080776215,-9.2383008003
3.8446266651,-76.9964351654,-9.9781365395
1.2759748418,-76.9988842010,-10.5156767368
7.4846009016,-76.8334026337,-13.0575702190
4.4248078465,-76.8114852905,-13.4569451809
1.4095536936,-76.8226871490,-13.7759022713
7.9477175474,-76.6220417023,-16.6262848377
4.6892737746,-76.6100044250,-16.8886802197
1.4530479088,-76.6388568878,-17.1226019859
6.3686976433,-81.1306533813,-9.2500979900
3.8432370424,-81.1313591003,-9.9795427322
1.2791833305,-81.1407337189,-10.5107963085
7.4693769217,-80.8812217712,-13.0828328133
4.4244354963,-80.8857994080,-13.4588079453
1.4213512465,-80.9147396088,-13.7611000538
7.9362466335,-80.6142101288,-16.6524500847
4.6959811449,-80.6301441193,-16.8873925209
1.4780167211,-80.6829986572,-17.0975241661
6.3701548576,-85.2474308014,-9.2609477043
3.8481131196,-85.2598800659,-9.9809019566
1.2874105005,-85.2751960754,-10.5059940815
7.4766680002,-84.9115810394,-13.1067075729
4.4407101870,-84.9403839111,-13.4609503746
1.4479579628,-84.9835948944,-13.7461550236
7.9516512156,-84.5771102905,-16.6783399582
4.7258380055,-84.6164703369,-16.8870499134
1.5269855214,-84.6858882904,-17.0714614391
-0.8607646972,-39.2457990646,-41.5126810074
-4.5432558060,-39.3439102173,-42.4772911072
-0.2580646286,-39.1843404770,-45.0283765793
0.5100661954,-39.1305332184,-48.5261125565
-0.7825816646,-43.3881635666,-41.8088083267
-0.1306027770,-43.3442544937,-45.4180603027
0.7554291161,-43.3474197388,-49.0636682510
-0.6530344933,-47.4413738251,-42.0239858627
0.0628804788,-47.3634872437,-45.6787519455
1.0945401983,-47.3094196320,-49.3066892624
19.6732969284,-26.7840709686,-37.5737304688
16.3356971741,-26.8139276505,-37.8874473572
13.0006649494,-26.8199734688,-38.2439842224
19.7286667824,-26.7269024849,-40.7182893753
16.5119271278,-26.7593369484,-41.0368709564
13.2698600292,-26.7650103569,-41.3962154388
19.8481082916,-26.6781363487,-43.8971853256
16.7490777969,-26.7053828239,-44.2198801041
13.6073980331,-26.7070322037,-44.5660057068
19.8006992340,-30.8834514618,-37.7620859146
16.4235067368,-30.9164667130,-38.0903024673
13.0516202450,-30.9277038574,-38.4673690796
19.8595499992,-30.8264484406,-40.9226799011
16.6068599224,-30.8595809937,-41.2583942413
13.3312101364,-30.8686637878,-41.6382761002
19.9798750877,-30.7793703079,-44.1180076599
16.8503379822,-30.8053689003,-44.4595499039
13.6801404953,-30.8081736565,-44.8251180649
19.9102578163,-34.9919691086,-37.9276447296
16.5064320564,-35.0228443146,-38.2687120438
13.1092071533,-35.0365715027,-38.6626491547
19.9725937843,-34.9398517609,-41.1016464233
16.6983549595,-34.9663000107,-41.4503488541
13.4020974636,-34.9751148224,-41.8457784653
20.0971074104,-34.8953123093,-44.3093643188
16.9517624378,-34.9124155045,-44.6635885239
13.7674124241,-34.9125595093,-45.0420503616
48.0119104385,-39.9319257736,-127.8899288177
48.0565748215,-39.9038124084,-123.8081016541
48.1868600845,-39.8560457230,-119.6715278625
43.8242244720,-40.0191669464,-127.9436779022
43.7699518204,-40.0019617081,-123.7831020355
43.9923238754,-39.9066400528,-119.5218029022
39.4192037582,-40.5726404190,-129.1547088623
39.3490467072,-40.2202997208,-124.0177764893
39.8012094498,-39.9312543869,-119.3064041138
48.2202529907,-44.2410182953,-127.7625560760
48.2382020950,-44.1231660843,-123.8013534546
48.3328971863,-44.0477466583,-119.7421035767
44.0950469971,-44.3921585083,-127.8403015137
43.9473400116,-44.2037982941,-123.7924499512
44.0877571106,-44.0649318695,-119.5957241058
39.9952793121,-44.8928766251,-129.2902221680
39.6129865646,-44.3542261124,-124.1037998199
39.8924951553,-43.9957752228,-119.3811531067
48.4319972992,-48.4685106277,-127.6733970642
48.3963632584,-48.3104810715,-123.7761020660
48.4055004120,-48.2439899445,-119.7877769470
44.3388929367,-48.5982179642,-127.7168979645
44.0689506531,-48.3295907974,-123.7652034760
44.0352182388,-48.2129878998,-119.6474494934
39.9338340759,-49.3692378998,-129.2378883362
39.4170970917,-48.6094770432,-124.2367000580
39.4285449982,-48.2087736130,-119.5542526245
54.9703912735,-104.1325016022,-28.6893296242
54.7550868988,-103.6913528442,-33.1734824181
58.7300281525,-108.9228267670,-25.0769343376
54.8495721817,-108.5096244812,-24.8639044762
58.5997896194,-108.5539054871,-29.1660947800
54.5797834396,-108.0725269318,-28.9927148819
58.5588331223,-108.2263278961,-33.3969802856
54.2933263779,-107.5976524353,-33.4710526466
32.9715800285,-88.0460414886,-20.4693980217
32.8563227654,-87.7852802277,-23.7692031860
32.6544623375,-87.4890251160,-27.0180087090
36.7688770294,-88.1231937408,-20.6383452415
36.5936031342,-87.8091182709,-23.9891953468
36.2816276550,-87.5299472809,-27.2891135216
40.6395387650,-87.5116825104,-24.1075725555
40.1075601578,-87.4339942932,-27.6154079437
32.9254889488,-91.8190917969,-20.7107319832
32.7743682861,-91.4710140228,-23.9979410172
32.5405659676,-91.1184597015,-27.2529001236
36.6311483383,-91.9127388000,-20.9750771523
36.4349527359,-91.5433769226,-24.2907328606
36.1080713272,-91.1965770721,-27.5661172867
40.4359645844,-91.9969940186,-21.2884397507
40.1851606369,-91.5938854218,-24.6708722115
39.7480792999,-91.2835559845,-28.0109343529
32.8441243172,-95.6023445129,-20.9858503342
32.6605682373,-95.1486625671,-24.2551321983
32.4108939171,-94.7142219543,-27.5074644089
36.4840230942,-95.7235202789,-21.3230023384
36.2456178665,-95.2765026093,-24.6169090271
35.9051389694,-94.8501987457,-27.8753137589
40.1646041870,-95.9095878601,-21.7507095337
39.8858480453,-95.4438400269,-25.0882997513
39.4555549622,-95.0205955505,-28.3776741028
57.6085329056,-99.6703090668,-46.8739204407
60.4941358566,-104.0670528412,-45.3822793961
56.9249324799,-103.4857769012,-45.8794736862
56.3181114197,-103.3458538055,-42.1764516830
55.3015794754,-103.4032268524,-37.8563947678
63.2790317535,-108.5432796478,-45.1371717453
62.9492435455,-108.5612049103,-41.3804035187
59.8696517944,-107.8458538055,-45.4999732971
59.3809261322,-107.8882808685,-41.7329807281
58.8488922119,-107.9957256317,-37.6532211304
56.3673105240,-107.1389274597,-46.0913505554
55.7200994492,-107.1922512054,-42.3793401718
54.7545900345,-107.2852230072,-38.1174116135
85.3467922211,-2.0472651124,-201.5099258423
85.3211345673,-2.0616031289,-197.4971275330
85.3285980225,-2.0729399920,-193.4724731445
80.8601741791,-2.0359631181,-201.3713951111
80.8699035645,-2.0541550517,-197.2976455688
81.0197753906,-2.0695710182,-193.2612991333
76.0377159119,-2.0286376476,-201.2495689392
76.1224937439,-2.0435982943,-197.0046157837
76.5552673340,-2.0614401698,-192.9194221497
85.2780704498,-6.1498613358,-201.4325523376
85.2328224182,-6.1916410923,-197.4523277283
85.2645759583,-6.2223428488,-193.4400749207
80.8774967194,-6.1298782825,-201.3388290405
80.8432731628,-6.1808676720,-197.3054771423
80.9777317047,-6.2179241180,-193.2444992065
76.3156509399,-6.1364268064,-201.3043518066
76.3072814941,-6.1743274927,-197.1393508911
76.6419353485,-6.2086360455,-192.9299926758
85.2897510529,-10.2638578415,-201.3984375000
85.2173328400,-10.3347048759,-197.4519805908
85.2456912994,-10.3796246052,-193.4486999512
80.9066772461,-10.2457449436,-201.3633003235
80.8435287476,-10.3324699402,-197.3613548279
80.9691772461,-10.3809950352,-193.2861976624
76.3360996246,-10.2819881439,-201.4834747314
76.3365879059,-10.3482599258,-197.3096504211
76.6641006470,-10.3837869167,-193.0296211243
6.4090310335,-2.0800233563,-9.0088849068
3.8998077512,-2.0837708555,-9.7046403885
1.4154834971,-2.0842081326,-10.2065021992
7.6864444017,-2.0784432292,-12.4270768166
4.6839754581,-2.0852971673,-12.7002019882
1.8636216074,-2.0860110521,-12.9236028194
8.3836672306,-2.0818701386,-15.6544725895
5.2322579026,-2.0874058604,-15.7322568893
2.2512761205,-2.0875637531,-15.8290131092
6.4818494320,-6.2449997663,-9.0124561787
3.9561662078,-6.2510806322,-9.7510516644
1.4189257585,-6.2513478994,-10.2915868759
7.8014873266,-6.2422287464,-12.4374048710
4.7713041306,-6.2539213896,-12.8110172749
1.8464926332,-6.2538540363,-13.1207296848
8.4370861053,-6.2469831705,-15.6807174683
5.2609843612,-6.2569593191,-15.8763973713
2.1823196858,-6.2552233934,-16.0686306953
6.4860192537,-10.4145774841,-9.0274081230
3.9545403719,-10.4176800251,-9.7838642597
1.3991528172,-10.4165649414,-10.3373370171
7.7986410856,-10.4127526283,-12.4772450924
4.7529072165,-10.4192848206,-12.8986849785
1.7841611877,-10.4158091545,-13.2431626320
8.4108918905,-10.4135749340,-15.7446405888
5.2096160650,-10.4192974567,-16.0057382584
2.0750765055,-10.4130623341,-16.2458634377
6.3794102669,-89.3599567413,-9.2724788189
3.8578980565,-89.3824901581,-9.9844909906
1.2996125825,-89.4023799896,-10.5038793087
7.5008916855,-88.9280071259,-13.1342573166
4.4688982964,-88.9766883850,-13.4699876308
1.4859044556,-89.0296745300,-13.7386975288
7.9841607809,-88.5143833160,-16.7120172977
4.7694523931,-88.5712223053,-16.8979580402
1.5932605261,-88.6485385895,-17.0561430454
6.3930807114,-93.4699001312,-9.2889336348
3.8701599836,-93.5000438690,-9.9940301180
1.3134701851,-93.5234832764,-10.5087912083
7.5333769321,-92.9339408875,-13.1760170460
4.5007251501,-92.9966182709,-13.4967570305
1.5253814743,-93.0575752258,-13.7531073093
8.0205930471,-92.4282150269,-16.7673134804
4.8072941899,-92.4976139069,-16.9389753342
1.6464860523,-92.5844535828,-17.0831983089
6.4107640982,-97.5796031952,-9.3138712645
3.8854549527,-97.6128196716,-10.0119789839
1.3291568477,-97.6390056610,-10.5237514973
7.5715562105,-96.9330310822,-13.2426998615
4.5352690220,-96.9991188049,-13.5480823517
1.5653579887,-97.0675201416,-13.7962424755
8.0615515709,-96.3179664612,-16.8555128574
4.8381751776,-96.3872203827,-17.0151827335
1.6702284850,-96.4948616028,-17.1682906151
8.9917600155,-26.9542522430,-29.0996975899
5.5660865903,-26.9334697723,-29.4655623436
2.1216825470,-26.9059271812,-29.8585648537
9.1624097824,-26.9097881317,-32.3052544594
5.7191896439,-26.8878040314,-32.7175173759
2.2403097749,-26.8555917740,-33.1790070534
9.3731083870,-26.8612508774,-35.4903163910
5.9357866049,-26.8374323845,-35.9490623474
2.4492499530,-26.8001284599,-36.4811048508
8.9837573767,-31.0852293968,-29.2763695717
5.5272206068,-31.0740747452,-29.6634421349
2.0520049706,-31.0603098869,-30.0773034096
9.1610897779,-31.0359210968,-32.5075669289
5.6840698123,-31.0254158974,-32.9446091652
2.1716830134,-31.0103716850,-33.4323000908
9.3791629076,-30.9824104309,-35.7170715332
5.9069062471,-30.9714264870,-36.2040023804
2.3857464045,-30.9541244507,-36.7680921555
8.9909715652,-35.2117881775,-29.4338350296
5.5100637078,-35.2109613419,-29.8386702538
2.0117387660,-35.2117691040,-30.2702207565
9.1743221283,-35.1588191986,-32.6875414848
5.6717060804,-35.1601743698,-33.1467342377
2.1347814500,-35.1633167267,-33.6591119766
9.4004752636,-35.1019449234,-35.9176940918
5.9026663303,-35.1039915085,-36.4314184189
2.3564939201,-35.1084508896,-37.0292034149
66.5801010132,-117.3832263947,-21.4995479584
70.5141143799,-122.3024997711,-13.8302228451
66.7752304077,-121.9910469055,-13.8146421909
70.3344306946,-121.9905529022,-17.7569298744
66.5501880646,-121.6710014343,-17.7397100925
70.2085075378,-121.6206302643,-21.6626725197
66.3525066376,-121.3318824768,-21.6583728790
90.3914966583,-133.5810699463,-34.1204900742
90.4252262115,-133.6922264099,-30.1111292839
90.4344081879,-133.8533248901,-26.1140069962
77.8284645081,-107.9245185852,-93.5369453430
85.4162349701,-27.0547780991,-202.1512985229
85.2627220154,-27.0474829674,-197.9650001526
85.2772216797,-27.0549578667,-193.8094062805
80.9358100891,-27.1020803452,-202.8912544250
80.8433494568,-27.0875682831,-198.2417259216
80.9908294678,-27.0782837868,-193.8340492249
76.3450050354,-27.0875506401,-203.5416030884
76.2693481445,-27.1366128922,-198.4216804504
76.6672267914,-27.1136388779,-193.6921081543
85.5836505890,-31.1706185341,-202.1703758240
85.3266925812,-31.1944770813,-198.0213241577
85.3178939819,-31.2037372589,-193.8668785095
81.0219154358,-31.2258567810,-202.8773994446
80.8845386505,-31.2390303612,-198.3084297180
81.0293788910,-31.2247471809,-193.9029998779
76.3064632416,-31.3231220245,-203.3563003540
76.2641353607,-31.3403892517,-198.4393539429
76.6916217804,-31.2759308815,-193.7500991821
85.6741828918,-35.3001823425,-202.1234207153
85.3860759735,-35.3353185654,-198.0264778137
85.3652019501,-35.3475599289,-193.8932228088
81.0730590820,-35.3462972641,-202.8125038147
80.9337921143,-35.3730487823,-198.3053359985
81.0820846558,-35.3570947647,-193.9225997925
76.2254981995,-35.5028705597,-203.3756828308
76.2512607574,-35.5183467865,-198.4331321716
76.7293701172,-35.4107570648,-193.7488479614
40.4161634445,-86.6157817841,-40.6159839630
40.0323171616,-86.3629455566,-43.5543317795
39.7473087311,-86.1555442810,-46.4664688110
43.1785211563,-86.7929325104,-41.1536455154
42.8766155243,-86.5524253845,-43.9949722290
42.6473617554,-86.3409481049,-46.8327503204
45.7940206528,-86.9953937531,-41.6864061356
45.7679157257,-86.7976322174,-44.3148260117
45.6352252960,-86.5843696594,-47.0937976837
40.1630439758,-90.1149406433,-40.8749742508
39.7876701355,-89.8209018707,-43.8016786575
39.4879140854,-89.5941390991,-46.6953878403
42.8692207336,-90.3286495209,-41.4405269623
42.5840597153,-90.0537052155,-44.2834806442
42.3592195511,-89.8114814758,-47.1171817780
45.4141931534,-90.5661697388,-42.0006656647
45.4053773880,-90.3438625336,-44.6370258331
45.2937431335,-90.0899238586,-47.4166383743
39.8906469345,-93.5557804108,-41.1669292450
39.5332059860,-93.2035408020,-44.0845737457
39.2461795807,-92.9861564636,-47.0080318451
42.5452632904,-93.8021831512,-41.7628288269
42.2847232819,-93.4838161469,-44.6398096085
42.1040353775,-93.2698593140,-47.6298103333
45.0346603394,-94.0798664093,-42.3510446548
45.0424718857,-93.8351497650,-45.0420751572
44.9549350739,-93.5994014740,-48.0281782150
8.7389943600,-75.7225856781,-30.1369223595
5.2812342048,-75.8245925903,-30.3980665207
8.9762853384,-75.5216655731,-33.4593186378
5.5625942349,-75.6532115936,-33.7447381020
9.2727257013,-75.3383846283,-36.7779312134
5.9268448353,-75.5007209778,-37.0915279388
8.7475146055,-79.5414867401,-30.1490449905
5.3163055182,-79.6785049438,-30.3821649551
8.9927346706,-79.2946891785,-33.4637169838
5.6120892763,-79.4508686066,-33.7160868645
9.3021777868,-79.0757865906,-36.7732343674
6.0273429155,-79.2308654785,-37.0230569839
8.7689074278,-83.2827129364,-30.1719851494
5.3398294449,-83.4513015747,-30.4007177353
8.9973464012,-82.9717330933,-33.4871549606
9.2399880886,-82.7835159302,-36.8473196030
60.7259035110,-14.7202217579,-151.6807250977
60.9921369553,-14.7348499298,-147.6893806458
61.1043510437,-14.7790021896,-143.6834297180
56.4908037186,-14.6898922920,-151.4187431335
56.9991025925,-14.7041625977,-147.4353218079
57.0848989487,-14.7613277435,-143.4524993896
52.0177240372,-14.6469659805,-150.9406967163
53.2548570633,-14.6754550934,-147.0752716064
53.2362632751,-14.7626674175,-143.2517738342
60.8129835129,-18.9232840538,-151.8573722839
61.0833625793,-18.9363851547,-147.8706321716
61.1875524521,-18.9766197205,-143.8780479431
56.5899839401,-18.8841762543,-151.6400451660
57.0993690491,-18.8921422958,-147.6567001343
57.1711130142,-18.9450902939,-143.6796722412
52.1479349136,-18.8338260651,-151.2005195618
53.3683547974,-18.8434624672,-147.3409423828
53.3303442001,-18.9251523018,-143.5226745605
60.8812723160,-23.1271448135,-152.0285224915
61.1447982788,-23.1396203041,-148.0428504944
61.2362537384,-23.1729559898,-144.0563049316
56.6759462357,-23.0742797852,-151.8496475220
57.1783199310,-23.0757536888,-147.8621253967
57.2313785553,-23.1209387779,-143.8874244690
52.2672033310,-23.0007257462,-151.4654922485
53.4814004898,-22.9870157242,-147.5842437744
53.4199886322,-23.0567207336,-143.7699203491
57.5408287048,-52.4347620010,-104.3920497894
53.2830343246,-52.3524312973,-104.1790504456
53.4572000504,-52.3169784546,-100.1671524048
53.6260089874,-52.3079128265,-96.1551971436
57.3938121796,-56.6296930313,-104.5541992188
57.4322462082,-56.5781049728,-100.5159263611
53.2030525208,-56.5285043716,-104.3374748230
53.3353137970,-56.4312734604,-100.3434715271
53.4335565567,-56.3827304840,-96.3527450562
57.3767757416,-60.7846555710,-104.6028461456
57.4034156799,-60.6418190002,-100.6027278900
53.1799945831,-60.6837425232,-104.4208507538
53.3016643524,-60.5138883591,-100.4498729706
53.3525657654,-60.4288368225,-96.4923820496
28.7570724487,-74.8984622955,-47.8014554977
25.9681248665,-74.7191638947,-48.0288019180
23.1714930534,-74.5931510925,-48.3846645355
28.9067826271,-74.7537250519,-50.5626134872
26.2930221558,-74.5801010132,-50.9914045334
23.6548304558,-74.4499530792,-51.5085020065
29.1879415512,-74.6521892548,-53.1604013443
26.8961415291,-74.4849529266,-53.9296426773
24.3995189667,-74.3364067078,-54.6599388123
28.6542034149,-78.4239273071,-47.9310541153
25.8665757179,-78.2640266418,-48.1586198807
23.0729808807,-78.1589202881,-48.5144309998
28.8130106926,-78.2724666595,-50.6784124374
26.2066078186,-78.1083202362,-51.1013231277
23.5750727654,-77.9945297241,-51.6090040207
29.0975198746,-78.1655387878,-53.2597465515
26.8133049011,-78.0001831055,-54.0169897079
24.3239617348,-77.8607597351,-54.7225522995
28.5308628082,-81.8897151947,-48.0786733627
25.7562899590,-81.7213306427,-48.3078594208
22.9686002731,-81.6071338654,-48.6694793701
28.6929402351,-81.7296924591,-50.8164453506
26.1087079048,-81.5426006317,-51.2374706268
23.4913277626,-81.4125709534,-51.7399044037
28.9722876549,-81.6182250977,-53.3897438049
26.7037701607,-81.4231891632,-54.1470499039
24.2163124084,-81.2664623260,-54.8380384445
14.3719103336,-2.0413642526,-76.7642402649
15.1064355373,-2.0417243838,-81.3447341919
15.8874680996,-2.0207674503,-86.2352600098
19.0607528687,-2.0671281815,-76.9900436401
19.3942880630,-2.0875379443,-81.2330226898
19.8525776863,-2.1002576351,-85.2173690796
23.6349682808,-2.0849394798,-77.3071269989
23.6827988625,-2.1041342616,-81.4537200928
23.7759633064,-2.1130827069,-85.4033355713
14.6561729908,-6.1971566677,-77.6713256836
15.2862277031,-6.2024133205,-82.1660594940
15.9001572132,-6.1554244161,-86.9967575073
19.1703276634,-6.2416058779,-77.8107681274
19.4637174606,-6.2942560911,-81.9243164062
19.8678431511,-6.3215209246,-85.8070125580
23.6266655922,-6.2808624506,-78.0610294342
23.7181754112,-6.3320301771,-82.0692539215
23.8597064018,-6.3533238173,-85.9026908875
14.5645482540,-10.3906979561,-78.6499195099
15.1514074802,-10.4103629589,-83.0703544617
15.6631572247,-10.3641905785,-87.8919677734
19.1597104073,-10.4594902992,-78.6137447357
19.4236946106,-10.5328800678,-82.6662769318
19.7943267822,-10.5655505657,-86.5234489441
23.6267719269,-10.5117228031,-78.7677707672
23.7109222412,-10.5832250118,-82.7210235596
23.8422908783,-10.6088595390,-86.5336723328
9.8330420256,-89.3008804321,-9.3584215641
10.8340926170,-88.8929786682,-13.1443676949
11.3158750534,-88.4873771667,-16.6703426838
14.0755801201,-89.2600116730,-10.1443524361
14.4607501030,-88.8877353668,-13.4317224026
14.7871053219,-88.4883747101,-16.7697575092
17.9510736465,-89.2787628174,-10.4823255539
18.1303205490,-88.8980884552,-13.6543200016
18.3402657509,-88.4971885681,-16.8907999992
9.8573954105,-93.3668384552,-9.3940261602
10.8731598854,-92.8717231750,-13.2035274506
11.3548498154,-92.3856143951,-16.7420053482
14.1211798191,-93.2556381226,-10.2031235695
14.5120096207,-92.8268928528,-13.5051622391
14.8309400082,-92.3626708984,-16.8535776138
18.0310883522,-93.2146415710,-10.5539224148
18.2033634186,-92.7948703766,-13.7372496128
18.3930149078,-92.3407745361,-16.9822325706
9.8859919310,-97.4478149414,-9.4422307014
10.9171147346,-96.8606910706,-13.2897152901
11.3989446163,-96.2807826996,-16.8496651649
14.1677975655,-97.2911090851,-10.2787747383
14.5621504784,-96.7957973480,-13.6065750122
14.8745806217,-96.2529220581,-16.9733450413
18.0964055061,-97.2172966003,-10.6441597939
18.2608461380,-96.7426090240,-13.8482801914
18.4350476265,-96.2165336609,-17.1064956188
51.6481628418,-113.4806995392,-13.1506175995
47.9114723206,-113.2754001617,-12.9405272007
44.2182092667,-113.0261764526,-12.7188951969
51.3629722595,-113.0159988403,-16.9531931877
47.5965328217,-112.7614517212,-16.6673195362
43.8917789459,-112.4586257935,-16.3605000973
51.0409812927,-112.5243988037,-20.7942528725
47.2285976410,-112.2010498047,-20.4012174606
43.4937047958,-111.8338260651,-19.9821200371
51.5593109131,-117.4894733429,-13.3095729351
47.7279081345,-117.3839759827,-13.1551477909
43.9737768173,-117.1377277374,-12.9904077053
51.2132902145,-116.9590206146,-17.1306765079
47.3564329147,-116.7760009766,-16.9127695560
43.5980405807,-116.4599781036,-16.6760427952
50.8212327957,-116.4195480347,-20.9914846420
46.9191598892,-116.1302261353,-20.6743621826
43.1282711029,-115.7331504822,-20.3401050568
51.5156831741,-121.5562534332,-13.4590449333
47.4695549011,-121.6293773651,-13.3633673191
43.5550689697,-121.4048748016,-13.2970221043
51.1096992493,-120.9425487518,-17.2690396309
47.0417299271,-120.9138965607,-17.1456103325
43.1525144577,-120.5948257446,-17.0448131561
50.6632871628,-120.3214492798,-21.0816001892
46.5355491638,-120.1601238251,-20.9102454185
42.5777502060,-119.7789230347,-20.7911748886
53.2937726974,-64.3908367157,-92.6515502930
53.0523796082,-64.3167333603,-88.6434364319
52.3104019165,-64.1344299316,-84.3551769257
57.3817434311,-68.4456672668,-92.7085933685
53.3305625916,-68.4018650055,-92.7317333221
53.0426721573,-68.3143463135,-88.7742862701
52.2796173096,-68.1121463776,-84.5625610352
57.5297622681,-72.4147300720,-92.6832675934
57.2398185730,-72.3081779480,-88.7234001160
53.4327497482,-72.4537296295,-92.7835578918
53.1431159973,-72.3394451141,-88.8557262421
52.4543828964,-72.0765380859,-84.6646099091
94.0158042908,-64.5214881897,-201.9387283325
93.8931388855,-64.5244388580,-198.0144500732
89.9569225311,-64.4957218170,-202.0081138611
89.7355880737,-64.4942226410,-198.1124992371
89.6896991730,-64.5031013489,-194.1325645447
94.0411128998,-68.7056922913,-201.9254570007
93.9241390228,-68.6908359528,-198.0109291077
93.8782672882,-68.6918506622,-194.0599060059
90.0029907227,-68.6794815063,-201.9848861694
89.7902240753,-68.6539802551,-198.1058311462
89.7365512848,-68.6582050323,-194.1426811218
98.0259571075,-72.9113216400,-201.9620513916
94.0709743500,-72.8911037445,-201.9069747925
93.9671440125,-72.8512783051,-197.9977760315
93.9177894592,-72.8464832306,-194.0560264587
90.0637760162,-72.8516216278,-201.9496841431
89.8701381683,-72.7943305969,-198.0837287903
89.8024101257,-72.7993278503,-194.1414031982
73.2217311859,-14.7350397110,-152.4026947021
69.0823764801,-14.7395095825,-152.1732177734
69.2851867676,-14.7613852024,-148.1542205811
69.5214519501,-14.8009834290,-144.1372528076
64.9145727158,-14.7354066372,-151.9293746948
65.1109199524,-14.7545669079,-147.9240760803
65.2632055283,-14.7962076664,-143.9115104675
73.2998600006,-18.9528374672,-152.4934501648
69.1625919342,-18.9531617165,-152.2856712341
69.3749198914,-18.9754695892,-148.2820434570
69.6172008514,-19.0095877647,-144.2968254089
64.9966125488,-18.9445362091,-152.0698776245
65.1994066238,-18.9637136459,-148.0748252869
65.3500051498,-19.0005445480,-144.0848922729
73.3605766296,-23.1774559021,-152.5840530396
69.2233047485,-23.1709923744,-152.3997230530
69.4335498810,-23.1938018799,-148.4029960632
69.6723670959,-23.2180094719,-144.4313049316
65.0584936142,-23.1561069489,-152.2101211548
65.2565250397,-23.1759190559,-148.2194709778
65.3993902206,-23.2043066025,-144.2395935059
14.3963301182,-27.7943897247,-81.3170413971
15.0138404369,-28.0008568764,-85.7061176300
15.5616881847,-28.0893692970,-90.5041885376
19.1703300476,-27.7883381844,-81.0367317200
19.4408006668,-27.9810695648,-85.0522594452
19.8222150803,-28.0739769936,-88.8883285522
23.7764396667,-27.6787724495,-80.9593315125
23.8645625114,-27.8225202560,-84.8913078308
23.9992952347,-27.8832898140,-88.7002105713
14.5101463795,-32.5115370750,-81.7359523773
15.1970224380,-32.7793831825,-86.1623630524
15.8278903961,-32.8916368484,-90.9648437500
19.2844758034,-32.3708519936,-81.4798545837
19.6183848381,-32.5930171013,-85.5007286072
20.0298981667,-32.6804566383,-89.3454780579
23.9281949997,-32.0572929382,-81.3679962158
24.0731649399,-32.2136344910,-85.3040847778
24.2336230278,-32.2694840431,-89.1114807129
14.5395493507,-37.6381111145,-82.3124732971
15.3864655495,-37.8442544937,-86.7124328613
15.9551558495,-37.9566659927,-91.5909900665
19.4325761795,-37.3087129593,-81.9927825928
19.9376053810,-37.4385967255,-85.9475250244
20.3606362343,-37.4356317520,-89.8167762756
24.1819672585,-36.5488767624,-81.7954692841
24.4854526520,-36.6576642990,-85.6917610168
24.6659102440,-36.6540327072,-89.4948616028
-0.7472773269,-26.6754074097,-40.4599075317
-4.3659476638,-26.5907125473,-41.2481918335
-0.2147573167,-26.5882539749,-43.8056001663
-3.7059252858,-26.4847545624,-44.7536811829
0.4488003096,-26.4848461151,-47.0990571976
-2.9482713789,-26.3484110832,-48.2711830139
-0.8333327621,-30.8602528572,-40.8194808960
-4.4775769711,-30.8253574371,-41.6439123154
-0.2813138221,-30.7665896416,-44.1949729919
-3.7941241562,-30.7126431465,-45.1930999756
0.4118941869,-30.6432986259,-47.4958763123
-3.0045052767,-30.5467090607,-48.7262067795
-0.8749774247,-35.0575227737,-41.1704244614
-4.5528526902,-35.0873308182,-42.0581951141
-0.3002904137,-34.9678220749,-44.5912342072
-3.8450698256,-34.9842176437,-45.6845073700
0.4286797564,-34.8297433853,-47.9091243744
57.7030992508,-76.4234046936,-92.6346664429
57.4777460098,-76.2845191956,-88.7566337585
57.2264204025,-76.1549701691,-84.7683429718
53.5927257538,-76.5327968597,-92.8172683716
53.3445892334,-76.3860416412,-88.9079799652
52.9472494125,-76.1555938721,-84.7875080109
61.9588689804,-80.3446865082,-92.5824508667
57.7988424301,-80.4825820923,-92.6450653076
57.6383867264,-80.3188228607,-88.7923870087
57.4983558655,-80.1786804199,-84.8625354767
53.6952323914,-80.6264228821,-92.8666706085
53.4968843460,-80.4366168976,-88.9504241943
53.3761444092,-80.2765312195,-84.9304141998
61.9354839325,-84.4076137543,-92.6265602112
61.9041433334,-84.2492427826,-88.7711296082
61.8623905182,-84.0872421265,-84.9115753174
57.8153314590,-84.5308170319,-92.7018203735
57.6995229721,-84.3594474792,-88.7970447540
57.6456937790,-84.1983470917,-84.8638496399
53.6578168869,-84.6896152496,-92.9254608154
53.4960660934,-84.4513225555,-88.9443016052
53.4689435959,-84.2706527710,-84.9359283447
72.6997127533,-2.0917948484,-176.6875000000
72.6954154968,-2.0952001214,-172.6301307678
72.7284221649,-2.0980394483,-168.5669555664
68.1907596588,-2.0875970721,-176.4295043945
68.2204608917,-2.0895563364,-172.3068046570
68.3996238708,-2.0938416719,-168.2406501770
63.3397607803,-2.0814845562,-176.1378440857
63.4251194000,-2.0744125843,-171.8178443909
63.8454113007,-2.0803169012,-167.6449508667
72.6076354980,-6.2793751955,-176.6859855652
72.6015796661,-6.2858954668,-172.6225585938
72.6812782288,-6.2920471430,-168.5407752991
68.1764907837,-6.2790807486,-176.5130081177
68.1781616211,-6.2794599533,-172.3776550293
68.3591575623,-6.2864255905,-168.2445182800
63.5828180313,-6.2873297930,-176.3594970703
63.5960044861,-6.2607367039,-172.0593986511
63.9688358307,-6.2658705711,-167.7628021240
72.5856113434,-10.4680795670,-176.7439575195
72.5828266144,-10.4756174088,-172.6691322327
72.6831283569,-10.4840278625,-168.5707244873
68.1647109985,-10.4759047031,-176.6565780640
68.1716518402,-10.4759202003,-172.4962501526
68.3678665161,-10.4837582111,-168.3238754272
63.5654449463,-10.4914097786,-176.6758995056
63.6172876358,-10.4661953449,-172.3097267151
64.0100889206,-10.4731435776,-167.9324989319
89.5113296509,-121.7024993896,-93.7684516907
89.6209869385,-121.7216739655,-89.8326797485
9.9140616655,-101.5522956848,-9.5126408339
10.9612677097,-100.8730239868,-13.4221973419
11.4484601021,-100.1939926147,-17.0268850327
14.2116100788,-101.3770294189,-10.3844053745
14.6080625057,-100.8054981232,-13.7565023899
14.9165253639,-100.1800975800,-17.1644797325
18.1560502052,-101.2935028076,-10.7645699978
18.3117246628,-100.7501754761,-14.0044970512
18.4730672836,-100.1444339752,-17.2938697338
9.8999931812,-105.6937503815,-9.5851056576
10.9851248264,-104.9226760864,-13.6195650101
11.4719500542,-104.1617507935,-17.3264551163
14.2483351231,-105.5242252350,-10.5326724052
14.6419274807,-104.8531265259,-13.9690196514
14.9432272911,-104.1647262573,-17.4678025246
18.2225327492,-105.4643020630,-10.9295549393
18.3695473671,-104.8311748505,-14.2235972881
18.5152020454,-104.1608505249,-17.5870974064
9.8855682611,-110.1835956573,-9.7265797853
10.9233269691,-109.0326671600,-13.8820402622
11.3927922249,-108.2593231201,-17.7393658161
14.2789530754,-109.7629756927,-10.7187702656
14.6509509087,-108.8680248260,-14.2170069218
14.9251873493,-108.2088031769,-17.8338899612
18.3202047348,-109.7967834473,-11.1508572102
18.4808630943,-108.9989547729,-14.5042400360
18.5806622505,-108.3517036438,-17.9879500866
97.8989086151,-14.5615546703,-213.8814506531
93.7314243317,-14.5051248074,-213.5999221802
93.8426017761,-14.4577674866,-209.6052169800
93.8341388702,-14.4624075890,-205.6444244385
89.6873531342,-14.4040250778,-213.1751937866
89.8032264709,-14.3290324211,-209.2731437683
89.7229042053,-14.3599553108,-205.4001464844
93.7305908203,-18.6552600861,-213.5347404480
93.8861846924,-18.5977973938,-209.5660209656
89.7088222504,-18.5157136917,-213.0455703735
89.9092884064,-18.4191384315,-209.1982460022
89.8211650848,-18.4773073196,-205.3736991882
93.6621265411,-22.8516154289,-213.4957923889
93.9227657318,-22.7643723488,-209.5495986938
89.4444885254,-22.8345575333,-213.0066795349
90.0094108582,-22.5687851906,-209.1683311462
89.9413700104,-22.6328973770,-205.3868942261
6.4739699364,-14.5833027363,-9.0443317890
3.9397749305,-14.5835301876,-9.8106989861
1.3766371347,-14.5811171532,-10.3696794510
7.7650424242,-14.5824778080,-12.5247325897
4.7087074518,-14.5828185081,-12.9739625454
1.7179215048,-14.5760324001,-13.3356783390
8.3618435860,-14.5802652836,-15.8208377361
5.1383814812,-14.5792026520,-16.1225783825
1.9694745019,-14.5685329437,-16.3905308247
6.4583703279,-18.7511749268,-9.0617763996
3.9233880639,-18.7490549088,-9.8341629505
1.3562653745,-18.7458267212,-10.3959219456
7.7245805264,-18.7509202957,-12.5745298862
4.6622023582,-18.7456364632,-13.0412375927
1.6587374881,-18.7366576195,-13.4128508568
8.3084195852,-18.7463002205,-15.9007775784
5.0684598088,-18.7384829521,-16.2293872833
1.8768381588,-18.7247953415,-16.5153248310
6.4432588816,-22.9179997444,-9.0787096024
3.9085717201,-22.9143643379,-9.8550615311
1.3391670580,-22.9108724594,-10.4183392525
7.6855877638,-22.9169726372,-12.6235172749
4.6206103563,-22.9079079628,-13.1019396782
1.6092967177,-22.8982453346,-13.4796674252
8.2578890324,-22.9095554352,-15.9800298214
5.0071477294,-22.8971605301,-16.3271238804
1.7999538891,-22.8827047348,-16.6252310276
69.3152999878,-53.1756734848,-141.1617240906
69.4338970184,-53.1694469452,-137.0307693481
64.9168453217,-53.1802539825,-141.2056999207
64.9920310974,-53.1449184418,-137.0481300354
65.0959606171,-53.0733489990,-132.9296493530
73.5223484039,-57.5838880539,-141.4177207947
69.1801300049,-57.5732479095,-141.3931922913
69.2600078583,-57.6124811172,-137.2873954773
69.3318805695,-57.6418495178,-133.2356758118
64.8092823029,-57.5583467484,-141.4135169983
64.8639335632,-57.5642147064,-137.2417984009
64.9615688324,-57.5412368774,-133.1170349121
73.3849525452,-62.0179262161,-141.6211738586
69.0551719666,-62.0013780594,-141.5753440857
69.1140804291,-62.0730028152,-137.4638710022
69.1916217804,-62.1195859909,-133.3960456848
64.7015581131,-61.9531660080,-141.5720977783
64.7337636948,-61.9986047745,-137.3828163147
64.8297204971,-62.0097761154,-133.2416000366
97.8453712463,-101.8580760956,-177.6197700500
97.9361209869,-101.9669971466,-173.8624534607
97.9660339355,-101.9958724976,-169.9386520386
93.4928264618,-101.6797523499,-177.2962036133
93.8538475037,-101.7419509888,-173.6462783813
93.9340896606,-101.7895717621,-169.8308448792
88.9484081268,-101.6515064240,-176.9959068298
89.9718914032,-101.4532775879,-173.4339523315
90.0091400146,-101.4891967773,-169.7486457825
97.8009910583,-105.8122768402,-177.6447410583
97.8988189697,-106.1639766693,-173.8928527832
97.9455127716,-106.2343482971,-169.9479064941
93.3362636566,-105.7514266968,-177.3269577026
93.7471122742,-106.0359287262,-173.6937828064
93.8811454773,-106.1605491638,-169.8335227966
88.6902217865,-105.7098026276,-176.8694496155
89.8731536865,-105.9115028381,-173.3963241577
89.9899826050,-105.9844017029,-169.6765937805
97.7335224152,-109.7206764221,-178.8256111145
97.8193664551,-110.3468532562,-174.2745208740
97.8854541779,-110.7752780914,-170.0929527283
93.0344009399,-109.8139762878,-178.6668777466
93.4081916809,-110.3021259308,-174.1463546753
93.6047458649,-110.7092723846,-169.9624977112
87.9532566071,-110.0623245239,-178.1781539917
89.0034618378,-110.6397972107,-173.8760032654
89.1816692352,-111.0723209381,-169.8272209167
19.5221686363,-64.1274375916,-29.1985278130
15.9402182102,-63.9925222397,-29.4391951561
12.3920953274,-63.9224100113,-29.7385849953
19.6349787712,-63.9338464737,-32.3986506462
16.0818157196,-63.8296861649,-32.6921310425
12.5553452969,-63.7871227264,-33.0430717468
19.7145433426,-63.7659645081,-35.5980033875
16.2277500629,-63.6879768372,-35.9345960617
12.7449927330,-63.6723556519,-36.3357944489
19.3096852303,-68.1051197052,-29.3325004578
15.7958755493,-67.9718952179,-29.5409169197
12.2915678024,-67.9068603516,-29.8072671890
19.4209709167,-67.8860816956,-32.5368785858
15.9421849251,-67.7829322815,-32.7944121361
12.4634847641,-67.7478199005,-33.1109833717
19.5130805969,-67.6917419434,-35.7393932343
16.0972843170,-67.6161975861,-36.0408544540
12.6622049809,-67.6119709015,-36.4084405899
19.1343421936,-71.9909954071,-29.4539527893
15.6756722927,-71.8789787292,-29.6312198639
12.2159347534,-71.8295116425,-29.8604593277
19.2419624329,-71.7517108917,-32.6637811661
15.8275721073,-71.6629486084,-32.8839001656
12.4014570713,-71.6402282715,-33.1580934525
19.3443470001,-71.5326538086,-35.8690967560
15.9947102070,-71.4672508240,-36.1308059692
12.6187474728,-71.4728164673,-36.4515819550
29.3752732277,-2.0529378057,-45.0574970245
31.7833657265,-1.9710520506,-47.9062690735
29.3569703102,-2.0113085508,-47.2873687744
31.3336896896,-1.9231185615,-50.3278417587
29.1816973686,-1.9504487514,-49.3351087570
30.0076279640,-6.2080198526,-45.3850450516
29.9718694687,-6.0810145736,-47.7293777466
32.0177726746,-5.8735671639,-51.1131134033
29.7306799889,-5.9416235685,-50.0101156235
30.5048322678,-10.1821796894,-48.2138042450
32.5835099220,-9.9333781004,-51.7638044357
30.1972279549,-10.0227656364,-50.6255559921
85.7170562744,-77.0110530853,-190.3589477539
85.7829322815,-77.1136398315,-186.4303474426
85.8579120636,-77.1295928955,-182.4807739258
81.4461784363,-77.1299457550,-190.5281677246
81.6347293854,-77.3124084473,-186.6122703552
81.7487030029,-77.3375606537,-182.6729431152
76.8274154663,-77.4283370972,-190.7144470215
77.4140472412,-77.7475624084,-186.7902717590
77.4075641632,-77.8827247620,-182.8698768616
85.8217182159,-81.1617069244,-190.4557914734
85.8136806488,-81.2583026886,-186.5196723938
85.8507423401,-81.2428550720,-182.5334434509
81.5905532837,-81.3777294159,-190.8116493225
81.6484146118,-81.5259132385,-186.8218765259
81.6983871460,-81.4663906097,-182.7823715210
77.1104297638,-82.0538349152,-191.4940567017
77.4604377747,-82.1768646240,-187.2184333801
77.3143444061,-81.9867534637,-183.0282058716
85.9010353088,-85.3385105133,-190.7020263672
85.8835487366,-85.3255023956,-186.5892066956
85.8717575073,-85.2649497986,-182.5040550232
81.6962642670,-85.6028976440,-191.3913688660
81.7185935974,-85.5899810791,-186.9951400757
81.6860408783,-85.4536666870,-182.7648963928
77.1249942780,-86.6667194366,-192.1990928650
77.2762756348,-86.7409439087,-187.4244728088
76.9614238739,-86.3126983643,-182.9693489075
28.3684172630,-86.1605796814,-39.4304428101
25.2526197433,-86.0895118713,-39.4384946823
22.1557049751,-85.9794044495,-39.5097112656
28.2807579041,-85.8258342743,-42.4473667145
25.2661828995,-85.7147960663,-42.5057039261
22.2773394585,-85.5526714325,-42.6324844360
28.2774796486,-85.5336322784,-45.3926162720
25.3816418648,-85.3773975372,-45.5181436539
22.5222139359,-85.1749897003,-45.7215394974
28.1885843277,-89.6815986633,-39.6886167526
25.0299396515,-89.6981182098,-39.7387304306
21.9216799736,-89.6126880646,-39.8313388824
28.0728101730,-89.2779865265,-42.6849431992
25.0000872612,-89.2324123383,-42.8046321869
21.9908175468,-89.0386276245,-42.9708909988
28.0438966751,-88.9269123077,-45.6041069031
25.0844392776,-88.8038005829,-45.7983007431
22.2074728012,-88.4997215271,-46.0322484970
28.0411028862,-93.2184944153,-40.0051279068
24.7167072296,-93.4229927063,-40.1619825363
21.4280695915,-93.4765586853,-40.4339618683
27.8742718697,-92.7225322723,-42.9580316544
24.5760970116,-92.8465423584,-43.2470645905
21.1998281479,-92.7143840790,-43.7160072327
27.7986917496,-92.2722263336,-45.8110837936
24.5619821548,-92.2976303101,-46.2259731293
21.1715831757,-91.9292011261,-46.7850503922
60.3915557861,-15.3290996552,-127.5979061127
60.1009569168,-15.5504622459,-123.4042816162
59.9405498505,-15.6889929771,-119.1869258881
56.1190233231,-15.0770447254,-127.3818321228
55.9544553757,-15.1730628014,-123.1993522644
55.8867511749,-15.2451453209,-118.9851741791
51.8280973434,-14.9540846348,-127.2214794159
51.7505054474,-14.9952778816,-122.9951782227
51.7688102722,-15.0318949223,-118.7500534058
60.2084684372,-19.3799519539,-127.9228858948
59.7316160202,-19.5227737427,-123.6964321136
59.4214258194,-19.6151518822,-119.3982791901
56.0221672058,-19.2058129311,-127.6521987915
55.7690496445,-19.2766547203,-123.4527492523
55.6278772354,-19.3319168091,-119.2060012817
51.7813653946,-19.1155147552,-127.4925193787
51.6566267014,-19.1499080658,-123.2541751862
51.6377515793,-19.1808290482,-118.9914302826
60.2501697540,-23.3782839775,-128.0632266998
59.7875633240,-23.4418573380,-123.8288764954
59.4644393921,-23.4817080498,-119.5549030304
56.0255022049,-23.2898802757,-127.8514690399
55.7528629303,-23.3249592781,-123.6473197937
55.5904645920,-23.3547396660,-119.4011230469
51.8003129959,-23.2414793968,-127.7128429413
51.6542015076,-23.2674789429,-123.4735240936
51.6181964874,-23.2890968323,-119.2124271393
22.1731643677,-38.9383163452,-57.8714332581
18.8645663261,-38.9296607971,-58.3366575241
15.5128550529,-38.9209280014,-58.5454988480
23.2435331345,-38.9892387390,-61.3491773605
19.4148321152,-38.9942016602,-61.8678722382
15.6351721287,-39.0082864761,-61.9886178970
24.4487681389,-39.1255750656,-65.0411834717
19.8275117874,-39.1281690598,-65.5199174881
15.5448868275,-39.1650247574,-65.5190315247
22.2987294197,-43.0551834106,-58.0246829987
18.9796023369,-43.0324153900,-58.4936103821
15.6165354252,-43.0191478729,-58.6997356415
23.3806295395,-43.1044187546,-61.4974966049
19.5287728310,-43.1003179550,-62.0194635391
15.7168071270,-43.1222982407,-62.1392545700
24.6156816483,-43.2320270538,-65.1807460785
19.9576020241,-43.2387752533,-65.6583070755
15.6211540699,-43.3159723282,-65.6676225662
22.4232716560,-47.1466779709,-58.1625328064
19.0998859406,-47.0990781784,-58.6289463043
15.7428591251,-47.0604772568,-58.8200931549
23.5313491821,-47.1887521744,-61.6422824860
19.6624722481,-47.1567487717,-62.1645469666
15.8428845406,-47.1511983871,-62.2740535736
24.8193411827,-47.3037576675,-65.3470363617
20.1258172989,-47.2895317078,-65.8385334015
15.7693347931,-47.3668947220,-65.8651161194
97.8053627014,-126.8869972229,-117.9125232697
97.8101558685,-126.8916702271,-113.9195995331
97.8174629211,-126.8923416138,-109.9233016968
93.4605312347,-126.4734497070,-117.7396011353
93.4701881409,-126.4899024963,-113.7540798187
93.4840011597,-126.4928245544,-109.7607059479
89.2480010986,-126.0079269409,-117.5701332092
89.2510242462,-126.0415515900,-113.5813560486
89.2454090118,-126.0548019409,-109.5800285339
97.7153224945,-131.0902442932,-117.9313220978
97.7276134491,-131.0841941833,-113.9242248535
97.7467727661,-131.1015129089,-109.9188499451
93.1921558380,-130.7358169556,-117.7822971344
93.2171478271,-130.7304458618,-113.7586002350
93.2633037567,-130.7687721252,-109.7397747040
88.8703117371,-130.2615985870,-117.6090011597
88.8807868958,-130.2852973938,-113.5599250793
88.9054698944,-130.3547725677,-109.5125980377
97.5730266571,-135.5467491150,-117.9970741272
97.5983352661,-135.4594306946,-113.9426517487
97.6361351013,-135.6756477356,-109.9093532562
92.6625633240,-135.0945968628,-117.9051513672
92.7205219269,-134.9376716614,-113.7939262390
92.8367481232,-135.1510009766,-109.7123508453
87.5960369110,-134.8285751343,-117.7453022003
87.6323509216,-134.6968231201,-113.5958766937
87.7646903992,-135.0554771423,-109.4772224426
72.5906944275,-14.6516344547,-176.8313026428
72.5932922363,-14.6633603573,-172.7461318970
72.7057304382,-14.6764831543,-168.6364250183
68.1693134308,-14.6603546143,-176.8038520813
68.1840400696,-14.6682705879,-172.6285247803
68.3927154541,-14.6816658974,-168.4349327087
63.5631084442,-14.6570172310,-176.9133300781
63.6317205429,-14.6577997208,-172.5250701904
64.0396327972,-14.6791350842,-168.1102256775
72.6154003143,-18.8314075470,-176.9284477234
72.6213245392,-18.8499627113,-172.8368530273
72.7404193878,-18.8696374893,-168.7209701538
68.1989536285,-18.8494625092,-176.9354476929
68.2147960663,-18.8645706177,-172.7576789856
68.4293632507,-18.8820428848,-168.5562248230
63.6209888458,-18.8673372269,-177.0634269714
63.6715049744,-18.8741016388,-172.6985740662
64.0793628693,-18.8933796883,-168.2780570984
72.6552314758,-23.0037665367,-177.0278511047
72.6619949341,-23.0332875252,-172.9340820312
72.7838973999,-23.0618748665,-168.8155250549
68.2328681946,-23.0355424881,-177.0663719177
68.2531909943,-23.0608930588,-172.8876304626
68.4733676910,-23.0825147629,-168.6820259094
63.6146364212,-23.0896811485,-177.2568016052
63.6927604675,-23.1001276970,-172.8779220581
64.1165628433,-23.1115493774,-168.4461212158
48.2346334457,-2.1265736222,-139.1280517578
47.8754816055,-2.1312031150,-134.6826286316
47.7746152878,-2.1390526295,-130.2654438019
43.8469324112,-2.1175789833,-139.4755554199
43.4738035202,-2.1238461137,-134.6820526123
43.2854757309,-2.1294546723,-130.0670471191
39.1842279434,-2.0887956023,-139.4560852051
38.9794139862,-2.1156045794,-134.4865531921
38.5463504791,-2.1287080050,-129.7949447632
48.2713871002,-6.3892908096,-139.3314514160
47.8788547516,-6.3991343975,-135.0238265991
47.6871099472,-6.4160568714,-130.6926269531
43.7898778915,-6.3882932663,-139.8110809326
43.4901170731,-6.4009028673,-135.1194725037
43.2552261353,-6.4116243124,-130.5679721832
39.2565517426,-6.3615626097,-139.9192771912
39.1541585922,-6.4216269255,-135.0044975281
38.7473087311,-6.4467211962,-130.3105506897
48.2900314331,-10.6392951012,-139.6694984436
47.8690013885,-10.6550471783,-135.3848724365
47.6348819733,-10.6746406555,-131.0721778870
43.6673593521,-10.6647853851,-140.2735214233
43.4099569321,-10.6873304844,-135.5844955444
43.1705904007,-10.6970531940,-131.0401229858
38.8791046143,-10.6759321690,-140.6120758057
38.9525527954,-10.7568998337,-135.6142463684
38.5794086456,-10.7741179466,-130.9188461304
15.4082155228,-27.0964822769,-18.8788337708
11.9133527279,-27.0679779053,-19.0878043175
18.8231019974,-27.1284918785,-22.0071682930
15.4769217968,-27.0732898712,-22.1314935684
12.0820198059,-27.0446920395,-22.3457136154
19.0211730003,-27.0772709846,-25.1917695999
15.6330301762,-27.0350894928,-25.3510894775
12.2388625145,-27.0116467476,-25.5807995796
15.3762772083,-31.2339053154,-18.9463148117
11.8910150528,-31.2123975754,-19.1718797684
18.8224964142,-31.2368469238,-22.0840845108
15.4808242321,-31.2007560730,-22.2231173515
12.0763876438,-31.1810202599,-22.4542570114
19.0675101280,-31.1794524193,-25.2892503738
15.6650578976,-31.1547803879,-25.4648981094
12.2489051819,-31.1408076286,-25.7130222321
15.4007172585,-35.3540773392,-19.0074753761
11.8990993500,-35.3485879898,-19.2491893768
18.8877701759,-35.3144092560,-22.1455917358
15.5189549923,-35.3119440079,-22.3057799339
12.0934550762,-35.3089179993,-22.5525970459
19.1468677521,-35.2549791336,-25.3742070198
15.7158775330,-35.2604007721,-25.5682554245
12.2745499611,-35.2621946335,-25.8323583603
-11.7601983547,-39.5584678650,-20.7633013725
-11.7799224854,-39.5887231827,-24.2488045692
-11.7477450371,-43.7180995941,-20.7731633186
-11.6854093075,-47.7800951004,-20.7176423073
18.6089010239,-99.4815044403,-20.5696678162
15.1318962574,-99.5037136078,-20.5248904228
11.7243192196,-99.4774017334,-20.4730105400
18.6975402832,-98.7850837708,-23.7709875107
15.2651879787,-98.7958850861,-23.7826933861
11.8942351341,-98.7311496735,-23.7760691643
18.7285146713,-98.1522579193,-26.8512072563
15.3247802258,-98.1327075958,-26.9012222290
11.9975025654,-98.0277976990,-26.9444131851
18.6894497871,-103.3904285431,-20.9547381401
15.1656899452,-103.3845767975,-20.9359302521
11.7400808334,-103.3261222839,-20.8925771713
18.8212394714,-102.5051784515,-24.2179737091
15.2957327366,-102.5064067841,-24.2861909866
11.8754725456,-102.3977260590,-24.2911272049
18.8245620728,-101.5945930481,-27.2311706543
15.3203332424,-101.5787258148,-27.3745703697
11.9472150803,-101.4216136932,-27.4058046341
19.0464892387,-107.5244007111,-21.6420526505
15.1850941181,-107.3188533783,-21.5209875107
11.5486552715,-107.3538742065,-21.6409769058
19.4811348915,-106.3502006531,-25.2279090881
15.3361146450,-106.1287536621,-25.2751221657
19.2754249573,-105.0775032043,-28.7203330994
15.2346506119,-104.8030529022,-29.0485901833
28.0592923164,-14.3957180977,-45.7336597443
25.2298879623,-14.3969197273,-45.7302331924
22.4495725632,-14.3924646378,-45.9200582504
28.1029601097,-14.2848381996,-48.3624353409
25.3992705345,-14.3063342571,-48.6108999252
22.7356376648,-14.3077120781,-48.9826936722
28.2277121544,-14.1701855659,-50.8957319260
25.8260316849,-14.1915171146,-51.5197973251
23.2869505882,-14.1994998455,-52.1190881729
28.3203349113,-18.3414921761,-46.0549268723
25.4674873352,-18.4129948616,-46.0416212082
22.6385397911,-18.4493103027,-46.2501707077
28.3813028336,-18.3000621796,-48.7306871414
25.6382036209,-18.3565750122,-48.9809627533
22.9227147102,-18.3824777603,-49.3731899261
28.5070772171,-18.2354397774,-51.3042116165
26.0644850731,-18.2768006325,-51.9406318665
23.4738874435,-18.2985310555,-52.5641450882
28.6577267647,-22.2839422226,-46.2410039902
25.7297611237,-22.4284329414,-46.2830104828
22.8375525475,-22.5064153671,-46.5315151215
28.6782121658,-22.3215665817,-48.9773492813
25.8807549477,-22.4120473862,-49.2676820755
23.1129570007,-22.4617953300,-49.6960802078
28.7834248543,-22.3104238510,-51.5962591171
26.2976126671,-22.3701696396,-52.2654361725
23.6600871086,-22.4051055908,-52.9235258102
32.3703961372,-87.1958599091,-30.2262182236
32.0479574203,-86.8857498169,-33.3832297325
31.7352724075,-86.5581016541,-36.4873704910
35.8528757095,-87.2661533356,-30.5217509270
35.3771800995,-86.9646453857,-33.6664819717
34.9164428711,-86.6452026367,-36.7472505569
39.3932590485,-87.3488121033,-30.9733023643
38.7003021240,-87.0747070312,-34.1031513214
38.0424518585,-86.7625904083,-37.1406965256
32.2346091270,-90.7790546417,-30.4685659409
31.9025316238,-90.4277267456,-33.6317224503
31.5863170624,-90.0512886047,-36.7339000702
35.6765890121,-90.8594818115,-30.7787985802
35.2001056671,-90.5029392242,-33.9175739288
34.7421007156,-90.1313800812,-36.9918127060
39.1462917328,-90.9869308472,-31.2492628098
38.4721174240,-90.6413421631,-34.3610305786
37.8250961304,-90.2762718201,-37.3926239014
32.1041917801,-94.3125629425,-30.7341823578
31.7928242683,-93.9033241272,-33.9147262573
31.4951872826,-93.4609298706,-37.0226001740
35.4807415009,-94.4341545105,-31.0761847496
35.0214681625,-94.0062408447,-34.2109203339
34.5780143738,-93.5666141510,-37.2792377472
38.8808860779,-94.6091537476,-31.5734887123
38.2256803513,-94.1830081940,-34.6654319763
37.5932884216,-93.7509937286,-37.6848268509
61.9325504303,-100.6636276245,-92.6801090240
61.9855346680,-100.7239742279,-88.4552249908
62.1932344437,-100.8207263947,-84.1474800110
57.8272924423,-100.6699771881,-92.5563316345
57.8182678223,-100.7504482269,-88.1292190552
57.9037199020,-100.8986263275,-83.4052352905
53.7154064178,-100.3811759949,-92.6165866852
53.6812372208,-100.5082244873,-88.0619220734
53.7234573364,-100.5875263214,-83.2958183289
62.0770807266,-104.9913749695,-92.6419372559
62.1163167953,-105.0357265472,-88.3544425964
62.4252481461,-105.0907268524,-83.9897613525
57.7228660583,-105.0033702850,-92.4579944611
57.7427330017,-105.0496482849,-87.9466953278
57.9552230835,-105.1756763458,-83.1419048309
53.4584150314,-104.5806026459,-92.4999809265
53.4708585739,-104.6765499115,-87.8746852875
53.5941390991,-104.8159732819,-83.0886917114
62.5246210098,-109.7014732361,-92.6786174774
62.2831621170,-109.6180763245,-88.2506198883
62.4384717941,-109.6755256653,-83.7788200378
57.3542766571,-109.5494003296,-92.3093585968
57.2771863937,-109.3836002350,-87.7011623383
57.3737335205,-109.6053485870,-82.6635494232
51.9339332581,-109.0044307709,-92.1695499420
51.8594169617,-108.8459281921,-87.4847545624
51.9099035263,-109.1600475311,-82.3291873932
73.1518383026,-14.6175620556,-188.5799980164
72.9181823730,-14.6290645599,-184.7937011719
72.7091064453,-14.6401202679,-180.8589248657
69.1690769196,-14.6171698570,-188.7340469360
68.7212352753,-14.6324622631,-184.9204711914
68.3676261902,-14.6495277882,-180.9023551941
65.1368446350,-14.5623130798,-190.2324180603
64.5416116714,-14.6076331139,-185.4853744507
63.8962020874,-14.6466901302,-181.1308784485
73.1649532318,-18.7987446785,-188.7230720520
72.9372482300,-18.8035173416,-184.9136276245
72.7319259644,-18.8146657944,-180.9646720886
69.1874408722,-18.8077597618,-188.8859977722
68.7466964722,-18.8153252602,-185.0621223450
68.3971862793,-18.8319277763,-181.0375747681
65.2211542130,-18.7894654274,-190.3387184143
64.6071271896,-18.8155412674,-185.6298141479
63.9673910141,-18.8491320610,-181.2785758972
73.1784286499,-22.9676222801,-188.8617210388
72.9681911469,-22.9630050659,-185.0288734436
72.7702045441,-22.9767870903,-181.0684242249
69.1820507050,-22.9903426170,-189.0246009827
68.7666893005,-22.9857277870,-185.1914024353
68.4265022278,-23.0053219795,-181.1659431458
65.0960531235,-23.0183029175,-190.5206489563
64.5650205612,-23.0208778381,-185.7984161377
63.9398775101,-23.0574069023,-181.4589462280
97.9538459778,-102.0003509521,-165.9845199585
93.8626022339,-101.7961521149,-165.9743881226
93.8017234802,-101.7407264709,-162.0544738770
93.7408714294,-101.6551513672,-158.0771369934
89.7504596710,-101.5184459686,-166.0558700562
89.6341438293,-101.4313983917,-162.1729965210
89.5234451294,-101.3201980591,-158.1831245422
97.9533901215,-106.2461223602,-165.9876251221
97.9529266357,-106.2081756592,-162.0039520264
93.8646564484,-106.1491718292,-165.9749946594
93.8587265015,-106.0298023224,-162.0428466797
93.7961997986,-105.8584747314,-158.0383529663
89.7843132019,-105.8830757141,-166.0215682983
89.7681903839,-105.6802005768,-162.1629486084
89.6414260864,-105.4881992340,-158.1620788574
97.9380722046,-110.9132518768,-166.0532798767
97.9781246185,-110.8134765625,-161.9343032837
97.9606990814,-110.5305042267,-157.8693542480
93.7689208984,-110.7611732483,-166.0567207336
93.9339141846,-110.5315761566,-162.0339431763
93.8784542084,-110.1516513824,-157.8981513977
89.4517650604,-110.7723522186,-166.1252441406
89.9505939484,-110.1555976868,-162.1739730835
89.8183650970,-109.7193202972,-158.0690765381
73.0074615479,-27.2899212837,-164.8029975891
73.1511363983,-27.3305792809,-160.7206230164
73.2707538605,-27.3724575043,-156.6788024902
68.8140583038,-27.3034992218,-164.6464042664
68.9852352142,-27.3316240311,-160.5571746826
69.1160926819,-27.3627014160,-156.5188522339
64.6969833374,-27.3302197456,-164.3685302734
64.8382167816,-27.3392620087,-160.3264999390
64.9434413910,-27.3520569801,-156.3289718628
73.0638198853,-31.4866766930,-164.9100532532
73.2036972046,-31.5399847031,-160.8215980530
73.3173694611,-31.5982089043,-156.7702751160
68.8839187622,-31.4940071106,-164.7678756714
69.0478439331,-31.5296645164,-160.6724777222
69.1640987396,-31.5756940842,-156.6269226074
64.7818536758,-31.5133752823,-164.5025482178
64.9138364792,-31.5236248970,-160.4540786743
64.9949579239,-31.5522828102,-156.4514999390
73.1165294647,-35.6821937561,-165.0344467163
73.2506923676,-35.7488174438,-160.9391250610
73.3559379578,-35.8258304596,-156.8758316040
68.9603557587,-35.6751203537,-164.8973274231
69.1141891479,-35.7207508087,-160.7952995300
69.2081909180,-35.7872810364,-156.7424964905
64.8929395676,-35.6647586823,-164.6265716553
65.0091991425,-35.6834535599,-160.5749969482
65.0489616394,-35.7421674728,-156.5726699829
97.8617763519,-2.0944310427,-225.9795989990
97.8713550568,-2.0918040276,-221.9634208679
97.8943557739,-2.0873902440,-217.9514465332
93.2792739868,-2.1167401671,-225.9673690796
93.3807678223,-2.1081024408,-221.8619842529
93.5864334106,-2.0943658948,-217.8176193237
88.3281555176,-2.1474484205,-225.9544754028
88.5789356232,-2.1284864545,-221.6804351807
89.1214771271,-2.0992146730,-217.5697441101
97.7596931458,-6.2868967056,-225.9981231689
97.7837505341,-6.2749054432,-221.9657173157
97.8408603668,-6.2597367764,-217.9401473999
93.2010726929,-6.3681335449,-225.9890213013
93.2804756165,-6.3298325539,-221.8774642944
93.4970569611,-6.2792681456,-217.7847709656
88.5052356720,-6.4945878983,-225.9596786499
88.6351051331,-6.4180269241,-221.7470970154
89.1060333252,-6.3041961193,-217.5078163147
97.7391891479,-10.4794802666,-225.9990997314
97.7607994080,-10.4530124664,-221.9585456848
97.8248157501,-10.4265475273,-217.9245452881
93.1794662476,-10.6182353497,-226.0005760193
93.2422485352,-10.5379073620,-221.8609504700
93.4665851593,-10.4481225014,-217.7361450195
88.4655113220,-10.8377847672,-226.0422706604
88.5657329559,-10.6992321014,-221.7464981079
89.0674514771,-10.4897694588,-217.4268722534
29.6777167320,-51.5645484924,-47.1834707260
26.6440281868,-51.4582395554,-47.3626966476
23.6521449089,-51.3701324463,-47.7243824005
29.7046303749,-51.5222816467,-49.9783535004
26.8221063614,-51.4206809998,-50.4094314575
23.9719777107,-51.3284482956,-50.9565782547
29.8447504044,-51.4857339859,-52.6528129578
27.2913846970,-51.3951988220,-53.4518966675
24.5719947815,-51.3004426956,-54.2314548492
29.6558804512,-55.7411813736,-47.2732152939
26.6267075539,-55.5697126389,-47.4688873291
23.6381793022,-55.4430656433,-47.8407382965
29.7016882896,-55.6729316711,-50.0728292465
26.8261055946,-55.5138092041,-50.5164680481
23.9799513817,-55.3873691559,-51.0718002319
29.8672947884,-55.6212501526,-52.7477664948
27.3216695786,-55.4799404144,-53.5574684143
24.6039519310,-55.3509082794,-54.3456907272
29.5454754829,-59.8399686813,-47.3613557816
26.5410327911,-59.6093568802,-47.5761661530
23.5695972443,-59.4527873993,-47.9574127197
29.6083931923,-59.7453546524,-50.1636533737
26.7626004219,-59.5339393616,-50.6190176010
23.9345922470,-59.3817758560,-51.1817474365
29.8011174202,-59.6792345047,-52.8325700760
27.2839403152,-59.4909791946,-53.6525230408
24.5816202164,-59.3360824585,-54.4500350952
77.7255802155,-103.5079994202,-105.4370994568
77.7214546204,-103.4575996399,-101.4185466766
81.2814979553,-108.1860523224,-105.6303501129
81.3765945435,-108.0765781403,-101.6337757111
76.9619960785,-108.0047492981,-105.5748271942
77.0488967896,-108.0018272400,-101.5590248108
77.2855606079,-108.0173244476,-97.5815105438
38.5953741074,-65.6746873856,-48.2529459000
35.3121299744,-64.7021245956,-47.9596376419
32.3031854630,-64.1622838974,-47.5752782822
38.0908050537,-65.5249414444,-51.3955802917
35.0739374161,-64.4980401993,-50.9052915573
32.2334642410,-64.0016241074,-50.3394479752
37.5843076706,-65.1302251816,-54.7409553528
34.5380544662,-64.2398262024,-53.9219388962
32.0119471550,-63.8498048782,-52.9830808640
37.1076869965,-68.9903125763,-48.3876523972
34.6042032242,-68.3661193848,-48.0242414474
31.8985443115,-67.9324836731,-47.6609477997
36.8415174484,-68.7419185638,-51.4844160080
34.4326496124,-68.1473312378,-50.9815359116
31.8598513603,-67.7622909546,-50.4304399490
36.5737867355,-68.4338588715,-54.9562530518
34.0352344513,-67.9125556946,-54.0136222839
31.6989102364,-67.6108798981,-53.0668487549
36.7992620468,-72.2353954315,-48.5098857880
34.2869253159,-71.8882083893,-48.1221952438
31.6409330368,-71.5669307709,-47.7647228241
36.5864276886,-72.0184803009,-51.6079645157
34.1448278427,-71.6858425140,-51.0819272995
31.6242814064,-71.3978576660,-50.5299739838
36.3976049423,-71.7797451019,-55.0570039749
33.8023920059,-71.4754219055,-54.0993108749
31.4971208572,-71.2498607635,-53.1499767303
24.6523823738,-2.0811201930,-36.9523210526
21.7068004608,-2.0857760906,-36.6935005188
27.0651392937,-2.1082175970,-39.9658946991
24.4377570152,-2.0983427763,-39.6267890930
21.7160973549,-2.0926923156,-39.4431495667
26.8902449608,-2.1029170752,-42.4254293442
24.3649897575,-2.0969097018,-42.2150926590
21.7876696587,-2.0891712308,-42.1398830414
24.9569025040,-6.2559547424,-36.7485971451
21.9410734177,-6.2510349751,-36.6709098816
27.3709263802,-6.3668111563,-39.8229293823
24.6845617294,-6.2958418131,-39.5752973557
21.8886299133,-6.2655836344,-39.5153493881
27.2526469231,-6.3254698515,-42.5228624344
24.6040844917,-6.2811808586,-42.3488998413
21.9232101440,-6.2518131733,-42.3507251740
25.3113574982,-10.4199817181,-36.6707687378
22.1799478531,-10.3927345276,-36.7190084457
25.0141949654,-10.4627370834,-39.6384820938
22.1020393372,-10.4034702778,-39.6622390747
27.7346200943,-10.5403404236,-42.6847953796
24.9190979004,-10.4251227379,-42.5537738800
22.1203274727,-10.3768701553,-42.6104421616
9.3770281076,-2.0866536498,-27.7319855690
6.3442740440,-2.0800440907,-27.8249950409
3.2703249753,-2.0692468286,-27.9909496307
9.6388163567,-2.0836822391,-30.7628970146
6.5973439217,-2.0746195912,-30.9004445076
3.4809016883,-2.0611959696,-31.1053900719
9.9221143723,-2.0810929537,-33.7554063797
6.8864387274,-2.0703407526,-33.9428520203
3.7612329721,-2.0550864935,-34.2070436478
9.2645412683,-6.2497776747,-28.0146703720
6.1316924095,-6.2325993776,-28.1731901169
2.9692530632,-6.2048206329,-28.3848090172
9.4661399126,-6.2414377928,-31.0536093712
6.3326630592,-6.2182978392,-31.2536516190
3.1453499794,-6.1836760044,-31.5163474083
9.7084410191,-6.2331732512,-34.0648593903
6.5868314505,-6.2057402134,-34.3099346161
3.3973611891,-6.1661884785,-34.6316938400
9.1746102571,-10.3984923363,-28.2589163780
5.9620987177,-10.3746168613,-28.4744458199
2.7256161124,-10.3368771076,-28.7336988449
9.3507331610,-10.3844225407,-31.3295316696
6.1362614632,-10.3533399105,-31.5851473808
2.8783826828,-10.3063619137,-31.8990488052
9.5701062679,-10.3690302372,-34.3748540878
6.3684265614,-10.3324351311,-34.6734771729
3.1100047827,-10.2784221172,-35.0474224091
85.5466232300,-88.8716106415,-166.3916206360
85.4270935059,-88.7469139099,-162.4333686829
85.2915000916,-88.3405265808,-158.3217201233
81.1650695801,-88.5681877136,-166.5321693420
80.9852924347,-88.3377933502,-162.6029701233
80.7583217621,-87.6550769806,-158.4540672302
76.2799949646,-87.9380168915,-166.6318778992
76.1661224365,-87.4058265686,-162.7714767456
75.9544181824,-86.8694229126,-158.7274971008
85.4260444641,-92.9122371674,-166.2692527771
85.2669086456,-92.8300800323,-162.3277778625
85.1363887787,-92.6095600128,-158.2989578247
81.0376338959,-92.6770515442,-166.3866233826
80.8288173676,-92.5603332520,-162.4554748535
80.6066970825,-92.2327880859,-158.4012756348
76.4621162415,-92.5545845032,-166.3578758240
76.3071250916,-92.3765468597,-162.5139465332
75.8749179840,-92.0439453125,-158.4807701111
85.3343715668,-97.1017150879,-166.4458351135
85.2459411621,-96.9865970612,-162.3901557922
85.1175422668,-96.8369216919,-158.3263549805
80.8811683655,-96.9677524567,-166.9325523376
80.8198928833,-96.8366680145,-162.6683311462
80.6252899170,-96.6286067963,-158.4941673279
76.1300125122,-97.3829841614,-167.3643264771
76.1936206818,-97.2664375305,-163.0244255066
75.8637084961,-96.8587436676,-158.7332534790
48.2492046356,-15.0826179981,-101.3641281128
48.4626274109,-15.1462624073,-96.9940261841
48.6850814819,-15.2163155079,-92.4965591431
44.0828819275,-14.9921877384,-101.2045783997
44.2094106674,-15.0374000072,-97.0028495789
44.2683801651,-15.0948801041,-92.8731937408
39.8667287827,-14.9396779537,-101.0228767395
39.9534673691,-14.9656951427,-96.8896026611
40.0399599075,-15.0041654110,-92.7947998047
48.2153301239,-19.2966504097,-101.6111793518
48.4699068069,-19.3996224403,-97.2352581024
48.7689056396,-19.5313453674,-92.7068557739
44.0904340744,-19.2114596367,-101.4955005646
44.2469797134,-19.2818641663,-97.2932624817
44.3537721634,-19.3797073364,-93.1524467468
39.8925828934,-19.1627173424,-101.3582000732
40.0001659393,-19.2031369209,-97.2274837494
40.1158370972,-19.2641000748,-93.1304283142
48.2421112061,-23.4646525383,-101.9233798981
48.5305128098,-23.6016902924,-97.5811843872
48.9409408569,-23.7950582504,-93.0599575043
44.1414794922,-23.3949666023,-101.8199996948
44.3194932938,-23.4858264923,-97.6350879669
44.4753808975,-23.6241269112,-93.4953022003
39.9623031616,-23.3561081886,-101.7011013031
40.0844535828,-23.4072837830,-97.5810260773
40.2250642776,-23.4878711700,-93.4860019684
37.1889963150,-64.1237182617,-92.0506000519
37.6570396423,-64.1429996490,-88.1710720062
38.8404607773,-64.0094966888,-84.0372123718
33.0554919243,-64.0941286087,-91.8153152466
33.4730463028,-64.0900497437,-87.8140220642
34.2224326134,-63.8997154236,-83.6180877686
28.8221602440,-64.1689300537,-91.8743534088
29.1527957916,-64.1270437241,-87.7473049164
29.7666449547,-63.8482818604,-83.2851200104
37.1223096848,-68.3522338867,-92.3377723694
37.5740346909,-68.4130020142,-88.4235305786
38.7518167496,-68.1089382172,-84.2231922150
33.0928573608,-68.2886562347,-92.0999259949
33.5120658875,-68.3247261047,-88.0407390594
34.2230100632,-67.9832153320,-83.7608051300
29.1460433006,-68.2917556763,-92.1368541718
29.5119662285,-68.1824054718,-87.9184036255
30.0048947334,-67.7364730835,-83.3223075867
36.7521238327,-72.9971160889,-93.2034149170
37.1733388901,-73.0607738495,-88.8527069092
38.3572444916,-72.3456611633,-84.3237876892
32.6926846504,-72.7934188843,-92.9448890686
33.1564912796,-72.8867969513,-88.3814430237
33.8678483963,-72.2226886749,-83.8437862396
28.5083675385,-72.8942012787,-92.9667224884
29.0184483528,-72.6031093597,-88.1893043518
29.3712005615,-71.7969379425,-83.4502449036
85.0932216644,-100.8911247253,-154.2785720825
85.0730247498,-100.7988185883,-150.1940002441
85.1748619080,-100.7059459686,-146.0991706848
80.6647872925,-100.6718750000,-154.3889007568
80.6653232574,-100.5625495911,-150.2320747375
80.8951435089,-100.4156475067,-146.0576019287
76.1009559631,-100.7090740204,-154.4767074585
76.1199302673,-100.5519275665,-150.2126770020
76.6079196930,-100.2703285217,-145.8697013855
85.1582565308,-105.0222473145,-154.3404235840
85.0864276886,-104.9631729126,-150.2237548828
85.1477813721,-104.9209728241,-146.0939788818
80.7805290222,-104.8151493073,-154.5133438110
80.7286758423,-104.7721748352,-150.2914047241
80.9002532959,-104.6927242279,-146.0597038269
76.3993682861,-104.8965740204,-154.5533256531
76.3230209351,-104.8051757812,-150.2145309448
76.6986694336,-104.6056022644,-145.8286056519
85.1059226990,-109.0866718292,-154.5683784485
85.0611095428,-109.0067729950,-150.3256607056
85.0998878479,-109.0376529694,-146.1449317932
80.5873928070,-108.8951969147,-155.1215972900
80.6691455841,-108.8213195801,-150.5329551697
80.8008975983,-108.8388004303,-146.1688079834
75.7385978699,-109.3657760620,-155.4601249695
75.9145641327,-109.2688255310,-150.5719795227
76.1299495697,-109.2310276031,-146.0216064453
97.9647407532,-139.2621002197,-58.0199041367
97.9743804932,-139.2294731140,-54.0358037949
97.9877777100,-139.1662025452,-50.0501070023
93.9589042664,-138.6108283997,-58.0623502731
93.9892082214,-138.5609970093,-54.0861463547
94.0272979736,-138.4898757935,-50.0973262787
90.1250400543,-137.9590530396,-58.1077690125
90.1781597137,-137.8902778625,-54.1252241135
90.2353973389,-137.8153800964,-50.1287851334
97.8353729248,-143.4264297485,-58.0293149948
97.8429775238,-143.4014968872,-54.0274581909
97.8508567810,-143.4024276733,-50.0259447098
93.5916023254,-142.7304306030,-58.0806837082
93.6124820709,-142.6655235291,-54.0744142532
93.6380348206,-142.6577987671,-50.0696172714
89.6514701843,-141.8708763123,-58.1160030365
89.6842098236,-141.7720031738,-54.1057119370
89.7277965546,-141.7415008545,-50.0993747711
92.7727031708,-146.8806800842,-58.1729640961
92.7982673645,-146.6779479980,-54.0855903625
92.7913017273,-146.8574943542,-50.0316495895
87.7818222046,-145.7224044800,-58.2008991241
87.8267402649,-145.4438781738,-54.1033267975
87.8201808929,-145.5881233215,-50.0461416245
-1.0650362074,-14.5334134102,-19.6458549500
-4.2884665728,-14.5041849613,-19.7035369873
-7.5385504961,-14.4644598961,-19.7456698418
-0.9431134611,-14.5048627853,-22.8394875526
-4.1784405708,-14.4661445618,-22.9595899582
-7.4085880518,-14.4165968895,-23.0304293633
-0.8530814052,-14.4633922577,-26.0835676193
-4.1058236957,-14.4094574451,-26.2704381943
-7.3027688265,-14.3469946384,-26.3512549400
-1.2198886722,-18.6841979027,-19.8333497047
-4.4789514542,-18.6548256874,-19.9055447578
-7.7626879215,-18.6151823997,-19.9592156410
-1.1264535263,-18.6515254974,-23.0743212700
-4.4049958587,-18.6125755310,-23.2132821083
-7.6761378050,-18.5629396439,-23.2984981537
-1.0580705628,-18.6064772606,-26.3642320633
-4.3600770831,-18.5527257919,-26.5750904083
-7.6043270826,-18.4902405739,-26.6744995117
-1.3448232710,-22.8407173157,-19.9987020493
-4.6319631338,-22.8152146339,-20.0831279755
-7.9453164339,-22.7813625336,-20.1465411186
-1.2752991915,-22.8062181473,-23.2839698792
-4.5897675157,-22.7727560997,-23.4385170937
-7.8975890875,-22.7307605743,-23.5353479385
-1.2253752276,-22.7604403496,-26.6172356606
-4.5703098178,-22.7146177292,-26.8477249146
-7.8582115173,-22.6620545387,-26.9620771408
-1.9052812705,-63.9437093735,-31.2924284935
-10.0083597898,-14.5418901443,-9.3884677887
-14.6234316826,-14.5045557022,-10.3916976452
-18.9266319275,-14.4569861889,-11.0806174278
-10.7823519707,-14.5003294945,-13.1123254299
-14.5641019344,-14.4551224709,-13.6756577492
-18.3332624435,-14.3885626793,-14.2930696011
-10.9450423717,-14.4562246799,-16.5771005154
-14.4905169010,-14.3891539574,-17.0173728466
-18.1420540810,-14.2867169380,-17.6328251362
-10.0624682903,-18.7052521706,-9.4410586357
-14.6837987900,-18.6638894081,-10.4531650543
-18.9377617836,-18.6136455536,-11.1174378395
-10.9068999290,-18.6600651741,-13.2227175236
-14.6958494186,-18.6118698120,-13.7816202641
-18.4403123856,-18.5462946892,-14.3723053932
-11.1376502514,-18.6114783287,-16.7406122684
-14.6976351738,-18.5437946320,-17.1726472378
-18.3289518356,-18.4479913712,-17.7550623417
-10.1144192219,-22.8732199669,-9.4880008698
-14.7695469856,-22.8343744278,-10.5119881630
-19.0942926407,-22.7907419205,-11.1716401577
-11.0162804127,-22.8297305107,-13.3194274902
-14.8372650146,-22.7866401672,-13.8778281212
-18.6476731300,-22.7324099541,-14.4599826336
-11.3019654751,-22.7833280563,-16.8834223747
-14.9010851383,-22.7248878479,-17.3108949661
-18.6185665131,-22.6456594467,-17.8841226101
-9.7333383560,-2.0681858972,-9.2277113199
-14.5801346302,-2.0632812381,-10.2917990685
-19.3636775017,-2.0687672496,-11.2105200291
-10.1075723171,-2.0606961846,-12.7866144180
-14.1514074802,-2.0568944216,-13.4432468414
-18.2178728580,-2.0584066510,-14.1692128181
-9.9026527405,-2.0585994124,-16.0198349953
-13.6682431698,-2.0486209393,-16.5680849552
-17.4353911877,-2.0437245369,-17.1978580952
-9.8644123077,-6.2191022635,-9.2779818773
-14.5171625614,-6.2068767548,-10.2820544243
-18.8834280968,-6.2150193453,-11.0115547180
-10.4251325130,-6.1980514526,-12.8705694675
-14.2476193905,-6.1861304045,-13.4575395584
-18.0211474895,-6.1874147654,-14.0901827812
-10.3865776062,-6.1839601994,-16.2053072453
-13.9361672401,-6.1570774317,-16.6683201790
-17.4962921143,-6.1391695738,-17.2758135796
-9.9446574450,-10.3818252087,-9.3322787285
-14.5592675209,-10.3587920666,-10.3285779953
-18.8815751076,-10.3436701298,-11.0346472263
-10.6283073425,-10.3492019176,-12.9909720421
-14.4081821442,-10.3217449188,-13.5594198704
-18.1726622581,-10.2948851585,-14.1894245148
-10.7036180496,-10.3172569275,-16.3950798512
-14.2321419716,-10.2698450089,-16.8414056301
-17.8485567570,-10.2106149197,-17.4681034088
48.4573316574,-52.4728479385,-115.8928985596
48.5784482956,-52.4553165436,-111.9493465424
48.7950019836,-52.3802919388,-107.9751014709
43.9857931137,-52.4113035202,-115.6955738068
44.1351423264,-52.4354352951,-111.7583484650
44.4662799835,-52.3513612747,-107.7688961029
39.1991977692,-52.3886108398,-115.4408740997
39.4097223282,-52.4626998901,-111.5790500641
40.0478553772,-52.3622570038,-107.5340995789
48.3955688477,-56.7831058502,-116.0575523376
48.5022411346,-56.7438945770,-112.1236000061
48.7331991196,-56.6034116745,-108.1394519806
43.8837728500,-56.6858882904,-115.9431018829
44.0290298462,-56.7092523575,-111.9741516113
44.3941555023,-56.5527906418,-107.9368972778
39.1746997833,-56.6464557648,-115.7482509613
39.3681402206,-56.7208299637,-111.7690277100
39.9987773895,-56.5218963623,-107.6178722382
48.2146348953,-61.2617835999,-116.4477710724
48.4141788483,-61.0903444290,-112.3304233551
48.6894226074,-60.8416490555,-108.2658996582
43.5803642273,-61.1653032303,-116.7530994415
43.9120702744,-61.0460758209,-112.3240509033
44.3499708176,-60.7701473236,-108.1032485962
38.8249950409,-61.0432720184,-116.9580516815
39.2577180862,-61.0577745438,-112.2311496735
39.9820356369,-60.7201776505,-107.7846488953
38.9471921921,-75.4491920471,-79.7509288788
39.5124931335,-75.3903446198,-75.8893489838
40.2744340897,-75.3502254486,-71.6626682281
34.2193551064,-75.1151866913,-79.3131675720
34.7090425491,-74.9983386993,-75.6125850677
35.2287712097,-74.9282341003,-71.9430427551
29.3389601707,-74.8690090179,-79.0925731659
29.7862315178,-74.8208065033,-75.3151111603
30.5483675003,-74.6901073456,-71.0474491119
38.1822481155,-79.2512359619,-79.6129913330
38.6751241684,-79.2116127014,-75.8483428955
39.7214765549,-79.1487312317,-71.6138782501
33.9259924889,-78.7909049988,-79.0308303833
34.3544602394,-78.7071857452,-75.5120563507
34.9178533554,-78.5998764038,-71.8878822327
29.5068750381,-78.6773757935,-78.9255886078
29.8723354340,-78.4312076569,-75.2021179199
30.4635143280,-78.1729125977,-70.9152812958
37.6857204437,-82.8601245880,-79.7322139740
38.2495346069,-82.8765335083,-75.8721561432
39.3854103088,-82.8607616425,-71.6192436218
33.5901069641,-82.3886146545,-79.2266635895
34.0038962364,-82.3268947601,-75.5259723663
34.5579323769,-82.2112007141,-71.8815059662
29.0330371857,-82.5942611694,-79.4681262970
29.4337320328,-81.9900665283,-75.1358871460
29.8128824234,-81.6543121338,-70.9017906189
53.0875053406,-39.8278589249,-103.5191516876
53.3419561386,-39.9350690842,-99.4835071564
53.2857828140,-43.9775362015,-103.7634983063
53.5291042328,-44.0370912552,-99.7340393066
57.6615037918,-48.1871261597,-104.1892490387
53.3397216797,-48.1644582748,-103.9812755585
53.5580539703,-48.1808824539,-99.9586009979
53.7917947769,-48.2093915939,-95.9401969910
28.8024420738,-75.5309944153,-38.8681573868
25.6935267448,-75.3256683350,-38.8711872101
22.5430717468,-75.1682472229,-38.9898271561
28.7060842514,-75.2900352478,-41.9220476151
25.6974248886,-75.0943202972,-41.9672479630
22.6518769264,-74.9491462708,-42.1369171143
28.6900668144,-75.0784587860,-44.9091482162
25.7820682526,-74.8915805817,-45.0222158432
22.8509850502,-74.7585792542,-45.2670783997
28.6645588875,-79.0936050415,-39.0350027084
25.5492115021,-78.9415054321,-39.0372934341
22.4133696556,-78.8145275116,-39.1421613693
28.5810065269,-78.8389854431,-42.0769605637
25.5657067299,-78.6832485199,-42.1242961884
22.5297436714,-78.5599098206,-42.2860755920
28.5765647888,-78.6139640808,-45.0514125824
25.6642880440,-78.4563255310,-45.1674404144
22.7372426987,-78.3438625336,-45.4112892151
28.5266141891,-82.6335582733,-39.2181692123
25.4117498398,-82.5195407867,-39.2192363739
22.2908482552,-82.4067535400,-39.3085670471
28.4465522766,-82.3478260040,-42.2489681244
25.4311451912,-82.2150802612,-42.2978544235
22.4063744545,-82.0892066956,-42.4490814209
28.4470901489,-82.0964412689,-45.2107858658
25.5380249023,-81.9463539124,-45.3299388885
22.6146492958,-81.8262119293,-45.5748405457
75.0955238342,-127.1600475311,-1.9998931885
71.3076534271,-127.1762523651,-2.0107241869
67.5620174408,-127.0468025208,-2.0147957504
74.8307800293,-127.0559692383,-6.0166675448
71.0039005280,-126.9637241364,-6.0399983525
67.2361507416,-126.7801055908,-6.0477925539
74.5709915161,-126.8511466980,-10.0427668095
70.7194633484,-126.6935729980,-10.0667830706
66.9292697906,-126.4591827393,-10.0711187124
75.1975002289,-131.7808265686,-2.0451219678
71.3205928802,-131.6805000305,-2.0573905110
67.5060253143,-131.5248718262,-2.0643912554
74.9121437073,-131.3978042603,-6.1493405104
70.9856987000,-131.2446479797,-6.1820865870
67.1274833679,-131.0725288391,-6.2004815340
74.5951309204,-131.0722084045,-10.2541291714
70.6412563324,-130.8732833862,-10.3005599976
66.7528362274,-130.6641082764,-10.3248450756
75.1738758087,-136.5871505737,-2.0971303582
71.2588806152,-136.2061195374,-2.1070247889
67.3772583008,-136.1994209290,-2.1198484898
74.8589687347,-135.8839988708,-6.3180652857
70.8699035645,-135.4650955200,-6.3498352766
66.9096031189,-135.3840446472,-6.3806705475
74.4266796112,-135.5007057190,-10.5260796547
70.4306488037,-135.0423583984,-10.5840225220
66.4338054657,-134.9352264404,-10.6320102215
19.3594799042,-75.0698165894,-39.1921405792
16.1458609104,-75.0363311768,-39.4534149170
12.9060752392,-75.0702857971,-39.7587022781
19.5733118057,-74.8665580750,-42.3868494034
16.4614248276,-74.8491249084,-42.6843509674
13.3177828789,-74.8932895660,-43.0165252686
19.8920817375,-74.6937732697,-45.5759325027
16.9045946598,-74.6919384003,-45.9046134949
13.8870098591,-74.7486438751,-46.2475395203
19.2541875839,-78.7305316925,-39.3211736679
16.0665528774,-78.7100868225,-39.5551614761
12.8608052731,-78.7773799896,-39.8333892822
19.4660463333,-78.4909725189,-42.5223875046
16.3703424931,-78.4858741760,-42.8007822037
13.2593302727,-78.5469875336,-43.1077203751
19.7779140472,-78.3120613098,-45.7255640030
16.7991600037,-78.3309230804,-46.0462903976
13.8349902630,-78.3251342773,-46.3391599655
19.1509933472,-82.3128490448,-39.4574747086
15.9570810795,-82.2947654724,-39.6735429764
12.6054804325,-82.5840721130,-40.0932741165
19.3438715935,-82.0019302368,-42.6678142548
16.1915252209,-82.0039157867,-42.9509410858
12.7403051853,-82.4154872894,-43.5119848251
19.5869593620,-81.8620147705,-45.9509687424
16.4787275791,-81.9766769409,-46.3311882019
13.1344747543,-82.1739521027,-46.8138875961
41.1733856201,-114.3515529633,-1.7754566967
37.4688348770,-114.2838783264,-1.7430070043
33.9285836220,-114.1766757965,-1.7100840509
41.0404157639,-113.8570747375,-5.3409782052
37.4605388641,-113.6856288910,-5.2470774651
34.0616407394,-113.5351009369,-5.1505799890
40.8553524017,-113.3185234070,-8.9191862345
37.3330497742,-113.0824985504,-8.7616941929
33.9844007492,-112.8864727020,-8.5995708704
41.0706911087,-118.7553310394,-1.8293797076
37.3196592331,-118.4795799255,-1.8059265614
33.8100833893,-118.0555019379,-1.7951740623
40.8992967606,-118.0897521973,-5.5005064607
37.2851104736,-117.7248287201,-5.4258101583
33.9189763069,-117.2739543915,-5.3738490939
40.6476554871,-117.4395275116,-9.1637494564
37.1038236618,-117.0188999176,-9.0250953436
33.7962541580,-116.5394992828,-8.9054925442
40.8551015854,-123.4561290741,-1.8923427165
36.8795242310,-122.7752990723,-1.8624655008
32.6651883125,-122.0459022522,-1.8696317971
40.6272201538,-122.4062786102,-5.6945325732
36.7434110641,-121.7105979919,-5.6040142775
32.6457729340,-120.9733276367,-5.5823501945
40.2429990768,-121.6590995789,-9.4550759792
36.4489192963,-120.9253959656,-9.2924802303
32.4025259018,-120.2152996063,-9.1928063631
73.0401458740,-39.5869197845,-177.4370002747
72.9396286011,-39.7245016098,-173.4100227356
73.0036563873,-39.8113689423,-169.3059806824
68.7144336700,-39.6323375702,-177.6023979187
68.5991096497,-39.7699441910,-173.4551200867
68.7592773438,-39.8210525513,-169.2220993042
64.1860389709,-39.8591194153,-178.1740417480
64.1255426407,-39.8747806549,-173.5365982056
64.5002079010,-39.8180103302,-168.9688911438
73.1186103821,-43.7581872940,-177.6578521729
72.9646663666,-43.9179477692,-173.6323089600
73.0022602081,-44.0156812668,-169.5100364685
68.8202953339,-43.7812423706,-177.9330520630
68.6304588318,-43.9455213547,-173.7213554382
68.7471199036,-44.0171375275,-169.4324302673
64.4139289856,-43.9323587418,-178.7692489624
64.2422657013,-43.9353780746,-173.7658538818
64.5048904419,-43.9371042252,-169.0812797546
73.0676078796,-48.0405139923,-178.1413002014
72.9175720215,-48.1363973618,-173.9563217163
72.9436397552,-48.2331466675,-169.7714500427
68.6979923248,-48.0706911087,-178.7185783386
68.4890041351,-48.1598911285,-174.1509475708
68.5714073181,-48.2593994141,-169.7492485046
64.2352733612,-48.0265493393,-179.5348701477
63.8722610474,-48.0264415741,-174.1884307861
63.9493198395,-48.2470006943,-169.4286041260
31.3346099854,-65.3209991455,-28.4172153473
27.0050902367,-64.7090969086,-28.7857179642
23.1806230545,-64.3527269363,-29.0020861626
31.0925455093,-64.9993944168,-31.7381081581
27.0097079277,-64.4285192490,-31.9277558327
23.2551178932,-64.1197233200,-32.1512203217
30.7141351700,-64.6120710373,-34.9136219025
26.8523330688,-64.1778640747,-35.0905580521
23.2392358780,-63.9202117920,-35.3178005219
29.9303998947,-69.1737651825,-29.0957541466
26.3988709450,-68.6497688293,-29.0801596642
22.8447594643,-68.3223915100,-29.1797285080
29.8351616859,-68.8478431702,-32.1994338036
26.4051599503,-68.3653297424,-32.2106361389
22.9110708237,-68.0708675385,-32.3393974304
29.6197710037,-68.5172748566,-35.3412017822
26.3103899956,-68.1035556793,-35.3569688797
22.9202713966,-67.8472366333,-35.5058917999
29.4719781876,-72.7702789307,-29.3100719452
26.0512433052,-72.4182109833,-29.2642798424
22.5960793495,-72.1683254242,-29.3289179802
29.3466854095,-72.4999275208,-32.4568834305
26.0279054642,-72.1520481110,-32.4224033356
22.6465826035,-71.9107799530,-32.5044965744
29.1703681946,-72.2017650604,-35.5875062943
25.9571299553,-71.8893699646,-35.5688266754
22.6693668365,-71.6707248688,-35.6749019623
77.7424335480,-95.0231094360,-117.6261062622
77.7609558105,-95.1553573608,-113.6436328888
37.2182836533,-27.5993671417,-77.4933815002
37.6201457977,-27.4614596367,-73.4970054626
37.9842367172,-27.2189049721,-69.4041500092
32.8354234695,-27.4366517067,-77.3748931885
33.1499319077,-27.2679219246,-73.5444278717
33.4946608543,-27.0610823631,-69.9539470673
28.3806228638,-27.4065499306,-77.1223526001
28.6444272995,-27.2048606873,-73.1426696777
29.1251215935,-26.9860811234,-69.1017303467
37.2580289841,-31.7460126877,-77.7776374817
37.6250267029,-31.6316556931,-73.7285728455
37.9689235687,-31.4072732925,-69.5952701569
32.9356026649,-31.5875430107,-77.6746139526
33.2212958336,-31.4265279770,-73.8036842346
33.5537514687,-31.2299604416,-70.1772289276
28.5074319839,-31.5988717079,-77.4497089386
28.7463946342,-31.3781604767,-73.4336013794
29.2158002853,-31.1526064873,-69.3592510223
37.3326931000,-35.7887248993,-78.0613250732
37.6347980499,-35.6864967346,-73.9437046051
37.9520320892,-35.4833345413,-69.7324104309
33.0827283859,-35.6545991898,-77.9310913086
33.3112745285,-35.5057916641,-74.0130023956
33.6122426987,-35.3298482895,-70.3420104980
28.7127852440,-35.7074060440,-77.7059803009
28.8922009468,-35.4845857620,-73.6472263336
29.3244280815,-35.2742166519,-69.5469417572
48.3242864609,-14.8470399380,-140.0245208740
47.8707981110,-14.8736643791,-135.7390708923
47.6032056808,-14.8968718052,-131.4231758118
43.6272897720,-14.9076952934,-140.7248764038
43.3584632874,-14.9464004040,-136.0231285095
43.1095924377,-14.9519276619,-131.4634017944
38.7499818802,-14.9979324341,-141.1816978455
38.8302259445,-15.0821921825,-136.1570243835
38.4679327011,-15.0645997524,-131.4313278198
48.4080133438,-19.0055427551,-140.3551559448
47.9165792465,-19.0437726974,-136.0591278076
47.6153373718,-19.0774350166,-131.7301063538
43.7089328766,-19.1370992661,-141.1298599243
43.3856811523,-19.1859579086,-136.4120330811
43.1165266037,-19.1875758171,-131.8209228516
38.8875102997,-19.5245513916,-141.6323013306
38.8364257812,-19.5685648918,-136.6393051147
38.4781770706,-19.4555673599,-131.8418998718
48.5435562134,-23.0716204643,-140.6544265747
48.0274448395,-23.1282377243,-136.3248558044
47.6918840408,-23.1968402863,-131.9722251892
43.8559074402,-23.2470870018,-141.5283317566
43.5018806458,-23.3140048981,-136.7532310486
43.1958971024,-23.3463182449,-132.1077461243
38.7110548019,-24.3535790443,-142.3699035645
38.6818704605,-24.3177595139,-137.2727813721
38.3617200851,-23.9558825493,-132.3253974915
19.7923574448,-63.6215858459,-38.8036317825
16.4037415981,-63.5667057037,-39.1715774536
12.9850697517,-63.5785379410,-39.6132307053
19.9202771187,-63.4973478317,-42.0173635483
16.6500172615,-63.4632148743,-42.4039812088
13.3179521561,-63.5028047562,-42.8633012772
20.1465005875,-63.3882389069,-45.2415208817
17.0021851063,-63.3727407455,-45.6370878220
13.7804524899,-63.4400730133,-46.0796442032
19.6184754372,-67.5214481354,-38.9435997009
16.2884566784,-67.4722652435,-39.2824716568
12.9111623764,-67.5016288757,-39.6966152191
19.7806105614,-67.3737201691,-42.1498861313
16.5537443161,-67.3505134583,-42.5181531906
13.2519772053,-67.4183177948,-42.9638099670
20.0397262573,-67.2449588776,-45.3610658646
16.9276201725,-67.2476158142,-45.7501115799
13.7223620415,-67.3618144989,-46.1992845535
19.4732651711,-71.3354377747,-39.0713167191
16.2054505348,-71.2937049866,-39.3727025986
12.8915550709,-71.3299694061,-39.7394247055
19.6665349007,-71.1616744995,-42.2701816559
16.4967367649,-71.1440753937,-42.6075916290
13.2595777512,-71.2173652649,-43.0137424469
19.9594340324,-71.0104770660,-45.4680728912
16.9025866985,-71.0189476013,-45.8358459473
13.7585475445,-71.1512641907,-46.2684011459
30.9405245781,-51.6353445053,-37.7185363770
27.2061157227,-51.5623388290,-37.8258676529
23.6269106865,-51.5135517120,-38.0777673721
29.9772152901,-51.6416206360,-41.1097936630
26.7861814499,-51.5412158966,-41.0760345459
23.5032439232,-51.4686641693,-41.2932548523
29.7139773369,-51.6083688736,-44.2424850464
26.6216073036,-51.5016994476,-44.2631874084
23.5041847229,-51.4189338684,-44.5114030838
30.8715591431,-55.9691429138,-37.8235998154
27.1374378204,-55.7794208527,-37.9364891052
23.5646681786,-55.6582689285,-38.1944007874
29.9268503189,-55.9009428024,-41.1984062195
26.7329273224,-55.7114467621,-41.1834583282
23.4526472092,-55.5828256607,-41.4113006592
29.6798582077,-55.8200044632,-44.3287315369
26.5867094994,-55.6384344101,-44.3690547943
23.4708700180,-55.5100183487,-44.6289510727
30.6714148521,-60.1941022873,-37.9217700958
26.9459199905,-59.9310359955,-38.0781717300
23.4147729874,-59.7487554550,-38.3344802856
29.7890748978,-60.0898723602,-41.2968730927
26.5937995911,-59.8153171539,-41.3121061325
23.3333597183,-59.6387643814,-41.5451660156
29.5627837181,-59.9575738907,-44.4156808853
26.4797248840,-59.7056236267,-44.4837398529
23.3786950111,-59.5398836136,-44.7537822723
11.0064260960,-64.7230548859,-1.2561971786
10.5296161175,-64.7418422699,-3.7471235991
9.6876963377,-64.7606840134,-6.0733916759
14.7877519131,-65.0757532120,-4.0796417594
14.5438423157,-65.1512279510,-6.8583029509
11.0065114498,-68.9233283997,-1.2545863631
10.5240333080,-68.9315204620,-3.7429128289
9.6624482870,-68.9345607758,-6.0699900389
15.3068904877,-69.2850532532,-1.3425445259
14.7784123421,-69.3193759918,-4.0610656142
14.4630723000,-69.3372459412,-6.8382561207
11.0043413639,-73.1204433441,-1.2545930984
10.5166206360,-73.1114177704,-3.7423889637
9.6361907721,-73.0884704590,-6.0706541538
15.3518824577,-73.5686111450,-1.3426327705
14.8050417900,-73.5454902649,-4.0549134016
14.4126417637,-73.4690170288,-6.8311994076
44.9452648163,-108.3977527618,-43.5741949081
44.9042396545,-108.1736011505,-46.6401557922
44.8992986679,-107.8327007294,-50.0882101059
47.6400785446,-109.1690769196,-42.0983953476
48.3451719284,-109.0929794312,-45.5278816223
48.6660146713,-108.8443737030,-49.1852035522
50.5558137894,-110.1450996399,-39.9760351181
51.7006101608,-110.0622024536,-44.0462169647
52.3646049500,-109.8412780762,-47.9250717163
44.2477493286,-111.7328739166,-43.8368682861
44.2196111679,-111.5615520477,-46.9592561722
44.3268232346,-111.5663280487,-50.5127286911
47.0234470367,-112.6704273224,-42.4659061432
47.7317886353,-112.6203002930,-45.9293622971
48.0648088455,-112.5778732300,-49.6157140732
50.0000848770,-113.8645954132,-40.3404083252
51.1874427795,-113.7618694305,-44.4418973923
51.8587703705,-113.6335239410,-48.3590784073
43.4408874512,-115.0492992401,-44.2111415863
43.3285179138,-114.8824520111,-47.3371744156
43.2040157318,-115.3699016571,-50.9190664291
46.3520259857,-116.1333026886,-42.8432378769
47.0862674713,-116.0742759705,-46.2617797852
47.3176536560,-116.3798236847,-49.8980531693
49.3780908585,-117.7065982819,-40.6936464310
50.6949348450,-117.5323257446,-44.7409763336
51.3039274216,-117.5907993317,-48.6262197495
97.7043056488,-27.0643525124,-225.5047721863
97.7197132111,-27.1074442863,-221.7243728638
97.7652950287,-27.0995631218,-217.7853279114
93.0762348175,-27.1385645866,-225.0464935303
93.1140499115,-27.1336417198,-221.2515296936
93.2304115295,-27.1283154488,-217.3447570801
88.3553543091,-27.1452789307,-224.8305282593
88.3743858337,-27.0065765381,-220.8524780273
88.3297119141,-27.1711297035,-216.7676048279
97.7119159698,-31.1641125679,-225.4157981873
97.7181587219,-31.3527941704,-221.7076225281
97.7574577332,-31.3056712151,-217.7597236633
93.0836734772,-31.3534889221,-224.9402275085
93.1156215668,-31.5070052147,-221.2115058899
93.2065067291,-31.3944716454,-217.2748985291
88.4136543274,-31.4826593399,-224.6521720886
88.5134468079,-31.5673193932,-220.7912368774
88.3540878296,-31.4750413895,-216.6208724976
97.7066783905,-35.5707569122,-226.2649230957
97.7025489807,-35.9437952042,-221.7706489563
97.7470893860,-35.6842517853,-217.6474533081
92.9942150116,-35.7650690079,-226.1006469727
93.0312423706,-36.0523128510,-221.5221519470
93.1539878845,-35.6844282150,-217.2113037109
88.0875415802,-36.1436901093,-226.0768051147
88.2911872864,-36.2521638870,-221.2761802673
88.2186717987,-35.7875833511,-216.6156768799
83.3484344482,-131.4629745483,-1.9870442152
79.1852607727,-131.6564483643,-2.0186952651
83.0492610931,-131.1393547058,-5.9985242486
78.9198398590,-131.3255310059,-6.0811282992
82.7716522217,-130.8443794250,-10.0476272106
78.6277160645,-131.0313796997,-10.1609425545
87.3388214111,-136.1717224121,-1.9964557886
83.2852993011,-136.4978485107,-2.0104729533
79.1456089020,-136.6761703491,-2.0595090985
87.0310878754,-135.6265335083,-6.0281131864
82.9020118713,-135.9296646118,-6.0819864869
78.8119373322,-136.0420227051,-6.2154365778
86.7869796753,-135.2137908936,-10.0954797268
82.5778388977,-135.5289993286,-10.1889677048
78.4096412659,-135.6610336304,-10.3764448166
49.0049152374,-88.6041316986,-93.2945823669
48.9658775330,-88.4116115570,-89.0649108887
49.1034574509,-88.2070312500,-84.9698333740
43.9811534882,-88.2822933197,-93.8338909149
44.2940902710,-88.1263732910,-89.2830295563
44.6943922043,-87.9562587738,-84.9889297485
38.8079872131,-87.1870250702,-94.0982818604
39.3526258469,-87.0529022217,-89.4043083191
40.1987886429,-87.1732139587,-84.7995204926
48.8158311844,-92.5672988892,-92.8657512665
48.7560100555,-92.5126724243,-88.7566242218
48.8985881805,-92.2775726318,-84.6884288788
43.5043010712,-92.5091762543,-93.2817745209
43.8616342545,-92.3886032104,-88.9094009399
44.2811298370,-92.1116714478,-84.6743545532
38.3717460632,-92.1562442780,-93.5713119507
38.9535465240,-91.7781524658,-88.8944721222
39.7414970398,-91.4951763153,-84.3459854126
48.7358560562,-96.6403865814,-92.9218158722
48.6846342087,-96.7749061584,-88.3973445892
48.7848501205,-96.6444759369,-83.9014720917
43.2118854523,-97.0829944611,-93.3557853699
43.5264301300,-97.0073471069,-88.4925899506
43.8426952362,-96.7580585480,-83.8143100739
37.7435474396,-97.4163780212,-93.6076507568
38.3390798569,-96.7031822205,-88.4153976440
38.7931966782,-96.3873710632,-83.4242801666
-11.5097608566,-26.9248237610,-20.4743027687
-15.0520579815,-26.8644113541,-20.8501024246
-11.4527003765,-26.8751688004,-23.8498191833
-14.9434673786,-26.7956914902,-24.2409048080
-11.3183228970,-26.8165097237,-27.1286706924
-11.6294400692,-31.1379241943,-20.6042017937
-15.1781530380,-31.1119356155,-20.9659142494
-11.6021773815,-31.1077613831,-24.0184822083
-11.4908506870,-31.0714526176,-27.3364286423
-11.7186105251,-35.3560714722,-20.7031068802
-11.7174808979,-35.3528490067,-24.1543197632
-11.6293485165,-35.3494577408,-27.5132751465
10.0815056562,-52.1468191147,-9.1277437210
11.2255802155,-52.1147613525,-12.7306575775
11.8130838871,-52.0437231064,-16.1396651268
14.6264951229,-52.2503089905,-9.6866886616
15.1351954937,-52.1863327026,-12.7868521214
15.6051366329,-52.0869512558,-15.9752228260
10.1155060530,-56.3621835709,-9.1545662880
11.2647521496,-56.3317060471,-12.7713203430
11.8399889469,-56.2431926727,-16.1890106201
14.7174870968,-56.5547304153,-9.7427017689
15.2354524136,-56.4843683243,-12.8478078842
15.6850566864,-56.3536787033,-16.0371549129
19.9290766716,-56.4773187637,-15.7344622612
10.1256618500,-60.5808515549,-9.1751104593
11.2531802654,-60.5453786850,-12.8084177971
11.7985134125,-60.4315910339,-16.2410800457
14.7859818935,-60.8957805634,-9.7828590870
15.2643795013,-60.8070240021,-12.8990023136
15.6500263214,-60.6206045151,-16.0994250774
19.9992384911,-60.8949594498,-15.7948927879
85.6700878143,-2.0561004877,-213.2243957520
85.5105113983,-2.0342647433,-209.4196014404
85.3974552155,-2.0344277620,-205.4935989380
81.7655296326,-2.0451478362,-213.1991195679
81.3117008209,-2.0186139941,-209.4178009033
80.9994812012,-2.0191931129,-205.4231224060
77.7629489899,-2.0516872406,-214.3317680359
77.0528392792,-2.0083365738,-209.7333717346
76.3527317047,-2.0104483068,-205.4376716614
85.7072563171,-6.1711900234,-212.9472694397
85.5675201416,-6.1054546833,-209.2268829346
85.4010105133,-6.1087546349,-205.3660049438
81.7502593994,-6.1544796228,-212.9531555176
81.4074859619,-6.0642690659,-209.2362823486
81.0901317596,-6.0718823671,-205.3158493042
77.7576713562,-6.2426526546,-214.2281761169
77.2970275879,-6.0554944873,-209.6311492920
76.6914958954,-6.0663999915,-205.3759689331
85.7463417053,-10.2476623058,-212.7773551941
85.6506862640,-10.1516377926,-209.0837745667
85.4606895447,-10.1785902977,-205.2761726379
81.7764205933,-10.2294576168,-212.7387313843
81.5167427063,-10.0628573895,-209.0801010132
81.1750030518,-10.1121323109,-205.2532653809
77.4795742035,-10.5670750141,-214.0799102783
77.3489761353,-10.0198898315,-209.5318489075
76.7452049255,-10.0864253044,-205.4249420166
21.1423621178,-1.9571497738,-53.4737443924
18.1569299698,-1.9703693092,-53.7920513153
15.1373848915,-1.9770360589,-53.8454866409
22.1915268898,-1.9272755384,-56.6551198959
18.7179255486,-1.9430670738,-56.9892501831
15.3131523132,-1.9505247474,-56.9385061264
23.4872360229,-1.9425807893,-60.2988109589
19.1846599579,-1.9366745949,-60.4591293335
15.2711970806,-1.9304899573,-60.2044734955
21.1847696304,-5.9334813356,-54.4714965820
18.2018308640,-5.9569905996,-54.7412118912
15.1818306446,-5.9665481448,-54.7748680115
22.2802815437,-5.8684625030,-57.7659816742
18.8014125824,-5.8947755694,-58.0543889999
15.3948147297,-5.9036972523,-57.9804248810
23.5642957687,-5.9090786576,-61.4100084305
19.2932796478,-5.8849598169,-61.5885667801
15.4139041901,-5.8608404994,-61.3361015320
21.2892255783,-9.9991790056,-55.2600584030
18.2595438957,-10.0145488977,-55.5366706848
15.1926460266,-10.0138336420,-55.5846395493
22.4014644623,-9.9340250492,-58.6297569275
18.8763761520,-9.9476534128,-58.9314908981
15.4244303703,-9.9415365458,-58.8764667511
23.6804199219,-9.9932731390,-62.2923221588
19.3726696968,-9.9481208324,-62.5122690201
15.4583542347,-9.9003447294,-62.3033447266
35.9977531433,-51.6512393951,-57.9656362534
33.1908001900,-51.5496158600,-56.5258750916
30.9538125992,-51.4851264954,-54.8536195755
33.2254929543,-51.5361976624,-60.8684597015
30.5554752350,-51.4416141510,-58.7550611496
28.5099415779,-51.3949575424,-56.2928895950
29.6309804916,-51.4315862656,-63.7399549484
27.3647298813,-51.3322324753,-60.5940179825
25.6785173416,-51.2960205078,-57.4654016495
36.1236753464,-55.9823150635,-58.0716438293
33.2743659019,-55.7673931122,-56.6117382050
31.0022449493,-55.6392631531,-54.9430618286
33.3954229355,-55.6970558167,-60.9832582474
30.6577863693,-55.5644273758,-58.8590459824
28.5698871613,-55.4896373749,-56.3954839706
29.8111510277,-55.4842195511,-63.8762845993
27.4647245407,-55.3867511749,-60.7131118774
25.7369055748,-55.3461599350,-57.5797767639
36.2943391800,-60.4203147888,-58.0026664734
33.2653598785,-59.9386310577,-56.6475372314
30.9573969841,-59.7203207016,-55.0102977753
33.4765329361,-59.8186979294,-61.0626783371
30.6765999794,-59.6224069595,-58.9378700256
28.5568251610,-59.5118379593,-56.4802160263
29.9097738266,-59.4849176407,-63.9924869537
27.4955906868,-59.3794155121,-60.8139362335
25.7359652519,-59.3312625885,-57.6799983978
15.4761474133,-14.5404825211,-18.7744898796
12.0152676105,-14.5681025982,-18.8573498726
15.4283807278,-14.5579001904,-21.9404048920
12.1284754276,-14.5706596375,-22.0275602341
18.7366704941,-14.5436506271,-25.0684599876
15.4960606098,-14.5626301765,-25.0732517242
12.2358400822,-14.5669271946,-25.1731300354
15.4695754051,-18.7405495644,-18.7870283127
11.9832077026,-18.7424397469,-18.9254460335
15.4571461678,-18.7434096336,-21.9828581810
12.1132655144,-18.7361493111,-22.1269927025
18.8571095467,-18.7416205406,-25.0744576454
15.5521581173,-18.7321352959,-25.1481647491
12.2352454662,-18.7219910622,-25.3059368134
15.4504230022,-22.9321527481,-18.8220953941
11.9490082264,-22.9113583565,-19.0035657883
18.8108425140,-22.9691548347,-21.9554243088
15.4758701324,-22.9208579063,-22.0473704338
12.0977678299,-22.8962903023,-22.2342677116
18.9585947990,-22.9318189621,-25.1141653061
15.5995173454,-22.8941221237,-25.2416553497
12.2363972664,-22.8718862534,-25.4428300858
35.3171930313,-38.9854812622,-57.6398992538
32.6933641434,-38.9280185699,-56.1927843094
30.5569438934,-38.9196395874,-54.5111322403
32.5011024475,-39.0596609116,-60.4907932281
30.0469546318,-38.9649019241,-58.3759975433
28.1137394905,-38.9387378693,-55.9147520065
28.9327659607,-39.1189317703,-63.3065166473
26.8824028969,-38.9848995209,-60.1817417145
25.3005471230,-38.9437370300,-57.0612096786
35.4067544937,-43.1799430847,-57.7546434402
32.8234114647,-43.1273002625,-56.3049278259
30.6878056526,-43.1122484207,-54.6325311661
32.6539449692,-43.2182340622,-60.6058797836
30.1929674149,-43.1321144104,-58.5020570755
28.2487502098,-43.1049165726,-56.0488452911
29.1123914719,-43.2439861298,-63.4395742416
27.0320973396,-43.1221370697,-60.3218860626
25.4338445663,-43.0828294754,-57.2066154480
35.7204246521,-47.4059114456,-57.8453769684
33.0177741051,-47.3365583420,-56.4163942337
30.8339676857,-47.3039789200,-54.7473325729
32.9430503845,-47.3819799423,-60.7340965271
30.3819527626,-47.2945413589,-58.6310911179
28.3912572861,-47.2611742020,-56.1754989624
29.3729100227,-47.3523769379,-63.5876140594
27.2060852051,-47.2410717010,-60.4607334137
25.5680699348,-47.2038450241,-57.3406686783
34.1531944275,-13.9787483215,-56.3638954163
31.4205222130,-13.9637780190,-54.7866268158
29.2750663757,-14.0409655571,-53.0504293442
31.5312671661,-14.0973806381,-58.9662208557
28.9485659599,-14.0066401958,-56.7703351974
26.9793963432,-14.0660552979,-54.2958288193
28.1105089188,-14.1623258591,-61.5212678909
25.9614634514,-14.0397124290,-58.3639440536
24.3406600952,-14.0887250900,-55.2672748566
34.4303483963,-18.1205127239,-56.8516006470
31.7128257751,-18.0837147236,-55.2445974350
29.5584449768,-18.1407642365,-53.4884748459
31.7749094963,-18.2507100105,-59.4498758316
29.1938638687,-18.1477074623,-57.2510280609
27.2203068733,-18.1838726997,-54.7551097870
28.2909998894,-18.3263411522,-62.0419759750
26.1496152878,-18.1901125908,-58.8801679611
24.5289397240,-18.2149481773,-55.7560491562
34.7564554214,-22.2795529366,-57.1173162460
32.0031666756,-22.2179503441,-55.5522203445
29.8341255188,-22.2516593933,-53.8012800217
32.0050921440,-22.4185423851,-59.7963809967
29.4262676239,-22.3008999825,-57.6078672409
27.4519100189,-22.3115644455,-55.1041278839
28.4564738274,-22.5021338463,-62.4444274902
26.3280763626,-22.3516492844,-59.2818822861
24.7127876282,-22.3508543968,-56.1424102783
89.4284229279,-117.5224514008,-105.7318477631
89.3558044434,-121.7837028503,-105.6682548523
89.3844394684,-121.7258014679,-101.6884288788
89.4309272766,-121.6993503571,-97.7184257507
22.0309171677,-76.8670158386,-19.8784341812
22.2397561073,-76.5117607117,-23.0621023178
22.3700881004,-76.2086696625,-26.2626900673
25.6435594559,-76.9390945435,-19.7660160065
25.8222780228,-76.5844535828,-22.9574017525
25.8884582520,-76.3299236298,-26.1858620644
29.7576003075,-76.5430412292,-19.1221270561
29.6303420067,-76.3573246002,-22.6597347260
29.5136747360,-76.3504848480,-26.0652847290
22.0047125816,-80.6016349792,-20.0103225708
22.1805677414,-80.2572364807,-23.2004852295
22.2795400620,-79.9492473602,-26.4037423134
25.5729875565,-80.6382751465,-20.0176992416
25.7334380150,-80.3049926758,-23.1809821129
25.7728948593,-80.0282115936,-26.3782196045
29.2469873428,-80.5945835114,-20.0157971382
29.3552675247,-80.2944393158,-23.1715049744
29.3066773415,-80.0919494629,-26.3953900337
22.0216851234,-84.3464622498,-20.1160683632
22.1483349800,-83.9982471466,-23.3298025131
22.2132525444,-83.6770801544,-26.5496497154
25.5930075645,-84.3503360748,-20.1604547501
25.6814427376,-84.0278816223,-23.3586349487
25.6842975616,-83.7279529572,-26.5644955635
29.2174220085,-84.3302497864,-20.2298521996
29.2593574524,-84.0511188507,-23.4303255081
29.1909928322,-83.7805728912,-26.6367082596
20.4956674576,-63.2905950546,-48.4910154343
17.4710097313,-63.2872886658,-48.8919754028
14.3728523254,-63.3753156662,-49.2798843384
20.9837918282,-63.2041654587,-51.7967815399
18.0319919586,-63.2007646561,-52.2107172012
15.0302124023,-63.2890834808,-52.5159883499
21.6430449486,-63.1365442276,-55.1850090027
18.6213951111,-63.1202001572,-55.6419591904
15.5892698765,-63.1838369370,-55.8751726151
20.4217529297,-67.1302471161,-48.5918207169
17.4256274700,-67.1522216797,-48.9937334061
14.3351521492,-67.3065223694,-49.4037170410
20.9446449280,-67.0279331207,-51.8728075027
18.0267395973,-67.0558700562,-52.2877693176
15.0365550518,-67.2276039124,-52.6143999100
21.6389198303,-66.9454765320,-55.2336921692
18.6669650078,-66.9671020508,-55.6867685318
15.6733603477,-67.1379756927,-55.9212493896
20.3788475990,-70.8748474121,-48.6773490906
17.4433846474,-70.9024791718,-49.0663423538
14.4180018902,-71.0897598267,-49.4831790924
20.9414529800,-70.7500324249,-51.9263973236
18.0946049690,-70.7816829681,-52.3325014114
15.1771194935,-70.9933280945,-52.6786041260
21.6737699509,-70.6421909332,-55.2454319000
18.7882733345,-70.6659374237,-55.6888742447
15.8719751835,-70.8906803131,-55.9474573135
60.7594804764,-40.1890687943,-140.6253662109
60.7327499390,-40.0841617584,-136.5753974915
60.7573642731,-39.8807516098,-132.4732513428
56.2050752640,-40.2370080948,-140.6455650330
56.1291131973,-40.1728324890,-136.6228942871
56.2493219376,-40.0289392471,-132.4806976318
51.2818126678,-40.2643718719,-140.8250236511
51.1696958542,-40.2966232300,-136.8640480042
51.6148614883,-40.1800384521,-132.5438461304
60.6543741226,-44.5231466293,-140.8016967773
60.6747989655,-44.4154396057,-136.6955451965
60.7731113434,-44.2272024155,-132.5639495850
56.1030950546,-44.6219730377,-140.8389739990
56.0866680145,-44.5178632736,-136.7246437073
56.2829084396,-44.3394737244,-132.5373001099
51.3539066315,-44.7925891876,-140.9440231323
51.2908964157,-44.6754283905,-136.8093452454
51.7206830978,-44.4498186111,-132.4480972290
60.5655412674,-48.8714151382,-141.0346069336
60.6175680161,-48.7780179977,-136.8634262085
60.7568979263,-48.6261138916,-132.7014465332
56.0364551544,-48.9868001938,-141.1081809998
56.0738849640,-48.8638629913,-136.8704185486
56.3197479248,-48.6763877869,-132.6190185547
51.3166828156,-49.2257709503,-141.2523765564
51.3525438309,-49.0440578461,-136.8942527771
51.8438844681,-48.7436399460,-132.4322738647
10.9583239555,-77.2913875580,-1.2576785925
10.4760060310,-77.2675609589,-3.7506248951
9.5895961523,-77.2222137451,-6.0839214325
15.2088849545,-77.7558250427,-1.3534587026
14.6793169975,-77.6861877441,-4.0834253430
14.2613542080,-77.5445213318,-6.8793236017
18.5294542313,-77.9792728424,-6.9912068844
10.8774864674,-81.4268131256,-1.2632571104
10.4115157127,-81.3952503204,-3.7659025192
9.5341171026,-81.3379917145,-6.1069185734
14.9108653069,-81.8088951111,-1.3722765148
14.4403357506,-81.7213783264,-4.1387805939
14.0616021156,-81.5616607666,-6.9668636322
18.8159918785,-82.2703456879,-1.4101901054
18.2783102989,-82.1509189606,-4.2823678255
17.9657075405,-81.8901176453,-7.2398319244
10.8164641857,-85.5440120697,-1.2691589238
10.3695876598,-85.5090789795,-3.7808327079
9.5051745176,-85.4451045990,-6.1276625395
14.7243950367,-85.8123359680,-1.3909720778
14.3178427219,-85.7173748016,-4.1864580512
13.9819395542,-85.5502929688,-7.0315908194
18.5290269852,-86.0998229980,-1.4456900656
18.1166954041,-85.9699020386,-4.3683953881
17.8769478798,-85.7283515930,-7.3482185602
41.5256881714,-27.9347529411,-77.5891551971
41.9987306595,-27.8700056076,-73.3925514221
41.4613304138,-32.1251096725,-77.8433818817
41.8955774307,-32.1293120384,-73.5604705811
45.5868701935,-36.9314661026,-78.3902359009
41.5626535416,-36.2564029694,-78.1383686066
41.9594440460,-36.4008140564,-73.7363624573
79.0323715210,-124.5625514984,-45.9136018753
78.9062080383,-124.3281250000,-41.7704925537
78.6088256836,-124.3617706299,-37.7243623734
86.3192653656,-129.3190975189,-46.1531190872
86.3706874847,-129.0714244843,-42.0811862946
86.3811454773,-129.0030727386,-38.0391292572
82.3866920471,-129.0967216492,-46.0611400604
82.4149188995,-128.9168987274,-41.9774198532
82.3748321533,-128.8999671936,-37.9335794449
78.6594314575,-128.6873569489,-45.9853630066
78.6233730316,-128.6691017151,-41.8892288208
78.4702682495,-128.7594928741,-37.7543592453
86.0776557922,-133.6916275024,-46.1310825348
86.1661128998,-133.5790710449,-42.1107892990
86.2448310852,-133.5665969849,-38.1058330536
81.6364421844,-133.5570716858,-46.0998582840
81.7539062500,-133.5080947876,-42.0771322250
81.8559246063,-133.5736351013,-38.0708532333
76.9309444427,-132.7895278931,-46.1123991013
77.0583248138,-132.8785972595,-42.1003217697
77.1384963989,-133.2789726257,-38.0261392593
18.8373913765,-2.0887420177,-36.5577926636
16.0066990852,-2.0890491009,-36.5205574036
13.1551699638,-2.0858859420,-36.5637569427
18.9840102196,-2.0895033479,-39.3699169159
16.2388849258,-2.0868375897,-39.3719463348
13.4566147327,-2.0828300714,-39.4351339340
19.1686048508,-2.0834391117,-42.1508531570
16.5006394386,-2.0796949863,-42.2022581100
13.7848203182,-2.0762996674,-42.2833681107
18.9615645409,-6.2527837753,-36.6698064804
15.9989640713,-6.2515418530,-36.7284889221
13.0212199688,-6.2429525852,-36.8482246399
19.0567078590,-6.2523449659,-39.5496683121
16.1995923519,-6.2436531782,-39.6393394470
13.3024725914,-6.2324883938,-39.7787542343
19.2069048882,-6.2343064547,-42.4374246597
16.4469475746,-6.2232871056,-42.5577535629
13.6324477196,-6.2130479813,-42.7037801743
19.0967898369,-10.3903627396,-36.8180961609
16.0312170982,-10.3876874447,-36.9573049545
12.9549224377,-10.3762540817,-37.1443271637
19.1690826416,-10.3831553459,-39.7738370895
16.2144548893,-10.3714997768,-39.9323978424
13.2232973576,-10.3564367294,-40.1332521439
19.3049073219,-10.3539850712,-42.7538785934
16.4538857937,-10.3398180008,-42.9297952652
13.5512325764,-10.3250277042,-43.1291484833
19.5464491844,-39.2652893066,-28.6219897270
16.0103430748,-39.3049716949,-28.8848280907
12.5057668686,-39.3246192932,-29.1989679337
19.7818851471,-39.2097434998,-31.7662801743
16.2224371433,-39.2465867996,-32.0732526779
12.7053442001,-39.2662944794,-32.4287171364
19.9284019470,-39.1568813324,-34.9111938477
16.4075675011,-39.1890258789,-35.2470331192
12.9202151299,-39.2066421509,-35.6361560822
19.6424183846,-43.3658866882,-28.7109413147
16.0785226822,-43.4176044464,-28.9814395905
12.5498495102,-43.4414224625,-29.3058929443
19.8675327301,-43.3177375793,-31.8656716347
16.2844297886,-43.3581027985,-32.1831173897
12.7477047443,-43.3786478043,-32.5505957603
20.0060982704,-43.2728309631,-35.0220098495
16.4672605991,-43.3006172180,-35.3694725037
12.9651978016,-43.3158340454,-35.7712335587
19.7437500954,-47.5021696091,-28.7852454185
16.1405751705,-47.5459232330,-29.0663905144
12.5858697891,-47.5619668961,-29.3997755051
19.9430546761,-47.4503774643,-31.9508819580
16.3316788673,-47.4790992737,-32.2807259560
12.7769372463,-47.4913244247,-32.6584959030
20.0630660057,-47.4025545120,-35.1189603806
16.5061349869,-47.4160442352,-35.4790744781
12.9928150177,-47.4226093292,-35.8918170929
97.9169750214,-2.0823913813,-213.9422225952
93.7583770752,-2.0788884759,-213.8094749451
93.7767410278,-2.0675295591,-209.7948493958
93.7638282776,-2.0653327107,-205.7927017212
89.6387863159,-2.0705364943,-213.6173477173
89.6417083740,-2.0524625778,-209.6204261780
89.5980739594,-2.0510638952,-205.6417312622
97.8995876312,-6.2449446917,-213.9223022461
93.7171688080,-6.2313145399,-213.7343215942
93.7819099426,-6.2011005878,-209.7195434570
93.7726287842,-6.1964105368,-205.7288780212
89.6191768646,-6.2078189850,-213.4350814819
89.6681671143,-6.1571357250,-209.4787445068
89.6092300415,-6.1547087431,-205.5354843140
97.8958110809,-10.4037647247,-213.9027252197
93.7140979767,-10.3718521595,-213.6698226929
93.8032341003,-10.3300974369,-209.6588172913
93.7952194214,-10.3279192448,-205.6804771423
89.6326866150,-10.3220021725,-213.3143959045
89.7162570953,-10.2505953312,-209.3721923828
89.6495628357,-10.2573854923,-205.4579277039
-10.1531256437,-27.0447125435,-9.5264434814
-14.8262374401,-27.0099873543,-10.5574171543
-19.1621747017,-26.9662246704,-11.2022747993
-11.0993549824,-27.0070571899,-13.3993546963
-14.9378795624,-26.9706068039,-13.9536221027
-18.7648124695,-26.9165992737,-14.5176646709
-11.4276928902,-26.9681992531,-17.0024473667
-15.0487422943,-26.9219040871,-17.4213225842
-10.1768682003,-31.2202591896,-9.5549830198
-14.8492023945,-31.1980104446,-10.5869519711
-19.1343345642,-31.1755094528,-11.2091073990
-11.1549749374,-31.1920866966,-13.4609346390
-14.9943201542,-31.1732048988,-14.0067067146
-18.7875232697,-31.1484026909,-14.5446372032
-11.5152447224,-31.1653966904,-17.0964915752
-15.1396453381,-31.1445202827,-17.5024921894
-10.1935365200,-35.3951835632,-9.5727438927
-14.8819065094,-35.3862562180,-10.6027021408
-19.2261648178,-35.3867559433,-11.2178649902
-11.1931920052,-35.3764047623,-13.5027570724
-15.0502822399,-35.3775825500,-14.0395669937
-18.8962078094,-35.3855543137,-14.5672662258
-11.5777921677,-35.3634920120,-17.1643519402
-15.2267475128,-35.3731327057,-17.5583500862
52.3177900314,-27.6267266273,-102.4503402710
52.6925754547,-27.8497776985,-98.1225337982
52.4870567322,-31.6745572090,-102.8715000153
52.7804546356,-31.8719825745,-98.7521286011
52.7797126770,-35.7358436584,-103.2310256958
53.0401039124,-35.8966045380,-99.1889076233
40.8337049484,-75.6600914001,-40.0074939728
40.3186178207,-75.6928253174,-43.0442619324
40.0527076721,-75.5289249420,-45.9841213226
43.1110639572,-75.4684925079,-46.3033676147
40.7766160965,-79.4331607819,-40.1900901794
40.3517408371,-79.2845039368,-43.1664714813
40.0771532059,-79.1108760834,-46.1110763550
43.2680463791,-79.3613300323,-43.5772066116
43.0478706360,-79.1782035828,-46.4391593933
40.6285104752,-83.0589389801,-40.3918447495
40.2337150574,-82.8458576202,-43.3430366516
39.9567337036,-82.6559085846,-46.2736358643
43.4339408875,-83.1959590912,-40.9145984650
43.1186580658,-82.9881420135,-43.7626724243
42.8903350830,-82.7976951599,-46.6161947250
46.0695743561,-83.1905040741,-44.0582189560
45.9281873703,-83.0017471313,-46.8515882492
85.6205177307,-64.5095806122,-190.1813430786
85.8414497375,-64.5439939499,-186.1582221985
85.9194850922,-64.5783309937,-182.1551971436
81.4544429779,-64.4966363907,-190.1250000000
81.9519691467,-64.5348978043,-186.1109771729
82.0418109894,-64.5766124725,-182.1388473511
77.1108245850,-64.4746322632,-189.7227783203
78.3227539062,-64.4984083176,-185.8684043884
78.3189086914,-64.5468149185,-182.0812988281
85.6478652954,-68.6777629852,-190.2270202637
85.8432617188,-68.7321853638,-186.2329978943
85.9269084930,-68.7645339966,-182.2532272339
81.4739551544,-68.6667232513,-190.1857261658
81.9268016815,-68.7517471313,-186.2102203369
82.0311794281,-68.7959423065,-182.2632751465
77.1484642029,-68.5910091400,-189.7702026367
78.2781829834,-68.7226238251,-185.9677505493
78.2955894470,-68.7866249084,-182.1901435852
85.6624393463,-72.8470134735,-190.2839813232
85.8036441803,-72.9293003082,-186.3262290955
85.8905925751,-72.9588794708,-182.3704757690
81.4174098969,-72.8738079071,-190.3064270020
81.7588710785,-73.0303573608,-186.3786201477
81.8827762604,-73.0867500305,-182.4566879272
76.8642730713,-72.8367614746,-190.0139694214
77.7686042786,-73.2033405304,-186.2592887878
77.8096733093,-73.4082508087,-182.4726676941
93.6866188049,-101.5751724243,-154.0755577087
89.4264354706,-101.2213439941,-154.1621017456
89.3975868225,-101.1479930878,-150.1270065308
89.4367179871,-101.0864505768,-146.0829200745
93.7030944824,-105.7088203430,-154.0311508179
93.6478748322,-105.6664695740,-150.0286560059
89.4645557404,-105.3440456390,-154.1445541382
89.3871078491,-105.2890491486,-150.1089134216
89.3944396973,-105.2679004669,-146.0593566895
97.9097728729,-110.1986522675,-153.9310188293
93.7129688263,-109.7768974304,-153.8998680115
93.6154117584,-109.7810516357,-149.9671058655
93.5825252533,-109.8299274445,-146.0000572205
89.4810886383,-109.3763217926,-154.0783004761
89.3512516022,-109.3716316223,-150.0921325684
89.3329334259,-109.4203796387,-146.0625076294
60.3443107605,-2.1004812717,-151.3973007202
60.4378776550,-2.1020320654,-147.3609237671
60.4838027954,-2.1139109731,-143.3041992188
56.0437946320,-2.0884627700,-150.8080787659
56.3685312271,-2.0902820826,-146.8611221313
56.4235754013,-2.1081130505,-142.9117202759
51.5225248337,-2.0624184608,-149.7961044312
52.5966758728,-2.0745969415,-146.1793022156
52.6325445175,-2.1074224114,-142.5727233887
60.4908485413,-6.3062608242,-151.3984947205
60.6924381256,-6.3131866455,-147.3955993652
60.7843208313,-6.3446507454,-143.3622741699
56.2516393661,-6.2832533121,-150.9681510925
56.6944637299,-6.2902493477,-147.0085029602
56.7811660767,-6.3338912725,-143.0311012268
51.8204584122,-6.2439334393,-150.2280769348
52.9818830490,-6.2646499872,-146.4797782898
52.9864263535,-6.3380104303,-142.7088050842
60.6211128235,-10.5151276588,-151.5162734985
60.8681945801,-10.5279021263,-147.5202751160
60.9787893295,-10.5700020790,-143.4995803833
56.3864259720,-10.4910278320,-151.1872825623
56.8767385483,-10.5039525032,-147.2111053467
56.9689779282,-10.5586805344,-143.2255020142
51.9259815216,-10.4596498013,-150.6170806885
53.1453905106,-10.4831025600,-146.7837524414
53.1393604279,-10.5674653053,-142.9683265686
85.4942131042,-39.4976730347,-189.8023300171
85.5611534119,-39.5113420486,-185.7143592834
81.3892211914,-39.4551877975,-189.7007293701
81.4956207275,-39.4598417282,-185.5910301208
81.4841709137,-39.5146856308,-181.5364303589
77.4019031525,-39.3772535324,-189.4091949463
77.4971694946,-39.3681058884,-185.3857994080
77.4011173248,-39.4569988251,-181.4128761292
85.5213394165,-43.6568441391,-189.8516273499
85.6102828979,-43.6684455872,-185.7764854431
85.6304187775,-43.7099828720,-181.7217521667
81.4247760773,-43.6049041748,-189.7409553528
81.5772819519,-43.6018762589,-185.6555328369
81.5693111420,-43.6657466888,-181.6234741211
77.4663143158,-43.4912729263,-189.4040603638
77.6434383392,-43.4626960754,-185.4315567017
77.5335350037,-43.5831642151,-181.5088996887
85.5181789398,-47.8297147751,-189.9254989624
85.6496067047,-47.8369617462,-185.8566932678
85.6837253571,-47.8784275055,-181.8099975586
81.3715343475,-47.8030710220,-189.8356018066
81.6395092010,-47.7726936340,-185.7557029724
81.6547298431,-47.8353919983,-181.7337532043
77.2126865387,-47.8185434341,-189.5265541077
77.7618541718,-47.6189212799,-185.5332298279
77.6663112640,-47.7494421005,-181.6528587341
19.0114107132,-75.8053989410,-29.5664649010
15.5917174816,-75.7215518951,-29.7138299942
12.1712470055,-75.6911907196,-29.9053025246
19.1114554405,-75.5448303223,-32.7820563316
15.7455899715,-75.4755458832,-32.9663081169
12.3689849377,-75.4658107758,-33.1956124306
19.2173547745,-75.2981433868,-35.9904356003
15.9206585884,-75.2460994720,-36.2128124237
12.6053254604,-75.2591075897,-36.4808158875
18.9244923592,-79.5717601776,-29.6835861206
15.5358722210,-79.5109977722,-29.7995896339
12.1482448578,-79.4948196411,-29.9552407265
19.0141692162,-79.2840328217,-32.9041948318
15.6843421459,-79.2298011780,-33.0544142723
12.3465774059,-79.2288970947,-33.2444114685
19.1148695946,-79.0007686615,-36.1160078049
15.8534204960,-78.9601173401,-36.3049392700
12.5793726444,-78.9866924286,-36.5342121124
18.8591346741,-83.3110542297,-29.8121747971
15.4983246326,-83.2610378265,-29.8963274956
12.1415724754,-83.2425193787,-30.0159258842
18.9344072342,-82.9917488098,-33.0392246246
15.6352999210,-82.9361858368,-33.1537623405
12.3300297260,-82.9216976166,-33.3060412407
19.0240154266,-82.6548538208,-36.2520875931
15.7883133888,-82.6058845520,-36.4057426453
12.5302424431,-82.6386222839,-36.6180715561
85.8157558441,-125.4435234070,-70.1747970581
85.8979701996,-125.4039726257,-66.2328681946
85.9966316223,-125.4215526581,-62.2794380188
81.6707134247,-124.9961719513,-70.2907962799
81.7847156525,-124.9853496552,-66.3621940613
81.8782920837,-125.0321788788,-62.3832826614
77.4273090363,-124.3731250763,-70.5611705780
77.6845226288,-124.4155006409,-66.6514778137
77.6685142517,-124.5772991180,-62.6333341599
85.6696262360,-129.8090724945,-70.1294384003
85.7442398071,-129.7655735016,-66.1943435669
85.8158664703,-129.7415714264,-62.2401447296
81.4293632507,-129.5502033234,-70.2709121704
81.5614814758,-129.5150833130,-66.3520088196
81.6155700684,-129.4517021179,-62.3690814972
77.1810340881,-129.1804065704,-70.4787693024
77.5056533813,-129.1448307037,-66.6197319031
77.4187889099,-128.9625263214,-62.6500244141
85.6451683044,-134.1401176453,-70.0212669373
85.6760673523,-134.1138191223,-66.1113967896
85.7072277069,-134.0668449402,-62.1664066315
81.1573333740,-134.2109222412,-70.2693061829
81.2443809509,-134.1393775940,-66.2989406586
81.1856098175,-133.9796218872,-62.2622394562
76.6091136932,-134.0864334106,-70.4481029510
76.9215469360,-133.9363784790,-66.4712715149
76.5014991760,-133.4292984009,-62.3299503326
35.7176408768,-2.1353327632,-99.6495361328
35.7865571976,-2.1336916089,-95.4911193848
35.8852491379,-2.1325958371,-91.3434848785
31.5005793571,-2.1193136573,-99.2140159607
31.5759038925,-2.1146622896,-95.0194492340
31.7199296951,-2.1140971184,-90.8378181458
26.8575873375,-2.0904999971,-98.8629379272
26.9800763130,-2.0758306384,-94.4757595062
27.3393168449,-2.0844148397,-90.2035331726
35.6470041275,-6.4027478695,-100.0471363068
35.7039022446,-6.3989224434,-95.9007244110
35.8155727386,-6.3992820978,-91.7649936676
31.3281068802,-6.3711016178,-99.7479705811
31.3973445892,-6.3551707268,-95.5319461823
31.6051836014,-6.3534418344,-91.3274307251
26.8233971596,-6.3282284737,-99.5074310303
26.9178214073,-6.2778791189,-95.1271972656
27.3138599396,-6.2887800932,-90.7561111450
35.5992078781,-10.6610743999,-100.4489555359
35.6649665833,-10.6593575478,-96.3103027344
35.7989187241,-10.6670699120,-92.1801757812
31.2311625481,-10.6282398701,-100.2622661591
31.3183135986,-10.6070468426,-96.0420894623
31.5625500679,-10.6078996658,-91.8260955811
26.6721582413,-10.5878105164,-100.1927566528
26.8261404037,-10.5242722034,-95.7759571075
27.2729301453,-10.5360648632,-91.3555774689
81.1425418854,-2.0923020840,-177.1270751953
81.1410865784,-2.0952067375,-173.0811195374
81.1518936157,-2.0963349938,-169.0250968933
76.9359703064,-2.0932580829,-176.9114532471
76.9322128296,-2.0965563655,-172.8628540039
76.9476394653,-2.0981997848,-168.8077583313
81.1381511688,-6.2747808695,-177.0824966431
81.1440067291,-6.2816910744,-173.0229454041
76.9044055939,-6.2785398960,-176.8807754517
76.9020404816,-6.2860105038,-172.8293495178
76.9456596375,-6.2904955149,-168.7575607300
81.1415271759,-10.4536905289,-177.0747718811
81.1542778015,-10.4632425308,-173.0047187805
76.8966159821,-10.4611978531,-176.8963508606
76.8987846375,-10.4708747864,-172.8371315002
76.9596214294,-10.4787521362,-168.7549095154
47.7690076828,-14.9514772892,-114.2110519409
47.9238386154,-14.9866626263,-109.9423751831
48.0735511780,-15.0298354626,-105.6698226929
43.6816329956,-14.8941581249,-113.8779754639
43.8503255844,-14.9239449501,-109.6322021484
43.9647064209,-14.9556128979,-105.4165973663
39.6663579941,-14.8772659302,-113.4380321503
39.7783851624,-14.9027953148,-109.2878799438
39.8132848740,-14.9207804203,-105.1601257324
47.6983737946,-19.1316041946,-114.4692745209
47.8551940918,-19.1692671776,-110.1931991577
48.0166492462,-19.2222604752,-105.9176483154
43.6555986404,-19.0955700874,-114.1719474792
43.8287525177,-19.1243419647,-109.9215259552
43.9539794922,-19.1612830162,-105.7056274414
39.6635704041,-19.0972275734,-113.7693519592
39.7809028625,-19.1176557541,-109.6169776917
39.8253211975,-19.1367034912,-105.4913730621
47.7032461166,-23.2820219994,-114.7214508057
47.8607625961,-23.3178377151,-110.4576263428
48.0290117264,-23.3752198219,-106.2015991211
43.6868906021,-23.2745299339,-114.4509487152
43.8622770309,-23.2982296944,-110.2117748260
43.9939355850,-23.3360824585,-106.0112018585
39.7112884521,-23.2988653183,-114.0763759613
39.8340072632,-23.3096075058,-109.9338989258
39.8856678009,-23.3262124062,-105.8207244873
67.1012821198,-112.3642501831,-45.4156856537
66.8586196899,-112.5012245178,-41.4730081558
70.7361106873,-116.8889980316,-45.7132120132
70.4489974976,-117.0471458435,-41.7334747314
70.2628993988,-117.1537227631,-37.6515283585
66.8227825165,-116.6441268921,-45.8615322113
66.5416927338,-116.8473224640,-41.8177785873
66.3170013428,-117.0253467560,-37.7270202637
74.5682086945,-121.2755260468,-45.9609441757
74.2153453827,-121.4106712341,-41.9509239197
73.8634548187,-121.5351982117,-37.9102230072
70.4617633820,-121.3909511566,-45.9485139847
70.2016887665,-121.6029224396,-41.9648714066
69.9503936768,-121.8356494904,-37.9536066055
66.4466857910,-121.1382999420,-46.2220277786
66.2147121429,-121.3768997192,-42.0988378525
66.0051794052,-121.7648468018,-37.9412069321
-9.7758318186,-2.0788424541,-6.1281719208
-10.7067031860,-2.0821349291,-3.7890258431
-11.1379783154,-2.0830559417,-1.2735237720
-15.0093324184,-2.0708712935,-7.2574964762
-15.4739825726,-2.0735284686,-4.3467498422
-15.8303849697,-2.0785517693,-1.4474731982
-20.0845899582,-2.0686089993,-8.1454113722
-20.3449778557,-2.0505024195,-4.8761413097
-20.6775851250,-2.0629475117,-1.6115457416
-9.7746025324,-6.2404925823,-6.1738655567
-10.7026882172,-6.2466306686,-3.8196288943
-11.1401307583,-6.2490154505,-1.2836575153
-14.8764104843,-6.2249022722,-7.2700635195
-15.4053952694,-6.2323284149,-4.3618652821
-15.9355027676,-6.2419097424,-1.4524495006
-19.5299282074,-6.2251678705,-7.9840912819
-19.9976024628,-6.2089917660,-4.7994556427
-20.9081249237,-6.2253562212,-1.5844869912
-9.7804483175,-10.4050199986,-6.1898334026
-10.7021582127,-10.4113073349,-3.8270326853
-11.1412885189,-10.4149248600,-1.2856538239
-14.8551278114,-10.3846120834,-7.2872014046
-15.4013552666,-10.3974971771,-4.3665066957
-16.0330603123,-10.4091050625,-1.4528147280
-19.4616346359,-10.3750376701,-7.9784702063
-19.9919800758,-10.3870127201,-4.7975257039
-21.2359514236,-10.4031579494,-1.5873031914
47.9961547852,-2.1643211842,-113.5041007996
48.0720987320,-2.1711179614,-109.3554534912
48.1420850754,-2.1771633625,-105.2012996674
43.8445253372,-2.1417957544,-113.0332241058
43.9298391342,-2.1492230296,-108.8801784515
43.9925489426,-2.1550451517,-104.7304286957
39.7464885712,-2.1273036003,-112.5055484772
39.8146820068,-2.1370320320,-108.3786258698
39.8458766937,-2.1425476670,-104.2522735596
47.9475936890,-6.4720679522,-113.7185230255
48.0697593689,-6.4913514853,-109.5146999359
48.1760549545,-6.5095871687,-105.2987251282
43.7965364456,-6.4165749550,-113.2890472412
43.9313259125,-6.4360328913,-109.0969772339
44.0131292343,-6.4517205954,-104.9163799286
39.7461423874,-6.3870292902,-112.7550239563
39.8331575394,-6.4089179039,-108.6432495117
39.8510055542,-6.4209913015,-104.5265789032
47.8680305481,-10.7346832752,-113.9568271637
48.0137596130,-10.7636604309,-109.7130508423
48.1456422806,-10.7945125103,-105.4610481262
43.7390804291,-10.6687824726,-113.5778503418
43.8967056274,-10.6954095364,-109.3526763916
43.9961709976,-10.7193374634,-105.1500492096
39.7053699493,-10.6416604519,-113.0894508362
39.8069763184,-10.6671097279,-108.9559764862
39.8309078217,-10.6819596291,-104.8341064453
-9.8276554346,-39.5757741928,-6.2565882206
-10.7023384571,-39.5785131454,-3.8546878695
-11.1363313198,-39.5814867020,-1.2931671384
-14.9318642616,-39.5657596588,-7.4072877169
-15.3643748760,-39.5695514679,-4.4129822254
-15.9752941132,-39.5774583817,-1.4639202356
-19.4979777336,-39.5650453568,-8.0210195780
-19.8582553864,-39.5599298477,-4.8011986613
-21.0156970024,-39.5712518692,-1.5829401910
-9.8161405325,-43.7410306931,-6.2478686571
-10.6940157413,-43.7445812225,-3.8492937088
-11.1328959465,-43.7479724884,-1.2913070860
-14.8899691105,-43.7322025299,-7.3786151409
-15.3285777569,-43.7370786667,-4.3955805898
-15.9352998734,-43.7447271347,-1.4580647945
-19.3764548302,-43.7431297302,-7.9627447128
-19.7456326485,-43.7394495010,-4.7660444379
-20.8227257729,-43.7448425293,-1.5706920326
-9.8060058355,-47.9032974243,-6.2344007492
-10.6891832352,-47.9098558426,-3.8415558338
-11.1315760612,-47.9143667221,-1.2886583450
-14.8691046238,-47.8906564713,-7.3391476870
-15.3247973919,-47.9021911621,-4.3732953668
-15.9614021778,-47.9115390778,-1.4505887926
-19.3916096687,-47.9095115662,-7.9062354565
-19.7928071022,-47.9145193100,-4.7382463813
-20.9998826981,-47.9169340134,-1.5630427897
40.6075916290,-112.7419261932,-12.4889826775
37.1180887222,-112.4531459808,-12.2568471432
33.8057513237,-112.2209720612,-12.0209946632
40.2859554291,-112.1176986694,-16.0408451557
36.8101062775,-111.7829761505,-15.7260148525
33.5260610580,-111.5281734467,-15.4149856567
39.8723230362,-111.4339733124,-19.5544323921
36.3746585846,-111.0588512421,-19.1551570892
33.0699381828,-110.8016262054,-18.7932429314
40.3462419510,-116.7580528259,-12.7882847786
36.8443422318,-116.2948474884,-12.5710170269
33.5810794830,-115.7973213196,-12.3747346401
39.9867448807,-116.0210514069,-16.3809299469
36.5077228546,-115.5246238708,-16.0716280937
33.2780327797,-115.0327453613,-15.8027780056
39.5250329971,-115.2285728455,-19.9222884178
36.0494270325,-114.6968212128,-19.5019106865
32.8043422699,-114.2521743774,-19.1995978355
39.8739938736,-120.8810749054,-13.1230049133
36.1407337189,-120.1149177551,-12.8720498085
32.1599230766,-119.4003200531,-12.6862976551
39.5098428726,-120.0044536591,-16.7703201771
35.8146839142,-119.2258453369,-16.4072277546
31.8991866112,-118.5303955078,-16.1596899033
38.9916887283,-119.1459999084,-20.3730101585
35.3553304672,-118.3716201782,-19.8449702263
31.3347563744,-117.9704532623,-19.7303647995
6.4594812393,-52.0814037323,-9.1760165691
3.9015442729,-52.0661773682,-9.9451494217
1.3181268570,-52.0580034256,-10.5030267239
7.7178635597,-52.0565948486,-12.8915078640
4.5912744403,-52.0233087540,-13.3651304245
1.5396527940,-52.0025873184,-13.7357101440
8.2870631218,-51.9987745285,-16.3899478912
4.9464049339,-51.9646825790,-16.7526099682
1.6746554952,-51.9389505386,-17.0545952320
6.4655201435,-56.2540712357,-9.1871387959
3.9013020992,-56.2310390472,-9.9532847404
1.3150998047,-56.2197847366,-10.5096318722
7.7268929482,-56.2316646576,-12.9204297066
4.5860078335,-56.1814680099,-13.3883676529
1.5269864774,-56.1533269882,-13.7557926178
8.2863786221,-56.1623811722,-16.4312648773
4.9292834997,-56.1111907959,-16.7889695168
1.6461039786,-56.0767135620,-17.0882823467
6.4606044292,-60.4243144989,-9.1974713802
3.8940520287,-60.3940486908,-9.9610164165
1.3066840451,-60.3808765411,-10.5158693790
7.7062388659,-60.3994998932,-12.9485323429
4.5612967610,-60.3343620300,-13.4106500149
1.4985349148,-60.3022098541,-13.7751207352
8.2447564602,-60.3144121170,-16.4733245373
4.8838328123,-60.2495565414,-16.8240270615
1.5914994746,-60.2118263245,-17.1214120388
35.9958295822,-2.1344512105,-87.2241992950
36.1504125595,-2.1345002651,-83.1408004761
36.3884449005,-2.1245232821,-79.0664730072
31.8957223892,-2.1190194488,-86.6826553345
32.0541090965,-2.1187953353,-82.5479831696
32.2323536873,-2.1069700718,-78.4241676331
27.7841682434,-2.1069681644,-86.1043090820
27.9026784897,-2.1082028151,-81.9684677124
28.0213518143,-2.0953708291,-77.8096542358
35.9574918747,-6.4066472054,-87.6603279114
36.1567029953,-6.4067771435,-83.5873355865
36.4549322128,-6.3805551529,-79.5455188751
31.8606162071,-6.3664109707,-87.1795349121
32.0488057137,-6.3648825884,-83.0811386108
32.2432975769,-6.3326402903,-79.0246791840
27.7925882339,-6.3397247791,-86.6044597626
27.9021105766,-6.3405128717,-82.5518131256
27.9790101051,-6.3043125868,-78.5031356812
35.9679784775,-10.6830351353,-88.0811595917
36.1934232712,-10.6854877472,-84.0166378021
36.5234804153,-10.6510028839,-79.9979305267
31.8550877571,-10.6267173290,-87.6758823395
32.0665807724,-10.6241199970,-83.5957126617
32.2804188728,-10.5789599419,-79.5786972046
27.7826027870,-10.5955345631,-87.1678123474
27.9057269096,-10.5937526226,-83.1366271973
27.9884967804,-10.5408475399,-79.1373882294
81.6996440887,-112.3279495239,-93.6427173615
77.6078815460,-112.1108493805,-93.4539966583
78.4138984680,-111.8867015839,-89.4276695251
78.7752590179,-111.8356494904,-85.5993862152
85.5597267151,-116.9738750458,-93.7039508820
81.4544982910,-116.5763759613,-93.5206584930
81.8759021759,-116.5093021393,-89.5811882019
82.1547470093,-116.4870223999,-85.7075710297
77.3987026215,-116.1240768433,-93.1853427887
78.1923751831,-115.9582042694,-89.2496032715
78.5204467773,-115.8951511383,-85.4733219147
85.3020763397,-121.2479248047,-93.6088008881
85.4838466644,-121.2553005219,-89.6902198792
85.6527690887,-121.2737731934,-85.7961368561
81.0481090546,-120.7812252045,-93.3600940704
81.3586196899,-120.7517261505,-89.4533901215
81.5855655670,-120.7481269836,-85.6105346680
76.6378364563,-120.2142753601,-92.8837947845
77.2112731934,-120.1055469513,-89.0161666870
77.4636383057,-120.0762729645,-85.2985134125
-1.9406889714,-76.5538101196,-20.6472153664
28.3610901833,-85.3057785034,-48.2472009659
25.6245751381,-85.0995578766,-48.4783287048
22.9527926445,-84.8623867035,-48.7948598862
28.5189681053,-85.1380634308,-50.9787712097
25.9940657616,-84.8890991211,-51.4016780853
23.5320482254,-84.6157703400,-51.8661565781
28.7904071808,-85.0237960815,-53.5468397141
26.5780014992,-84.7571601868,-54.3123683929
24.2422366142,-84.4558486938,-54.9715938568
28.1078476906,-88.6830043793,-48.4400644302
25.3177404404,-88.4563121796,-48.7322349548
22.6406555176,-88.0579109192,-49.0761442184
28.2323880196,-88.5167465210,-51.1783294678
25.6743807793,-88.2062759399,-51.6588735580
23.2247452736,-87.7490806580,-52.1507234573
28.4811244011,-88.4155807495,-53.7543420792
26.2467188835,-88.0794487000,-54.5858430862
23.9319167137,-87.5971450806,-55.2594890594
27.8577404022,-92.0328731537,-48.5884304047
24.7781329155,-91.8109054565,-49.0709991455
21.4575133324,-91.2052135468,-49.7393035889
27.8935475349,-91.8614082336,-51.3920774460
25.0915856361,-91.4425601959,-52.0352478027
21.9716677666,-90.7331047058,-52.7962675095
28.0385050774,-91.8902969360,-54.1118211746
25.6297349930,-91.5345439911,-55.2268791199
22.6703124046,-90.9073066711,-56.1205320358
6.9238816500,-1.8996255994,-53.1327676773
5.9060489535,-1.8500306010,-55.6492433548
4.6297065318,-1.8370867670,-59.1954069138
9.3953924179,-1.9475957453,-53.4982919693
8.9474302530,-1.9195830524,-56.2456140518
8.4462991953,-1.9313054383,-59.1605167389
12.1825945377,-1.9732119739,-53.7182312012
12.0645475388,-1.9507292509,-56.6326122284
11.7889633179,-1.9446694553,-59.6143827438
6.6436282396,-5.7865755558,-54.1523799896
5.5267006755,-5.6658031940,-56.7531166077
4.2986651957,-5.6299743652,-60.2615766525
9.3440464735,-5.8922535181,-54.4808530807
8.8197751045,-5.8225149512,-57.3060979843
8.3274190426,-5.8394044042,-60.1989936829
12.2105271816,-5.9530611038,-54.6571559906
12.1003973484,-5.8975293636,-57.6611309052
11.8949422836,-5.8803637624,-60.6804838181
6.3849831820,-9.7938339710,-55.0482654572
5.2316936255,-9.6442683935,-57.7250022888
3.9487926960,-9.5766350031,-61.3361272812
9.2039520741,-9.9112353325,-55.3482179642
8.6705316305,-9.8233820200,-58.2507534027
8.1773885489,-9.8264319897,-61.2151308060
12.1603901386,-9.9874798059,-55.4905385971
12.0625548363,-9.9189389944,-58.5773324966
11.8716022968,-9.8953355551,-61.6730995178
60.8691425323,-40.0061988831,-152.6238441467
60.8667078018,-40.1488428116,-148.6542472839
60.8249120712,-40.2124185562,-144.6458244324
56.5627441406,-39.9463911057,-152.5109939575
56.5915393829,-40.1599731445,-148.5650520325
56.4286966324,-40.2535686493,-144.5954742432
52.0564947128,-39.8693017960,-152.2560920715
52.3134765625,-40.2243232727,-148.3934249878
51.8397121429,-40.3280401230,-144.5546569824
60.8409156799,-44.2797832489,-152.9333000183
60.7728271484,-44.4666891098,-148.9457244873
60.7045364380,-44.5441493988,-144.8847732544
56.5582485199,-44.2344579697,-152.9230155945
56.4864091873,-44.5216445923,-148.9461746216
56.2906150818,-44.6385135651,-144.8922500610
52.2822008133,-44.2469606400,-152.7771224976
52.2996778488,-44.6560897827,-148.8683509827
51.7959527969,-44.8208580017,-144.8736534119
60.6772441864,-48.6688098907,-153.5724449158
60.6552133560,-48.8104496002,-149.3855972290
60.5964088440,-48.8855962753,-145.2066993713
56.2680215836,-48.6434459686,-153.9910240173
56.3265047073,-48.8913230896,-149.5828704834
56.1740226746,-49.0063667297,-145.3171234131
51.8882761002,-48.5733242035,-154.2034339905
52.0965023041,-49.0265235901,-149.6999511719
51.6694402695,-49.2316226959,-145.4222946167
85.2780647278,-112.8554515839,-105.6971969604
85.3675537109,-112.7488994598,-101.7142505646
80.9397830963,-112.6328296661,-105.6578235626
81.0632152557,-112.5256557465,-101.6507015228
81.2918891907,-112.4274063110,-97.6412315369
76.3616294861,-112.5370502472,-105.7326259613
76.5434722900,-112.4460773468,-101.6470050812
76.8350048065,-112.3414764404,-97.5656509399
85.1570205688,-117.1858787537,-105.6415729523
85.2238349915,-117.0897998810,-101.6527767181
85.3499507904,-117.0154495239,-97.6671676636
80.7945632935,-116.9979038239,-105.6140022278
80.8927116394,-116.8439044952,-101.5809288025
81.0787754059,-116.6944026947,-97.5281543732
76.2804317474,-117.0402507782,-105.7446289062
76.4814510345,-116.7644023895,-101.5836048126
76.6936950684,-116.4291000366,-97.3367729187
85.1016082764,-121.4106025696,-105.5442504883
85.1189861298,-121.3171749115,-101.5492763519
85.1716632843,-121.2623996735,-97.5606594086
80.7488269806,-121.2265014648,-105.4923248291
80.7591953278,-121.0250263214,-101.4444999695
80.8169155121,-120.8668746948,-97.3655357361
76.0014190674,-121.6552257538,-105.6049270630
76.0971202850,-121.1086502075,-101.4775753021
76.1609687805,-120.5597763062,-97.1189899445
60.2854490280,-27.2931866646,-128.2078189850
59.8382959366,-27.2306876183,-123.9756011963
59.5269460678,-27.2016453743,-119.7114048004
56.0688819885,-27.3463721275,-128.0162467957
55.8110742569,-27.3273148537,-123.8148479462
55.6588182449,-27.3201341629,-119.5794258118
51.8692646027,-27.3516755104,-127.8846721649
51.7276878357,-27.3646225929,-123.6546993256
51.6951780319,-27.3715915680,-119.4098243713
60.3083295822,-31.3042149544,-128.3582210541
59.8797788620,-31.1523594856,-124.1319770813
59.6049957275,-31.0624122620,-119.8565483093
56.1346330643,-31.4477796555,-128.1528778076
55.9350633621,-31.3782501221,-123.9557266235
55.8269052505,-31.3347382545,-119.7362976074
51.9534244537,-31.4917359352,-128.0201034546
51.8616666794,-31.4822535515,-123.8014526367
51.8596792221,-31.4691905975,-119.5813770294
60.5483875275,-35.3771657944,-128.3285732269
60.3449401855,-35.1278820038,-124.1222972870
60.2447595596,-34.9746894836,-119.9307441711
56.2673969269,-35.6069021225,-128.2299270630
56.2141799927,-35.4840059280,-124.0368213654
56.2075710297,-35.4040355682,-119.8567962646
52.0266809464,-35.6934852600,-128.1282062531
52.0563983917,-35.6365966797,-123.9101238251
52.1164236069,-35.5964527130,-119.7223281860
86.1581287384,-125.4788780212,-58.3191785812
82.1396923065,-125.1008033752,-58.3599500656
82.4695262909,-125.1620273590,-54.2957229614
82.6356887817,-125.1083774567,-50.2391605377
78.1056003571,-124.6764259338,-58.4492940903
78.7971343994,-124.7661495209,-54.1599693298
78.9779071808,-124.7808265686,-50.0658063889
85.9443035126,-129.7238273621,-58.2618341446
86.1041736603,-129.6881256104,-54.2510871887
86.2239665985,-129.5783767700,-50.2156410217
81.8262538910,-129.3967514038,-58.3309526443
82.1282978058,-129.3626537323,-54.2358388901
82.2894630432,-129.2879047394,-50.1498947144
77.7956867218,-128.7891521454,-58.4685106277
78.4438362122,-128.7532272339,-54.1551771164
78.6165542603,-128.7390518188,-50.0514488220
85.7833442688,-133.9956512451,-58.1894741058
85.8988571167,-133.9133949280,-54.1778926849
85.9897518158,-133.8223266602,-50.1527690887
81.2489681244,-133.8021736145,-58.2277250290
81.4534168243,-133.6860504150,-54.1637163162
81.5463371277,-133.6281776428,-50.1160793304
76.4407596588,-132.8824539185,-58.1926488876
76.8673381805,-132.6848335266,-54.0581140518
76.8951797485,-132.7301559448,-50.0622425079
10.2407333851,-2.0785944462,-36.7016344070
7.2348233461,-2.0667473674,-36.9406843185
4.1372172236,-2.0499862432,-37.2724685669
10.6024746895,-2.0755221844,-39.5968561172
7.6525375843,-2.0631303191,-39.8794040680
4.6156823039,-2.0441970825,-40.2796592712
11.0023028851,-2.0705390573,-42.4445495605
8.1320883036,-2.0586214662,-42.7435569763
5.1834840178,-2.0366079211,-43.2027378082
9.9986116886,-6.2244405746,-37.0441732407
6.9109362364,-6.1940436363,-37.3312931061
3.7501816750,-6.1503248215,-37.7159013748
10.3446278572,-6.2133642435,-39.9909868240
7.3122392893,-6.1812471151,-40.3074455261
4.2061944008,-6.1320770979,-40.7535057068
10.7498750687,-6.1966270208,-42.9076128006
7.7887229919,-6.1650376320,-43.2252674103
4.7525891662,-6.1088281870,-43.7169609070
9.8425097466,-10.3518755436,-37.3964576721
6.6759914160,-10.3110926151,-37.7331686020
3.4463708699,-10.2509403229,-38.1682968140
10.1779987812,-10.3304653168,-40.3968362808
7.0668035746,-10.2867627144,-40.7574558258
3.8899528384,-10.2194154263,-41.2504959106
10.5832519531,-10.3007948399,-43.3793554306
7.5411630869,-10.2566144466,-43.7356138229
4.4288396835,-10.1810646057,-44.2693195343
97.9771232605,-139.0917778015,-69.6871738434
97.9658470154,-139.2212066650,-65.9204483032
97.9616641998,-139.2572441101,-61.9898271561
93.9668445587,-138.4054908752,-69.5283851624
93.9460048676,-138.5408973694,-65.8457841873
93.9436302185,-138.6093788147,-61.9957876205
90.0930595398,-137.8363189697,-69.5749282837
90.0801067352,-137.9448738098,-65.8896389008
90.0912189484,-137.9859275818,-62.0421037674
97.8693561554,-142.9693298340,-69.7369823456
97.8473110199,-143.3446006775,-65.9669055939
97.8360881805,-143.4139480591,-62.0094594955
93.6855087280,-142.2838745117,-69.6557731628
93.6208381653,-142.5914001465,-65.9523677826
93.5920734406,-142.7201042175,-62.0405693054
89.7895011902,-141.5901718140,-69.7191524506
89.6861381531,-141.8230171204,-66.0004215240
89.6488475800,-141.9033966064,-62.0837745667
93.0148735046,-146.0989227295,-71.0206623077
92.8736743927,-146.5097465515,-66.4319362640
92.7929191589,-146.8394584656,-62.1888265610
88.2321796417,-145.4085426331,-71.1602439880
87.9506168365,-145.5646553040,-66.5207176208
87.8179016113,-145.7728996277,-62.2407302856
85.5172271729,-52.0050201416,-190.0063552856
85.6951351166,-52.0132398605,-185.9424781799
85.7458496094,-52.0528707504,-181.9008293152
81.3207073212,-52.0052700043,-189.9385528564
81.7183914185,-51.9701919556,-185.8655776978
81.7628135681,-52.0235538483,-181.8461303711
76.9392681122,-52.1206998825,-189.6223793030
77.9273242950,-51.8795433044,-185.6496276855
77.8619518280,-51.9747667313,-181.7937774658
85.5422363281,-56.1759471893,-190.0757255554
85.7512969971,-56.1909761429,-186.0205116272
85.8143577576,-56.2287492752,-181.9867324829
81.3453559875,-56.1789398193,-190.0108032227
81.8155536652,-56.1698675156,-185.9567565918
81.8803329468,-56.2151041031,-181.9460029602
76.9418773651,-56.2476291656,-189.6291236877
78.1075992584,-56.1507606506,-185.7352218628
78.0689239502,-56.2062091827,-181.8988723755
85.5804080963,-60.3435916901,-190.1335411072
85.8044338226,-60.3664312363,-186.0907554626
85.8761596680,-60.4025602341,-182.0696029663
81.3967494965,-60.3406639099,-190.0728492737
81.8982009888,-60.3529653549,-186.0347518921
81.9771213531,-60.3951978683,-182.0403976440
77.0032234192,-60.3746948242,-189.6814193726
78.2306404114,-60.3394794464,-185.8038711548
78.2132339478,-60.3864812851,-181.9927520752
93.9452114105,-77.0201702118,-190.0958709717
93.9436283112,-77.0445728302,-186.1400985718
89.8656139374,-76.9928264618,-190.2047004700
89.8807945251,-77.0465297699,-186.2674789429
89.9165115356,-77.0594215393,-182.3107757568
93.9899749756,-81.1761798859,-190.0779724121
93.9632682800,-81.2000865936,-186.1360969543
93.9624538422,-81.1987113953,-182.1706504822
89.9442024231,-81.1334629059,-190.2085494995
89.9116611481,-81.1879100800,-186.2877807617
89.9223213196,-81.1855201721,-182.3261070251
98.0117206573,-85.4004421234,-190.0002288818
94.0324764252,-85.3507404327,-190.0374526978
93.9757308960,-85.3652229309,-186.1089248657
93.9575996399,-85.3439025879,-182.1407279968
90.0302658081,-85.2829322815,-190.1975517273
89.9492549896,-85.3133506775,-186.2766914368
89.9278488159,-85.2820663452,-182.2887573242
52.6360321045,-76.0369129181,-80.6657543182
52.6764154434,-76.0742702484,-76.6282863617
52.8094434738,-76.0865459442,-72.4304790497
57.4019298553,-80.0946464539,-80.8631229401
53.3337812424,-80.1830635071,-80.8798274994
53.3681249619,-80.1537914276,-76.7834587097
53.2503948212,-80.0933818817,-72.4841136932
57.6383934021,-84.0642547607,-80.8829727173
57.6753358841,-84.0153198242,-76.8031902313
57.8624944687,-84.0605430603,-72.6022548676
53.5138549805,-84.1280784607,-80.9177227020
53.5564107895,-84.0614814758,-76.8384323120
53.3669261932,-84.0399150848,-72.5605640411
37.3812465668,-39.6890144348,-78.3717880249
37.5315656662,-39.5394124985,-74.1726837158
37.7732591629,-39.3540973663,-69.8328247070
33.2841954231,-39.6402606964,-78.1403350830
33.4333267212,-39.5061311722,-74.1816978455
33.6877255440,-39.3575706482,-70.4646034241
29.0514655113,-39.6643981934,-77.8200855255
29.1141304970,-39.5141801834,-73.7699718475
29.4793848991,-39.3544111252,-69.6791210175
37.6215705872,-43.6034183502,-78.5990543365
37.7293586731,-43.4209489822,-74.3261547089
37.9180240631,-43.2701053619,-69.9014034271
33.5547385216,-43.6302156448,-78.3265647888
33.7079925537,-43.5119552612,-74.3338241577
33.9449043274,-43.3881883621,-70.5874137878
29.3618369102,-43.5970964432,-77.9295043945
29.3920278549,-43.5286865234,-73.8944721222
29.7260718346,-43.4241199493,-69.8141593933
38.6117382050,-47.6304483414,-78.5757465363
38.9863471985,-47.3348970413,-74.2985305786
39.1784563065,-47.2199287415,-69.9144001007
33.9406957626,-47.6300687790,-78.5248851776
34.2566633224,-47.5089178085,-74.5017566681
34.5261125565,-47.4091253281,-70.7516098022
29.4484953880,-47.5323266983,-78.2365684509
29.6797294617,-47.5271291733,-74.1274166107
30.0761055946,-47.4703426361,-70.0049037933
85.6607837677,-64.4881362915,-202.5254020691
85.4429721832,-64.4741859436,-198.3576736450
85.4437732697,-64.4819259644,-194.2351646423
81.0082092285,-64.5130958557,-203.0724945068
80.9933605194,-64.4716348648,-198.5575981140
81.0613117218,-64.4686298370,-194.2260704041
76.1789207458,-64.5916004181,-203.3500976562
76.4679508209,-64.4954423904,-198.5243263245
76.3419170380,-64.4663476944,-193.8517799377
85.7328262329,-68.6726360321,-202.4833984375
85.5260257721,-68.6249408722,-198.3450469971
85.5092353821,-68.6301212311,-194.2505226135
81.1199302673,-68.7272109985,-202.9972496033
81.1187362671,-68.6209354401,-198.5343971252
81.1551418304,-68.6044521332,-194.2444496155
76.4133281708,-68.9070358276,-203.1735763550
76.6911582947,-68.6553382874,-198.4705505371
76.5216693878,-68.5475997925,-193.8517570496
85.8257694244,-72.8170814514,-202.4278564453
85.6467151642,-72.7329692841,-198.3155555725
85.5962467194,-72.7571754456,-194.2618827820
81.1873111725,-72.8921546936,-202.9353256226
81.2677993774,-72.7068443298,-198.5076522827
81.2465534210,-72.7270622253,-194.2899246216
76.0844173431,-73.4150772095,-203.2175178528
76.7971515656,-72.7562541962,-198.4541702271
76.5537509918,-72.6433582306,-193.9555702209
18.4225597382,-2.0742669702,-28.0007185936
15.3966348171,-2.0848587155,-27.8126726151
12.3813126087,-2.0885227919,-27.7216525078
18.5251417160,-2.0796614885,-30.8554692268
15.5701093674,-2.0872196555,-30.7424259186
12.6194796562,-2.0881177783,-30.7091193199
18.6926980019,-2.0846595168,-33.7200374603
15.7867202759,-2.0886579156,-33.6466178894
12.8778898716,-2.0872987509,-33.6569557190
18.5892667770,-6.2238247395,-28.0482406616
15.4813919067,-6.2478779554,-27.9456267357
12.3770647049,-6.2554115057,-27.9332022667
18.7338371277,-6.2336549759,-30.9208030701
15.6394841671,-6.2511940002,-30.8901600838
12.5608894825,-6.2528390884,-30.9308896065
18.8649330139,-6.2442460060,-33.7953329086
15.8173992634,-6.2526735067,-33.8155002594
12.7770121098,-6.2488366365,-33.9015369415
18.7602639198,-10.3742423058,-28.0509753227
15.5586943626,-10.4016246796,-28.0440592766
12.3701446056,-10.4080405235,-28.1109094620
18.9143896103,-10.3787751198,-30.9666624069
15.7135348320,-10.3993394375,-31.0279374123
12.5362575054,-10.4000802040,-31.1434955597
19.0265069008,-10.3857624531,-33.8851499557
15.8718519211,-10.3951721191,-33.9935646057
12.7303822041,-10.3896722794,-34.1512260437
8.6666851044,-14.5768604279,-19.0257973671
5.3965064287,-14.5715968609,-19.2697405815
2.1598445028,-14.5560672283,-19.4998202324
8.8361805677,-14.5705773830,-22.1988000870
5.5644150972,-14.5585074425,-22.4257526398
2.3054804951,-14.5359296799,-22.6550574303
8.9671014547,-14.5588047504,-25.3534631729
5.6951319575,-14.5386621952,-25.5894217491
2.4198674858,-14.5066974163,-25.8450117111
8.6096111536,-18.7383427620,-19.1376180649
5.3105787635,-18.7265343666,-19.4147148132
2.0406818837,-18.7078962326,-19.6691894531
8.7807552814,-18.7257900238,-22.3446254730
5.4680007100,-18.7084941864,-22.6085023880
2.1660951599,-18.6834435463,-22.8668165207
8.9141908884,-18.7067642212,-25.5341172218
5.5912421346,-18.6833124161,-25.8095021248
2.2651881054,-18.6499948502,-26.0977916718
8.5578124523,-22.8969426155,-19.2477006912
5.2372467518,-22.8810901642,-19.5483798981
1.9425404370,-22.8622145653,-19.8204512596
8.7334958315,-22.8782720566,-22.4861502647
5.3882064819,-22.8585567474,-22.7774796486
2.0523387194,-22.8345365524,-23.0579595566
8.8726379871,-22.8522615433,-25.7073149681
5.5079276562,-22.8286852837,-26.0133743286
2.1400814429,-22.7983179092,-26.3279147148
81.4290981293,-39.6006622314,-177.5008506775
81.4007530212,-39.6914167404,-173.4527473450
77.2649612427,-39.5886659622,-177.4355697632
77.1992340088,-39.7028436661,-173.4128494263
77.2293987274,-39.7975530624,-169.3441047668
81.4866867065,-43.7688598633,-177.6150970459
81.4295730591,-43.8719339371,-173.5901527405
81.4329261780,-43.9738988876,-169.5351219177
77.3377208710,-43.7572765350,-177.5835990906
77.2296218872,-43.8896303177,-173.5831069946
77.2353076935,-43.9956531525,-169.5212326050
81.5403232574,-47.9471530914,-177.7509536743
81.4523830414,-48.0549230576,-173.7453727722
81.4331417084,-48.1635456085,-169.7054176331
77.3852558136,-47.9545249939,-177.7912063599
77.2355537415,-48.0852203369,-173.7950782776
77.2212467194,-48.1964654922,-169.7271537781
72.9326343536,-85.7860946655,-129.5898742676
73.0877208710,-85.7591800690,-125.5109958649
73.2382698059,-85.7962245941,-121.4203777313
68.2052898407,-85.8910579681,-129.3794517517
68.4358005524,-85.8725204468,-125.2704238892
68.7131271362,-85.9405040741,-121.1751022339
63.1284246445,-86.1075668335,-129.1591949463
63.4875783920,-86.0675830841,-124.9627723694
63.7646455765,-86.3561439514,-120.7828273773
72.9750213623,-90.5236263275,-129.5531749725
73.1312580109,-90.4598884583,-125.5041007996
73.2997455597,-90.4733142853,-121.4541015625
68.3742179871,-90.7835559845,-129.3747005463
68.5991058350,-90.7198715210,-125.2803211212
68.8524894714,-90.7407321930,-121.2077713013
63.5671424866,-91.4454822540,-129.2138309479
63.9371318817,-91.3640975952,-124.9924240112
64.0169057846,-91.4654884338,-120.7517986298
73.2101631165,-95.0188369751,-129.5144786835
73.3693256378,-94.9028530121,-125.4838962555
73.5428085327,-94.8703479767,-121.4532032013
68.8056602478,-95.3680782318,-129.3653812408
69.0311183929,-95.2341346741,-125.2869968414
69.2652454376,-95.1874942780,-121.2278499603
64.0559272766,-96.7924900055,-129.1998023987
64.4533662796,-96.6191120148,-125.0090980530
64.4922647476,-96.5879611969,-120.8221263885
61.1367130280,-27.3984928131,-140.2556571960
60.9422073364,-27.3924374580,-136.3030700684
60.6637992859,-27.3581991196,-132.3078918457
56.9545660019,-27.3405203819,-140.1526718140
56.6459074020,-27.3578300476,-136.1894264221
56.3535976410,-27.3614249229,-132.1439056396
52.8589801788,-27.2124152184,-140.2280960083
52.4193620682,-27.2598948479,-136.2276229858
52.1000976562,-27.3178005219,-132.0846252441
61.0596284866,-31.6208448410,-140.3845024109
60.8944091797,-31.5726289749,-136.4241447449
60.6587734222,-31.4667620659,-132.4311180115
56.8237895966,-31.5660495758,-140.3134002686
56.5606327057,-31.5591516495,-136.3450317383
56.3428821564,-31.5205626488,-132.2873306274
52.6949043274,-31.3639516830,-140.4142265320
52.3215055466,-31.4228181839,-136.4058837891
52.0969734192,-31.4823551178,-132.2364578247
60.9105052948,-35.8865251541,-140.4976959229
60.8131952286,-35.8045520782,-136.4999732971
60.7061328888,-35.6370229721,-132.4537277222
56.4952964783,-35.8721437454,-140.4797973633
56.3272552490,-35.8426427841,-136.5016746521
56.2843503952,-35.7518501282,-132.4049263000
51.8782958984,-35.7275876999,-140.6605033875
51.6560039520,-35.8259992599,-136.7206115723
51.8216695786,-35.8246068954,-132.4696083069
5.7713298202,-38.9188852310,-57.9923257828
4.1175709665,-39.0353040695,-60.5891809464
8.9268965721,-38.9016294479,-58.4577693939
8.1190484762,-39.0391273499,-61.4225358963
7.4400348663,-39.2598896027,-64.4468736649
12.1919128895,-38.9117021561,-58.5657577515
11.9244434834,-39.0296010971,-61.7862062454
11.5764622688,-39.2228212357,-64.9870309830
5.7359269261,-43.1409482956,-57.8368520737
3.8383909762,-43.3671913147,-60.3054351807
8.9760888815,-43.0438098907,-58.5344972610
8.0570058823,-43.2498464584,-61.4570789337
7.3135298491,-43.6605968475,-64.5291280746
12.2799680233,-43.0197029114,-58.7025222778
11.9568116665,-43.1775321960,-61.9164648056
11.5710997581,-43.4751577377,-65.1405553818
5.9821999073,-47.0933856964,-57.7181138992
9.1487756968,-47.0352687836,-58.5499773026
8.1764754057,-47.2492294312,-61.4873828888
7.2690999508,-48.0749979019,-64.8301982880
12.4236323833,-47.0350046158,-58.7879724503
12.0733778477,-47.1896553040,-62.0264997482
11.6133921146,-47.6805553436,-65.4105920792
32.7345991135,-76.5643100739,-29.5966973305
32.4332046509,-76.3242759705,-32.7944121361
32.1297554970,-76.0299777985,-35.9181890488
36.2606754303,-76.7746982574,-29.8992857933
35.7828006744,-76.4672737122,-33.0731768608
35.3017864227,-76.1593570709,-36.1684074402
38.5906352997,-75.8801555634,-36.4281864166
32.6093959808,-80.0402393341,-29.7935452461
32.3175420761,-79.7937507629,-32.9692802429
32.0166139603,-79.5168266296,-36.0859727859
36.1074352264,-80.1607952118,-30.1122508049
35.6788578033,-79.8915386200,-33.2576847076
35.2186412811,-79.6154804230,-36.3427505493
39.0928573608,-79.8582420349,-33.6863017082
38.4100313187,-79.6069145203,-36.7032899857
32.4887418747,-83.6054592133,-30.0109004974
32.1875491142,-83.3291816711,-33.1670823097
31.8839797974,-83.0359210968,-36.2746095657
35.9787197113,-83.6909236908,-30.3206200600
35.5339775085,-83.4163875580,-33.4558525085
35.0793075562,-83.1295909882,-36.5355319977
39.5352048874,-83.7568187714,-30.8207263947
38.8913393021,-83.4894123077,-33.9019880295
38.2354650497,-83.2092247009,-36.9224557877
73.0973892212,-52.2818832397,-178.6051712036
72.8942432404,-52.3406753540,-174.2820701599
72.8982582092,-52.4431314468,-170.0414237976
68.5790309906,-52.3479795456,-179.4170074463
68.3660545349,-52.3903360367,-174.5858993530
68.4114742279,-52.5088739395,-170.0851478577
63.9622812271,-52.2818069458,-180.0340309143
63.6177425385,-52.2992820740,-174.6654548645
63.4712886810,-52.6127042770,-169.8199462891
73.2662887573,-56.4087018967,-178.7990531921
72.9555263519,-56.5088005066,-174.5159721375
72.9212017059,-56.6325302124,-170.2727279663
68.6092510223,-56.5472421646,-179.6239013672
68.3756637573,-56.6325635910,-174.8793716431
68.3971805573,-56.7405967712,-170.3532791138
63.8056058884,-56.8306932449,-180.1746292114
63.6462163925,-56.8733930588,-175.0397529602
63.4535331726,-56.9581346512,-170.0850791931
73.4254760742,-60.5095176697,-178.9316329956
73.0807857513,-60.6238813400,-174.6957283020
73.0056400299,-60.7865219116,-170.4730834961
68.6944465637,-60.7120447159,-179.8207511902
68.4659957886,-60.7965660095,-175.1174964905
68.4645767212,-60.9170846939,-170.5833320618
63.4424695969,-61.6715927124,-180.7315025330
63.4292211533,-61.5422086716,-175.5344009399
63.3543977737,-61.3366441727,-170.4276084900
36.0127344131,-14.9578025341,-88.4865417480
36.2546834946,-14.9671421051,-84.4262008667
36.6024847031,-14.9319725037,-80.4185848236
31.8774747849,-14.8911974430,-88.1553344727
32.1045680046,-14.8891522884,-84.0830383301
32.3343329430,-14.8379292488,-80.0844306946
27.7849841118,-14.8613269329,-87.7201900482
27.9213714600,-14.8565268517,-83.6945075989
28.0176143646,-14.7927935123,-79.7152385712
36.0901269913,-19.2208652496,-88.8783111572
36.3391590118,-19.2408752441,-84.8165550232
36.6889152527,-19.2108502388,-80.8071517944
31.9323754311,-19.1521525383,-88.6077976227
32.1656651497,-19.1509475708,-84.5369949341
32.4015250206,-19.0976247787,-80.5419235229
27.8185992241,-19.1387243271,-88.2336196899
27.9599390030,-19.1275520325,-84.2087078094
28.0635623932,-19.0542907715,-80.2342624664
36.2006883621,-23.4536919594,-89.2614059448
36.4453449249,-23.4854474068,-85.1929168701
36.7766923904,-23.4648694992,-81.1683425903
32.0248327255,-23.3945922852,-89.0324020386
32.2540850639,-23.3939065933,-84.9576663971
32.4822950363,-23.3411664963,-80.9544181824
27.8911123276,-23.4186439514,-88.7060413361
28.0298619270,-23.3990650177,-84.6768474579
28.1302089691,-23.3164563179,-80.6969642639
19.6553950310,-14.3863797188,-46.1650266647
16.8152153492,-14.3788702488,-46.4023828506
13.9162456989,-14.3663222790,-46.6261281967
20.0190629959,-14.3043804169,-49.3216266632
17.2265102863,-14.2992897034,-49.5794515610
14.3693175316,-14.2891020775,-49.7675275803
20.5757985115,-14.2037553787,-52.5703010559
17.7335977554,-14.2038450241,-52.8472366333
14.8271548748,-14.1940474510,-52.9882488251
19.7854418755,-18.4646005630,-46.5260190964
16.8833398819,-18.4663453102,-46.7987518311
13.9224252701,-18.4557375908,-47.0590991974
20.1486392021,-18.3923006058,-49.7413806915
17.2969422340,-18.3916907310,-50.0320806503
14.3806447983,-18.3801407814,-50.2540483475
20.7066044807,-18.3084287643,-53.0455541611
17.8072218895,-18.3078060150,-53.3549308777
14.8438324928,-18.2932705879,-53.5285167694
19.9269952774,-22.5435156822,-46.8423566818
16.9705128670,-22.5553131104,-47.1483240128
13.9577703476,-22.5483851433,-47.4407978058
20.2872190475,-22.4849429131,-50.0983610153
17.3846001625,-22.4897756577,-50.4216279984
14.4190175533,-22.4787330627,-50.6743841171
20.8434772491,-22.4215283394,-53.4398269653
17.8942880630,-22.4221086502,-53.7826290131
14.8824751377,-22.4055433273,-53.9868383408
8.4959148169,-39.4828052521,-19.6173648834
5.1207031012,-39.4779129028,-19.9564046860
1.7695980240,-39.4743146896,-20.2566690445
8.6885211468,-39.4374904633,-22.9537978172
5.2642313838,-39.4359912872,-23.2966403961
1.8509561718,-39.4365892410,-23.6194224358
8.8479464054,-39.3875150681,-26.2729778290
5.3844392300,-39.3901433945,-26.6441478729
1.9217287004,-39.3962125778,-27.0167374611
8.5263009071,-43.6262016296,-19.6843051910
5.1335402131,-43.6192979813,-20.0243406296
1.7724377941,-43.6133699417,-20.3236002922
8.7170573473,-43.5710172653,-23.0367293358
5.2758320570,-43.5688095093,-23.3832731247
1.8529854715,-43.5683422089,-23.7072048187
8.8743559122,-43.5125579834,-26.3728046417
5.3961446285,-43.5156440735,-26.7505526543
1.9259220026,-43.5225334167,-27.1273150444
8.5618194342,-47.7735681534,-19.7420392036
5.1482414007,-47.7583055496,-20.0812468529
1.7776450645,-47.7444334030,-20.3769907951
8.7463933229,-47.7061023712,-23.1077289581
5.2875509262,-47.6966867447,-23.4553794861
1.8579178173,-47.6881933212,-23.7768692970
8.8978155851,-47.6364040375,-26.4582810402
5.4071451426,-47.6333026886,-26.8389348984
1.9353608787,-47.6324872971,-27.2147998810
32.5024628639,-38.8594503403,-47.1502017975
32.3358039856,-38.8928613663,-49.8479461670
34.4161291122,-38.8958482742,-53.5307073593
31.9450297356,-38.9065456390,-52.4662294388
32.6023964882,-43.1299924850,-47.2543077469
32.4464383125,-43.1333827972,-49.9543743134
34.5276432037,-43.1314258575,-53.6282024384
32.0666975975,-43.1220922470,-52.5778303146
32.7203640938,-47.4046001434,-47.3285512924
35.5154867172,-47.4346551895,-50.7111158371
32.5727601051,-47.3802051544,-50.0454950333
37.4991312027,-47.4673671722,-54.7604923248
34.7184705734,-47.3876724243,-53.7232551575
32.2067332268,-47.3428449631,-52.6807212830
21.4147453308,-14.1051950455,-55.9000110626
18.3259558678,-14.1115770340,-56.2042932510
15.2003581524,-14.0992925167,-56.2820653915
22.5311698914,-14.0556221008,-59.3212022781
18.9470033646,-14.0563569069,-59.6575860977
15.4373056889,-14.0342547894,-59.6384038925
23.8024158478,-14.1331381798,-63.0036821365
19.4367427826,-14.0746455193,-63.2761430740
15.4685144424,-14.0072600842,-63.1194515228
21.5465850830,-18.2315430641,-56.4229660034
18.4010748863,-18.2325248718,-56.7622842789
15.2194442749,-18.2124896049,-56.8740205765
22.6598415375,-18.2051649094,-59.8791980743
19.0182690620,-18.1979618073,-60.2571287155
15.4528565407,-18.1656117439,-60.2768964767
23.9183616638,-18.3031687737,-63.5786867142
19.4955544472,-18.2397537231,-63.9057025909
15.4741697311,-18.1627802849,-63.7974338531
21.6802730560,-22.3694620132,-56.8480100632
18.4842205048,-22.3686394691,-57.2241163254
15.2536227703,-22.3452291489,-57.3684539795
22.7851972580,-22.3683896065,-60.3269834518
19.0917048454,-22.3589739799,-60.7477512360
15.4761476517,-22.3233122826,-60.8041934967
24.0271368027,-22.4873185158,-64.0396175385
19.5523099899,-22.4276046753,-64.4199647903
15.4802756310,-22.3515920639,-64.3547916412
20.0690374374,-26.6330065727,-47.1171369553
17.0701625347,-26.6504950523,-47.4510431290
14.0182855129,-26.6460199356,-47.7693071365
20.4263291359,-26.5873246193,-50.4000110626
17.4844994545,-26.5949473381,-50.7517604828
14.4820215702,-26.5838875771,-51.0296249390
20.9796023369,-26.5427722931,-53.7653083801
17.9911255836,-26.5440430641,-54.1380472183
14.9418320656,-26.5267033577,-54.3678588867
20.2015171051,-30.7388014793,-47.3552694321
17.1764900684,-30.7536725998,-47.7091073990
14.1007826328,-30.7479901314,-48.0453481674
20.5586671829,-30.7021312714,-50.6549701691
17.5922567844,-30.7066164017,-51.0280113220
14.5676143169,-30.6930427551,-51.3234615326
21.1095318794,-30.6716389656,-54.0338811874
18.0943150520,-30.6706814766,-54.4301443100
15.0196175575,-30.6523604393,-54.6785793304
20.3235650063,-34.8571434021,-47.5585880280
17.2870182991,-34.8625354767,-47.9251337051
14.2032399178,-34.8521461487,-48.2716188431
20.6839261055,-34.8254890442,-50.8691196442
17.7065494061,-34.8212070465,-51.2562055588
14.6752197742,-34.8025884628,-51.5615587234
21.2341060638,-34.8040237427,-54.2553815842
18.2033967972,-34.7967538834,-54.6680393219
15.1147851944,-34.7766666412,-54.9280624390
9.9545384645,-39.5873851776,-9.0488009453
11.0368843079,-39.5629653931,-12.6072552204
11.6096782684,-39.5267534256,-15.9897203445
14.7619276047,-39.5647268295,-12.6289522648
15.2126173973,-39.5196704865,-15.8129725456
9.9828388691,-43.7607984543,-9.0735124350
11.0836374760,-43.7300691605,-12.6486794949
11.6647989750,-43.6826581955,-16.0429370403
14.8388273716,-43.7355909348,-12.6771423817
15.3011198044,-43.6727247238,-15.8680601120
10.0315788984,-47.9464530945,-9.0997089148
11.1556327343,-47.9133186340,-12.6892747879
11.7430224419,-47.8546819687,-16.0916993618
14.5018382072,-47.9971837997,-9.6319110394
14.9847133160,-47.9395437241,-12.7280399799
15.4543449879,-47.8588094711,-15.9193804264
65.9354543686,-88.3704719543,-92.6767425537
65.8024625778,-92.3610916138,-92.7687206268
65.9072723389,-92.2960910797,-88.7923107147
66.0924520493,-92.1343479156,-84.8850345612
69.6547183990,-96.2301197052,-92.9476356506
69.8062572479,-96.2619743347,-88.9653930664
65.8178100586,-96.3707675934,-92.8288764954
65.9197578430,-96.3717422485,-88.8163890839
66.1469449997,-96.2931308746,-84.9154472351
29.6893229485,-102.2004737854,-1.6103208065
25.9869198799,-102.1732521057,-1.5860005617
22.2089848518,-102.0987243652,-1.5589145720
29.5611481667,-101.8938350677,-4.8326084018
25.8562054634,-101.9556541443,-4.7608460784
22.0862951279,-101.9849281311,-4.6813538671
29.4971723557,-101.4854488373,-8.0502370596
25.7731184959,-101.5824584961,-7.9367523193
21.9922132492,-101.6631546021,-7.8141590357
29.8162550926,-106.4502964020,-1.6293492615
26.0626220703,-106.6169261932,-1.6050473452
22.2442092896,-106.6540012360,-1.5798012912
29.7448253632,-106.0253219604,-4.8916138411
25.9836001396,-106.2314243317,-4.8240859509
22.1779251099,-106.3286018372,-4.7523344159
29.6759905815,-105.5444259644,-8.1528779268
25.9035878181,-105.7628250122,-8.0455331802
22.0869379044,-105.9041500092,-7.9352785349
30.0124063492,-110.8477706909,-1.6458374858
26.2063708305,-111.4157505035,-1.6275554299
22.2959070206,-111.6627998352,-1.6181891859
30.0108342171,-110.2610759735,-4.9544010162
26.1656146049,-110.7105484009,-4.9077138305
22.3349356651,-110.8790493011,-4.8769870400
29.9436273575,-109.6634998322,-8.2706948519
26.0744171143,-110.0940971375,-8.1881985664
22.2041621208,-110.3238754272,-8.1254945993
1.7381887175,-14.0527653694,-48.7457427979
-1.3222298883,-13.8546702862,-50.0483512878
2.7152216882,-13.9621424675,-51.7104482651
0.0314987451,-13.7387073040,-53.4330911636
4.0218815506,-13.8554973602,-54.3769540787
2.0290622115,-13.6389074326,-56.6602420807
1.5164455287,-18.1425230503,-49.3295345306
-1.5865862705,-17.9466328621,-50.6775493622
2.5137647390,-18.0556554794,-52.3338861465
-0.2054843083,-17.8402631283,-54.0998744965
3.8469709456,-17.9631798267,-55.0330629349
1.8331773803,-17.7636151314,-57.3596200943
1.3598882146,-22.2564358711,-49.8438529968
-1.8043151163,-22.0754127502,-51.2397127151
2.3789271861,-22.1738300323,-52.8690376282
-0.3930447698,-21.9763484001,-54.6821708679
3.7320487499,-22.0993247032,-55.5842781067
1.6777595580,-21.9268074036,-57.9527635574
23.5690155029,-51.6276540756,-28.5881681442
27.6952967644,-51.5265645981,-31.3299541473
23.7345094681,-51.5888328552,-31.7162556648
27.5862431526,-51.5524539948,-34.5772676468
23.7439131737,-51.5519800186,-34.8846664429
27.6078095436,-55.9930276871,-28.2965898514
23.5707821846,-55.9351625443,-28.7113299370
27.6766953468,-55.9161529541,-31.4685478210
23.7017846107,-55.8298702240,-31.8328275681
27.5286798477,-55.8441286087,-34.6966695786
23.6869053841,-55.7388610840,-34.9995956421
27.4779362679,-60.4776601791,-28.5051183701
23.4528856277,-60.2150049210,-28.8428020477
27.5022087097,-60.2698965073,-31.6624236107
23.5493021011,-60.0328264236,-31.9760942459
31.5709033012,-60.4136428833,-34.5778608322
27.3208904266,-60.0821113586,-34.8563194275
23.5221848488,-59.8784751892,-35.1424236298
35.9852075577,-27.5648093224,-113.8541011810
35.9012908936,-27.5379376411,-109.9954242706
35.8346290588,-27.5231232643,-106.0076751709
32.0140848160,-27.6867451668,-113.9213504791
31.7386965752,-27.6409873962,-110.0794506073
31.5410342216,-27.6104602814,-106.0494022369
27.9121799469,-27.8275775909,-115.3302745819
27.5480194092,-27.7785868645,-110.6193733215
27.0797128677,-27.7614121437,-106.2941246033
36.1742734909,-31.7216773033,-114.1187267303
36.1099805832,-31.6713328362,-110.2672748566
36.0525226593,-31.6499409676,-106.2975502014
32.2466559410,-31.8870158195,-114.1643257141
32.0050435066,-31.8084383011,-110.3348999023
31.8239870071,-31.7656421661,-106.3299007416
28.2616915703,-32.1776156425,-115.4838466644
27.9190444946,-32.0591373444,-110.8247222900
27.4814286232,-32.0133757591,-106.5410976410
36.4029541016,-35.7867584229,-114.3546524048
36.3659763336,-35.7249193192,-110.4929771423
36.3187932968,-35.7135305405,-106.5406551361
32.5207085609,-35.9637641907,-114.3613986969
32.3339228630,-35.8517103195,-110.5304508209
32.1775131226,-35.8180437088,-106.5613784790
28.3620095253,-36.5619335175,-115.7078762054
28.2552876472,-36.2202949524,-110.9923019409
27.9048223495,-36.1449289322,-106.7958755493
40.4790906906,-100.9607009888,-1.6204718947
36.8374786377,-101.7294273376,-1.6417308152
33.2858428955,-102.0551300049,-1.6323105693
40.5661697388,-101.0954017639,-4.9124858379
36.8253669739,-101.6256313324,-4.9497440457
33.2009749413,-101.7973937988,-4.9037480950
40.7188634872,-100.9195022583,-8.2330819368
36.8660230637,-101.3085289001,-8.2739794254
33.1775121689,-101.4043502808,-8.1729059219
40.8976650238,-105.6248989105,-1.6810391843
37.1597156525,-105.9090023041,-1.6689802408
33.4885721207,-106.1647014618,-1.6510985196
40.8803472519,-105.4415531158,-5.0706843734
37.1364946365,-105.6097793579,-5.0233302116
33.4466476440,-105.7816257477,-4.9599345922
40.8319358826,-105.1424770355,-8.4991252422
37.0881309509,-105.2244548798,-8.3982684612
33.3904366493,-105.3306770325,-8.2745687962
41.1050014496,-110.0703468323,-1.7277749479
37.3670101166,-110.1332492828,-1.6993376911
33.6676559448,-110.2531986237,-1.6703462899
41.0154151917,-109.6723766327,-5.2026944757
37.3394145966,-109.6654281616,-5.1162092090
33.7073416710,-109.7591781616,-5.0271111131
40.8849525452,-109.2417488098,-8.7048557997
37.2453632355,-109.1696758270,-8.5540413857
33.6419682503,-109.2116012573,-8.3988327980
89.9443626404,-72.9051246643,-178.2893218994
36.8388786316,-96.7070827484,-40.9813432693
34.0317888260,-96.4385566711,-40.6081790924
31.2529959679,-96.1511363983,-40.3813028336
36.4978199005,-96.2031631470,-43.8124818802
33.7322750092,-95.9019184113,-43.4206590652
31.0016365051,-95.5935497284,-43.2052011490
36.1951770782,-95.7137699127,-46.4337186813
33.4756908417,-95.3825969696,-46.0159168243
30.8132352829,-95.0552959442,-45.8043947220
36.4954290390,-100.1334609985,-41.4421043396
33.6611695290,-99.8094520569,-41.0995435715
30.9147896767,-99.2911376953,-40.8888425827
36.1532573700,-99.5134716034,-44.3281936646
33.3666253090,-99.1368465424,-43.9458761215
30.6680059433,-98.6093750000,-43.7304134369
35.8443346024,-98.7184543610,-46.8798313141
33.1157774925,-98.3186569214,-46.4732646942
30.5068526268,-97.8309326172,-46.2615032196
36.2409067154,-103.8026771545,-42.1052999496
33.0500659943,-103.3226490021,-41.7028322220
29.5829243660,-102.4384002686,-41.5248508453
35.9825468063,-103.1886482239,-45.3754148483
32.8076729774,-102.4598236084,-44.8176107407
29.4263396263,-101.5736560822,-44.5866603851
35.5540809631,-101.9468669891,-48.4507303238
32.5068016052,-101.1431083679,-47.8743171692
29.3462800980,-100.4835758209,-47.6178035736
-1.3463189676,-26.8703427315,-30.2551574707
-4.8393671513,-26.8245124817,-30.6237974167
-8.3581707478,-26.7651133537,-30.9086427689
-1.2921336889,-26.8111324310,-33.6780161858
-4.9049866796,-26.7493877411,-34.2004528046
-8.6457762718,-26.6574602127,-34.7515659332
-1.1076846421,-26.7474184036,-37.0841188431
-4.7744460106,-26.6732983589,-37.7491693497
-1.4469686374,-31.0451817513,-30.4927244186
-4.9715450406,-31.0291519165,-30.8754076958
-8.5210750103,-31.0114579201,-31.1646184921
-1.3941752017,-30.9917745590,-33.9566402435
-5.0399344563,-30.9683256149,-34.4986162186
-8.8081303835,-30.9329462051,-35.0535039902
-1.2051721960,-30.9319648743,-37.4044380188
-4.9023340940,-30.9032554626,-38.0952377319
-1.5104507022,-35.2193078995,-30.7019100189
-5.0616018772,-35.2391977310,-31.0974912643
-8.6465359926,-35.2765197754,-31.3948283195
-1.4560132623,-35.1738443375,-34.2089824677
-5.1317299604,-35.1968202591,-34.7744483948
-1.2602179050,-35.1218805313,-37.7049789429
-4.9903122783,-35.1490926743,-38.4366779327
9.7409043312,-14.4687931538,-37.7431192398
6.5022151470,-14.4235351086,-38.1269969940
3.2043644190,-14.3551776409,-38.6089591980
10.0709981918,-14.4366226196,-40.7939596176
6.8882368803,-14.3877227306,-41.1991100311
3.6430547237,-14.3113856316,-41.7374258041
10.4765474796,-14.3957922459,-43.8337936401
7.3634563684,-14.3452901840,-44.2318000793
4.1827987432,-14.2605755329,-44.8085689545
9.6785479784,-18.5816607475,-38.0733509064
6.3760035038,-18.5376033783,-38.4995164871
3.0160731375,-18.4697127342,-39.0234661102
10.0081577301,-18.5394797325,-41.1678295135
6.7626154423,-18.4915304184,-41.6138019562
3.4561774433,-18.4154458046,-42.1934719086
10.4164221287,-18.4897003174,-44.2542381287
7.2424725294,-18.4391436577,-44.6909799576
4.0027152896,-18.3547091484,-45.3074111938
9.6473575830,-22.6943936348,-38.3800935745
6.2897608280,-22.6566781998,-38.8433885574
2.8749847114,-22.5972852707,-39.4056921005
9.9811728001,-22.6437854767,-41.5095767975
6.6819940805,-22.6016654968,-41.9917964935
3.3217411935,-22.5336599350,-42.6098012924
10.3955569267,-22.5870432854,-44.6313028336
7.1708593369,-22.5408463478,-45.1020679474
3.8802224696,-22.4635963440,-45.7548561096
53.8590803146,-79.8159790039,-68.1562938690
53.8961114883,-83.9371471405,-68.3009643555
97.8820419312,-51.1818685532,-214.6456184387
93.5185756683,-51.0203638077,-214.4210662842
94.0712108612,-51.6814737320,-209.9234008789
94.1723327637,-51.8990449905,-205.8266944885
88.9487152100,-51.2576255798,-213.9799270630
90.3558025360,-51.6791496277,-209.6148262024
90.4155864716,-51.8639755249,-205.6734008789
97.9096336365,-55.7910499573,-214.2157974243
98.0135097504,-56.1164875031,-209.9695053101
93.5794944763,-55.6478385925,-213.9096183777
94.0756835938,-55.9547805786,-209.8811035156
94.1635055542,-56.0945663452,-205.8605232239
89.0261077881,-55.7608776093,-213.6572990417
90.3416919708,-55.9484672546,-209.6413269043
90.3944587708,-56.0624341965,-205.7434883118
97.9309616089,-60.1745386124,-214.2382774353
98.0206165314,-60.3358373642,-209.9517822266
93.6294460297,-60.1121282578,-213.8264961243
94.0866985321,-60.2364654541,-209.8489303589
94.1629428864,-60.3048725128,-205.8632278442
89.0301094055,-60.1749334335,-213.6689529419
90.3350162506,-60.2311897278,-209.6405296326
90.3837337494,-60.2797021866,-205.7642478943
-10.1247636080,-52.0112867355,-9.5075222254
-14.7276058197,-51.9956588745,-10.4221029282
-11.0920577049,-51.9213809967,-13.4083628654
-14.8690226078,-51.9302206039,-13.7907876968
-11.4543497562,-51.8210659027,-17.0525999069
-10.1064674854,-56.1531982422,-9.4900567532
-14.6768934727,-56.1296873093,-10.3889548779
-11.0631799698,-56.0195932388,-13.3730025291
-14.7984545231,-56.0074682236,-13.7268476486
-11.4139447212,-55.8426122665,-16.9967315197
-10.1150342226,-60.3055772781,-9.4924966097
-14.7049853802,-60.2783679962,-10.4202373028
-11.0845398903,-60.1472263336,-13.3718671799
-14.8375272751,-60.1238546371,-13.7628078461
-11.4707996845,-59.9241533279,-17.0005395412
-10.1931178570,-39.5637664795,-9.5766159296
-14.8749120235,-39.5615119934,-10.5941770077
-19.2112002373,-39.5693616867,-11.1906847954
-11.2014720440,-39.5487012863,-13.5196774006
-15.0561323166,-39.5643186569,-14.0387296677
-11.6003422737,-39.5460033417,-17.1990795135
-15.2533998489,-39.5838584900,-17.5722053051
-10.1755281687,-43.7239828110,-9.5644941330
-14.8269619942,-43.7267417908,-10.5558795929
-19.0853624344,-43.7523107529,-11.1169545650
-11.1792128086,-43.7018184662,-13.5069329739
-15.0088050365,-43.7325277328,-13.9940724373
-11.5802698135,-43.6970605850,-17.1924450397
-15.2138805389,-43.7668857574,-17.5283548832
-10.1528462172,-47.8723936081,-9.5384252071
-14.7884476185,-47.8714962006,-10.4933803082
-19.0710020065,-47.9068889618,-11.0184497833
-11.1415278912,-47.8253450394,-13.4651801586
-14.9566645622,-47.8576898575,-13.9060826302
-11.5309848785,-47.7909393311,-17.1395208836
29.4281172752,-38.9174003601,-46.8800945282
26.4162454605,-38.9567461014,-47.0134172440
23.4348607063,-38.9767618179,-47.3439683914
29.4192523956,-38.9317703247,-49.6501531601
26.5514273643,-38.9531011581,-50.0419769287
23.7081799507,-38.9579448700,-50.5628776550
29.5100879669,-38.9331359863,-52.3092098236
26.9652795792,-38.9457015991,-53.0748901367
24.2563343048,-38.9441394806,-53.8305530548
29.5301771164,-43.1392316818,-46.9984655380
26.5174322128,-43.1357603073,-47.1436910629
23.5348129272,-43.1220102310,-47.4837493896
29.5309600830,-43.1361551285,-49.7725667953
26.6629071236,-43.1237211227,-50.1773509979
23.8191003799,-43.0991334915,-50.7080440521
29.6324706078,-43.1256389618,-52.4342041016
27.0885071754,-43.1115913391,-53.2122097015
24.3781967163,-43.0832529068,-53.9779243469
29.6247014999,-47.3575811386,-47.0945892334
26.6004920006,-47.3069715500,-47.2565984726
23.6127824783,-47.2572174072,-47.6074810028
29.6362156868,-47.3367137909,-49.8795328140
26.7600831985,-47.2841959000,-50.2976646423
23.9128031731,-47.2268333435,-50.8368320465
29.7543082237,-47.3139400482,-52.5479621887
27.2048478127,-47.2661905289,-53.3369064331
24.4898452759,-47.2061262131,-54.1097478867
61.4617033005,-52.5757493973,-116.5960006714
61.6340885162,-52.5105171204,-112.6368789673
57.1332626343,-52.5524272919,-116.3455295563
57.2733030319,-52.4905424118,-112.3760795593
57.4132652283,-52.4449529648,-108.4004001617
52.8154115677,-52.5226669312,-116.1086006165
52.9367198944,-52.4763250351,-112.1497764587
53.1031532288,-52.4119634628,-108.1748008728
61.3358917236,-57.0512895584,-116.7113246918
61.4815530777,-56.9341316223,-112.7631530762
57.0793600082,-56.9563112259,-116.4464492798
57.1952009201,-56.8521862030,-112.4947986603
57.3127937317,-56.7321901321,-108.5386753082
52.7833251953,-56.8699169159,-116.2181529999
52.8794412613,-56.7910766602,-112.2829227448
53.0380926132,-56.6621513367,-108.3200016022
61.2623319626,-61.5130119324,-116.7383480072
61.4127702713,-61.3287229538,-112.7708263397
61.5403041840,-61.0963048935,-108.8184509277
57.0382575989,-61.3830690384,-116.4886226654
57.1478376389,-61.2194414139,-112.5347499847
57.2787656784,-61.0012874603,-108.5769252777
52.7386522293,-61.2815303802,-116.3212490082
52.8273124695,-61.1382474899,-112.3752994537
53.0013446808,-60.9160871506,-108.3989543915
47.7900400162,-2.1471642852,-125.9795703888
47.8302326202,-2.1526038647,-121.8090286255
47.9071645737,-2.1577505469,-117.6529769897
43.2706928253,-2.1299800277,-125.6493225098
43.3806056976,-2.1287084818,-121.3689289093
43.6194200516,-2.1327668428,-117.1742248535
38.4227323532,-2.1168799996,-125.3086223602
38.6597042084,-2.1004040837,-120.8406772614
39.2009801865,-2.1061990857,-116.5718498230
47.6244974136,-6.4313012362,-126.4012260437
47.6665315628,-6.4419974089,-122.1518039703
47.7935562134,-6.4544264078,-117.9268264771
43.1662607193,-6.4041600227,-126.1550521851
43.2638349533,-6.3918508291,-121.8078060150
43.5207347870,-6.3958964348,-117.5148010254
38.5585994720,-6.4025564194,-125.8589992523
38.7375097275,-6.3430218697,-121.3892517090
39.2252836227,-6.3424216509,-116.9576759338
47.5338783264,-10.6873705387,-126.7708015442
47.5606727600,-10.6962773800,-122.4827747345
47.6939954758,-10.7106754780,-118.2104988098
43.0705776215,-10.6753728390,-126.6115798950
43.1714210510,-10.6480216980,-122.2149276733
43.4414339066,-10.6453099251,-117.8583984375
38.4295349121,-10.6989703178,-126.4524269104
38.6593990326,-10.6091444492,-121.8999996185
39.1711006165,-10.5954999924,-117.3698749542
22.5386872292,-63.1034507751,-58.6300821304
19.1378679276,-63.0740394592,-59.1870641708
15.5840256214,-63.1478195190,-59.5076427460
23.7383003235,-63.1163797379,-62.1268577576
19.6661429405,-63.0640678406,-62.7739171982
15.2383031845,-63.0851917267,-63.1368103027
25.2615399361,-63.1905775070,-65.8581590652
20.3022375107,-63.1203355789,-66.4110126495
15.1346573830,-63.0540714264,-66.5791854858
22.5663824081,-66.9004726410,-58.6589593887
19.2464156151,-66.9146175385,-59.2142810822
15.8441579342,-67.1013336182,-59.4920644760
23.7914280891,-66.9198532104,-62.1580896378
19.8448476791,-66.9337387085,-62.8351268768
15.7383878231,-67.1170940399,-63.2495107651
25.3256220818,-67.0522003174,-65.9112510681
20.5440497398,-67.1137676239,-66.5032100677
15.7866227627,-67.3355007172,-66.8512954712
22.6365299225,-70.5682258606,-58.6270990372
19.4357233047,-70.5825843811,-59.1751451492
16.1606225967,-70.8444099426,-59.4812870026
23.8852252960,-70.5748996735,-62.1054143906
20.1014647484,-70.6124210358,-62.8051214218
16.2109773159,-70.9200153351,-63.3423643112
25.3648724556,-70.8505535126,-65.9328746796
20.8102517128,-71.1515235901,-66.6262321472
16.3501398563,-71.8773288727,-67.4852790833
19.8075056076,-51.6780281067,-28.8663678169
16.1717119217,-51.6876754761,-29.1500730515
12.5959293842,-51.6831741333,-29.4871177673
19.9770951271,-51.6057014465,-32.0399479866
16.3445389271,-51.6050395966,-32.3762431145
12.7770769596,-51.6006317139,-32.7596988678
20.0760207176,-51.5405521393,-35.2177248001
16.5073947906,-51.5293731689,-35.5864276886
12.9871771336,-51.5232191086,-36.0068473816
19.7957606316,-55.8769617081,-28.9647655487
16.1497147083,-55.8288345337,-29.2399506569
12.5652146339,-55.7952814102,-29.5731582642
19.9403076172,-55.7656459808,-32.1449871063
16.3060643673,-55.7218599319,-32.4771003723
12.7360069752,-55.6972751617,-32.8593196869
20.0235924721,-55.6684188843,-35.3302402496
16.4579870701,-55.6267890930,-35.6991748810
12.9371521473,-55.6090965271,-36.1223297119
19.7008156776,-60.0452814102,-29.0733113289
16.0693972111,-59.9402208328,-29.3362360001
12.4924702644,-59.8811168671,-29.6582107544
19.8242678642,-59.8886461258,-32.2645478249
16.2139201164,-59.8049011230,-32.5835671425
12.6557302475,-59.7654705048,-32.9562625885
19.8996171951,-59.7536725998,-35.4577331543
16.3588147163,-59.6868486404,-35.8173332214
12.8477447033,-59.6652746201,-36.2360887527
14.7210750580,-1.9037714303,-63.7521562576
14.2322721481,-1.9245595038,-67.8608264923
14.0716919899,-1.9928030670,-72.3138160706
19.2391548157,-1.9541397393,-64.2821130753
19.0292968750,-1.9904330373,-68.4095783234
18.9323816299,-2.0327313542,-72.6908702850
24.0146899223,-1.9890062809,-64.4833831787
23.7441864014,-2.0275357366,-68.8322162628
23.6391644478,-2.0587009788,-73.0880260468
14.8972129822,-5.8105807900,-64.9768400192
14.4209225178,-5.8820011616,-69.0705032349
14.3266267776,-6.0679612756,-73.3701705933
19.3487529755,-5.9341439009,-65.4099311829
19.1362218857,-6.0323111415,-69.4743022919
19.0452861786,-6.1480931044,-73.6423816681
24.0519003868,-6.0229598880,-65.5380640030
23.7653865814,-6.1230099201,-69.8108463287
23.6329603195,-6.2083992958,-73.9637489319
14.9320650101,-9.8621244431,-66.0137672424
14.4222652912,-9.9732193947,-70.1257820129
14.2831223011,-10.2184278965,-74.4132080078
19.4121170044,-10.0233860016,-66.3465595245
19.1749567986,-10.1628437042,-70.3893280029
19.0607471466,-10.3270776272,-74.5095233917
24.1345052719,-10.1412895918,-66.4027709961
23.8104376793,-10.2810215950,-70.6379909515
23.6501426697,-10.4059796333,-74.7339668274
6.1869402528,-13.8594050407,-55.8274183273
5.0149546266,-13.7067248821,-58.5698060989
3.7141002342,-13.6153802872,-62.2664527893
9.0781310797,-13.9764721394,-56.1064558029
8.5412474871,-13.8878521919,-59.0752563477
8.0436469316,-13.8840398788,-62.1030664444
12.1048777103,-14.0608544350,-56.2189350128
12.0106778145,-13.9942529202,-59.3724365234
11.8180165291,-13.9742751122,-62.5292558670
6.0490816832,-17.9706642628,-56.4921617508
4.8678371310,-17.8364975452,-59.2810907364
3.5906033888,-17.7688386440,-63.0134963989
8.9885778427,-18.0805046558,-56.7548713684
8.4460481405,-18.0062272549,-59.7720537186
7.9427324533,-18.0131299496,-62.8409967422
12.0687849522,-18.1665420532,-56.8417787552
11.9709548950,-18.1144328117,-60.0437755585
11.7707564831,-18.1114950180,-63.2423706055
5.9595257640,-22.1125416756,-57.0459346771
4.7528296709,-22.0082750320,-59.8697414398
3.4098937801,-21.9804477692,-63.6650762558
8.9352381229,-22.2130222321,-57.2962751389
8.3776841164,-22.1637501717,-60.3470649719
7.8541777134,-22.1940031052,-63.4480228424
12.0571804047,-22.2965297699,-57.3630619049
11.9471437931,-22.2680230141,-60.5992774963
11.7291839123,-22.2920150757,-63.8293075562
97.8852291107,-114.1914005280,-153.6923446655
97.8365650177,-114.3479499817,-149.9257316589
97.8151054382,-114.4114990234,-145.9874763489
93.6402950287,-113.6886749268,-153.5816955566
93.5130920410,-113.8931770325,-149.8984527588
93.4686031342,-114.0369300842,-146.0110015869
89.3843421936,-113.2304229736,-153.8351516724
89.2381000519,-113.4258518219,-150.0848236084
89.2109832764,-113.5829029083,-146.1174011230
97.8154907227,-118.0966224670,-153.7642250061
97.7555179596,-118.5200729370,-149.9951286316
97.7320480347,-118.6384220123,-146.0301971436
93.4397220612,-117.6550750732,-153.7579536438
93.2744274139,-118.0885009766,-150.0800514221
93.2184696198,-118.3468513489,-146.1350402832
89.1125831604,-117.1907520294,-154.0795745850
88.9083156586,-117.6064014435,-150.3458480835
88.8538780212,-117.8759784698,-146.3171424866
97.7324066162,-121.9363002777,-154.9820251465
97.6387443542,-122.6615257263,-150.4134330750
97.6052665710,-123.1617946625,-146.1986236572
93.1113700867,-121.6023254395,-155.2017440796
92.8209819794,-122.2539997101,-150.6534729004
92.7235851288,-122.8181972504,-146.3625221252
88.2956256866,-121.4925765991,-155.6871643066
87.7837696075,-122.0372505188,-151.0722427368
87.6325511932,-122.5380039215,-146.7013206482
9.6105428934,-27.0909123421,-5.9958417416
9.5915278196,-31.2603054047,-5.9972858429
9.5869647264,-35.4292316437,-6.0016520023
8.2536408901,-88.1087169647,-20.1551523209
4.9515287876,-88.1777935028,-20.2895650864
1.6747842319,-88.2803401947,-20.4070329666
8.4487806559,-87.7148475647,-23.5341315269
5.1093091369,-87.7982463837,-23.6554841995
8.6306692362,-87.3342590332,-26.8767375946
5.2890199423,-87.4292373657,-27.0018553734
8.2831006050,-91.9354763031,-20.2166223526
4.9782388806,-92.0198097229,-20.3426494598
1.7092195437,-92.1475486755,-20.4643578529
8.4690717459,-91.4639358521,-23.5992274284
5.1325249672,-91.5612640381,-23.7139601707
8.6415191889,-91.0337715149,-26.9543132782
8.3086420298,-95.7084922791,-20.3074626923
4.9481477737,-95.8046970367,-20.4409127235
1.4234851901,-96.1348037720,-20.7373409271
8.4676344395,-95.1218471527,-23.6773805618
5.0313225389,-95.2486457825,-23.8279776573
8.5655810833,-94.6759891510,-27.0610656738
-9.7898780107,-14.5685269833,-6.2049498558
-10.7024686337,-14.5761725903,-3.8331689835
-11.1411788464,-14.5810456276,-1.2872633281
-14.8610575199,-14.5385327339,-7.3144805431
-15.3954675198,-14.5573153496,-4.3763983250
-16.0518653393,-14.5737307072,-1.4549767375
-19.4381995201,-14.5037508011,-7.9913523197
-19.9610419273,-14.5262777805,-4.8016250730
-21.2611708641,-14.5583996773,-1.5884237885
-9.8000386953,-18.7336950302,-6.2203649282
-10.7023735046,-18.7423729897,-3.8399778008
-11.1399989128,-18.7477283478,-1.2892333808
-14.8694365025,-18.7012352943,-7.3436800241
-15.3779397011,-18.7243232727,-4.3886355758
-16.0137252808,-18.7415261269,-1.4581708014
-19.3816566467,-18.6660323143,-7.9984138012
-19.8638114929,-18.7012729645,-4.7985242009
-21.0406270027,-18.7318730354,-1.5844106674
-9.8148747683,-22.9006757736,-6.2351797819
-10.7072360516,-22.9092903137,-3.8467968106
-11.1410636902,-22.9145474434,-1.2912336531
-14.9117646217,-22.8699727058,-7.3753563166
-15.3965730667,-22.8934750557,-4.4037615657
-16.0349106789,-22.9095978737,-1.4625895619
-19.4897217751,-22.8408217430,-8.0331382751
-19.9374856949,-22.8807902336,-4.8180110455
-21.1839103699,-22.9060363770,-1.5913787484
89.9593524933,-77.0384235382,-178.3459548950
89.9920711517,-77.0133762360,-174.3777275085
89.9576969147,-81.1460437775,-178.3521041870
89.9891109467,-81.1021442413,-174.3801651001
89.9956645966,-81.0787906647,-170.4237785339
93.9629840851,-85.3012180328,-178.1554298401
89.9388217926,-85.2148132324,-178.2905311584
89.9464416504,-85.1505603790,-174.3040733337
89.9216651917,-85.1154136658,-170.3417739868
77.4498806000,-71.0643558502,-141.9607353210
77.3212547302,-75.8787345886,-142.0620841980
77.4871463776,-75.9511089325,-137.9679565430
60.9239788055,-27.3354477882,-152.1820945740
61.1632204056,-27.3555498123,-148.1957893372
61.2351751328,-27.3834500313,-144.2104759216
56.7378053665,-27.2644748688,-152.0302505493
57.2083387375,-27.2737994194,-148.0403251648
57.2332649231,-27.3126921654,-144.0674743652
52.4023399353,-27.1264724731,-151.6808776855
53.5609178543,-27.1251673698,-147.7891998291
53.4607162476,-27.1794605255,-143.9811248779
60.9261112213,-31.5522899628,-152.3172798157
61.1134757996,-31.5960412025,-148.3318519592
61.1564235687,-31.6262927055,-144.3453292847
56.7267103195,-31.4735822678,-152.1797256470
57.1180219650,-31.5187430382,-148.1941261292
57.0993661880,-31.5594911575,-144.2261543274
52.4333496094,-31.2698216438,-151.8373031616
53.4574708939,-31.3304080963,-147.9578323364
53.2882575989,-31.3680930138,-144.1585502625
60.8893299103,-35.7744007111,-152.4509773254
60.9895391464,-35.8614845276,-148.4708518982
60.9926481247,-35.9051494598,-144.4792785645
56.6045150757,-35.7040824890,-152.3247489929
56.8354034424,-35.8233594894,-148.3500022888
56.7495794296,-35.8833322525,-144.3913803101
52.0886135101,-35.5198945999,-152.0226936340
52.8071670532,-35.7370758057,-148.1342506409
52.4867954254,-35.7845859528,-144.3459281921
73.4724750519,-40.1517200470,-152.9517021179
69.3041915894,-40.1019754410,-152.8449287415
69.3980045319,-40.1733589172,-148.8002281189
69.5363712311,-40.1888856888,-144.7369689941
65.1075382233,-40.0561485291,-152.7315750122
65.1401977539,-40.1537208557,-148.7243766785
65.1849565506,-40.1899461746,-144.6895027161
73.4560394287,-44.4038705826,-153.1072235107
73.5717182159,-44.4843807220,-149.0213508606
69.2903347015,-44.3591489792,-153.0245666504
69.3403377533,-44.4521312714,-148.9650192261
69.4403553009,-44.4852275848,-144.8726234436
65.0928516388,-44.3180379868,-152.9560737610
65.0706605911,-44.4453077316,-148.9391441345
65.0856399536,-44.4968500137,-144.8711242676
73.4293117523,-48.6641941071,-153.2979278564
73.5048923492,-48.7641057968,-149.2010040283
69.2698917389,-48.6358489990,-153.2520256042
69.2749824524,-48.7481279373,-149.1805992126
69.3372116089,-48.8042869568,-145.0693778992
65.0582590103,-48.6185951233,-153.2735443115
64.9925193787,-48.7580480576,-149.2279739380
64.9856643677,-48.8237438202,-145.1146507263
35.5844602585,-14.9074707031,-100.8455734253
35.6659097672,-14.9124376774,-96.7115936279
35.8219814301,-14.9306924343,-92.5837173462
31.1931486130,-14.8777074814,-100.7412204742
31.2972698212,-14.8611798286,-96.5257854462
31.5643401146,-14.8681073189,-92.3073654175
26.6038098335,-14.8261296749,-100.7759723663
26.7840976715,-14.7797544003,-96.3637104034
27.2577114105,-14.8019845486,-91.9277381897
35.6146116257,-19.1405048370,-101.2292175293
35.7097272873,-19.1523475647,-97.1015319824
35.8834037781,-19.1811399460,-92.9758777618
31.2221174240,-19.1331100464,-101.1763172150
31.3327498436,-19.1188659668,-96.9740123749
31.6100773811,-19.1279330254,-92.7600746155
26.6529493332,-19.1239476204,-101.2457447052
26.8150758743,-19.0765399933,-96.8761177063
27.2886915207,-19.0908198357,-92.4489021301
35.6953887939,-23.3506469727,-101.5997486115
35.7996215820,-23.3669080734,-97.4820327759
35.9844913483,-23.4032196999,-93.3604850769
31.3012261391,-23.3795728683,-101.5871467590
31.4193634987,-23.3648219109,-97.3956699371
31.7013068199,-23.3724756241,-93.1859874725
26.6920404434,-23.4448151588,-101.7305755615
26.8795094490,-23.3888878822,-97.3607273102
27.3606853485,-23.3887791634,-92.9313907623
59.1770238876,-113.8268489838,-13.4399504662
55.3981781006,-113.6705780029,-13.3329555988
58.9546308517,-113.5249519348,-17.3520278931
55.1520404816,-113.2630004883,-17.1942501068
58.7504997253,-113.1691780090,-21.2973828316
54.8871507645,-112.8382263184,-21.1087279320
63.0749959946,-117.7530498505,-13.5915906429
59.2213382721,-117.6665248871,-13.5592002869
55.3951387405,-117.5465221405,-13.4554250240
62.8192873001,-117.5200767517,-17.5408906937
58.9395227432,-117.3206768036,-17.4753572941
55.0823516846,-117.1017189026,-17.3312566280
62.5886192322,-117.2433242798,-21.5144829750
58.6492471695,-116.9807510376,-21.4431438446
54.7370548248,-116.6713485718,-21.2678713799
62.9922447205,-121.7627983093,-13.7802045345
59.2147140503,-121.5535488129,-13.7167372704
55.4380903244,-121.3857994080,-13.5997748375
62.7122583389,-121.4104251862,-17.6958723068
58.8851470947,-121.1304759979,-17.6054830551
55.0671272278,-120.8746242523,-17.4525654316
62.4305992126,-121.0794258118,-21.6219973564
58.5327520370,-120.7494220734,-21.5162243843
54.6563644409,-120.3972969055,-21.3349623680
73.4085311890,-52.9407968521,-153.5058784485
73.4397697449,-53.0616168976,-149.4090499878
73.5288200378,-53.1430606842,-145.2906265259
69.2699241638,-52.9317636490,-153.4938812256
69.2187404633,-53.0609397888,-149.4172935486
69.2363090515,-53.1426658630,-145.2994956970
65.0741605759,-52.9378881454,-153.5980529785
64.9373006821,-53.0797529221,-149.5294723511
64.8958053589,-53.1612577438,-145.3769493103
73.3949985504,-57.2430915833,-153.7139511108
73.3803672791,-57.3882751465,-149.6196479797
73.4205112457,-57.5007266998,-145.5172462463
69.2889518738,-57.2457313538,-153.7221832275
69.1757392883,-57.3932094574,-149.6427726746
69.1431407928,-57.5033187866,-145.5228881836
65.1436767578,-57.2527179718,-153.8605117798
64.9151878357,-57.4027671814,-149.7858505249
64.8205089569,-57.5070343018,-145.6087188721
73.3726654053,-61.5826883316,-153.9187965393
73.3174266815,-61.7580022812,-149.8166007996
73.3187541962,-61.9032640457,-145.7129745483
69.2948074341,-61.5798101425,-153.9401206970
69.1290893555,-61.7506761551,-149.8468475342
69.0523319244,-61.8945236206,-145.7134475708
65.1989917755,-61.5570878983,-154.0894012451
64.9000473022,-61.7221403122,-149.9966011047
64.7507152557,-61.8610534668,-145.7913780212
69.7298641205,-14.8792262077,-140.1305313110
65.3257703781,-14.8709030151,-139.9107856750
65.2823991776,-15.0093801022,-135.9244499207
65.1051559448,-15.2837896347,-131.9406280518
65.3991384506,-19.0605072975,-140.1248283386
65.3186492920,-19.1639399529,-136.2051010132
65.0435924530,-19.3513998985,-132.3262519836
65.4412794113,-23.2391991615,-140.2925796509
65.3593492508,-23.2888898849,-136.3758049011
65.1146326065,-23.3767347336,-132.4477996826
97.9183654785,-77.1938686371,-214.1583251953
98.0096626282,-77.1854648590,-209.9031257629
98.0456867218,-77.1413726807,-205.9239807129
93.5965042114,-77.3670215607,-213.6338272095
94.0643177032,-77.3242359161,-209.7175025940
94.1862258911,-77.2126064301,-205.7669487000
89.0065479279,-77.3885116577,-213.3765754700
90.3389263153,-77.3259620667,-209.4351997375
90.4669284821,-77.1853847504,-205.5962715149
97.8744068146,-81.6432971954,-214.0676269531
97.9646244049,-81.4971275330,-209.8922233582
98.0117187500,-81.3903999329,-205.9010810852
93.4611701965,-81.9572639465,-213.5897598267
93.9247646332,-81.8191509247,-209.6870536804
94.0874366760,-81.5757484436,-205.7010231018
88.8381690979,-81.8947181702,-213.2420539856
90.1360511780,-81.8303833008,-209.3640480042
90.3334121704,-81.5685253143,-205.4736442566
97.8025016785,-86.6444530487,-214.3435516357
97.8660259247,-86.3450908661,-209.8883018494
97.9268531799,-85.9086742401,-205.7777557373
93.1330909729,-86.9437541962,-213.8285064697
93.5432472229,-86.6451148987,-209.6988983154
93.7766513824,-86.1184349060,-205.5463485718
88.0599899292,-86.8518466949,-213.5353584290
89.2560138702,-86.8164291382,-209.3929481506
89.5885448456,-86.3705177307,-205.2839469910
56.7489509583,-39.5060911179,-115.8833484650
56.9079084396,-39.4996805191,-111.8242244720
57.0894107819,-39.5454883575,-107.7848243713
52.5298299789,-39.7311487198,-115.7217273712
52.6926708221,-39.7283754349,-111.6336784363
52.8743772507,-39.7592506409,-107.5682029724
61.4582195282,-43.4976253510,-116.2202491760
57.0346317291,-43.7945184708,-116.0522766113
57.2077379227,-43.7759504318,-112.0278491974
57.3886556625,-43.8070659637,-108.0118961334
52.7290563583,-43.9492998123,-115.8665542603
52.8935737610,-43.9331016541,-111.8235015869
53.0770120621,-43.9416875839,-107.7919998169
61.5420942307,-48.0578908920,-116.4216022491
57.1418924332,-48.1618461609,-116.2090778351
57.3077077866,-48.1276664734,-112.2124271393
57.4769668579,-48.1330137253,-108.2133483887
52.8107442856,-48.2185335159,-115.9948005676
52.9605588913,-48.1895961761,-111.9953498840
53.1399726868,-48.1686601639,-107.9936981201
98.0306320190,-77.0921821594,-201.9510269165
98.0117816925,-77.0623779297,-197.9809761047
94.0944118500,-77.0845260620,-201.8711967468
94.0227832794,-77.0055274963,-197.9676208496
93.9734039307,-76.9943370819,-194.0380210876
90.1324634552,-77.0137786865,-201.8814964294
89.9874382019,-76.9073810577,-198.0342941284
89.9045639038,-76.9211406708,-194.1227760315
98.0219001770,-81.2797298431,-201.9247550964
98.0272541046,-81.2285518646,-197.9587783813
98.0170383453,-81.2185115814,-193.9901466370
94.0786666870,-81.2987174988,-201.7956733704
94.0839691162,-81.1582679749,-197.9053726196
94.0450038910,-81.1412467957,-193.9964675903
90.1486473083,-81.2007369995,-201.7498970032
90.1404132843,-80.9979743958,-197.9363174438
90.0493450165,-81.0269718170,-194.0742225647
97.9909343719,-85.4522266388,-201.8512573242
98.0386924744,-85.3933982849,-197.9123077393
98.0376510620,-85.3893527985,-193.9612045288
93.9750728607,-85.5045127869,-201.6195564270
94.1396408081,-85.3166179657,-197.7844848633
94.1244182587,-85.3071193695,-193.9199066162
89.9045372009,-85.5420913696,-201.4970970154
90.3172435760,-85.1080341339,-197.7458000183
90.2314376831,-85.1492938995,-193.9804992676
19.2345023155,-14.5040721893,-36.9879579544
16.0874598026,-14.5057001114,-37.1943683624
12.9303047657,-14.4950380325,-37.4395923615
19.2955336571,-14.4844293594,-40.0148324966
16.2617294788,-14.4789352417,-40.2295217514
13.1918120384,-14.4649751186,-40.4826192856
19.4251704216,-14.4462492466,-43.0716180801
16.4971423149,-14.4381303787,-43.2938337326
13.5183825493,-14.4236776829,-43.5394735336
19.3749327660,-18.6027293205,-37.1742620468
16.1597299576,-18.6127300262,-37.4324064255
12.9342324734,-18.6059031487,-37.7253904343
19.4305434227,-18.5670909882,-40.2579584122
16.3305823803,-18.5744194984,-40.5176219940
13.1939373016,-18.5657372475,-40.8144941330
19.5570025444,-18.5222601891,-43.3733692169
16.5646095276,-18.5268354416,-43.6349754333
13.5212550163,-18.5168099403,-43.9205846786
19.5264077187,-22.6935386658,-37.3729810715
16.2452499866,-22.7140727043,-37.6656694412
12.9597797394,-22.7133054733,-37.9952230453
19.5802550316,-22.6436681747,-40.4944610596
16.4169650078,-22.6657195091,-40.7885360718
13.2221400738,-22.6645922661,-41.1206626892
19.7026033401,-22.5951647758,-43.6489639282
16.6513056755,-22.6136932373,-43.9447088242
13.5528025627,-22.6101799011,-44.2640666962
73.1518230438,-39.8823728561,-165.1874008179
73.2824974060,-39.9606313705,-161.0853805542
73.3786144257,-40.0554046631,-157.0101852417
69.0254993439,-39.8568325043,-165.0458793640
69.1755695343,-39.9124698639,-160.9397773743
69.2464923859,-40.0021438599,-156.8824043274
65.0203180313,-39.7906265259,-164.7377738953
65.1232728958,-39.8249673843,-160.7010955811
65.1137533188,-39.9276180267,-156.7132453918
73.1500740051,-44.0958948135,-165.3809356689
73.2908077240,-44.1811866760,-161.2693061829
73.3825054169,-44.2900733948,-157.1815567017
69.0254249573,-44.0672855377,-165.2441596985
69.2090663910,-44.1213006973,-161.1297340393
69.2720451355,-44.2308359146,-157.0663528442
65.0397510529,-43.9633493423,-164.8957595825
65.2074327469,-43.9820003510,-160.8769569397
65.1712322235,-44.1304721832,-156.9137535095
73.1093540192,-48.3222713470,-165.6172561646
73.2840080261,-48.4130840302,-161.4880294800
73.3798141479,-48.5344600677,-157.3841590881
68.9134483337,-48.3265399933,-165.5241851807
69.2151927948,-48.3601188660,-161.3784866333
69.2950725555,-48.4831895828,-157.2966575623
64.6749906540,-48.3538246155,-165.2193794250
65.2486124039,-48.2023105621,-161.1389808655
65.2284297943,-48.3799057007,-157.1936759949
69.6987609863,-40.1270322800,-140.6504669189
65.2297239304,-40.1464748383,-140.6373176575
65.2707509995,-39.9979486465,-136.5643043518
65.2877845764,-39.6780118942,-132.4524078369
69.5807495117,-44.4440345764,-140.7460289001
65.1290845871,-44.4652442932,-140.7752418518
65.1977863312,-44.3407239914,-136.6624488831
65.2638521194,-44.1053419113,-132.5439796448
69.4521408081,-48.7989149094,-140.9271545410
69.5988368988,-48.7306604385,-136.7699241638
65.0242061615,-48.8148145676,-140.9770240784
65.1054706573,-48.7342224121,-136.8379516602
65.2012290955,-48.5911664963,-132.7210235596
93.4755153656,-114.1046237946,-142.0177497864
93.5108280182,-114.0978984833,-137.9753684998
93.5585803986,-114.0278244019,-133.9163703918
89.2338275909,-113.6685714722,-142.0460586548
89.2737331390,-113.6786479950,-137.9316482544
89.3179111481,-113.6149253845,-133.8179931641
97.7396926880,-118.6940708160,-142.0314521790
97.7700996399,-118.6841506958,-138.0084266663
93.2457599640,-118.4702720642,-142.1090393066
93.3341770172,-118.4480018616,-138.0257148743
93.4489841461,-118.2917270660,-133.9089546204
88.8981246948,-118.0144004822,-142.1984901428
89.0149002075,-118.0173015594,-138.0164871216
89.1659336090,-117.8686771393,-133.8084716797
97.6264820099,-123.3739185333,-142.1125488281
97.6943206787,-123.3353748322,-137.9533004761
97.7701549530,-123.0451526642,-133.8535995483
92.7922172546,-123.0828227997,-142.2745704651
93.0174293518,-123.0059509277,-138.1206207275
93.2926731110,-122.6294517517,-133.8419761658
87.7417430878,-122.7439041138,-142.5272712708
88.1726169586,-122.6756763458,-138.2951927185
88.8005046844,-122.2465496063,-133.8475036621
-1.3128253820,-52.0518140793,-10.5288090706
-3.8929858804,-52.0450029373,-10.0294058323
-6.4524523020,-52.0356235504,-9.3389713764
-1.5009760266,-51.9855470657,-13.8127899170
-4.5347640514,-51.9666814804,-13.6073372364
-7.6358115673,-51.9429559708,-13.3287575245
-1.5704695005,-51.9150829315,-17.1821353436
-4.8010783195,-51.8868017197,-17.1373982430
-8.0617326498,-51.8510513306,-17.0350432396
-1.3165488848,-56.2116079330,-10.5341193676
-3.8953930736,-56.2023458481,-10.0323107243
-6.4504252672,-56.1885042191,-9.3362383842
-1.5164845311,-56.1310377121,-13.8302152157
-4.5474057198,-56.1046981812,-13.6190273762
-7.6354274750,-56.0663309097,-13.3246996403
-1.6068447526,-56.0453157425,-17.2144205570
-4.8375070095,-56.0037374496,-17.1649832726
-8.0778634548,-55.9373321533,-17.0406773090
-1.3256078679,-60.3722515106,-10.5395417213
-3.9042339921,-60.3625755310,-10.0366020203
-6.4576745033,-60.3470640182,-9.3380296230
-1.5489857525,-60.2792959213,-13.8490579128
-4.5821694136,-60.2522850037,-13.6374278069
-7.6661103964,-60.2093725204,-13.3369870186
-1.6767834753,-60.1811380386,-17.2522952557
-4.9263992906,-60.1407146454,-17.2141683102
-8.1751418114,-60.0702714920,-17.0959799290
85.3461399078,-2.0800260901,-189.4415283203
85.3491458893,-2.0841943622,-185.4064979553
85.3429946899,-2.0876603723,-181.3709030151
81.1636505127,-2.0790062547,-189.2415046692
81.1716384888,-2.0838471055,-185.1997489929
81.1556110382,-2.0883779526,-181.1649093628
77.0208969116,-2.0757175684,-188.9748039246
77.0088729858,-2.0821702480,-184.9516258240
76.9620437622,-2.0883857012,-180.9405860901
85.3206176758,-6.2415864468,-189.4096260071
85.3436851501,-6.2533018589,-185.3713760376
85.3440532684,-6.2623831034,-181.3306121826
81.1419448853,-6.2415435314,-189.1940002441
81.1744499207,-6.2548508644,-185.1553993225
81.1557750702,-6.2656817436,-181.1236076355
77.0463237762,-6.2403570414,-188.8707427979
77.0328369141,-6.2557100058,-184.8919944763
76.9554176331,-6.2684133053,-180.9026527405
85.3107509613,-10.4065172672,-189.4144973755
85.3424472809,-10.4232501984,-185.3695220947
81.1375789642,-10.4109873772,-189.2124214172
81.1768569946,-10.4291675091,-185.1628150940
81.1587276459,-10.4424729347,-181.1237716675
77.0568046570,-10.4188928604,-188.9075241089
77.0408573151,-10.4371876717,-184.9161949158
76.9546966553,-10.4501626492,-180.9228172302
72.8623771667,-14.6907274723,-164.5339736938
72.9894390106,-14.7044527531,-160.4598426819
73.0939807892,-14.7184576988,-156.4208183289
68.6598644257,-14.6999077797,-164.2947311401
68.8153915405,-14.7147195339,-160.2206382751
68.9348831177,-14.7261419296,-156.1898384094
64.5411281586,-14.7121727467,-163.9186782837
64.6626567841,-14.7264249325,-159.9011878967
64.7564353943,-14.7301874161,-155.9174652100
72.9063014984,-18.8905777931,-164.6137466431
73.0441627502,-18.9114704132,-160.5384902954
73.1603584290,-18.9319677353,-156.5027694702
68.7051830292,-18.9029097557,-164.4066505432
68.8716735840,-18.9212303162,-160.3274421692
69.0034389496,-18.9366068840,-156.2964439392
64.5863409042,-18.9212474823,-164.0701560974
64.7191781998,-18.9339776039,-160.0433158875
64.8265581131,-18.9380698204,-156.0557708740
72.9544124603,-23.0908870697,-164.7049751282
73.0976963043,-23.1206297874,-160.6271209717
73.2186336517,-23.1500577927,-156.5906486511
68.7551136017,-23.1053318977,-164.5261993408
68.9272079468,-23.1277728081,-160.4421958923
69.0630836487,-23.1491270065,-156.4089241028
64.6344394684,-23.1298117638,-164.2234764099
64.7754230499,-23.1400918961,-160.1885223389
64.8880319595,-23.1460866928,-156.1964950562
-1.5807198053,-51.8441753387,-20.6021628380
-4.8978131413,-51.8088579178,-20.6563181877
-8.2049679756,-51.7571353912,-20.6275787354
-1.5564273484,-51.7756938934,-24.0736927986
-4.9058372974,-51.7376089096,-24.2014455795
-8.2021182775,-51.6746597290,-24.1991648674
-1.5104745366,-51.7132959366,-27.6038675308
-4.8801472783,-51.6841859818,-27.8196549416
-1.6450189652,-55.9584102631,-20.6495356560
-4.9743481874,-55.9025287628,-20.7056427002
-8.2650861740,-55.7933483124,-20.6625146866
-1.6427751996,-55.8715467453,-24.1303176880
-5.0163373947,-55.7981166840,-24.2633233070
-1.5980654676,-55.7899818420,-27.6607003212
-4.9876588583,-55.7030696869,-27.8732423782
-1.7709032025,-60.0824012756,-20.7087826729
-5.1786481738,-60.0347814560,-20.8085823059
-1.8240540496,-59.9804334641,-24.2014455795
-5.3520347476,-59.9049873352,-24.4050726891
-1.8077705136,-59.8833284378,-27.7252874374
65.4208326340,-66.1628112793,-116.9570236206
65.3890743256,-70.7741489410,-116.8345508575
65.6510438919,-70.4055938721,-112.7648315430
69.4435787201,-75.7837562561,-117.0116786957
65.2743206024,-75.6139240265,-116.6926765442
65.6073675156,-75.2037906647,-112.5358772278
65.8970689774,-74.2136840820,-108.3764972687
61.0445299149,-14.8456747532,-139.6956024170
60.8899145126,-14.9439649582,-135.7073249817
60.6693859100,-15.0989952087,-131.6887969971
56.8535699844,-14.8240451813,-139.5205993652
56.5816259384,-14.8902397156,-135.5476570129
56.3348836899,-14.9744899273,-131.5008316040
52.6743679047,-14.8235504627,-139.4959259033
52.2673969269,-14.8641221523,-135.5244026184
51.9989633560,-14.9084670544,-131.4084587097
61.1079006195,-19.0333175659,-139.9139747620
60.9151201248,-19.1103854179,-135.9592475891
60.6216735840,-19.2240347862,-131.9808273315
56.9170455933,-19.0029106140,-139.7597503662
56.6108942032,-19.0602383614,-135.8007812500
56.3122673035,-19.1281523705,-131.7669792175
52.7454700470,-18.9867935181,-139.7725791931
52.3070125580,-19.0296106339,-135.8015823364
51.9984807968,-19.0743470192,-131.6844825745
61.1443166733,-23.2115664482,-140.1009140015
60.9423713684,-23.2535238266,-136.1503524780
60.6472482681,-23.3071141243,-132.1595268250
56.9613151550,-23.1669163704,-139.9717788696
56.6424465179,-23.2075691223,-136.0132064819
56.3306131363,-23.2491426468,-131.9749031067
52.8209381104,-23.1104354858,-140.0196418762
52.3681383133,-23.1544232368,-136.0376739502
52.0392780304,-23.2032380104,-131.9102745056
36.9708976746,-39.7839307785,-90.6386337280
37.1135015488,-39.7928180695,-86.5713367462
37.2445526123,-39.7686643600,-82.4904994965
33.0385522842,-39.7150087357,-90.3963375092
33.1649274826,-39.7309541702,-86.2877063751
33.2194638252,-39.7164134979,-82.1969413757
29.2935485840,-39.6973810196,-90.1297035217
29.3355083466,-39.7373008728,-86.0266418457
29.1887779236,-39.7471017838,-81.9188938141
37.0902557373,-43.7929382324,-90.9096260071
37.2638759613,-43.7857685089,-86.8589420319
37.4586057663,-43.7390069962,-82.7594833374
33.1588277817,-43.6977367401,-90.6477451324
33.3187594414,-43.7191658020,-86.5495719910
33.4424066544,-43.7051725388,-82.4273204803
29.4880409241,-43.4783744812,-90.3721084595
29.5721154213,-43.5536355972,-86.2733516693
29.4942302704,-43.6074132919,-82.0864028931
37.0664987564,-47.8138027191,-91.1610012054
37.3543043137,-47.8058481216,-87.1175270081
37.9482841492,-47.8167209625,-82.8886165619
32.8769302368,-47.6911516190,-90.9078769684
33.1412310600,-47.7163038254,-86.8488292694
33.5343732834,-47.7120847702,-82.6926078796
28.4437003136,-47.2679910660,-90.7140617371
28.6806693077,-47.3755216599,-86.7594280243
29.0925846100,-47.4899644852,-82.5426559448
94.2368202209,-138.3012962341,-34.1310997009
94.2793674469,-138.3434791565,-30.1329112053
94.3045845032,-138.4182510376,-26.1427550316
90.5709896088,-137.6452178955,-34.1818056107
90.6416206360,-137.7242202759,-30.1917157173
90.6664409637,-137.8685989380,-26.2070717812
97.9312343597,-143.3564682007,-34.0630102158
97.9544792175,-143.3429870605,-30.0686407089
97.9689445496,-143.3780136108,-26.0779294968
93.8822612762,-142.5471916199,-34.1704893112
93.9482860565,-142.5492668152,-30.1906380653
93.9841995239,-142.6532135010,-26.2169852257
90.1379985809,-141.6176185608,-34.2422609329
90.2442512512,-141.6548194885,-30.2773027420
90.2828502655,-141.8171234131,-26.3160352707
93.0584278107,-146.7700538635,-34.2186298370
93.1645984650,-146.6030197144,-30.2409973145
93.1920566559,-146.8477287292,-26.2787127495
88.3146286011,-145.4598312378,-34.2997026443
88.5098094940,-145.3290748596,-30.3561267853
88.5127315521,-145.6483039856,-26.4216227531
65.4441938400,-27.4190168381,-140.4203300476
65.3672447205,-27.3911023140,-136.5012702942
65.1350812912,-27.3139338493,-132.5690689087
69.8597583771,-31.6252923012,-140.6515350342
65.4019765854,-31.6272583008,-140.5114059448
65.3384265900,-31.5408363342,-136.5845489502
65.1031017303,-31.3555974960,-132.6923522949
69.7952709198,-35.8589677811,-140.6412544250
65.3252372742,-35.8695030212,-140.5653266907
65.3138904572,-35.7405538559,-136.5675048828
65.2062406540,-35.4584484100,-132.5593566895
60.3979816437,-2.2603210807,-127.0062675476
60.4254522324,-2.3097512722,-122.9639987946
60.5326442719,-2.3424740434,-118.9281520844
56.2304744720,-2.2034983039,-126.6905422211
56.2516832352,-2.2294746637,-122.5895023346
56.3004436493,-2.2486602068,-118.4872798920
52.0246877670,-2.1693848968,-126.3367481232
52.0512437820,-2.1820563674,-122.2049026489
52.1030616760,-2.1920165420,-118.0770549774
60.5149803162,-6.7522994280,-127.1110477448
60.5091409683,-6.9017781019,-123.0167751312
60.6116418839,-7.0005966425,-118.9358253479
56.2478981018,-6.5802737474,-126.8755455017
56.2417564392,-6.6532571316,-122.7468261719
56.2988834381,-6.7073286772,-118.6139278412
51.9614791870,-6.4844042063,-126.6338005066
51.9709281921,-6.5177263021,-122.4571781158
52.0411520004,-6.5450770855,-118.2817516327
60.5486545563,-11.1524922848,-127.2856273651
60.4582052231,-11.3937551975,-123.1422290802
60.4717922211,-11.5426847935,-119.0153255463
56.2205638885,-10.8799448013,-127.1049556732
56.1548004150,-10.9823045731,-122.9481296539
56.1686096191,-11.0574321747,-118.7779026031
51.9002532959,-10.7473330498,-126.9271793365
51.8738336563,-10.7904498577,-122.7217540741
51.9291524887,-10.8273725510,-118.5075283051
-1.3443115633,-77.0068817139,-10.5273120403
-3.9137755632,-77.0168991089,-10.0125699043
-6.4588521719,-77.0254936218,-9.2992858887
-1.6077214312,-76.8503608704,-13.8169651031
-4.6151850820,-76.8863563538,-13.5718255043
-7.6672774553,-76.9222202301,-13.2221500874
-1.7839059755,-76.6951141357,-17.2074098587
-5.0047770143,-76.7703762054,-17.1228630543
-1.3381308890,-81.1545104980,-10.5183813572
-3.9063089490,-81.1713695526,-10.0008761883
-6.4509520531,-81.1892166138,-9.2855060101
-1.5870312229,-80.9590721130,-13.7899301052
-4.5899736285,-81.0160808563,-13.5365655422
-7.6404851675,-81.0800762177,-13.1826479435
-1.7435809802,-80.7658500671,-17.1620695591
-1.3278588327,-85.2935619354,-10.5092866421
-3.8965518475,-85.3168163300,-9.9893691540
-6.4443510771,-85.3458766937,-9.2737588882
-1.5525717139,-85.0396308899,-13.7608501911
-4.5551361442,-85.1140804291,-13.4990508556
-7.6144562960,-85.2090797424,-13.1460356712
-1.6767914044,-84.7831687927,-17.1100544930
47.4754590988,-100.2896842957,-23.2520012856
43.6962404251,-99.9774608612,-22.6369953156
51.0295286179,-100.1279811859,-27.7749543190
47.0897207260,-99.7945747375,-26.8927350044
43.3222169876,-99.4577598572,-26.0873079300
50.5578680038,-99.6462745667,-31.9927892685
46.5082321167,-99.2749099731,-30.4854846001
42.7795429230,-98.9482002258,-29.4537630081
51.2246103287,-104.2880249023,-24.1209192276
47.3264017105,-104.0146255493,-23.5369577408
43.5334835052,-103.6968040466,-22.9300761223
50.8479185104,-103.8353004456,-28.0823988914
46.8884267807,-103.4854507446,-27.2040100098
43.0858764648,-103.1385517120,-26.4101734161
50.3102216721,-103.2976245880,-32.2888822556
46.2474021912,-102.9101467133,-30.8054251671
42.4854755402,-102.5699768066,-29.7890977859
50.9485864639,-108.1456279755,-24.4216175079
47.0910663605,-107.7851009369,-23.8305525780
43.3134031296,-107.4120998383,-23.2306532860
50.5367002487,-107.6267013550,-28.3948588371
46.6054763794,-107.1924266815,-27.5173912048
42.8039894104,-106.7779502869,-26.7250928879
49.9484224319,-107.0172996521,-32.6058106422
45.9249715805,-106.5375232697,-31.1254310608
42.1601257324,-106.1297740936,-30.1136403084
89.5106296539,-101.0162754059,-142.0333480835
89.4430541992,-105.2397956848,-141.9995956421
89.4966487885,-105.1838474274,-137.9389648438
89.5463047028,-105.0982704163,-133.8881950378
93.5881881714,-109.8528976440,-141.9927253723
89.3599567413,-109.4468250275,-141.9974288940
89.3951492310,-109.4300975800,-137.9183959961
89.4295158386,-109.3710727692,-133.8471908569
73.2248821259,-65.1892023087,-166.5489006042
73.3822669983,-65.4719839096,-162.4197235107
73.4089488983,-65.7362546921,-158.2672309875
68.9941024780,-65.2561206818,-166.5420188904
69.4576835632,-65.5078420639,-162.4073677063
69.4931621552,-65.7364673615,-158.2574501038
64.5620574951,-65.3007841110,-166.0816726685
65.8101472855,-65.4863624573,-162.1585464478
65.7623214722,-65.6847553253,-158.2126693726
73.2626380920,-69.4472808838,-166.9132270813
73.3379650116,-69.8316783905,-162.7710800171
73.3178596497,-70.1573219299,-158.5697021484
69.0117568970,-69.5566082001,-166.9718475342
69.3864727020,-69.8941535950,-162.8107261658
69.3605823517,-70.1330013275,-158.5820579529
64.6384534836,-69.5446453094,-166.4431419373
65.7410449982,-69.8796463013,-162.5434303284
65.6072025299,-70.0838642120,-158.5320816040
73.2048397064,-73.8817577362,-167.6836090088
73.1869468689,-74.3299465179,-163.3188591003
73.1359252930,-74.6781196594,-158.9950027466
68.7387046814,-74.1969432831,-168.1481323242
69.0988159180,-74.3916835785,-163.4950561523
68.9971237183,-74.5104770660,-159.0067062378
64.0905704498,-74.3388156891,-167.6929817200
65.0959787369,-74.6717414856,-163.2106781006
64.8077354431,-74.8103065491,-158.9724273682
9.6418994665,-26.8085803986,-38.6589441299
6.2393047810,-26.7813992500,-39.1550493240
2.7796260417,-26.7375521660,-39.7534818649
9.9846520424,-26.7511034012,-41.8144378662
6.6423323154,-26.7186198235,-42.3288888931
3.2386525869,-26.6653242111,-42.9839296341
10.4098155499,-26.6886982918,-44.9604234695
7.1459938288,-26.6495656967,-45.4603624344
3.8156780303,-26.5843105316,-46.1474151611
9.6576722860,-30.9244799614,-38.9073867798
6.2206982374,-30.9106826782,-39.4340963364
2.7266480476,-30.8885841370,-40.0701580048
10.0139093399,-30.8615245819,-42.0805768967
6.6398086548,-30.8414554596,-42.6253414154
3.2035562098,-30.8094639778,-43.3210430145
10.4558529854,-30.7939276695,-45.2403430939
7.1659029722,-30.7636513710,-45.7657289505
3.8077967465,-30.7148900032,-46.4894256592
9.6909780502,-35.0405120850,-39.1246547699
6.2298761606,-35.0405788422,-39.6820058823
2.7109467089,-35.0435791016,-40.3621292114
10.0650811195,-34.9735288620,-42.3082876205
6.6705049276,-34.9670381546,-42.8839445114
3.2108067572,-34.9621839523,-43.6322221756
10.5311398506,-34.9011249542,-45.4720287323
7.2293354273,-34.8810806274,-46.0204353333
3.8541280031,-34.8551530838,-46.7928590775
66.4193763733,-117.1591720581,-25.4926095009
66.2863636017,-117.0528507233,-29.5431547165
66.2376842499,-117.0645999908,-33.6274180412
70.1257915497,-121.2759494781,-25.5784974098
66.1089153290,-121.1704254150,-25.6747188568
73.8472309113,-121.3506259918,-29.5961174965
70.0806255341,-121.1063232422,-29.5705170631
65.9739532471,-121.2156486511,-29.7056188583
73.7815742493,-121.4190502167,-33.7616438866
69.9538974762,-121.5156230927,-33.7780313492
65.9581861496,-121.6289443970,-33.7791333199
60.7254123688,-27.3839406967,-163.9123268127
60.6715536118,-27.3623824120,-160.0809745789
60.7188339233,-27.3404698372,-156.1473197937
56.6297512054,-27.4610648155,-164.0051269531
56.3761501312,-27.4033269882,-160.0997467041
56.3661022186,-27.3214974403,-156.0357437134
52.4016580582,-27.5620460510,-165.4568748474
52.0065050125,-27.4696717262,-160.4956207275
51.6890497208,-27.2835674286,-155.8355674744
60.8259248734,-31.5662069321,-164.0568542480
60.7617473602,-31.5388989449,-160.2200775146
60.7741947174,-31.5307631493,-156.2833747864
56.7438287735,-31.6865701675,-164.1483535767
56.4798183441,-31.6059284210,-160.2501983643
56.4301300049,-31.5116491318,-156.1868972778
52.5707521439,-31.9717607498,-165.5646018982
52.1534385681,-31.7958650589,-160.6606483459
51.8217487335,-31.4710955620,-156.0046958923
60.9828090668,-35.6757392883,-164.1685981750
60.8924980164,-35.6577329636,-160.3348464966
60.8343296051,-35.6947994232,-156.4073715210
56.9347877502,-35.8122138977,-164.2312698364
56.6209239960,-35.7216854095,-160.3702468872
56.4676132202,-35.6679944992,-156.3251190186
52.5200214386,-36.5455217361,-165.7162246704
52.0717849731,-36.2487487793,-160.9317245483
51.6802873611,-35.7572908401,-156.2544670105
61.8572025299,-76.8444709778,-103.6202239990
61.9795904160,-76.6509056091,-100.0717582703
61.9987621307,-76.4874973297,-96.3982257843
57.7616453171,-76.7818317413,-103.5189743042
57.9413337708,-76.6409072876,-100.0222530365
57.8945608139,-76.5409469604,-96.3836040497
53.7601690292,-76.7640361786,-103.3627510071
54.1211385727,-76.6138095856,-99.9913272858
53.9463891983,-76.5848979950,-96.4658775330
61.7741451263,-80.5912189484,-103.3861236572
61.9275131226,-80.6187877655,-99.9837856293
61.9897918701,-80.5197925568,-96.3400154114
57.7525033951,-80.6287174225,-103.4332218170
57.9952535629,-80.7146530151,-100.0355548859
57.9706468582,-80.6338081360,-96.3954467773
53.8335371017,-80.8157882690,-103.3816776276
54.3052549362,-80.9157829285,-100.0878562927
54.1025896072,-80.8142642975,-96.5385971069
61.6141328812,-84.3236789703,-104.2072772980
61.8622560501,-84.5542907715,-100.3494777679
61.9414024353,-84.5329475403,-96.4892292023
57.5387897491,-84.4557189941,-104.6444473267
57.9667301178,-84.7611732483,-100.5435028076
57.9719572067,-84.7031764984,-96.5969600677
53.3314723969,-85.3020782471,-104.9255485535
54.1100740433,-85.4791450500,-100.7897262573
54.0043315887,-85.1398639679,-96.8390560150
-1.0948842838,-2.0834298748,-10.2181892395
-3.5669679046,-2.0813974581,-9.7393815517
-6.0599192381,-2.0763335307,-9.0756769180
-0.8918039799,-2.0838294029,-12.9505374432
-3.6631010771,-2.0790041089,-12.7787797451
-6.5994613171,-2.0697437525,-12.5691874027
-0.6355281621,-2.0844842196,-15.8624556065
-3.5172073543,-2.0789023638,-15.8237702847
-6.5060971975,-2.0700617433,-15.7831850052
-1.1649743952,-6.2491153479,-10.3125166893
-3.7055895329,-6.2445050478,-9.8136909008
-6.2313355207,-6.2352083921,-9.1214821339
-1.0620563924,-6.2477356195,-13.1735346317
-3.9813962579,-6.2364299297,-12.9678742886
-6.9961866140,-6.2175807953,-12.7051498890
-0.8612635881,-6.2463432550,-16.1411626339
-3.9115269184,-6.2319741249,-16.0888295174
-7.0418639183,-6.2109222412,-16.0312845707
-1.2083845716,-10.4132871628,-10.3622341156
-3.7698345184,-10.4080646038,-9.8608198166
-6.3082036972,-10.3999223709,-9.1673347950
-1.1832198426,-10.4068293571,-13.3095974922
-4.1571835876,-10.3932397366,-13.1012697220
-7.2057223320,-10.3736648560,-12.8346247673
-1.0443477333,-10.3995447159,-16.3419704437
-4.1705895662,-10.3801920414,-16.2937822342
-7.3550392389,-10.3535172939,-16.2348551750
29.3056273460,-76.3026714325,-29.4247617722
25.8693723679,-76.1003818512,-29.4069890976
22.4369726181,-75.9343700409,-29.4628725052
29.1327280998,-76.0719394684,-32.6265254021
25.8121075630,-75.8449630737,-32.5902400017
22.4683876038,-75.6687393188,-32.6516780853
28.9558582306,-75.7981815338,-35.7675161362
25.7428398132,-75.5801563263,-35.7438383102
22.4931821823,-75.4109020233,-35.8274297714
29.1631846428,-79.8951892853,-29.6250915527
25.7350268364,-79.7710781097,-29.5805382729
22.3226351738,-79.6622028351,-29.6082696915
28.9873523712,-79.6450176239,-32.8077383041
25.6636977196,-79.5007991791,-32.7620282173
22.3397331238,-79.3778743744,-32.8022384644
28.8098220825,-79.3683719635,-35.9431123734
25.5914549828,-79.2193107605,-35.9149475098
22.3601307869,-79.0923309326,-35.9806108475
29.0420951843,-83.5183963776,-29.8367648125
25.6251115799,-83.4437866211,-29.7669796944
22.2325544357,-83.3750057220,-29.7660479546
28.8559641838,-83.2370815277,-33.0059533119
25.5382399559,-83.1503620148,-32.9491109848
22.2329130173,-83.0675811768,-32.9675822258
28.6723198891,-82.9365386963,-36.1343183517
25.4568829536,-82.8382625580,-36.1012592316
22.2428107262,-82.7413883209,-36.1485500336
10.7830288410,-89.6592063904,-1.2742715039
10.3534870148,-89.6235809326,-3.7934794426
9.5010309219,-89.5536823273,-6.1450132132
14.6366949081,-89.8216114044,-1.4056580961
14.2850401402,-89.7225685120,-4.2224200964
13.9829275608,-89.5472393036,-7.0788222551
18.4420342445,-89.9874286652,-1.4691334963
18.1278624535,-89.8437805176,-4.4222375154
17.9340629578,-89.6053466797,-7.4124683142
10.7662217617,-93.7775001526,-1.2788061819
10.3515638113,-93.7477416992,-3.8052113056
9.5088654757,-93.6715373993,-6.1623175144
14.5972974300,-93.8548107147,-1.4178290069
14.2891001701,-93.7635803223,-4.2535744309
14.0120952129,-93.5781421661,-7.1230026484
18.4119820595,-93.9480552673,-1.4866357446
18.1684770584,-93.8046016693,-4.4654855728
18.0055980682,-93.5611400604,-7.4708003998
10.7611315250,-97.9166412354,-1.2834045269
10.3555335999,-97.8897209167,-3.8189922571
9.5201756954,-97.8054542542,-6.1839127541
14.5843150616,-97.9346599579,-1.4297587872
14.3065450191,-97.8556613922,-4.2867876887
14.0470449924,-97.6567382812,-7.1752638817
18.4012627602,-97.9690628052,-1.5027590692
18.2081823349,-97.8501625061,-4.5097537637
18.0671553612,-97.5976142883,-7.5383634567
81.7385082245,-99.6542644501,-117.7256031036
77.8520736694,-99.2816104889,-117.5697784424
77.9020919800,-99.3282947540,-113.5535507202
77.8803787231,-99.3542747498,-109.5166244507
81.5665321350,-104.0031528473,-117.6406517029
81.6083412170,-103.9669551849,-113.6473274231
81.6302070618,-103.8771495819,-109.6326732635
77.7198276520,-103.5202999115,-117.5024509430
77.7800216675,-103.5235538483,-113.4935779572
77.7600288391,-103.5458736420,-109.4689521790
85.3618907928,-108.7491016388,-117.6824531555
85.3956375122,-108.6900272369,-113.7043018341
81.1526336670,-108.3769016266,-117.5673789978
81.2050209045,-108.3340282440,-113.6045036316
81.2359008789,-108.2823200226,-109.6253261566
76.8335113525,-107.9129772186,-117.4366512299
76.9170627594,-107.8740997314,-113.5064525604
76.9386672974,-107.9437446594,-109.5620059967
97.7965736389,-2.0731810927,-238.4154739380
97.7679100037,-2.0908486247,-234.1621208191
97.8132495880,-2.0943768024,-230.0432968140
93.3093738556,-2.0943121910,-238.8213958740
93.2372131348,-2.1136022210,-234.4453239441
93.2244472504,-2.1184419990,-230.1503448486
88.7068042755,-2.1427760720,-239.2036514282
88.6959915161,-2.1446563601,-234.6019515991
88.3865318298,-2.1502994895,-230.2084732056
97.8485031128,-6.2822041512,-238.3729095459
97.7929039001,-6.2965646982,-234.0968284607
97.7633056641,-6.2941185236,-230.0420494080
93.4522705078,-6.3955183029,-238.4035072327
93.3688259125,-6.3979578018,-234.2819786072
93.2504444122,-6.3892539740,-230.1145706177
89.0725955963,-6.5260978937,-238.7621040344
89.0635414124,-6.5156358480,-234.4157257080
88.7035942078,-6.5174077749,-230.1141738892
97.8701915741,-10.5365171432,-238.5369262695
97.8080120087,-10.5259923935,-234.0893516541
97.7588539124,-10.5047574043,-230.0416030884
93.4801845551,-10.7664546967,-238.4236030579
93.4119396210,-10.7318673134,-234.2755241394
93.2652301788,-10.6834349632,-230.1257781982
89.0173263550,-10.9413695335,-238.9025039673
89.0995044708,-10.9209973812,-234.4855766296
88.7215938568,-10.8967769146,-230.2075271606
36.6630973816,-2.0988292694,-74.9489574432
36.8914470673,-2.0533796847,-70.7181377411
36.8253049850,-1.9807459712,-66.2023715973
32.4312763214,-2.0778367519,-74.3040351868
32.6493244171,-2.0284976065,-70.1891002655
32.7534108162,-1.9653329849,-66.2809085846
28.1333398819,-2.0698530078,-73.6308860779
28.2908544540,-2.0346804261,-69.4138641357
28.6020851135,-1.9930915236,-65.2318801880
36.7793436050,-6.3163329363,-75.5034713745
37.0399160385,-6.2064794898,-71.4100723267
37.1008844376,-6.0411065221,-67.1383323669
32.4549179077,-6.2599099874,-75.0092945099
32.6608400345,-6.1423234344,-71.0756092072
32.8083543777,-5.9961451888,-67.3707675934
28.0886154175,-6.2373558283,-74.4481163025
28.2518343925,-6.1481732130,-70.3976249695
28.5545172691,-6.0450087786,-66.3281612396
36.8893613815,-10.5675830841,-76.0070056915
37.2098073959,-10.4276702404,-71.9970474243
37.3982715607,-10.2242652178,-67.8353176117
32.5169363022,-10.4840023518,-75.6260108948
32.7590937614,-10.3377075195,-71.7802982330
32.9744310379,-10.1607626677,-68.1664657593
28.1142325401,-10.4476170540,-75.1473884583
28.3075079918,-10.3266789913,-71.1701698303
28.6596326828,-10.1890668869,-67.1565437317
73.0357437134,-2.0736849308,-188.5101242065
72.8543090820,-2.0805225372,-184.6756744385
72.7382888794,-2.0870952606,-180.7126541138
69.1345882416,-2.0717736483,-188.4196777344
68.6455516815,-2.0785236955,-184.5837707520
68.3204212189,-2.0851215124,-180.5316238403
65.1925067902,-2.0474739075,-189.4523010254
64.4020280838,-2.0677927732,-184.7742195129
63.6659288406,-2.0839738250,-180.3974189758
73.1298503876,-6.2443399429,-188.3714485168
72.9025020599,-6.2582665682,-184.6216239929
72.7110958099,-6.2706135511,-180.7003288269
69.1905403137,-6.2442597151,-188.3993568420
68.7266464233,-6.2609689236,-184.6164093018
68.3730220795,-6.2757450342,-180.6002807617
65.3055543900,-6.2093284130,-189.6548042297
64.6293582916,-6.2598112822,-184.9569053650
63.9599657059,-6.2978659868,-180.5766525269
73.1466751099,-10.4339799881,-188.4462013245
72.9117622375,-10.4479370117,-184.6840782166
72.7036590576,-10.4592795372,-180.7622032166
69.1755790710,-10.4352598190,-188.5567512512
68.7226905823,-10.4546396732,-184.7599258423
68.3665618896,-10.4715499878,-180.7478523254
65.1671600342,-10.3974354267,-189.9943199158
64.5619840622,-10.4559075832,-185.2537002563
63.9110097885,-10.4990372658,-180.8917236328
47.6197729111,-27.3489780426,-127.7958793640
47.5529699326,-27.3890585899,-123.5034503937
47.6334400177,-27.3995051384,-119.2217769623
43.2453613281,-27.4250669479,-127.7276763916
43.2560424805,-27.4499235153,-123.3482265472
43.4905252457,-27.4372467995,-118.9953479767
38.6093349457,-27.6636071205,-127.6508255005
38.7773532867,-27.5692048073,-123.1627769470
39.2776699066,-27.4998064041,-118.6527481079
47.7628498077,-31.4736394882,-127.8972740173
47.7008008957,-31.5335450172,-123.6500740051
47.7886352539,-31.5378241539,-119.4065265656
43.4839878082,-31.5342636108,-127.8004245758
43.4281740189,-31.6192827225,-123.5088214874
43.6459732056,-31.6000380516,-119.2016716003
38.9855394363,-31.8356680870,-127.7033767700
38.9746637344,-31.8076648712,-123.3584499359
39.4379463196,-31.6916623116,-118.8930988312
47.8681039810,-35.6572532654,-127.9573802948
47.8698472977,-35.7030563354,-123.7623252869
47.9872522354,-35.6877088547,-119.5609016418
43.6301050186,-35.7085866928,-127.9274787903
43.5872592926,-35.8062286377,-123.6818256378
43.8208713531,-35.7573947906,-119.3902740479
39.0319099426,-36.2401390076,-128.4372291565
39.0912580490,-36.0777978897,-123.7321281433
39.6014833450,-35.8556375504,-119.1509761810
73.3157863617,-65.9770154953,-154.1317062378
73.2281684875,-66.1894521713,-150.0015754700
73.2052097321,-66.3722858429,-145.8736991882
69.2503757477,-65.9439868927,-154.1646995544
69.0470695496,-66.1442432404,-150.0361785889
68.9412479401,-66.3328132629,-145.8694534302
65.2078104019,-65.8584022522,-154.3150253296
64.8643236160,-66.0453300476,-150.1811790466
64.6715030670,-66.2375698090,-145.9329566956
73.1854801178,-70.4448490143,-154.3771018982
73.0728511810,-70.7022933960,-150.1844253540
73.0475959778,-70.9392147064,-146.0071296692
69.0794467926,-70.3392143250,-154.4228286743
68.8648509979,-70.5780448914,-150.2236747742
68.7609863281,-70.8419170380,-145.9960212708
65.0178470612,-70.2132282257,-154.5831260681
64.6862897873,-70.4221458435,-150.3888473511
64.5058059692,-70.6897010803,-146.0719718933
72.9459915161,-74.9949226379,-154.6934585571
72.7900676727,-75.2983779907,-150.3601226807
72.8076648712,-75.6396408081,-146.0932273865
68.6941051483,-74.6686706543,-154.7302055359
68.5182075500,-74.9832687378,-150.3875198364
68.4676189423,-75.4309597015,-146.0493011475
64.1854038239,-74.8060398102,-154.9738235474
64.0263814926,-74.9980888367,-150.7500991821
64.0795736313,-75.3583755493,-146.3015518188
20.6539745331,-51.3036127090,-48.1284751892
17.6339945793,-51.2582826614,-48.5051012039
14.6007320881,-51.2296638489,-48.8406591415
21.0698900223,-51.2534122467,-51.4560108185
18.1157231331,-51.1963539124,-51.8479204178
15.1532278061,-51.1518096924,-52.1284923553
21.6649651527,-51.2172746658,-54.8532714844
18.6399803162,-51.1477279663,-55.2714109421
15.5981876850,-51.0822887421,-55.5011634827
20.6409096718,-55.3594465256,-48.2512025833
17.6179873943,-55.3157453537,-48.6329669952
14.5753970146,-55.3045787811,-48.9750432968
21.0788545609,-55.2974195480,-51.5769309998
18.1246833801,-55.2423534393,-51.9714813232
15.1627023220,-55.2127056122,-52.2488737106
21.6944127083,-55.2502880096,-54.9754104614
18.6688528061,-55.1763572693,-55.3977088928
15.6396119595,-55.1082973480,-55.6157846451
20.5800023079,-59.3618154526,-48.3747482300
17.5508801937,-59.3330230713,-48.7667922974
14.4785046577,-59.3615074158,-49.1290206909
21.0405468941,-59.2879095078,-51.6949319839
18.0816526413,-59.2518568039,-52.1000833511
15.0988795757,-59.2666139603,-52.3884248734
21.6746301651,-59.2307491302,-55.0938291550
18.6406998634,-59.1756277084,-55.5374050140
15.6029393673,-59.1485347748,-55.7672710419
14.8863277435,-26.6776971817,-68.6524562836
14.2978432178,-26.9665470123,-72.8419055939
14.1138248444,-27.4119625092,-77.1198158264
19.5684976578,-26.8177771568,-68.7446975708
19.2529478073,-27.1113643646,-72.8331222534
19.0867524147,-27.4718856812,-76.9584217072
24.4738993645,-26.9087910652,-68.5583248138
24.0419068336,-27.1737022400,-72.8358745575
23.8197927475,-27.4462070465,-76.9397182465
14.8819270134,-30.9461803436,-68.9874839783
14.2982075214,-31.3196768761,-73.1886196136
14.1513969898,-31.9486532211,-77.4891815186
19.6184673309,-31.0392651558,-69.0686435699
19.3061957359,-31.3942222595,-73.1835613251
19.1504549980,-31.9087505341,-77.3629493713
24.5592155457,-31.0937175751,-68.8525009155
24.1342272758,-31.3919878006,-73.1624393463
23.9268450737,-31.7482056618,-77.3146877289
14.8653120995,-35.1900882721,-69.2030067444
14.2573480606,-35.6278543472,-73.4051113129
14.0641350746,-36.6871871948,-77.9204082489
19.6866126060,-35.2183094025,-69.2785243988
19.3845734596,-35.6129474640,-73.3997402191
19.1966848373,-36.5054979324,-77.7689781189
24.6693511009,-35.2362699509,-69.0558280945
24.2752304077,-35.5433883667,-73.3832931519
24.0726375580,-36.0760898590,-77.6645164490
44.5259656906,-100.8132991791,-1.6312649548
44.6023778915,-101.0032730103,-4.9578816295
44.7021341324,-100.7626285553,-8.2951041460
48.8074178696,-105.8890743256,-1.7394210100
44.7912187576,-105.5913505554,-1.7039816976
48.6401662827,-105.7431716919,-5.2635687590
44.7274971008,-105.4636783600,-5.1482502818
52.2322330475,-105.7909736633,-9.0538330078
48.4594268799,-105.4376945496,-8.8392471075
44.6334342957,-105.1932735443,-8.6398792267
52.5103616714,-110.4842491150,-1.8253829777
48.7341165543,-110.2611007690,-1.7913146913
44.8992309570,-110.0970764160,-1.7580639422
52.2073879242,-110.2270259857,-5.5082132816
48.5099163055,-109.9645729065,-5.3999676108
44.7503929138,-109.7677268982,-5.2959720492
51.9806871414,-109.8754997253,-9.2325522900
48.2965621948,-109.6061725616,-9.0458394289
44.5780258179,-109.3880977631,-8.8666088581
81.4589729309,-86.4555683136,-142.2210960388
81.6690692902,-86.3643054962,-138.1981315613
76.9641895294,-86.0756187439,-142.0389251709
77.1997318268,-85.9948463440,-137.9409294128
77.3532619476,-85.9178333282,-133.8916206360
85.5334930420,-91.9288120270,-142.1761474609
81.2331066132,-91.2941303253,-142.0954513550
81.4444389343,-91.1536617279,-138.0291976929
81.5934123993,-90.9973716736,-133.9872970581
76.9316177368,-90.9532680511,-141.8807792664
77.1500701904,-90.8118686676,-137.8139305115
77.2800655365,-90.6826610565,-133.7847251892
85.3868026733,-96.2923870087,-142.0748481750
85.5297546387,-96.1524658203,-138.0150985718
81.1769790649,-95.8555927277,-141.9882278442
81.3708229065,-95.7022037506,-137.9054260254
81.4992485046,-95.5422592163,-133.8564529419
77.0313053131,-95.5902156830,-141.7587547302
77.2251224518,-95.4144306183,-137.7062263489
77.3333587646,-95.2510299683,-133.6915740967
74.3332691193,-126.5764999390,-14.0476970673
70.4629211426,-126.3684482574,-14.0641696453
66.6408195496,-126.0923480988,-14.0571472645
74.1516532898,-126.2317733765,-18.0167768002
70.2605361938,-125.9782238007,-18.0085172653
66.3947734833,-125.6668491364,-17.9746778011
74.0653209686,-125.8046493530,-21.9159102440
70.1500759125,-125.5094261169,-21.8567905426
66.2288570404,-125.1801776886,-21.7786536217
74.3128929138,-130.7251014709,-14.3305573463
70.3308105469,-130.4781799316,-14.3840346336
66.4049720764,-130.2245464325,-14.4055349827
74.1010570526,-130.3228225708,-18.3733372688
70.0875549316,-130.0165996552,-18.4172744751
66.1174335480,-129.7087478638,-18.4150199890
73.9757862091,-129.8489456177,-22.3158264160
69.9497241974,-129.4522247314,-22.3032226562
65.9499692917,-129.0665473938,-22.2342271805
74.0816364288,-135.0979995728,-14.6866757870
70.0493965149,-134.5926246643,-14.7838103771
66.0086641312,-134.4401512146,-14.8602857590
73.8341560364,-134.6246261597,-18.9175958633
69.7377433777,-134.0458030701,-19.0722975731
65.6494293213,-133.8119850159,-19.1763153076
73.4503631592,-134.2672538757,-23.3462767601
69.3891906738,-133.5013847351,-23.5718426704
65.2761135101,-133.0822792053,-23.6937294006
97.9671096802,-89.5022621155,-201.5768051147
98.0452232361,-89.5613861084,-197.8378562927
98.0479183197,-89.5850219727,-193.9231071472
93.8822555542,-89.5318889618,-201.1874580383
94.1873321533,-89.5025539398,-197.5982322693
94.1852378845,-89.5409584045,-193.8131828308
89.6637916565,-89.6663818359,-200.9054222107
90.5300159454,-89.3363265991,-197.4461746216
90.4448242188,-89.3746604919,-193.8159294128
97.9463920593,-93.4981880188,-201.5581283569
98.0194244385,-93.7662563324,-197.8451232910
98.0156040192,-93.8348388672,-193.9116477966
93.8002891541,-93.5823764801,-201.1409797668
94.1204738617,-93.7943935394,-197.5897979736
94.0999145508,-93.9173145294,-193.7645721436
89.5396041870,-93.6532077789,-200.6873970032
90.5146293640,-93.7374916077,-197.3435249329
90.3906135559,-93.7994232178,-193.7004470825
97.8741836548,-97.5692844391,-202.6275215149
97.9256629944,-98.0520954132,-198.1681404114
97.9101772308,-98.4548721313,-194.0156173706
93.5037708282,-97.6777515411,-202.3316230774
93.7566204071,-98.0891189575,-197.9565162659
93.6887493134,-98.4877834320,-193.8226966858
88.8968162537,-97.9484786987,-201.8422317505
89.6857738495,-98.3546218872,-197.7206306458
89.4184341431,-98.6213321686,-193.7609748840
20.3461475372,-74.5388183594,-48.7653999329
17.5011017323,-74.5441875458,-49.1207475662
14.6565420628,-74.6096267700,-49.4604578018
20.9482474327,-74.3875770569,-51.9773197174
18.2137370110,-74.3843517303,-52.3586196899
15.5169391632,-74.4496040344,-52.6674385071
21.7159166336,-74.2422618866,-55.2385025024
18.9647736549,-74.2169761658,-55.6609382629
16.2838900089,-74.2904033661,-55.9223489761
20.2376227379,-78.1599502563,-48.9104347229
17.3938624859,-78.1921272278,-49.2727642059
14.6257679462,-78.1114444733,-49.5701656342
20.8616943359,-77.9882850647,-52.0780811310
18.1302495003,-78.0006980896,-52.4743442535
15.5237321854,-77.8751983643,-52.7846698761
21.6466493607,-77.8026523590,-55.2630367279
18.9286208153,-77.7744064331,-55.6897878647
16.3775095940,-77.6606941223,-55.9975652695
20.0180501938,-81.7766933441,-49.1699571609
16.9458022118,-81.9653739929,-49.6483678818
13.7334098816,-81.8540458679,-50.1191511154
20.6705088615,-81.5857448578,-52.2562532425
17.6432116032,-81.7133026123,-52.7780284882
14.5074322224,-81.4108581543,-53.3181619644
21.4353251457,-81.3713150024,-55.3314800262
18.4220702648,-81.4693355560,-55.8557958603
15.3452272415,-81.4049568176,-56.5800161362
9.9741278887,-27.0920696259,-8.9973044395
11.0534076691,-27.0909428596,-12.4941999912
11.6132230759,-27.0829005241,-15.8180744648
15.2096099854,-27.1068224907,-15.6806018353
9.9465003014,-31.2580995560,-9.0110377073
11.0173606873,-31.2509012222,-12.5301301479
11.5791814327,-31.2354049683,-15.8773300648
15.1497149467,-31.2548122406,-15.7212347984
9.9420697689,-35.4220733643,-9.0278429985
11.0139498711,-35.4065151215,-12.5675277710
11.5798919201,-35.3812074661,-15.9342877865
14.7221431732,-35.4160423279,-12.5911345482
15.1613876820,-35.3882656097,-15.7635846138
48.3257284164,-27.5869846344,-102.2994785309
48.5918445587,-27.7370080948,-98.0690441132
48.9312620163,-27.9773254395,-93.7759952545
44.2400884628,-27.5411176682,-102.1727104187
44.4123811722,-27.6392035484,-98.0356330872
44.5724744797,-27.7967252731,-93.9380092621
40.0834045410,-27.5137968063,-102.0443229675
40.2056312561,-27.5681624413,-97.9482307434
40.3524169922,-27.6559391022,-93.8674736023
48.4703598022,-31.6844801903,-102.6884498596
48.6788949966,-31.8244209290,-98.5852108002
48.8428411484,-32.0621304512,-94.5484485626
44.3877725601,-31.6577367783,-102.5238780975
44.5366506577,-31.7477540970,-98.4460277557
44.6656522751,-31.8921580315,-94.4058475494
40.2558498383,-31.6351332664,-102.3708286285
40.3675308228,-31.6843323708,-98.3070201874
40.5034923553,-31.7629451752,-94.2498741150
48.6822500229,-35.7743291855,-103.0291767120
48.8684558868,-35.8847494125,-98.9872055054
49.0143299103,-36.0556926727,-94.9957733154
44.5752325058,-35.7555580139,-102.8389244080
44.7129306793,-35.8240776062,-98.8032264709
44.8355836868,-35.9288854599,-94.7949104309
40.4622945786,-35.7249641418,-102.6616287231
40.5660429001,-35.7622823715,-98.6294689178
40.6936635971,-35.8185043335,-94.5976467133
8.5826687813,-51.9236898422,-19.7947797775
5.1480205655,-51.8950433731,-20.1313867569
1.7665490443,-51.8702659607,-20.4230232239
8.7575131655,-51.8414182663,-23.1715526581
5.2810527682,-51.8202114105,-23.5175828934
1.8429873399,-51.8000288010,-23.8348102570
8.9006603956,-51.7576932907,-26.5342245102
5.3982535601,-51.7443809509,-26.9136805534
1.9245652817,-51.7310581207,-27.2845449448
8.5691010952,-56.0705699921,-19.8467221260
5.1171237230,-56.0273141861,-20.1790194511
1.7193185089,-55.9940671921,-20.4689407349
8.7328796387,-55.9708175659,-23.2328276634
5.2392313480,-55.9377660751,-23.5744919777
1.7814800523,-55.9093990326,-23.8895473480
8.8677853346,-55.8707380295,-26.6048197746
5.3512127995,-55.8486680984,-26.9790372849
1.8599162083,-55.8273086548,-27.3447976112
8.5119971037,-60.2025241852,-19.8998188972
5.0525649190,-60.1492662430,-20.2241921425
1.6345145379,-60.1149253845,-20.5140881538
8.6675988436,-60.0827665329,-23.2930316925
5.1610042453,-60.0435791016,-23.6259098053
1.6708747873,-60.0161914825,-23.9409561157
8.7979128361,-59.9645271301,-26.6703543663
5.2664062977,-59.9408960342,-27.0341420174
1.7370487520,-59.9228687286,-27.3956274986
10.0830153227,-64.7720909119,-9.1900066137
11.1570017338,-64.7189865112,-12.8505423069
11.6657102108,-64.5792446136,-16.3098845482
14.6886341572,-65.1613407135,-9.8057990074
15.0662491322,-65.0425186157,-12.9707121849
15.3905923367,-64.8188428879,-16.2171773911
19.1878590584,-65.6329545975,-12.9898102283
19.3919448853,-65.2116031647,-16.0650353432
10.0061699152,-68.9192409515,-9.2031989098
11.0182945728,-68.8349914551,-12.8970572948
11.4978728294,-68.6706600189,-16.3870725632
14.4836368561,-69.2928085327,-9.8216147423
14.7587573528,-69.1422958374,-13.0545399189
15.0572955608,-68.9098148346,-16.3621597290
18.3919372559,-69.6364288330,-13.1879556179
18.5978875160,-69.3005867004,-16.4025824070
9.9419826269,-73.0299968719,-9.2195692062
10.9138221741,-72.9011478424,-12.9406821728
11.3760852814,-72.7069244385,-16.4516923428
14.3522517681,-73.3426723480,-9.8421914577
14.5826346874,-73.1564807892,-13.1193525791
14.8680498600,-72.9079456329,-16.4619350433
18.4334030151,-73.7405643463,-9.9336128235
18.1653051376,-73.5321483612,-13.2699453831
18.3495845795,-73.2097473145,-16.5340194702
41.1083974838,-108.8043479919,-33.6151280403
40.2736787796,-108.0431232452,-36.5949821472
39.4437065125,-107.4287490845,-39.4072084427
44.4687519073,-109.3264007568,-34.7332372665
43.1542682648,-108.5144996643,-37.5275497437
41.9053001404,-107.8373260498,-39.9692974091
47.9938097000,-109.8800487518,-36.6480360031
45.8787145615,-108.9606704712,-39.2939300537
44.0694971085,-108.2558269501,-41.2642545700
40.4891271591,-112.0703735352,-33.9801511765
39.6744356155,-111.1733264923,-36.9129838943
38.8813047409,-110.5230274200,-39.6215581894
43.8408555984,-112.8059482574,-35.0826349258
42.5338716507,-111.8641986847,-37.8059167862
41.3068885803,-111.1758518219,-40.1208353043
47.4069452286,-113.5338973999,-37.0076923370
45.2797594070,-112.4356231689,-39.6214590073
43.4541635513,-111.6702251434,-41.4914541245
38.9337167740,-115.2291488647,-34.4533376694
38.0683603287,-114.0567989349,-37.2641296387
37.1322641373,-113.4979763031,-40.0916318893
42.8786678314,-116.2095241547,-35.5079689026
41.5733671188,-115.0261974335,-38.1177043915
40.2898664474,-114.3607978821,-40.3991479874
46.6488580704,-117.2504997253,-37.4447164536
44.5434188843,-115.8328514099,-40.0167884827
42.6417007446,-115.0082473755,-41.8415546417
47.7914113998,-27.4115099907,-114.9603023529
47.9502067566,-27.4405856133,-110.7264003754
48.1185998917,-27.4950571060,-106.5124759674
43.7855482101,-27.4332308769,-114.7090015411
43.9620923996,-27.4478244781,-110.4946269989
44.0948076248,-27.4814720154,-106.3245029449
39.8222446442,-27.4766507149,-114.3544006348
39.9499397278,-27.4736423492,-110.2309226990
40.0056724548,-27.4844198227,-106.1392250061
47.9541568756,-31.5374011993,-115.1801033020
48.1171340942,-31.5555419922,-110.9859752655
48.2823286057,-31.6011433601,-106.8243999481
43.9417552948,-31.5776906013,-114.9446983337
44.1212596893,-31.5793004036,-110.7603263855
44.2527780533,-31.6047720909,-106.6275253296
39.9872446060,-31.6269216537,-114.6082229614
40.1231536865,-31.6056575775,-110.5018749237
40.1822299957,-31.6094551086,-106.4347267151
48.1684904099,-35.6710071564,-115.3741226196
48.3390693665,-35.6761102676,-111.2226486206
48.5044918060,-35.7085113525,-107.1092491150
44.1268301010,-35.7116374969,-115.1533699036
44.3116140366,-35.7002611160,-110.9981975555
44.4449024200,-35.7157430649,-106.9013957977
40.1789855957,-35.7359857559,-114.8354740143
40.3263416290,-35.7014722824,-110.7378520966
40.3904657364,-35.7034053802,-106.6944026947
94.3266468048,-138.5353202820,-22.1681027412
94.3657989502,-138.6886024475,-18.1874852180
94.4291801453,-138.9032783508,-14.1915178299
90.6832561493,-138.0550727844,-22.2363524437
90.7349739075,-138.2781028748,-18.2506499290
90.8326454163,-138.5634002686,-14.2400197983
97.9848518372,-143.4215507507,-22.1012959480
98.0066986084,-143.4466781616,-18.1117022038
98.0334930420,-143.5330276489,-14.1157245636
94.0192432404,-142.7626380920,-22.2718009949
94.0745792389,-142.8778190613,-18.2964253426
94.1535110474,-143.1072196960,-14.3001449108
90.3082580566,-141.9997520447,-22.3795175552
90.3749694824,-142.1990203857,-18.4057421684
90.4972133636,-142.5213165283,-14.3967897892
93.2436428070,-146.9431495667,-22.4274153709
93.3311042786,-146.9095993042,-18.4596099854
93.4147109985,-147.3006477356,-14.4930522442
88.5225944519,-145.8467292786,-22.5843000412
88.6308917999,-145.9194297791,-18.6030697823
88.7740764618,-146.4443016052,-14.5812203884
36.3415803909,-27.6322512627,-89.6373081207
36.5667600632,-27.6715250015,-85.5591716766
36.8570022583,-27.6638150215,-81.5098857880
32.1677832603,-27.5958356857,-89.4271278381
32.3798422813,-27.5954980850,-85.3456497192
32.5832037926,-27.5465130806,-81.3259830475
28.0285229683,-27.6796855927,-89.1327953339
28.1523346901,-27.6533584595,-85.0979766846
28.2328619957,-27.5639405251,-81.1059188843
36.5202522278,-31.7414522171,-89.9988918304
36.7141113281,-31.7805371284,-85.9136905670
36.9496622086,-31.7859001160,-81.8394985199
32.3818349838,-31.7281069756,-89.7891597748
32.5649251938,-31.7294216156,-85.7001247406
32.7256660461,-31.6889252663,-81.6596660614
28.2653002739,-31.8814811707,-89.5139923096
28.3633952141,-31.8562254906,-85.4728069305
28.4007582664,-31.7699661255,-81.4635486603
36.7447319031,-35.7826519012,-90.3350067139
36.9071512222,-35.8115863800,-86.2525463104
37.0873537064,-35.8164625168,-82.1658210754
32.6864509583,-35.7622766495,-90.1149120331
32.8364539146,-35.7698097229,-86.0167655945
32.9400548935,-35.7430849075,-81.9536552429
28.6627955437,-35.9279012680,-89.8537273407
28.7344732285,-35.9265060425,-85.7963104248
28.6938934326,-35.8721704483,-81.7618370056
85.0449161530,-125.5008525848,-93.5387115479
85.1578845978,-125.5408020020,-89.6474781036
85.2967605591,-125.5881729126,-85.7648906708
80.6975116730,-124.9935760498,-93.2466926575
80.8731117249,-125.0332489014,-89.3889827728
81.0340957642,-125.0750026703,-85.5632438660
76.1451492310,-124.4179000854,-92.6936626434
76.4643306732,-124.4333724976,-88.9231414795
76.5683441162,-124.4737510681,-85.2067356110
84.7592601776,-129.7929477692,-93.5754928589
84.8475036621,-129.8386249542,-89.6964969635
84.9849777222,-129.9462471008,-85.8021564484
80.3626747131,-129.3002471924,-93.3480110168
80.5009689331,-129.3854236603,-89.4883079529
80.6438522339,-129.4867248535,-85.6260967255
75.9626617432,-128.8316230774,-92.9202480316
76.2407779694,-128.9737472534,-89.1222553253
76.2525691986,-129.0680274963,-85.3060112000
84.2942733765,-134.2400245667,-93.8473834991
84.4931583405,-134.0804519653,-89.8600978851
84.6590690613,-134.3669738770,-85.9204196930
79.6651744843,-133.7971496582,-93.9619216919
80.0000820160,-133.6607017517,-89.7736835480
80.2051410675,-133.9048995972,-85.7841987610
75.0055694580,-133.4944000244,-93.9563198090
75.5393733978,-133.4970703125,-89.5716514587
75.6063156128,-133.7271232605,-85.5179100037
81.1533813477,-14.6297328472,-177.0985260010
81.1720561981,-14.6434428692,-173.0200347900
76.9054527283,-14.6405780315,-176.9453773499
76.9129524231,-14.6541850567,-172.8778610229
76.9847431183,-14.6676373482,-168.7886276245
81.1744766235,-18.8023185730,-177.1438064575
81.1973743439,-18.8226203918,-173.0581855774
76.9285335541,-18.8155446053,-177.0134773254
76.9398803711,-18.8358297348,-172.9389533997
77.0181312561,-18.8572525978,-168.8448181152
81.2059307098,-22.9698715210,-177.2014045715
81.2302722931,-22.9996018410,-173.1108283997
76.9655647278,-22.9835991859,-177.0900497437
76.9777050018,-23.0142049789,-173.0115318298
77.0583286285,-23.0463633537,-168.9146728516
19.0839524269,-39.4332933426,-18.7766404152
15.4600274563,-39.4713125229,-19.0701732635
11.9337995052,-39.4834537506,-19.3205475807
18.9804401398,-39.3821668625,-22.2121253014
15.5828254223,-39.4199905396,-22.3833379745
12.1313471794,-39.4347810745,-22.6405572891
19.2413206100,-39.3231744766,-25.4563374519
15.7817304134,-39.3633899689,-25.6615924835
12.3143324852,-39.3812055588,-25.9376049042
19.2007026672,-43.5456571579,-18.8482298851
15.5508706570,-43.6080989838,-19.1334705353
11.9904179573,-43.6269798279,-19.3855004311
19.0991549492,-43.4844713211,-22.2830152512
15.6685554981,-43.5447635651,-22.4554777145
12.1847853661,-43.5670957565,-22.7182016373
19.3487553596,-43.4204940796,-25.5355525017
15.8584051132,-43.4799861908,-25.7452549934
12.3626899719,-43.5045280457,-26.0294218063
19.4676327705,-47.7144298553,-18.8766202927
15.6878025532,-47.7758235931,-19.1862030029
12.0626881123,-47.7845687866,-19.4423670769
19.2799949646,-47.6386003494,-22.3327298164
15.7764780521,-47.6963939667,-22.5160670280
12.2445154190,-47.7103815079,-22.7854886055
19.4827222824,-47.5628576279,-25.5989975929
15.9406509399,-47.6182651520,-25.8175430298
12.4093298912,-47.6352367401,-26.1094002724
66.5408992767,-96.1114616394,-81.2002830505
18.9222216606,-14.5343921185,-28.0599703789
15.6358723640,-14.5543696880,-28.1408896446
12.3713746071,-14.5552356243,-28.2790870667
19.0784120560,-14.5232551098,-31.0219368935
15.7909598351,-14.5405473709,-31.1668295860
12.5322051048,-14.5384397507,-31.3502483368
19.1794214249,-14.5142872334,-33.9928007126
15.9398972988,-14.5246620178,-34.1780986786
12.7160823345,-14.5185296535,-34.3993291855
19.0631842613,-18.7083392143,-28.1027016640
15.7078671455,-18.7081446648,-28.2512903214
12.3790802956,-18.6995820999,-28.4465837479
19.2271471024,-18.6713547707,-31.1075277328
15.8686296940,-18.6783318520,-31.3160691261
12.5416998863,-18.6717491150,-31.5542311668
19.3262648582,-18.6359796524,-34.1262073517
16.0162594318,-18.6464071274,-34.3697729111
12.7232599258,-18.6405425072,-34.6425161362
19.1879925728,-22.8737816811,-28.1809692383
15.7739548683,-22.8545923233,-28.3768553734
12.3918149471,-22.8388667107,-28.6144022942
19.3674325943,-22.8105802536,-31.2273139954
15.9459202290,-22.8089528084,-31.4763793945
12.5611925125,-22.8001399040,-31.7546424866
19.4750776291,-22.7490601540,-34.2864122391
16.0993075371,-22.7614850998,-34.5662088394
12.7463624477,-22.7580904961,-34.8770437241
68.8994750977,-2.1439437866,-139.8544998169
68.9787616730,-2.1858158708,-135.6240272522
64.6677789688,-2.1421353817,-139.5610008240
64.6751708984,-2.1792979240,-135.4286956787
64.6299428940,-2.2449774146,-131.2809829712
69.3039646149,-6.4212508202,-139.8127212524
64.9811677933,-6.4157339334,-139.5815238953
64.9840145111,-6.5214763880,-135.4863204956
64.9121675491,-6.7169921398,-131.3883285522
69.5670146942,-10.6688299179,-139.9233207703
65.1963930130,-10.6605927944,-139.7089309692
65.1875467300,-10.8081347942,-135.6513710022
65.0982532501,-11.1094248295,-131.5688743591
85.3139648438,-87.8887882233,-154.2298278809
85.5131282806,-87.6860637665,-150.2578811646
80.6595706940,-86.9337959290,-154.3254318237
80.8116264343,-86.6843643188,-150.3322830200
81.1244373322,-86.5633563995,-146.2861709595
75.6781291962,-86.4223117828,-154.6790008545
75.6458930969,-86.3770866394,-150.6261482239
76.2712039948,-86.2761001587,-146.3452911377
85.0931816101,-92.3635463715,-154.2594985962
85.1731376648,-92.1875209808,-150.2370452881
85.3410205841,-92.0533828735,-146.2092514038
80.4948081970,-91.8778076172,-154.3459281921
80.5865001678,-91.6395359039,-150.2920532227
80.8863315582,-91.4535655975,-146.1972503662
75.6099262238,-91.7050113678,-154.4888038635
75.6905555725,-91.4466438293,-150.3999710083
76.2589359283,-91.1820182800,-146.1172142029
85.0390586853,-96.6812381744,-154.2666320801
85.0699653625,-96.5438652039,-150.2086715698
85.2091655731,-96.4174308777,-146.1432685852
80.5060882568,-96.4105758667,-154.3706092834
80.5684642792,-96.2185249329,-150.2544746399
80.8466835022,-96.0269222260,-146.1157760620
75.7053260803,-96.4683074951,-154.5143318176
75.8215904236,-96.1908206940,-150.3088722229
76.3859195709,-95.8548011780,-145.9895706177
50.6565704346,-112.0178527832,-24.7001347542
46.7870111465,-111.5927791595,-24.1345720291
43.0133314133,-111.1436271667,-23.5568146706
50.1736583710,-111.4596500397,-28.7108745575
46.2416505814,-110.9192276001,-27.8452882767
42.4573869705,-110.3924980164,-27.0493998528
49.5234594345,-110.7785282135,-32.9425911903
45.5255184174,-110.1632251740,-31.4575233459
41.8267335892,-109.6090469360,-30.4174785614
50.3495855331,-115.9126987457,-24.9438357353
46.3942098618,-115.4422283173,-24.4459128380
42.5431070328,-114.9206790924,-23.9590692520
49.7416162491,-115.3355464935,-29.0351481438
45.7411785126,-114.6627998352,-28.2156767845
41.8819894791,-114.0097503662,-27.4800343513
48.9764957428,-114.5877494812,-33.3135323524
44.9270954132,-113.7890510559,-31.8514719009
41.2000350952,-113.0547237396,-30.8261175156
50.1249485016,-119.8822975159,-25.0449771881
45.9542226791,-119.3698997498,-24.6877226830
41.7150173187,-118.8254508972,-24.5469794273
49.2597141266,-119.3026466370,-29.3380217552
45.1118335724,-118.3970222473,-28.6121745110
40.7201776505,-117.6746253967,-28.1756296158
48.2194919586,-118.4912738800,-33.7842197418
44.0286474228,-117.3781738281,-32.3876519203
39.7805233002,-116.5146236420,-31.4855566025
78.0548133850,-120.5781250000,-58.2430381775
78.6861171722,-120.8308277130,-54.0897207260
78.7677097321,-120.9738502502,-50.1450033188
36.0355377197,-64.4232997894,-58.0666055679
33.0655159950,-63.8945837021,-56.6961526871
30.7934322357,-63.6527290344,-55.0726089478
33.3887166977,-63.7552947998,-61.1817760468
30.5890598297,-63.5416421890,-59.0068788528
28.4685401917,-63.4192190170,-56.5481529236
29.9200649261,-63.3907537460,-64.1031770706
27.4718184471,-63.2755603790,-60.8888006210
25.6956501007,-63.2244520187,-57.7536478043
35.4582796097,-67.9778251648,-58.3262205124
32.7565646172,-67.6217327118,-56.7855701447
30.5732893944,-67.4250583649,-55.1408348083
33.1923646927,-67.5094985962,-61.3381567001
30.4446148872,-67.3107852936,-59.0697355270
28.3473496437,-67.2023563385,-56.6007709503
29.8693332672,-67.1939220428,-64.2024335861
27.4313001633,-67.0591640472,-60.9285945892
25.6522250175,-67.0114612579,-57.7919139862
35.3407363892,-71.4781398773,-58.4065160751
32.5935087204,-71.2303466797,-56.8474645615
30.4214701653,-71.0806312561,-55.2015151978
33.1133761406,-71.1548271179,-61.4081125259
30.3532471657,-70.9650764465,-59.1019954681
28.2583098412,-70.8775367737,-56.6365957260
29.8279104233,-70.8822898865,-64.2430810928
27.4154820442,-70.7228260040,-60.9171218872
25.6324090958,-70.6892013550,-57.7942047119
37.0242767334,-51.8549365997,-91.4129714966
37.4270830154,-51.8471870422,-87.4030570984
38.4411287308,-51.8934030533,-83.1447734833
32.6295399666,-51.7321271896,-91.1736469269
32.9797344208,-51.7424993515,-87.1349430084
33.6317276955,-51.7302312851,-82.9672107697
27.6992874146,-51.3544301987,-91.1117324829
27.9954624176,-51.4179620743,-87.1444721222
28.7515549660,-51.4902334213,-82.8838863373
37.0534801483,-55.9328985214,-91.6530647278
37.5078268051,-55.9201860428,-87.7001514435
38.6576967239,-55.9180965424,-83.5382823944
32.6762638092,-55.8809957504,-91.4114685059
33.0612158775,-55.8642969131,-87.3777885437
33.8126087189,-55.8021049500,-83.2195091248
27.9660458565,-55.8453445435,-91.4100379944
28.2307157516,-55.8274984360,-87.3139381409
28.9562373161,-55.7438011169,-83.0041522980
37.1272354126,-60.0203523636,-91.8591384888
37.5981893539,-60.0131788254,-87.9497890472
38.7823133469,-59.9566459656,-83.8166465759
32.8434128761,-60.0113992691,-91.6189212799
33.2501692772,-59.9892587662,-87.6030254364
34.0244321823,-59.8702821732,-83.4407730103
28.2842907906,-60.1500062943,-91.6533145905
28.5741958618,-60.1301136017,-87.5315494537
29.2741770744,-59.9425230026,-83.1823120117
11.1707584858,-63.5594758987,-49.7300910950
7.8097693920,-63.8222780228,-50.4271383286
11.9831671715,-63.4711256027,-52.7763538361
8.8509544134,-63.7656230927,-53.2586498260
12.6667051315,-63.2848472595,-55.8415031433
9.7420409918,-63.5197896957,-55.9946584702
11.1073074341,-67.6487026215,-49.9162054062
7.7089189291,-68.1193637848,-50.6865510941
11.9572942257,-67.5962753296,-52.9423923492
8.7629417181,-68.0856590271,-53.5805978775
12.7386250496,-67.4898338318,-55.9160919189
9.7420262098,-67.9653759003,-56.2992095947
11.2043521404,-71.7166843414,-50.1084032059
12.1193475723,-71.6739444733,-53.1082811356
12.9404172897,-71.5933837891,-56.0406227112
94.4795131683,-139.7661476135,-2.0360417962
91.0423908234,-139.7532501221,-2.0383685827
94.5659904480,-139.4457130432,-6.1103907824
91.0925045013,-139.2677230835,-6.1238391399
94.5099296570,-139.1647720337,-10.1695423126
90.9693050385,-138.8930244446,-10.2004168034
98.1063327789,-143.8026504517,-2.0189715624
94.3546962738,-143.7948760986,-2.0533267856
90.8514156342,-143.5104103088,-2.0767918229
98.1074275970,-143.7009506226,-6.0662335157
94.3669815063,-143.5415000916,-6.1738213301
90.8525753021,-143.1654281616,-6.2318171263
98.0723896027,-143.6291275024,-10.1076750755
94.2657394409,-143.3375511169,-10.2736325264
90.6770133972,-142.8538970947,-10.3508274555
93.9646263123,-148.0023727417,-2.0573801398
89.6407051086,-147.4874038696,-2.1011525989
93.8184165955,-147.6090469360,-6.2598540783
89.4125633240,-147.0385017395,-6.3406223059
93.5961704254,-147.5434265137,-10.4851548672
89.0649547577,-146.8496704102,-10.5453245640
48.7323102951,-87.1486415863,-44.0706214905
48.7388410568,-86.9346923828,-47.0265512466
47.7677459717,-90.8988285065,-41.6599569321
48.2500629425,-90.7465915680,-44.4338207245
48.2928886414,-90.5029525757,-47.3914709091
50.0977611542,-91.3649845123,-40.2574377060
51.0872249603,-91.2688846588,-43.6695222855
51.3537387848,-91.0489330292,-47.0949420929
47.3329315186,-94.4624786377,-42.0309858322
47.8187055588,-94.3201389313,-44.8672647476
47.8671979904,-94.1348171234,-48.0545072556
49.6045475006,-94.9915180206,-40.6360597610
50.6018266678,-94.9336051941,-44.1015205383
50.9199457169,-94.8556861877,-47.8019790649
52.1429166794,-95.6557903290,-38.8337917328
53.4794015884,-95.6192970276,-43.2144556046
54.0735321045,-95.6074695587,-47.5810680389
65.7973709106,-80.6738605499,-103.3958759308
65.6650810242,-84.3333721161,-103.9202747345
65.7967271805,-84.5280971527,-100.2375507355
65.9587869644,-84.4989757538,-96.4284610748
48.1883401871,-65.7831163406,-116.7278480530
48.3844823837,-65.4734888077,-112.4148979187
48.6857185364,-65.0894012451,-108.2654457092
43.5088300705,-65.7138967514,-117.3774223328
43.8885927200,-65.4101076126,-112.5208988190
44.3486013412,-64.9892816544,-108.1221733093
38.8897294998,-65.5113086700,-117.8833751678
39.3318214417,-65.3344449997,-112.4809265137
40.0260629654,-64.8707027435,-107.7630271912
48.3134365082,-70.2865314484,-116.6063709259
48.3994560242,-69.9014587402,-112.2275753021
48.7086324692,-69.3651695251,-108.0154762268
43.6402902603,-70.2933254242,-117.2453727722
43.9085474014,-69.8402671814,-112.3107528687
44.3535337448,-69.2505779266,-107.8124008179
39.1224508286,-70.2569980621,-117.7721252441
39.4288177490,-69.7123661041,-112.2392044067
40.0324277878,-69.0634880066,-107.4060535431
48.3029260635,-74.8994789124,-116.2942218781
48.3757276535,-74.4023990631,-111.7698001862
48.7098550797,-73.7164630890,-107.2776508331
43.4686832428,-74.9675540924,-116.8237457275
43.8279113770,-74.3280315399,-111.6913013458
44.3114814758,-73.6198253632,-106.7555999756
38.4973354340,-75.1804981232,-117.3900489807
39.1062746048,-74.2430191040,-111.6440277100
39.7382726669,-73.5997505188,-106.4318752289
85.1807594299,-113.0637474060,-117.6110000610
85.2115764618,-113.0239486694,-113.6491756439
85.2351264954,-112.9560756683,-109.6766490936
80.8297328949,-112.7852230072,-117.5103511810
80.8896560669,-112.7487487793,-113.5839748383
80.9018363953,-112.7090473175,-109.6329250336
76.2150325775,-112.5331230164,-117.4301757812
76.3793182373,-112.4740486145,-113.5759754181
76.3449325562,-112.5257492065,-109.6893043518
85.1181468964,-117.3302268982,-117.5393257141
85.1376419067,-117.3162956238,-113.5872726440
85.1386623383,-117.2690753937,-109.6189002991
80.7791271210,-117.1922779083,-117.4538002014
80.8321666718,-117.1713962555,-113.5390453339
80.7989711761,-117.1136474609,-109.5888767242
76.3087158203,-117.3278217316,-117.4392471313
76.5276775360,-117.2803478241,-113.5903491974
76.3571052551,-117.2141494751,-109.6910762787
85.1413021088,-121.4917545319,-117.4674797058
85.1456165314,-121.5076484680,-113.5089511871
85.1183910370,-121.4845771790,-109.5281295776
80.8588447571,-121.4469051361,-117.3857517242
80.8876781464,-121.4480762482,-113.4508228302
80.8099021912,-121.3839778900,-109.4785022736
76.2251358032,-122.2792987823,-117.3976726532
76.4173469543,-122.2317237854,-113.4951725006
76.1565723419,-122.0580768585,-109.5529232025
72.8409404755,-2.1044020653,-152.3167991638
72.9107570648,-2.1097596288,-148.2916717529
68.6972904205,-2.1061234474,-152.0613212585
68.7541122437,-2.1119077206,-148.0064392090
68.8263072968,-2.1234450340,-143.9396972656
64.5242700577,-2.1050921082,-151.7413024902
64.5849971771,-2.1091549397,-147.6954193115
64.6356296539,-2.1207967401,-143.6323776245
72.9967193604,-6.3129070997,-152.2944755554
73.1566028595,-6.3268989325,-148.2525520325
68.8491344452,-6.3176554441,-152.0364990234
68.9806842804,-6.3325815201,-147.9897232056
69.1455707550,-6.3625392914,-143.9191970825
64.6792669296,-6.3159314394,-151.7357788086
64.8122720718,-6.3276787996,-147.7080001831
64.9221611023,-6.3582890034,-143.6533966064
73.1222171783,-10.5223374367,-152.3292236328
68.9791259766,-10.5283176899,-152.0817718506
69.1571331024,-10.5482180119,-148.0460472107
69.3712940216,-10.5874056816,-143.9949493408
64.8103237152,-10.5264551640,-151.8084945679
64.9856348038,-10.5436022282,-147.7915725708
65.1272001266,-10.5841279030,-143.7541809082
60.5763607025,-14.7378604412,-163.3652801514
60.4914102554,-14.7415499687,-159.5585327148
60.5189132690,-14.7300426960,-155.6398506165
56.4979162216,-14.7459423542,-163.3776054382
56.1905031204,-14.7456200123,-159.4759559631
56.1327190399,-14.7208900452,-155.4151992798
52.2942438126,-14.6859023571,-164.7515296936
51.7917861938,-14.7242927551,-159.7503280640
51.3458290100,-14.7038381100,-155.0721702576
60.6188316345,-18.9550004005,-163.5564575195
60.5473442078,-18.9521074295,-159.7403755188
60.5918788910,-18.9355473518,-155.8170242310
56.5423717499,-18.9781966209,-163.6016082764
56.2501554489,-18.9644765854,-159.6974983215
56.2146463394,-18.9251666069,-155.6372222900
52.4148712158,-18.9614686966,-164.9603576660
51.8949213028,-18.9692864418,-159.9954757690
51.4718866348,-18.9163203239,-155.3337936401
60.6611852646,-23.1745500565,-163.7433509827
60.6031303406,-23.1622123718,-159.9188957214
60.6574440002,-23.1403722763,-155.9905204773
56.5669727325,-23.2221441269,-163.8186531067
56.2995882034,-23.1890673637,-159.9125976562
56.2871551514,-23.1287798882,-155.8505706787
52.3407115936,-23.2663311958,-165.2539062500
51.9053125381,-23.2342696190,-160.2729301453
51.5463724136,-23.1287407875,-155.6078453064
21.6914157867,-89.2658615112,-10.6520130634
21.7993025780,-88.8700122833,-13.7909672260
21.9402980804,-88.4790306091,-16.9846420288
25.4293022156,-89.0844249725,-10.6631779671
25.4999895096,-88.7023582458,-13.8069379330
25.5913119316,-88.3818683624,-17.0193696022
29.4849710464,-88.2686042786,-10.2072936296
29.3628683090,-88.1032104492,-13.5624754429
29.3589067459,-88.0918102264,-16.9308078289
21.8184943199,-93.1649150848,-10.7398400307
21.9008431435,-92.7395496368,-13.8898022175
22.0032949448,-92.2972965240,-17.0884861946
25.5677328110,-93.0573711395,-10.8268251419
25.6099414825,-92.6277179718,-13.9727423191
25.6508975029,-92.2185668945,-17.1692440510
29.3258566856,-92.8757610321,-10.8464400768
29.3396644592,-92.4528427124,-14.0100524426
29.3310427666,-92.1154708862,-17.2449324131
21.9005479813,-97.1502723694,-10.8461971283
21.9622254372,-96.6743679047,-14.0142452717
22.0389118195,-96.1563739777,-17.2187569141
25.6481852531,-97.0664806366,-10.9778647423
25.6608738899,-96.5849456787,-14.1409072876
25.6704249382,-96.0816822052,-17.3322770596
29.3593626022,-96.9870662689,-11.0977294445
29.3524417877,-96.5022373199,-14.2765948772
29.3161702156,-96.0276355743,-17.4880023003
-9.8245688677,-27.0687127113,-6.2470455170
-10.7086057663,-27.0761451721,-3.8522522449
-11.1405234337,-27.0811200142,-1.2928498628
-14.9327576160,-27.0396623611,-7.3988407850
-15.3942973614,-27.0588574409,-4.4147005081
-16.0192875862,-27.0749077797,-1.4657467604
-19.5137224197,-27.0061097145,-8.0472027063
-19.9240279198,-27.0313944817,-4.8242555857
-21.1365852356,-27.0620779991,-1.5928519964
-9.8278638124,-31.2386927605,-6.2549866438
-10.7059385777,-31.2442350388,-3.8556929231
-11.1383137703,-31.2481632233,-1.2938490453
-14.9285719395,-31.2182374001,-7.4118517637
-15.3700199127,-31.2320694923,-4.4197847843
-15.9680926800,-31.2438173294,-1.4670425057
-19.4470992088,-31.2008337975,-8.0396041870
-19.8214173317,-31.2195382118,-4.8151336312
-20.8982396126,-31.2382421494,-1.5878341794
-9.8315969706,-35.4084806442,-6.2587536573
-10.7063262463,-35.4121646881,-3.8567513227
-11.1381340027,-35.4151363373,-1.2939993384
-14.9446339607,-35.3966798782,-7.4175591469
-15.3779728413,-35.4049940109,-4.4207423329
-15.9853200912,-35.4125728607,-1.4668394327
-19.5208396912,-35.3963928223,-8.0449579954
-19.8826727867,-35.4080314636,-4.8168078661
-21.0387401581,-35.4146080017,-1.5884213746
6.4296959639,-27.0834617615,-9.0951631069
3.8963529468,-27.0793223381,-9.8737759590
1.3257522590,-27.0760936737,-10.4377443790
7.6509815454,-27.0794892311,-12.6709649563
4.5865821242,-27.0692925453,-13.1566522121
1.5705419388,-27.0604262352,-13.5379648209
8.2140169144,-27.0680480003,-16.0565843582
4.9577032328,-27.0546059608,-16.4158718586
1.7398702297,-27.0416908264,-16.7220737934
6.4202575684,-31.2478742599,-9.1110410690
3.8879191279,-31.2439136505,-9.8904435635
1.3164435021,-31.2412266731,-10.4544491768
7.6271780729,-31.2390127182,-12.7161951065
4.5631413460,-31.2295756340,-13.2055122852
1.5435418801,-31.2223634720,-13.5883595943
8.1845445633,-31.2219510078,-16.1284816265
4.9237370491,-31.2103080750,-16.4952850342
1.6977107571,-31.2003984451,-16.8063199520
6.4179978371,-35.4116907120,-9.1258544922
3.8843614459,-35.4081859589,-9.9049720764
1.3115318714,-35.4059600830,-10.4684815407
7.6211596727,-35.3965911865,-12.7578675747
4.5528066754,-35.3886127472,-13.2480721474
1.5288519272,-35.3829259872,-13.6307797432
8.1771466732,-35.3725061417,-16.1936321259
4.9080080986,-35.3637599945,-16.5645153522
1.6738737533,-35.3568277359,-16.8776628971
89.5913505554,-14.4400827885,-201.5178718567
89.5077133179,-14.5054726601,-197.5924491882
89.4901199341,-14.5464379787,-193.6163024902
89.6384906769,-18.5954923630,-201.5417785645
89.5247459412,-18.6721773148,-197.6376762390
89.6835479736,-22.7785649300,-201.6159210205
89.5417232513,-22.8468589783,-197.7146759033
47.2572460175,-75.1797065735,-56.3591871262
47.1485548019,-79.0762748718,-56.6200971603
48.7338027954,-83.0922260284,-49.8298377991
48.0836896896,-82.9455394745,-53.0771923065
50.6898679733,-83.1936244965,-56.0771942139
46.9765462875,-82.8909530640,-56.8164367676
62.0780744553,-100.4194793701,-105.2504978180
62.0079669952,-100.4564533234,-101.1012306213
61.9681320190,-100.5682735443,-96.8941535950
57.4527435303,-100.5239238739,-105.6375999451
57.8726301193,-100.4485492706,-101.2525234222
57.9268369675,-100.5480976105,-96.8931312561
52.5056648254,-99.6484603882,-105.8883514404
53.7953739166,-99.6328907013,-101.4129447937
53.9318037033,-99.9970836639,-97.0214042664
62.3267288208,-104.4800758362,-105.0627994537
62.1967897415,-104.7110500336,-101.0693550110
62.1455364227,-104.8813476562,-96.8833732605
57.3383674622,-104.7642250061,-105.2630748749
57.7538118362,-104.8201007843,-101.1058502197
57.8199949265,-104.9258956909,-96.7988471985
52.2840394974,-104.3950729370,-105.3343772888
53.5708494186,-104.4205722809,-101.1000766754
53.6950874329,-104.4976749420,-96.8240146637
62.9309473038,-109.0699253082,-105.7377986908
62.9999895096,-109.4029731750,-101.3046455383
62.9035634995,-109.6254215240,-96.9871978760
57.2853889465,-109.2943706512,-105.6409263611
57.5783977509,-109.3557720184,-101.0890750885
57.5611963272,-109.5503997803,-96.6246356964
51.3510189056,-109.2908229828,-105.3460006714
52.3440351486,-109.1906204224,-100.8122787476
52.3033075333,-109.1989517212,-96.3945579529
57.4520034790,-64.9030447006,-104.5496463776
57.5128326416,-64.6566505432,-100.5960521698
57.4667043686,-64.5485000610,-96.6434631348
53.2258996964,-64.8068761826,-104.4028987885
53.3645925522,-64.5513391495,-100.4699497223
53.3826303482,-64.4376239777,-96.5634727478
61.8127965927,-69.0603485107,-104.5565204620
57.5460653305,-68.9962196350,-104.3938732147
57.6417455673,-68.6672096252,-100.5016269684
57.5806932449,-68.5156040192,-96.6270046234
53.3302612305,-68.8887081146,-104.2498741150
53.5103006363,-68.5486183167,-100.3926506042
53.4887876511,-68.4350509644,-96.5685615540
61.8585271835,-73.0851993561,-104.2154712677
61.9510946274,-72.7074050903,-100.4083747864
57.6571483612,-72.9917755127,-104.0648250580
57.7942409515,-72.6557445526,-100.2869758606
57.7365455627,-72.5084323883,-96.5144100189
53.5078144073,-72.8904170990,-103.8998737335
53.7692174911,-72.5303497314,-100.2088470459
53.6794042587,-72.4644756317,-96.5225067139
8.8548467159,-63.9004230499,-30.0921111107
5.3101719618,-63.9120426178,-30.4835963249
1.7364702275,-63.9377794266,-30.8892407417
9.0306959152,-63.7934179306,-33.4531950951
5.4938888550,-63.8363113403,-33.9117231369
1.9375857576,-63.8954505920,-34.3885841370
9.2427320480,-63.7106103897,-36.8126106262
5.7124333382,-63.7946081161,-37.3673448563
2.1772214994,-63.9032516479,-37.9565544128
8.7828316689,-67.8992252350,-30.1258673668
5.2530041337,-67.9400062561,-30.4813604355
1.6788739469,-68.0176849365,-30.8534140587
8.9710935354,-67.7736930847,-33.4829635620
5.4541798234,-67.8565216064,-33.8968715668
1.9048482440,-67.9889507294,-34.3233776093
9.1939407587,-67.6779880524,-36.8455162048
5.6871787310,-67.8201828003,-37.3462972641
2.1688841432,-68.0425109863,-37.8566999435
8.7445336580,-71.8411998749,-30.1365695000
5.2461631894,-71.9134464264,-30.4462919235
1.6988693145,-72.0439548492,-30.7729330063
8.9556787014,-71.6839084625,-33.4790000916
5.4814385772,-71.7994365692,-33.8336386681
1.9699021024,-71.9941139221,-34.2012596130
9.2092603445,-71.5543403625,-36.8270511627
5.7617722154,-71.7335090637,-37.2498140335
11.4282250404,-2.0609540939,-45.2426490784
8.6554521322,-2.0511537194,-45.5095930099
5.8287196159,-2.0266579390,-45.9988508224
11.8130824566,-2.0421951413,-48.0380573273
9.1372426748,-2.0351025462,-48.2060756683
6.5002897978,-2.0091237724,-48.6113586426
12.0877521038,-2.0100823641,-50.8644161224
9.4535044432,-1.9983400106,-50.8589448929
7.0853315592,-1.9672772884,-50.9549179077
11.2066192627,-6.1684651375,-45.8033103943
8.3313128948,-6.1410160065,-46.0736160278
5.3886303902,-6.0795341730,-46.5629749298
11.6742744446,-6.1195466518,-48.7073736191
8.8973258734,-6.0975612402,-48.8653898239
6.0921678543,-6.0338627696,-49.2468967438
12.0654902458,-6.0416059494,-51.6605501175
9.3695160151,-6.0104017854,-51.6626415253
6.8004609346,-5.9393652081,-51.7546768188
11.0535650253,-10.2570273876,-46.3538351059
8.0939275026,-10.2162148952,-46.6583261490
5.0661258101,-10.1353197098,-47.1837739944
11.5534446239,-10.1905035973,-49.3463144302
8.6903383732,-10.1544880867,-49.5362224579
5.7877767086,-10.0730459690,-49.9515028000
11.9878251553,-10.0941129923,-52.3964195251
9.2091156244,-10.0489206314,-52.4314680099
6.5359977484,-9.9650523663,-52.5555782318
-9.8039203882,-77.0673885345,-6.2177245617
-10.6903934479,-77.0763931274,-3.8392930031
-11.1321835518,-77.0813179016,-1.2890773359
-14.8665978909,-77.0466499329,-7.3501298428
-15.3240520954,-77.0645980835,-4.3917021751
-15.9563751221,-77.0765705109,-1.4587352276
-9.8033531904,-81.2415275574,-6.2131563425
-10.6902935505,-81.2472000122,-3.8378180861
-11.1319487095,-81.2493419647,-1.2887975218
-14.8566470146,-81.2325038910,-7.3391801119
-15.3129196167,-81.2431144714,-4.3875934482
-15.9278097153,-81.2473773956,-1.4577899277
-9.8110560179,-85.4196014404,-6.2130881548
-10.6968610287,-85.4205417633,-3.8386489153
-11.1347959042,-85.4182434082,-1.2891623320
-15.3439772129,-85.4281215668,-4.3900238872
-15.9677569866,-85.4209880829,-1.4587049484
9.7368623018,-39.1533699036,-39.3116588593
6.2627866268,-39.1642360687,-39.8991031647
2.7323509455,-39.1898059845,-40.6290054321
10.1331615448,-39.0837736130,-42.4994964600
6.7306278944,-39.0897512436,-43.1062355042
3.2599065900,-39.1151275635,-43.9232254028
10.6319153309,-39.0078401566,-45.6579713821
7.3354591131,-39.0009174347,-46.2260465622
3.9587051570,-39.0159454346,-47.0727024078
9.7854683399,-43.2593135834,-39.4716310501
6.3116339445,-43.2732820511,-40.0842533112
2.7896975428,-43.3079185486,-40.8573703766
10.2065680027,-43.1876602173,-42.6590662003
6.8117115498,-43.1985235214,-43.2908496857
3.3548485637,-43.2385206223,-44.1701793671
10.7443003654,-43.1100559235,-45.8053531647
7.4736922979,-43.1122884750,-46.3833875656
4.1321551502,-43.1566820145,-47.2922973633
9.8192821741,-47.3566732407,-39.6133642197
6.3573557138,-47.3634757996,-40.2431774139
2.8664382398,-47.3825473785,-41.0408716202
10.2620053291,-47.2825269699,-42.8004379272
6.8871930838,-47.2850685120,-43.4496192932
3.4736288488,-47.3019275665,-44.3655099869
10.8360373974,-47.2042989731,-45.9337940216
7.6011674404,-47.2013406754,-46.5172843933
4.3266141415,-47.2223300934,-47.4566850662
-0.3720272444,-2.0832898021,-18.8609237671
-3.2992003560,-2.0765208602,-18.8923988342
-6.3089491129,-2.0660907626,-18.9294705391
-0.1158542894,-2.0779883265,-21.9171304703
-3.1206691861,-2.0685497522,-21.9991374016
-6.2218025923,-2.0566265583,-22.0858001709
0.0512610450,-2.0676160455,-25.0207595825
-3.0540465713,-2.0541082621,-25.1371607780
-6.1954984665,-2.0397862196,-25.2062845230
-0.6451743543,-6.2406023741,-19.1788148880
-3.7374176979,-6.2226310968,-19.2113924026
-6.8842507601,-6.1969178915,-19.2415843010
-0.4534647800,-6.2258219719,-22.2759356499
-3.5654042959,-6.2017049789,-22.3601040840
-6.6985185146,-6.1715866327,-22.4122962952
-0.3161282949,-6.1997817755,-25.4251627922
-3.4580009580,-6.1656465530,-25.5574736595
-6.5589989424,-6.1291331053,-25.5984373093
-0.8757521361,-10.3870549202,-19.4315667152
-4.0494463444,-10.3618094921,-19.4744591713
-7.2571115494,-10.3274774551,-19.5062274933
-0.7214384377,-10.3646118641,-22.5761327744
-3.9030332565,-10.3314073086,-22.6758995056
-7.0853694677,-10.2895903587,-22.7318568230
-0.6077103615,-10.3294672966,-25.7726097107
-3.8046182990,-10.2829079628,-25.9314517975
-6.9481189251,-10.2310197353,-25.9888553619
-1.2400893234,-14.5772967339,-10.3969666958
-3.8098773956,-14.5720269680,-9.8973727226
-6.3564418554,-14.5642426014,-9.2085711956
-1.2760252859,-14.5653541088,-13.4109652042
-4.2750488520,-14.5509724617,-13.2082650661
-7.3452541828,-14.5307123661,-12.9502124786
-1.1909109578,-14.5520725250,-16.5031976700
-4.3572511077,-14.5303347111,-16.4650301933
-7.5747988224,-14.5004370213,-16.4145286083
-1.2650545752,-18.7418847084,-10.4248793125
-3.8395516872,-18.7368574142,-9.9279553890
-6.3928886652,-18.7294025421,-9.2447528839
-1.3499167785,-18.7255449295,-13.4945375919
-4.3639916182,-18.7115330696,-13.2989747524
-7.4514689445,-18.6917357445,-13.0517721176
-1.3092084713,-18.7075033188,-16.6405045986
-4.5015767217,-18.6858730316,-16.6130645275
-7.7444742918,-18.6561903954,-16.5730824471
-1.2849827711,-22.9072055817,-10.4485096931
-3.8629768491,-22.9027528763,-9.9540739059
-6.4227451086,-22.8961505890,-9.2759282589
-1.4089567577,-22.8879303932,-13.5660824776
-4.4342168570,-22.8755197525,-13.3769929409
-7.5375821590,-22.8581833839,-13.1396327019
-1.4040592499,-22.8667602539,-16.7598388195
-4.6160931587,-22.8477439880,-16.7417247295
-7.8814493418,-22.8221144676,-16.7111227512
29.3331356049,-63.7990417480,-47.4579963684
26.3923296928,-63.5451354980,-47.6873083115
23.4614315033,-63.3776712418,-48.0717363358
29.4167385101,-63.6835460663,-50.2584247589
26.6388425827,-63.4513797760,-50.7175455093
23.8530893326,-63.2907485962,-51.2807664871
29.6368556023,-63.6057519913,-52.9156713486
27.1834063530,-63.3974428177,-53.7360486984
24.5238080025,-63.2338361740,-54.5347270966
29.0765652657,-67.6086578369,-47.5683679581
26.2197647095,-67.3685588837,-47.8011493683
23.3455271721,-67.2075099945,-48.1794633865
29.1860532761,-67.4794769287,-50.3596868515
26.4942150116,-67.2587871552,-50.8113689423
23.7679271698,-67.1037235260,-51.3645172119
29.4317197800,-67.3924789429,-53.0005922318
27.0597982407,-67.1921730042,-53.8075628281
24.4643235207,-67.0323429108,-54.5933675766
28.8797569275,-71.3004684448,-47.6832609177
26.0758867264,-71.0896224976,-47.9134721756
23.2507052422,-70.9434547424,-48.2801265717
29.0126824379,-71.1624355316,-50.4604921341
26.3778319359,-70.9653091431,-50.9000520706
23.7052855492,-70.8207607269,-51.4356679916
29.2798595428,-71.0675907135,-53.0804195404
26.9642944336,-70.8848400116,-53.8683195114
24.4281249046,-70.7301826477,-54.6295013428
52.3521976471,-15.2361874580,-101.5723743439
52.2363224030,-19.4322819710,-101.7676029205
52.2349910736,-23.5637245178,-102.0586872101
52.6385726929,-23.7749333382,-97.5623512268
39.5464410782,-51.6883277893,-78.7560844421
40.0746135712,-51.3227071762,-74.4453926086
40.2153072357,-51.2252759933,-70.0516681671
34.3359913826,-51.6300296783,-78.7707309723
34.8108901978,-51.4944953918,-74.7193622589
35.1110534668,-51.4197463989,-70.9497222900
29.5570254326,-51.5096263885,-78.5397319794
29.9797439575,-51.5108127594,-74.3845920563
30.4373884201,-51.4822807312,-70.2155265808
39.8255052567,-55.7464399338,-79.1795616150
40.3167495728,-55.4901790619,-74.7823276520
40.4311952591,-55.4433946609,-70.2875385284
34.6290750504,-55.6644258499,-79.0288734436
35.1580572128,-55.5226850510,-74.9498977661
35.4683103561,-55.4687099457,-71.1413040161
29.8184843063,-55.6141004562,-78.7236385345
30.2691416740,-55.5207290649,-74.5775413513
30.7227315903,-55.4816017151,-70.3932266235
39.9965629578,-59.7728919983,-79.4486351013
40.5604915619,-59.5858297348,-75.0010852814
40.8621807098,-59.6444683075,-70.3303432465
34.8564162254,-59.6838026047,-79.2363681793
35.3942222595,-59.5330581665,-75.1407089233
35.7124147415,-59.4941053391,-71.3081645966
30.0928759575,-59.6751270294,-78.8692893982
30.5088872910,-59.4974298477,-74.7087230682
30.9232673645,-59.4457578659,-70.5311431885
93.6172065735,-39.1549844742,-212.8363685608
94.1065711975,-39.3351545334,-209.2512207031
89.1241264343,-39.1911687851,-212.2204132080
90.4057521820,-39.3095083237,-208.8002929688
90.4530906677,-39.3909425735,-205.2174491882
97.8978252411,-43.1782226562,-213.4212684631
93.6356124878,-43.0787200928,-212.8443946838
94.1142597198,-43.4453573227,-209.3229026794
94.2071762085,-43.5887184143,-205.5419921875
89.1449546814,-43.1554355621,-212.2210311890
90.4191455841,-43.4131393433,-208.8849105835
90.4710807800,-43.5482006073,-205.2869758606
97.8802089691,-46.9722681046,-214.3016204834
93.5624694824,-46.9073162079,-213.9710235596
94.0910129547,-47.5428123474,-209.7006072998
94.1913433075,-47.7403783798,-205.7023963928
89.0211887360,-47.1183786392,-213.3675117493
90.3924179077,-47.5250797272,-209.3099288940
90.4489288330,-47.7040424347,-205.4945220947
89.9853534698,-39.4515762329,-201.6240692139
89.7135391235,-39.4910383224,-197.8144760132
90.0010910034,-43.6194849014,-201.6751213074
89.7265815735,-43.6562595367,-197.8545989990
89.6421127319,-43.6763677597,-193.8968429565
89.9807090759,-47.7846994400,-201.7965240479
89.7131156921,-47.8217163086,-197.9301986694
89.6362895966,-47.8430614471,-193.9551429749
11.5740599632,-51.2104959488,-49.1679801941
8.5776076317,-51.1918077469,-49.5777969360
5.6525218487,-51.1583824158,-50.2822141647
12.2424271107,-51.1137971878,-52.3285884857
9.4491229057,-51.0823812485,-52.5124521255
6.8333772421,-51.0567998886,-52.7965650558
12.6340198517,-51.0142908096,-55.5820684433
9.8328971863,-50.9598379135,-55.5743665695
7.3103628159,-50.9473333359,-55.4204082489
11.5286860466,-55.3130893707,-49.3170337677
8.5018230677,-55.3170118332,-49.7650785446
5.5652096272,-55.2383508682,-50.5507364273
12.2500097752,-55.1968097687,-52.4438714981
9.4495459795,-55.1932516098,-52.6477727890
6.8407546282,-55.1635360718,-53.0041484833
12.7110698223,-55.0220165253,-55.6590061188
9.9532170296,-54.9503755569,-55.6378202438
7.4699652195,-54.9393348694,-55.5661458969
11.3561124802,-59.4367637634,-49.5173940659
8.1628135443,-59.5374879837,-50.0823974609
4.8603917956,-59.5860090256,-51.1674842834
12.1277749538,-59.3203115463,-52.6037836075
9.1766242981,-59.4371700287,-52.9129400253
6.2763015628,-59.6402835846,-53.6038255692
12.6895272732,-59.0923385620,-55.7690792084
9.8884562254,-59.1062612534,-55.7740077972
7.2331492901,-59.4123973846,-56.1381483078
32.7938051224,-51.6849918365,-47.3963775635
35.6491260529,-51.7599525452,-50.7857027054
32.6610269547,-51.6292419434,-50.1289291382
37.7529621124,-51.7944393158,-54.8638591766
34.8781394958,-51.6618547440,-53.8163328171
32.3154144287,-51.5620718002,-52.7757911682
36.0172805786,-56.2485799789,-47.8940382004
32.7686543465,-55.9627199173,-47.4650926590
35.6588296890,-56.1384840012,-50.8449325562
32.6570343971,-55.8685045242,-50.2047262192
37.8313465118,-56.3012113571,-54.9385013580
34.9296207428,-55.9728260040,-53.8849277496
32.3404002190,-55.7658319473,-52.8565788269
35.8568334579,-60.6590633392,-47.9312906265
32.6271920204,-60.1684732437,-47.5181760788
38.8320322037,-61.4567089081,-51.4014778137
35.5443782806,-60.4990434647,-50.8735160828
32.5330572128,-60.0347929001,-50.2689599991
38.0767831802,-61.0858020782,-54.7843818665
34.8799591064,-60.2602329254,-53.8952836990
32.2546091080,-59.8979892731,-52.9178104401
77.5045509338,-85.8281879425,-129.8351230621
77.4048480988,-90.5580959320,-129.7498722076
77.5135898590,-90.4798774719,-125.6978778839
77.5885353088,-90.4910736084,-121.6430034637
81.6074466705,-95.3806724548,-129.8209705353
81.6922397614,-95.2644214630,-125.7903766632
77.4440231323,-95.0983734131,-129.6743412018
77.5592670441,-94.9918918610,-125.6498222351
77.6611251831,-94.9652004242,-121.6294765472
89.8452167511,-130.0692958832,-70.0575466156
89.8986339569,-130.0103969574,-66.1084613800
89.9552364349,-129.9995746613,-62.1652135849
93.9679508209,-134.5497207642,-69.8637504578
93.9754486084,-134.5208435059,-65.9569520950
93.9888896942,-134.5341262817,-62.0395460129
89.9014778137,-134.1202964783,-69.8966903687
89.9212799072,-134.0881195068,-66.0007953644
89.9516906738,-134.0848274231,-62.0901422501
22.0599822998,-88.0947360992,-20.2100248337
22.1358375549,-87.7242565155,-23.4498600960
22.1630597115,-87.3887329102,-26.6967077255
25.6480970383,-88.0675888062,-20.2626547813
25.6610851288,-87.7312583923,-23.5020837784
25.6173906326,-87.4117889404,-26.7381467819
29.2876391411,-88.0218925476,-20.3234829903
29.2307724953,-87.7434463501,-23.5977063179
29.1108956337,-87.4410591125,-26.8368186951
22.0842070580,-91.8513565063,-20.3183565140
22.1250867844,-91.4249820709,-23.5675101280
22.1195769310,-91.0686721802,-26.8380656242
25.6633596420,-91.8134460449,-20.4001221657
25.6355767250,-91.4119625092,-23.6466584206
25.5547966957,-91.0613861084,-26.9069256783
29.2778701782,-91.7871627808,-20.5178871155
29.1831121445,-91.4219017029,-23.7844676971
29.0271244049,-91.0718460083,-27.0409750938
22.0972862244,-95.6130027771,-20.4400796890
22.1196560860,-95.0798225403,-23.6662154198
22.0952873230,-94.6612987518,-26.9158253670
25.6568694115,-95.5601825714,-20.5451426506
25.6089839935,-95.0420188904,-23.7724504471
25.5073471069,-94.6177806854,-27.0260553360
29.2405052185,-95.5483856201,-20.7248930931
29.1226277351,-95.0639991760,-23.9737858772
28.9491796494,-94.6315975189,-27.2339205742
-10.8724148273,-14.4038226604,-19.9055027962
-14.3172571659,-14.3083117008,-20.3064661026
-17.8442697525,-14.1706418991,-20.9012260437
-10.6833424568,-14.3405027390,-23.1312141418
-14.0556151867,-14.2070069313,-23.5437054634
-10.4445700645,-14.2647957802,-26.2577543259
-13.7344374657,-14.0845503807,-26.6463046074
-11.1269299984,-18.5551280975,-20.1233129501
-14.5953955650,-18.4624099731,-20.5162925720
-10.9887051582,-18.4888358116,-23.4048500061
-14.3940505981,-18.3639602661,-23.8107552528
-10.7884576321,-18.4110007286,-26.5874996185
-14.1161625385,-18.2475202084,-26.9718952179
-11.3429129124,-22.7302951813,-20.3138380051
-14.8584156036,-22.6519627571,-20.7001476288
-11.2492253780,-22.6687674522,-23.6454820633
-14.7080779076,-22.5648097992,-24.0463981628
-11.0854201317,-22.5968165398,-26.8797149658
28.9292821884,-87.1488666534,-30.0504450798
25.5243620872,-87.1204147339,-29.9643411636
22.1522245407,-87.0898799896,-29.9400959015
28.7214241028,-86.8431720734,-33.2260613441
25.4121646881,-86.8156166077,-33.1632246971
22.1277327538,-86.7732810974,-33.1622176170
28.5245842934,-86.5083923340,-36.3540220261
25.3122868538,-86.4663524628,-36.3224163055
22.1183171272,-86.3980007172,-36.3520317078
28.8075046539,-90.7721385956,-30.2856826782
25.4164485931,-90.8077983856,-30.1804027557
22.0724120140,-90.8299541473,-30.1320624352
28.5766744614,-90.4625434875,-33.4870972633
25.2666969299,-90.5351009369,-33.4272203445
22.0064015388,-90.5571537018,-33.4119734764
28.3682837486,-90.0891361237,-36.6207561493
25.1346821785,-90.1471614838,-36.6115131378
21.9451966286,-90.1325035095,-36.6405830383
28.6684536934,-94.3731498718,-30.5537490845
25.2837920189,-94.5398960114,-30.4009771347
22.0216908455,-94.6563587189,-30.3019890785
28.4287595749,-94.1210269928,-33.8251953125
25.0783672333,-94.4234981537,-33.7818565369
21.8994297981,-94.5688476562,-33.7465720177
28.2537403107,-93.7023029327,-36.9567279816
24.9193506241,-93.9609546661,-37.0102519989
21.7050690651,-94.0646572113,-37.0787820816
9.5067304373,-63.6536607742,-40.1578493118
5.9360779524,-63.7953538895,-40.8551340103
2.2080303429,-64.0396823883,-41.8000450134
9.8852032423,-63.6142005920,-43.4461555481
6.2875542641,-63.7936773300,-44.2623615265
10.4394600391,-63.5897893906,-46.6364955902
6.9078961611,-63.7976264954,-47.4575700760
9.4623565674,-67.6169433594,-40.2066545486
5.9102923870,-67.8411808014,-40.8434638977
9.8378714323,-67.5936565399,-43.5319967270
6.2537623644,-67.8977375031,-44.2994079590
10.3773055077,-67.6245098114,-46.7821884155
6.8412969112,-68.0188579559,-47.6015586853
9.5148752928,-71.4573707581,-40.1807479858
6.0443978310,-71.7309360504,-40.7214040756
9.9213625193,-71.4139328003,-43.5266418457
6.4276672602,-71.7946147919,-44.1970672607
10.4493827820,-71.5643501282,-46.8933839798
6.9847856760,-72.1753368378,-47.6765127182
97.9413070679,-64.4271631241,-214.1690063477
98.0262546539,-64.5370597839,-209.9271545410
98.0468711853,-64.5551557541,-205.9478263855
93.6607646942,-64.4041004181,-213.7183837891
94.0992565155,-64.4839057922,-209.7957115173
94.1726398468,-64.5129499435,-205.8444786072
89.0599880219,-64.4660453796,-213.5747375488
90.3447151184,-64.4876327515,-209.5917625427
90.3954505920,-64.4951639175,-205.7458610535
97.9426441193,-68.6801071167,-213.9842758179
98.0292263031,-68.7415580750,-209.8998794556
98.0521335602,-68.7413463593,-205.9370574951
93.6860160828,-68.7174854279,-213.5521278381
94.1110687256,-68.7370948792,-209.7335052490
94.1895999908,-68.7258358002,-205.8165550232
89.1303138733,-68.7777156830,-213.3657302856
90.3686580658,-68.7467670441,-209.5147514343
90.4276237488,-68.7133998871,-205.7043495178
97.9393863678,-72.9265117645,-214.1336746216
98.0266799927,-72.9532356262,-209.9047088623
98.0541381836,-72.9335250854,-205.9326057434
93.6578540802,-73.0368690491,-213.6302986145
94.1061363220,-73.0062065125,-209.7325057983
94.2009067535,-72.9509239197,-205.7985496521
89.0656929016,-73.0912322998,-213.4319458008
90.3721256256,-73.0150775909,-209.4891777039
90.4586982727,-72.9352035522,-205.6654777527
0.1298930594,-2.0539442897,-28.1690468788
-3.1029364467,-2.0329270959,-28.3320522308
-6.4295516014,-2.0035569370,-28.4191584587
0.2693286859,-2.0425440669,-31.3484101295
-3.0649743378,-2.0164604783,-31.6032042503
-6.5436763763,-1.9764868915,-31.8367838860
0.5265434608,-2.0347703099,-34.5327501297
-2.8472688794,-2.0079002380,-34.9026947021
-6.4021313190,-1.9683430791,-35.3067188263
-0.2313994295,-6.1658309698,-28.6138720512
-3.4695975184,-6.1135041714,-28.8243355751
-6.7194664478,-6.0434700251,-28.9548234940
-0.1092060632,-6.1357886791,-31.8187384605
-3.4421880543,-6.0704485178,-32.1373920441
-6.8541040421,-5.9760893583,-32.4582781792
0.1271516960,-6.1134068966,-35.0162849426
-3.2400873899,-6.0452197790,-35.4431362152
-6.7392836809,-5.9525522590,-35.8970918655
-0.5382887051,-10.2842748165,-29.0075192451
-3.8263682127,-10.2142102718,-29.2626028061
-7.1275089979,-10.1220687628,-29.4448261261
-0.4358299077,-10.2409143448,-32.2538738251
-3.8226905167,-10.1511266232,-32.6330337524
-7.3096635342,-10.0219750404,-33.0406451225
-0.2194182854,-10.2045745850,-35.4884204865
-3.6466236413,-10.1060619354,-35.9857635498
-7.2531991005,-9.9652493000,-36.5625467300
20.0031032562,-39.1072969437,-38.0697965622
16.5821926594,-39.1323852539,-38.4224557877
13.1692500114,-39.1453695297,-38.8304843903
20.0692162514,-39.0611162186,-41.2550716400
16.7838053703,-39.0767250061,-41.6138811111
13.4779980183,-39.0821323395,-42.0207557678
20.2011046410,-39.0186424255,-44.4725313187
17.0507094860,-39.0227041245,-44.8348236084
13.8649351597,-39.0175008774,-45.2201595306
20.0777354240,-43.2292795181,-38.1919384003
16.6451551914,-43.2441263199,-38.5554037094
13.2231526375,-43.2522230148,-38.9749679565
20.1474652290,-43.1856727600,-41.3871068954
16.8567547798,-43.1877136230,-41.7542152405
13.5489575863,-43.1868963242,-42.1690015793
20.2891716957,-43.1424560547,-44.6124639511
17.1399018764,-43.1317996979,-44.9797067642
13.9613947868,-43.1198339462,-45.3668470383
20.1263608932,-47.3559999466,-38.3005695343
16.6837761402,-47.3551759720,-38.6750755310
13.2562475204,-47.3547124863,-39.1046352386
20.1986479759,-47.3084125519,-41.5054340363
16.9040703773,-47.2948684692,-41.8804206848
13.5968821049,-47.2863073349,-42.3016757965
20.3513798714,-47.2597799301,-44.7374114990
17.2039997578,-47.2346372604,-45.1085472107
14.0341651440,-47.2164230347,-45.4960165024
89.8961238861,-85.0987682343,-166.4008216858
10.9993488789,-14.5823147297,-1.2463439050
10.5153160095,-14.5780148506,-3.7142652869
9.6683012247,-14.5746400356,-6.0056313276
11.0031912327,-18.7515926361,-1.2447271588
10.5065584183,-18.7491025925,-3.7103559971
9.6492453814,-18.7476801872,-6.0011415482
9.6316374540,-22.9204020500,-5.9975330830
14.4876208305,-14.5767624378,-79.4814186096
15.0643279552,-14.6320700645,-83.8647727966
15.5637047291,-14.6153926849,-88.6675128937
19.1332764626,-14.6986429691,-79.3403816223
19.3814477921,-14.7935924530,-83.3645038605
19.7396340370,-14.8377099037,-87.2091789246
23.6319427490,-14.7621219158,-79.4146709442
23.7027678490,-14.8486025333,-83.3460063934
23.8222899437,-14.8784148693,-87.1535720825
14.4917299747,-18.8874325752,-80.1499767303
15.0709617138,-18.9921202660,-84.5214214325
15.6171360016,-19.0155773163,-89.2830562592
19.1289439201,-18.9942750931,-79.9743537903
19.3725228310,-19.1169042587,-83.9864521027
19.7327613831,-19.1770319939,-87.8208885193
23.6530466080,-19.0388641357,-79.9922790527
23.7171807289,-19.1420493126,-83.9160289764
23.8339543343,-19.1813373566,-87.7204284668
14.3913424015,-23.3069519997,-80.7965106964
14.9760720730,-23.4561944008,-85.1667137146
15.4915523529,-23.5119619370,-89.9499893188
19.1235551834,-23.3550157547,-80.5434837341
19.3699603081,-23.5098176003,-84.5528640747
19.7329125404,-23.5874195099,-88.3846912384
23.6933302879,-23.3443303108,-80.5063514709
23.7601828575,-23.4672179222,-84.4316310883
23.8796753883,-23.5187020302,-88.2381019592
58.7991418839,-88.2780990601,-68.5494232178
53.8657474518,-88.0919761658,-68.4622440338
55.2147760391,-88.0247268677,-64.3415098190
58.8472614288,-92.6848049164,-68.8817214966
59.9638843536,-92.8695755005,-64.5665254593
53.7461891174,-92.4312877655,-68.7342491150
55.0523653030,-92.3298435211,-64.5338697433
56.4048147202,-92.1323184967,-60.1918201447
63.8104248047,-97.5365047455,-69.6906623840
58.7990770340,-97.5663757324,-69.7697906494
59.9878177643,-97.5562515259,-65.0270385742
60.9604444504,-97.5806961060,-60.1904153824
53.5954370499,-97.1579513550,-69.6944255829
54.7941799164,-96.7478618622,-64.8377122879
56.0555992126,-96.6715393066,-60.0976629257
89.7637443542,-26.9642553329,-201.6728439331
89.5761623383,-27.0159626007,-197.7796745300
89.8663597107,-31.1331248283,-201.6667556763
89.6289291382,-31.1754207611,-197.8032493591
89.9384632111,-35.2928266525,-201.6378250122
89.6774005890,-35.3319206238,-197.8061790466
90.2162265778,-133.7297973633,-46.1536493301
90.2822036743,-133.5887680054,-42.1383876801
90.3394317627,-133.5394210815,-38.1268405914
97.7402248383,-14.6645903587,-225.9871253967
97.7582473755,-14.6209144592,-221.9378051758
97.8215618134,-14.5877521038,-217.9003753662
93.2060699463,-14.8248977661,-225.9822235107
93.2523956299,-14.6969146729,-221.7992286682
93.4666824341,-14.5901498795,-217.6554489136
88.5852088928,-15.0126454830,-226.0949516296
88.6314353943,-14.8002972603,-221.6274986267
89.0915966034,-14.5772092342,-217.2423744202
97.7378025055,-18.8441410065,-225.9454078674
97.7535133362,-18.7819275856,-221.8965835571
97.8130493164,-18.7491569519,-217.8677749634
93.2203807831,-19.0104632378,-225.8749771118
93.2528057098,-18.8300824165,-221.6776580811
93.4437904358,-18.7311148643,-217.5519447327
88.7321395874,-19.1382980347,-225.9664993286
88.7194271088,-18.8175778389,-221.3936080933
89.0809307098,-18.6367673874,-217.0126342773
97.7151069641,-22.9993648529,-225.8368263245
97.7321949005,-22.9380450249,-221.8260498047
97.7866668701,-22.9177875519,-217.8297233582
93.1309528351,-23.1374144554,-225.5998458862
93.1651077271,-22.9569845200,-221.4953498840
93.3267307281,-22.9105048180,-217.4553947449
88.4815711975,-23.1948523521,-225.5636940002
88.4552307129,-22.8294467926,-221.1473999023
88.6570148468,-22.8708620071,-216.9059295654
-1.5350792222,-39.3795118332,-30.8792796135
-5.1013476849,-39.4360237122,-31.2824821472
-8.7107146978,-39.5413608551,-31.5803551674
-1.4728347659,-39.3409013748,-34.4294061661
-5.1621169448,-39.4110956192,-35.0131244659
-1.2644427270,-39.2970018387,-37.9789152145
-5.0045287013,-39.3804264069,-38.7488298416
-1.5218003839,-43.5108327866,-31.0206160545
-5.0841575861,-43.5937271118,-31.4228129387
-1.4429504648,-43.4745178223,-34.6089801788
-5.1197998524,-43.5831508636,-35.2001094818
-1.2135642692,-43.4331350327,-38.2079524994
-4.9308993220,-43.5665302277,-39.0027751923
-1.4808427468,-47.6006889343,-31.1249027252
-5.0071575642,-47.6708116531,-31.5172657967
-1.3763005286,-47.5579586029,-34.7427539825
-5.0051630139,-47.6622953415,-35.3331470490
-1.1189656109,-47.5060453415,-38.3778285980
51.8520212173,-63.6044969559,-79.6540203094
51.7255439758,-67.8161716461,-80.1584663391
51.9012479782,-71.8839244843,-80.4253578186
52.0044174194,-71.9003429413,-76.3693084717
93.9301948547,-89.4222412109,-178.0798492432
93.9432411194,-89.3557662964,-174.0890884399
89.9147586823,-89.2571125031,-178.1574707031
89.9130287170,-89.1587123871,-174.1607666016
89.8475170135,-89.1254673004,-170.1980972290
97.9435367584,-93.6960849762,-177.9817771912
93.8439311981,-93.5585136414,-177.9573249817
93.9141178131,-93.4523239136,-173.9780120850
93.9025402069,-93.4256553650,-170.0193176270
89.8066902161,-93.3295001984,-177.9442024231
89.9005775452,-93.1627216339,-173.9709930420
89.8250389099,-93.1495571136,-170.0456466675
97.8921852112,-97.8372192383,-177.8938026428
97.9521446228,-97.8071918488,-173.9341011047
93.6638889313,-97.6818504333,-177.7363739014
93.8803672791,-97.5691051483,-173.8264427185
93.9087276459,-97.5631275177,-169.9213714600
89.3677921295,-97.5561962128,-177.6007843018
89.9019145966,-97.2228336334,-173.7241821289
89.8696861267,-97.2406921387,-169.9034271240
-10.1286919117,-64.4725790024,-9.4935734272
-14.7392804623,-64.4415922165,-10.4611551762
-11.1103954315,-64.3235845566,-13.3529026508
-10.1328562498,-68.6543846130,-9.4824156761
-14.7459352016,-68.6315250397,-10.4748692513
-11.1084074974,-68.5380401611,-13.3055102825
-10.1347171068,-72.8394279480,-9.4660276175
-14.7679078579,-72.8271274567,-10.4733197689
-11.0946450233,-72.7520942688,-13.2589750290
60.2274255753,-66.2445449829,-141.6626510620
60.2006893158,-66.3092327118,-137.3522949219
60.3126354218,-66.3338813782,-133.1146697998
55.7694911957,-66.1591968536,-141.6054840088
55.7017354965,-66.1686525345,-137.1660957336
55.8104906082,-66.2046613693,-132.8345146179
51.0988960266,-66.1614389420,-141.4801292419
51.0039949417,-65.9759950638,-136.8583717346
50.8701848984,-66.1844406128,-132.3322029114
60.1369428635,-70.6222648621,-141.7112197876
60.0740118027,-70.7330932617,-137.3957633972
60.1659917831,-70.7804336548,-133.1368446350
55.7742691040,-70.4431800842,-141.5816230774
55.6476783752,-70.5469665527,-137.1827201843
55.7018280029,-70.5987205505,-132.8335914612
51.2760820389,-70.6074218750,-141.3544769287
51.1498584747,-70.6312618256,-136.8558731079
50.8548126221,-70.7318706512,-132.2676010132
59.9328575134,-75.0813713074,-141.7959976196
59.8547000885,-75.1664104462,-137.4579315186
59.9257936478,-75.2098903656,-133.1560897827
55.6304311752,-74.7096138000,-141.6911277771
55.5433921814,-74.8100624084,-137.2783470154
55.5812931061,-74.8536720276,-132.8646697998
50.9601278305,-75.4125251770,-141.9600524902
51.1110610962,-75.2933979034,-137.0888481140
50.8038110733,-75.3581218719,-132.3442001343
72.7200565338,-27.1639118195,-177.1196289062
72.7191352844,-27.2109098434,-173.0317993164
72.8373527527,-27.2513599396,-168.9155235291
68.3050670624,-27.2060294151,-177.1746063232
68.3148689270,-27.2511577606,-173.0077743530
68.5319671631,-27.2790203094,-168.8056259155
63.6884498596,-27.2822651863,-177.3852806091
63.7513408661,-27.3177876472,-173.0278205872
64.1746635437,-27.3252649307,-168.6000938416
72.8126068115,-31.3123955727,-177.2053794861
72.7918434143,-31.3836560249,-173.1333007812
72.8988437653,-31.4378595352,-169.0235519409
68.4218883514,-31.3680348396,-177.2674446106
68.4013710022,-31.4387054443,-173.1250457764
68.6062927246,-31.4697356224,-168.9298973083
63.8534889221,-31.5021414757,-177.4639396667
63.8499622345,-31.5548748970,-173.1595458984
64.2590141296,-31.5323204994,-168.7415199280
72.9231987000,-35.4499225616,-177.3025970459
72.8701324463,-35.5526227951,-173.2532196045
72.9595813751,-35.6225414276,-169.1495704651
68.5543098450,-35.5118961334,-177.3944969177
68.4957580566,-35.6150207520,-173.2682418823
68.6875438690,-35.6499080658,-169.0664482117
63.9628658295,-35.7217741013,-177.6749687195
63.9312124252,-35.7825412750,-173.3402023315
64.3597211838,-35.7119007111,-168.8810997009
60.8963613510,-52.9133815765,-128.7080020905
61.0775527954,-52.7882995605,-124.6180267334
61.2674331665,-52.6725997925,-120.5821037292
56.6554269791,-52.8522949219,-128.4852771759
56.8608417511,-52.7178211212,-124.3743286133
57.0023269653,-52.6229953766,-120.3354530334
52.5489997864,-52.7485523224,-128.1093750000
52.7020244598,-52.6090250015,-124.0569763184
52.7515678406,-52.5501194000,-120.0680255890
60.8118200302,-57.3722972870,-128.8281764984
61.0068731308,-57.2691020966,-124.7366523743
61.1769456863,-57.1624441147,-120.6977024078
56.5989198685,-57.2514152527,-128.5468997955
56.8436193466,-57.1230335236,-124.4465770721
56.9796361923,-57.0348157883,-120.4190750122
52.5312938690,-57.0667219162,-128.0842533112
52.7497491837,-56.9129514694,-124.0756263733
52.7755460739,-56.8790254593,-120.1306495667
60.6934814453,-61.8380794525,-128.9114494324
60.9342393875,-61.7478628159,-124.8045749664
61.1144495010,-61.6452236176,-120.7441482544
56.4260339737,-61.7061891556,-128.6179027557
56.7952241898,-61.5653333664,-124.5056266785
56.9604921341,-61.4773454666,-120.4619960785
52.1198234558,-61.6246538162,-128.1598796844
52.7492923737,-61.3057146072,-124.1221504211
52.8016662598,-61.2819833755,-120.1938724518
-1.4459340572,-51.6568174362,-31.1956562996
-4.8855385184,-51.6492815018,-31.5651874542
-1.3042657599,-51.6000061035,-34.8289680481
-1.0094508231,-51.5221881866,-38.4787158966
-1.5083421916,-55.7190256119,-31.2474884987
-4.9361930490,-55.6362113953,-31.5999798775
-1.3261724748,-55.6528186798,-34.8762273788
-0.9931416288,-55.5494337082,-38.5244493484
-1.7086179263,-59.8075389862,-31.2890982628
-1.4955651946,-59.7530584335,-34.8925704956
89.7534580231,-64.5235605240,-190.1336669922
89.8493118286,-64.5487651825,-186.1292686462
89.7816886902,-68.6869182587,-190.1628532410
89.8638763428,-68.7200546265,-186.1779518127
89.9139575958,-68.7433547974,-182.1920433044
93.9102897644,-72.8652839661,-190.0971984863
89.8129062653,-72.8445472717,-190.1874008179
89.8678169250,-72.8885631561,-186.2264556885
89.9153308868,-72.9084663391,-182.2584991455
-0.1586078517,-14.2595646381,-39.1925411224
-3.6071187556,-14.1307647228,-39.8566370010
-7.2254842520,-13.9441647530,-40.5772476196
0.3503882661,-14.2022898197,-42.4309692383
-2.9764675647,-14.0588269234,-43.2451314926
-6.3334686756,-13.8672523499,-44.1013784409
0.9677809961,-14.1310498714,-45.6336364746
-2.2741036825,-13.9571247101,-46.6662769318
-0.4078250192,-18.3735437393,-39.6501655579
-3.9133708775,-18.2436842918,-40.3556051254
-7.5605112314,-18.0652825832,-41.0911359787
0.1037163995,-18.3055572510,-42.9306783676
-3.2770095468,-18.1607022285,-43.7889699936
0.7308647558,-18.2256851196,-46.1754817963
-2.5594956726,-18.0523998737,-47.2533988953
-0.6061502025,-22.5131421089,-40.0732393265
-4.1781535149,-22.4008574486,-40.8241071701
-0.0873475447,-22.4354944229,-43.3891220093
-3.5343316495,-22.3072052002,-44.2944250107
0.5544857979,-22.3460760117,-46.6644620895
-2.8008154929,-22.1888880730,-47.7908163071
9.5902665854,-39.5992355347,-6.0097755194
10.9611861706,-43.7831258774,-1.2464198413
10.4618484974,-43.7805709839,-3.7180737257
9.6014868021,-43.7745180130,-6.0214737654
10.9692733288,-47.9621477127,-1.2494858744
10.4776632786,-47.9619359970,-3.7267082930
9.6276017427,-47.9576282501,-6.0352158546
5.9210215807,-26.2701492310,-57.4855136871
4.6895669103,-26.1998620033,-60.3260822296
3.3170775557,-26.2094292641,-64.1479415894
8.9174574614,-26.3636612892,-57.7319431305
8.3368583918,-26.3464193344,-60.7998409271
7.7898126841,-26.4064540863,-63.9155969620
12.0696206093,-26.4427666664,-57.7870922089
11.9394848347,-26.4438571930,-61.0426607132
11.6991853714,-26.5005831718,-64.2889251709
5.9211660624,-30.4356360435,-57.8072462082
4.6533437967,-30.4074740410,-60.6397428513
8.9252235889,-30.5267729759,-58.0655393600
8.3059048653,-30.5496201515,-61.1298065186
7.7288537025,-30.6487965584,-64.2358274460
12.1003253460,-30.5990262032,-58.1208600998
11.9393720627,-30.6349377632,-61.3793277740
11.6712832451,-30.7304205894,-64.6227502823
5.9151982665,-34.6180372238,-58.0021286011
4.5420385003,-34.6440315247,-60.7909698486
8.9361008406,-34.7040281296,-58.3049840927
8.2435024977,-34.7776517868,-61.3400049210
7.6142324209,-34.9247865677,-64.4173917770
12.1410703659,-34.7592067719,-58.3758516312
11.9330902100,-34.8343105316,-61.6216087341
11.6249182224,-34.9722213745,-64.8483953476
19.2831349373,-27.0059943199,-28.2920885086
15.8301453590,-26.9846978188,-28.5138754845
12.4082126617,-26.9700727463,-28.7795805931
19.4872875214,-26.9282498360,-31.3726105690
16.0180401802,-26.9282574654,-31.6423616409
12.5876479149,-26.9228553772,-31.9478092194
19.6124777794,-26.8520455360,-34.4618558884
16.1824471951,-26.8703927994,-34.7607049942
12.7804672718,-26.8724832535,-35.0982732773
19.3608322144,-31.1068396568,-28.4151525497
15.8826577663,-31.0989160538,-28.6508936882
12.4309976101,-31.0931282043,-28.9355983734
19.5884819031,-31.0285167694,-31.5211119652
16.0856645107,-31.0380382538,-31.8028249741
12.6206078529,-31.0404644012,-32.1275405884
19.7303066254,-30.9518280029,-34.6322660446
16.2614710331,-30.9762911797,-34.9433174133
12.8223173618,-30.9849972725,-35.3007583618
19.4517955780,-35.1880502701,-28.5236673355
15.9435253143,-35.2027387619,-28.7750010490
12.4641871452,-35.2100591660,-29.0759310722
19.6881146431,-35.1190414429,-31.6520171165
16.1545019150,-35.1423025131,-31.9470524788
12.6608223915,-35.1542882919,-32.2882676125
19.8358616829,-35.0523281097,-34.7821483612
16.3372018337,-35.0817651749,-35.1058330536
12.8701350689,-35.0963010788,-35.4802227020
63.8249282837,-126.9248828888,-2.0129370093
60.1036033630,-126.8455066681,-2.0056149364
56.5372543335,-126.7053279877,-1.9897014201
63.5134887695,-126.5871257782,-6.0420771837
59.8663702011,-126.3851776123,-6.0214635730
56.3757381439,-126.1617050171,-5.9755243659
63.1892271042,-126.2108001709,-10.0569069386
59.5292253494,-125.9371013641,-10.0189375877
56.0133800507,-125.6442241669,-9.9418801069
63.7200889587,-131.3008499146,-2.0663656592
59.9493598938,-131.0208282471,-2.0640503764
56.3993129730,-130.5800018311,-2.0645605922
63.3491144180,-130.8164787292,-6.2062593699
59.6406755447,-130.4688301086,-6.1965849400
56.1465148926,-130.0102500916,-6.1812970638
62.9527349472,-130.3697223663,-10.3273196220
59.2237730026,-129.9730014801,-10.2992219925
55.6923046112,-129.4711971283,-10.2454047203
63.5193433762,-135.8984985352,-2.1248024702
59.5186271667,-135.2404251099,-2.1047269702
55.2093267441,-134.5098991394,-2.1018874645
63.0591373444,-135.0571479797,-6.3971827030
59.0532217026,-134.4576988220,-6.3541594744
54.7206268311,-133.7923698425,-6.3241112232
62.5652647018,-134.5876235962,-10.6544227600
58.5157871246,-133.9627227783,-10.5916502476
54.0975275040,-133.3149528503,-10.5060725212
26.8942127228,-2.0766685605,-44.7859268188
24.4377870560,-2.0787158608,-44.7272548676
21.9738640785,-2.0731360316,-44.7981481552
27.0170974731,-2.0402918458,-47.0403118134
24.7039203644,-2.0458747149,-47.1851854324
22.3299798965,-2.0429915190,-47.4431533813
27.2726278305,-1.9808547795,-49.1196546555
25.2467350960,-1.9906070232,-49.6013555527
22.9334454536,-1.9955617189,-50.1124792099
27.2998447418,-6.2360543013,-45.0512752533
24.6732015610,-6.2266398668,-45.0394973755
22.0771079063,-6.2081382275,-45.1721677780
27.3881025314,-6.1386834383,-47.4548044205
24.8778800964,-6.1446565390,-47.6883974075
22.3863377571,-6.1343439817,-48.0122747421
27.5584230423,-6.0082020164,-49.7804365158
25.3340821266,-6.0216603875,-50.3682641983
22.9505419731,-6.0261048675,-50.9225320816
27.7358627319,-10.3723731041,-45.3718862534
24.9674177170,-10.3415603638,-45.3833398819
22.2586951256,-10.3162777424,-45.5542726517
27.7793674469,-10.2372529507,-47.9191293716
25.1426324844,-10.2392575741,-48.1730680466
22.5498943329,-10.2265996933,-48.5272712708
27.9126701355,-10.0967856646,-50.3836116791
25.5745763779,-10.1062122583,-50.9990930557
23.1030168533,-10.1063899994,-51.5778465271
30.0557904243,-64.2969589233,-38.1699590683
26.5831923485,-63.9701862335,-38.2812061310
23.1779475212,-63.7512140274,-38.5018129349
29.4970350266,-64.1245193481,-41.4407033920
26.3561143875,-63.8094024658,-41.4743909836
23.1535201073,-63.6090736389,-41.6958465576
29.3351955414,-63.9474115372,-44.5200147629
26.3004570007,-63.6663227081,-44.6131458282
23.2399373055,-63.4848537445,-44.8851022720
29.3487877846,-68.2156696320,-38.4974918365
26.1748075485,-67.8729152679,-38.5113973618
22.9156699181,-67.6511478424,-38.6786012650
29.1313900948,-67.9752254486,-41.6170921326
26.0798945427,-67.6777801514,-41.6521797180
22.9546928406,-67.4816265106,-41.8510789871
29.0507698059,-67.7739467621,-44.6468601227
26.0909271240,-67.5095367432,-44.7518844604
23.0882229805,-67.3342475891,-45.0161552429
28.9931478500,-71.9215984344,-38.7012729645
25.8840870857,-71.6464958191,-38.7035722733
22.7016768456,-71.4522724152,-38.8402242661
28.8669710159,-71.6804656982,-41.7739906311
25.8569493294,-71.4323253632,-41.8147916794
22.7854676247,-71.2587032318,-41.9966249466
28.8296713829,-71.4738903046,-44.7770538330
25.9143576622,-71.2465229034,-44.8873414993
22.9584574699,-71.0897159576,-45.1410646439
42.0169630051,-98.4372100830,-32.6510057449
41.0996570587,-97.9230346680,-35.6603355408
40.2131032944,-97.4202919006,-38.5733957291
45.5169868469,-98.7262477875,-33.7808351517
44.2065505981,-98.1777553558,-36.6554546356
42.9534387589,-97.6610565186,-39.3269433975
49.1752042770,-99.0473785400,-35.6650638580
47.1346683502,-98.4328327179,-38.2772903442
45.4182205200,-97.9083747864,-40.4054565430
41.6912822723,-101.9881019592,-32.9877371788
40.7637681961,-101.4037303925,-35.9945192337
39.8686704636,-100.8417263031,-38.9119024277
45.2038774490,-102.2887458801,-34.1015930176
43.8623380661,-101.6648139954,-36.9716587067
42.5878267288,-101.0750503540,-39.6262664795
48.8438606262,-102.6346225739,-35.9693412781
46.7490186691,-101.9490108490,-38.6054124832
44.9997940063,-101.3569488525,-40.7275276184
41.3638210297,-105.4650745392,-33.3149623871
40.4563608170,-104.8058509827,-36.3102264404
39.5697469711,-104.2112503052,-39.2189702988
44.8627319336,-105.8211784363,-34.4180431366
43.5189800262,-105.1088542938,-37.2652454376
42.2347288132,-104.4547252655,-39.8546686172
48.4462223053,-106.2478981018,-36.3015270233
46.3334426880,-105.4565963745,-38.9563932419
44.5406789780,-104.7989234924,-41.0362205505
81.2491836548,-27.1313095093,-177.2649993896
81.2704734802,-27.1735363007,-173.1740074158
77.0199546814,-27.1425442696,-177.1674499512
77.0269088745,-27.1880793571,-173.0908584595
77.1046638489,-27.2338995934,-168.9947776794
81.3037147522,-31.2876539230,-177.3329658508
81.3158607483,-31.3451228142,-173.2484512329
77.0922718048,-31.2930893898,-177.2447471619
77.0855255127,-31.3583922386,-173.1782455444
77.1541023254,-31.4201130867,-169.0876502991
81.3657836914,-35.4422063828,-177.4092025757
81.3614387512,-35.5165777206,-173.3394241333
77.1772441864,-35.4387569427,-177.3295249939
77.1465549469,-35.5280151367,-173.2818756104
77.1991958618,-35.6067466736,-169.2011756897
35.7935476303,-14.8975956440,-112.8618755341
35.6861104965,-14.9063832760,-108.9729003906
35.5968627930,-14.9076230526,-104.9468479156
31.7949733734,-14.8902482986,-112.8814754486
31.4965195656,-14.8945226669,-108.9843482971
31.2761707306,-14.8935799599,-104.8954696655
27.6569147110,-14.7850606441,-114.2685031891
27.2925472260,-14.8320629597,-109.4453487396
26.8055229187,-14.8597481251,-105.0315704346
35.8015270233,-19.1377477646,-113.2284259796
35.6989831924,-19.1398906708,-109.3420982361
35.6173219681,-19.1385402679,-105.3225421906
31.8140306473,-19.1670804024,-113.2763786316
31.5159687996,-19.1596941948,-109.3913230896
31.3005790710,-19.1505589485,-105.3164672852
27.7621293068,-19.1380553246,-114.6476516724
27.3536806107,-19.1525278091,-109.8736495972
26.8675179482,-19.1611700058,-105.4810447693
35.8584051132,-23.3650317192,-113.5609512329
35.7638998032,-23.3554248810,-109.6858768463
35.6900587082,-23.3485651016,-105.6797237396
31.8665981293,-23.4421896935,-113.6286735535
31.5774054527,-23.4192724228,-109.7634010315
31.3702645302,-23.4004144669,-105.7091484070
27.7311768532,-23.5104498863,-115.0592975616
27.3622875214,-23.4942598343,-110.2992992401
26.8839478493,-23.4898796082,-105.9373226166
81.6104030609,-52.1273202896,-177.8864021301
81.4876422882,-52.2327270508,-173.8996391296
81.4448089600,-52.3460836411,-169.8725204468
77.4648761749,-52.1527700424,-177.9937973022
77.2587776184,-52.2725448608,-174.0069160461
77.2195014954,-52.3894224167,-169.9354209900
85.7568912506,-56.2902622223,-177.9863243103
81.6992168427,-56.3001937866,-178.0071716309
81.5462932587,-56.3989896774,-174.0409393311
81.4794845581,-56.5174379349,-170.0279731750
77.5887413025,-56.3258647919,-178.1420936584
77.3266773224,-56.4386997223,-174.1846313477
77.2552528381,-56.5672206879,-170.1248741150
85.8185100555,-60.4537696838,-178.0828742981
85.7381496429,-60.5242080688,-174.1011276245
81.7905502319,-60.4611625671,-178.1218490601
81.6252040863,-60.5489253998,-174.1749534607
81.5385227203,-60.6732692719,-170.1764984131
77.7173233032,-60.4707174301,-178.2677536011
77.4320487976,-60.5748672485,-174.3400001526
77.3294525146,-60.7229623795,-170.3000297546
6.4258477688,-101.6930160522,-9.3505406380
3.9242522717,-101.7222442627,-10.0925832987
1.3531232961,-101.7509937286,-10.5888717175
7.6174495220,-100.9342021942,-13.3484423161
4.5824271441,-100.9849262238,-13.6312551498
1.6261852253,-101.0596752167,-13.8684575558
8.1247096062,-100.1929645538,-16.9958598614
4.9092034698,-100.2240791321,-17.1146519184
1.7592402920,-100.3336677551,-17.2335464954
6.3734201193,-105.8159732819,-9.3329032660
3.9150217175,-105.8283996582,-10.1475306749
1.3619260676,-105.8684520721,-10.6262843609
7.6539503336,-104.9532737732,-13.5179722309
4.6181047559,-104.9592723846,-13.7875974178
1.6778447926,-105.0642986298,-14.0546896458
8.1822302341,-104.0882720947,-17.2487657070
4.9912390709,-104.0326232910,-17.3212573528
1.8911362290,-104.1736240387,-17.4616260529
6.3717094660,-110.3735713959,-9.4241584539
3.9009380341,-110.2069988251,-10.2370853424
1.3465427949,-110.3911762238,-10.7566826344
7.6255642176,-109.0371456146,-13.7694926262
4.5825899243,-108.9066219330,-14.0444471836
8.1669354439,-108.0777969360,-17.6305456161
-9.8887875080,-102.1090469360,-6.2613214254
-10.7684156895,-102.1244277954,-3.8474436998
-11.2034716606,-102.1064224243,-1.2945377632
-15.1043622494,-102.1427497864,-7.2715793848
-15.5267770290,-102.2079010010,-4.3370347619
-16.0921099186,-102.2280235291,-1.4380446970
-9.8986650705,-106.2466754913,-6.2782588005
-10.7569125891,-106.3358745575,-3.8513957858
-11.2586312294,-106.3670234680,-1.2937988043
-15.2143201828,-106.2688732147,-7.3707087040
-15.6312947273,-106.5101509094,-4.4299290776
-16.1786124706,-106.6445255280,-1.4663796723
-10.8294659853,-110.7745475769,-4.0193006396
-11.3224732876,-110.7948989868,-1.3299774826
-1.2519867234,-101.7808895111,-10.5843641758
-3.8288927674,-101.8192138672,-10.1034208536
-6.3411195278,-101.8955135345,-9.4131743908
-1.3086674046,-101.1441001892,-13.8273651600
-4.2647405267,-101.2553520203,-13.6189956665
-7.2658814192,-101.4750804901,-13.5758852959
-1.2847049311,-100.4507503510,-17.0691840649
-4.3702017665,-100.6072044373,-16.9174795151
-1.2166450135,-105.9045524597,-10.6346044540
-3.7616578341,-105.9257011414,-10.1888025999
-6.1864587069,-105.9502754211,-9.3957926035
-1.2131224275,-105.1852264404,-14.0484395027
-4.1183069348,-105.2726001740,-13.8690028191
-6.9868980646,-105.3584251404,-13.8084776402
-1.0969960243,-104.4133243561,-17.3217668533
-1.1940808402,-110.4155006409,-10.7912893295
-3.7477635145,-110.2750511169,-10.3453519344
-6.2030239105,-110.4172286987,-9.5659922361
89.5678634644,-2.1738087535,-244.4654502869
93.6150417328,-2.0820321441,-243.1729164124
97.8726539612,-2.0507962704,-243.8760986328
89.9434833527,-6.5639361143,-243.3250312805
93.7520332336,-6.4172551632,-242.1616973877
97.9229068756,-6.2670552731,-242.7023086548
89.8381919861,-10.9130594730,-243.9720306396
93.7467842102,-10.7937750816,-242.3638000488
97.9113349915,-10.5243873596,-243.4168548584
94.4129104614,-6.4264587164,-245.2658348083
94.6186714172,-6.3678422570,-248.8372268677
94.1952838898,-2.1229969263,-247.2600250244
94.3572483063,-10.6896529198,-246.3582229614
-25.0413103104,-2.0402571559,-5.4001548886
-25.6305246353,-6.2251651287,-1.7266027927
-23.9910378456,-6.2253605127,-5.2535305619
-24.1508135796,-6.2762331963,-8.8521410227
-24.1412448883,-10.4069828987,-5.2960463762
-21.3927950859,-6.2035959959,-14.7655754089
83.4343471527,-2.2037404776,-244.8692741394
84.7840385437,-6.6188153028,-243.4479789734
83.6945190430,-10.9455196857,-244.6785049438
84.4826831818,-6.5346785188,-248.9829788208
79.3006515503,-6.5768501759,-244.0628547668
84.4986610413,-2.1728192568,-234.4313468933
83.5839748383,-2.1719142199,-238.5906257629
85.1279201508,-6.6332353354,-234.2819786072
84.4490928650,-6.6186105013,-238.2622032166
84.9659442902,-11.0852053165,-234.5461769104
83.8423309326,-11.0572545528,-238.5782546997
72.5654945374,-2.1058617234,-221.6262741089
73.7449092865,-6.5569974184,-221.0252494812
71.9168167114,-11.2516369820,-221.9253425598
73.0169563293,-6.6571089625,-226.9525718689
67.4645938873,-6.4637921453,-220.3278694153
72.9025955200,-1.9940382540,-209.7805747986
72.4859828949,-2.0325982571,-214.2826919556
73.4361495972,-6.0501543283,-209.7910766602
73.0837898254,-6.2670214176,-214.2796249390
73.2193813324,-9.9632399082,-209.8964996338
72.2263355255,-10.7035624981,-214.3406753540
60.1549215317,-1.9639076889,-196.6393775940
61.4279832840,-6.0804638267,-196.3876533508
59.7717790604,-10.2417576313,-197.6176261902
60.8157958984,-6.0829302073,-202.2448043823
54.8971576691,-6.0542140007,-195.5531044006
60.2652158737,-2.0431972444,-184.6799430847
59.9223842621,-1.9931446314,-189.2211456299
60.7531824112,-6.2531766891,-185.0295219421
60.5571908951,-6.1428158283,-189.5855751038
60.4191904068,-10.4497506618,-185.5699996948
59.7668952942,-10.3333075047,-190.1495513916
10.9134323597,-1.9798374474,-81.1740474701
11.3329350948,-6.0923757553,-82.1533908844
10.9056010246,-10.2476475239,-83.3136482239
47.4036941528,-1.9685044289,-170.9329986572
48.4973630905,-6.1106794477,-170.9101219177
46.6524724960,-10.2821972370,-172.3227157593
47.8868980408,-6.1037904024,-176.9414939880
47.4431371689,-2.0606062114,-158.4887886047
47.1333665848,-1.9985495508,-163.2865791321
47.8031177521,-6.3091486096,-158.9314231873
47.6300210953,-6.1795684695,-163.7703819275
47.3909473419,-10.5425679684,-159.5743522644
46.7173795700,-10.4050054550,-164.4454231262
23.4030804634,-2.0398730934,-107.6249542236
22.8948287964,-1.9741894007,-112.2578029633
23.7169671059,-6.2697133422,-108.2749290466
23.3327875137,-6.1259616613,-112.8889503479
23.2336173058,-10.5263645649,-109.1121482849
34.7814025879,-2.0943645835,-133.9724960327
33.9250426292,-2.0301398039,-138.3091773987
35.1471071243,-6.4211851358,-134.5876464844
34.4133024216,-6.2719482780,-138.8927917480
34.6198787689,-10.7807095051,-135.3993263245
33.3439345360,-10.5910151005,-139.7458724976
89.8384780884,-15.2774794102,-243.9871025085
93.7365779877,-15.1060473919,-242.3364334106
97.9081783295,-14.7781548500,-243.3845748901
89.9007587433,-19.9725303650,-243.3770828247
93.7384395599,-19.8128948212,-242.0533828735
97.9300689697,-19.2924318314,-242.5933723450
89.3519172668,-24.9938659668,-244.4871902466
93.5670433044,-24.9329957962,-242.6971511841
97.9126052856,-24.1098179817,-243.5701637268
94.4064960480,-19.4907503128,-245.1485824585
94.5998058319,-19.1169683933,-248.6585769653
94.3541259766,-14.9573907852,-246.3243980408
94.1639080048,-24.0551376343,-246.8567543030
-24.0823044777,-14.4862923622,-5.2857528329
-23.7043719292,-18.6766834259,-5.2064209580
-24.0356073380,-22.8774008751,-5.2498129606
83.7353324890,-15.3042352200,-244.7447471619
84.7505302429,-19.8353404999,-243.6484298706
83.0727844238,-24.2976608276,-245.1753349304
84.4879817963,-19.4307079315,-249.1030502319
79.1005630493,-19.5118594170,-244.2036476135
83.7713127136,-15.4760041237,-231.0882759094
85.1120033264,-15.4187703133,-234.7856254578
83.9286575317,-15.4426898956,-238.7191009521
84.4993438721,-19.7309174538,-231.0428237915
85.3361492157,-20.0216383934,-234.7388191223
84.4876594543,-20.0854501724,-238.5840454102
83.4240531921,-24.1116433144,-230.3609924316
84.3711318970,-24.8995327950,-234.5496406555
83.1188087463,-24.9564495087,-238.9231491089
82.1376991272,-19.9116625786,-234.8114242554
78.6212081909,-19.7395465374,-234.7173233032
80.9772434235,-15.5618548393,-234.9126052856
80.3269805908,-24.3531422615,-234.4471206665
59.7104454041,-14.3955774307,-197.9453964233
61.0729579926,-18.7799491882,-197.2814178467
59.2735710144,-23.1293897629,-198.1440734863
60.2038869858,-18.7459015846,-203.1070175171
54.5177335739,-18.7296929359,-196.4139480591
58.5182456970,-14.5659928322,-181.6945724487
60.3691129684,-14.5476183891,-185.8731460571
59.7133493423,-14.4637100697,-190.4601974487
59.0176496506,-18.8555593491,-181.5520706177
60.6318655014,-18.8134274483,-185.9549903870
60.3839807510,-18.7731919289,-190.5018157959
58.5346384048,-23.1547060013,-182.0796966553
60.3679323196,-23.0914535522,-186.2257690430
59.6614055634,-23.1054315567,-190.7789955139
56.8742055893,-18.8115367889,-185.6497688293
53.4048261642,-18.8203141689,-186.0030174255
55.8309307098,-14.4495053291,-185.8531494141
55.8197383881,-23.1938958168,-186.2319526672
10.7706675529,-14.3913199902,-84.1976718903
47.3258066177,-14.6791932583,-159.9729461670
46.6340398788,-14.5748047829,-164.8596954346
47.6316452026,-19.0012073517,-160.1453704834
47.3582496643,-18.9625587463,-165.0025978088
47.4539833069,-23.3535957336,-160.5202445984
46.6825084686,-23.3828420639,-165.3729209900
23.1034121513,-14.7249903679,-109.7242946625
23.3630423546,-19.1381974220,-110.1101951599
23.1514949799,-23.6075544357,-110.6498489380
32.9231047630,-15.0535893440,-131.5550994873
34.4285106659,-15.1403791904,-136.0042495728
33.3708577156,-19.6940121651,-131.6506042480
34.5581045151,-19.9155645370,-136.4503746033
33.7270717621,-19.8313422203,-140.8473777771
32.6617636681,-24.6936397552,-132.3970260620
33.8807444572,-25.3367896080,-137.2656784058
88.9994335175,-31.8300566673,-244.9148826599
93.4223556519,-30.8125386238,-242.5582237244
97.8954200745,-30.9303851128,-243.9288444519
93.9581851959,-30.6956911087,-248.4100227356
93.4927291870,-35.6971492767,-243.8507995605
-24.0158472061,-26.9915070534,-5.2395530343
-23.6373372078,-31.2093248367,-5.1713038087
83.4992008209,-26.4819021225,-220.7607192993
82.9119377136,-26.8841161728,-224.7225227356
84.1968021393,-31.5010528564,-220.4645233154
83.6357059479,-31.4416189194,-224.0922508240
83.6404323578,-36.4238080978,-221.1166038513
82.6923618317,-36.1013402939,-225.5429458618
70.5299263000,-27.1943035126,-209.9391479492
71.7297439575,-31.5797200203,-208.7770500183
70.6401195526,-35.9857378006,-209.9020767212
71.8433494568,-31.5223398209,-214.1857223511
65.9616346359,-31.8379611969,-209.0638999939
58.6297616959,-27.3276009560,-182.1988945007
60.4495134354,-27.2164263725,-186.3127517700
59.7121086121,-27.3031172752,-190.8396224976
59.3671398163,-31.5654163361,-181.8951950073
60.9446659088,-31.3494596481,-186.2041282654
60.5843067169,-31.5949306488,-190.6770744324
59.2795581818,-35.7724475861,-182.2962265015
61.0419635773,-35.2991571426,-186.2423782349
60.1030883789,-36.0333652496,-190.6403961182
57.2622594833,-31.6984090805,-185.9365463257
53.9850568771,-32.1357450485,-186.2766685486
55.9163894653,-27.3957557678,-186.3306427002
56.7401504517,-36.0475149155,-186.2723464966
45.9406003952,-27.5322170258,-156.2667732239
47.6293916702,-27.5786600113,-160.7621955872
46.7688865662,-27.7087593079,-165.5472755432
46.8227634430,-31.6735029221,-156.1325302124
48.0311441422,-32.0453076363,-160.8118591309
47.5166130066,-32.2717518806,-165.5344276428
46.3752431870,-36.2784433365,-156.1791534424
47.4670829773,-36.9518146515,-161.0523338318
46.5589456558,-37.1731519699,-165.7541503906
44.3528089523,-32.1378178596,-160.4360580444
42.9295415878,-27.8010129929,-160.7117309570
43.2465848923,-36.9470968246,-160.4066543579
23.3683090210,-27.9675064087,-110.9790763855
24.0359716415,-32.4732856750,-111.0813255310
24.1580367088,-37.1638717651,-111.2944259644
93.4035511017,-47.2374687195,-231.5548553467
71.3202629089,-39.8604564667,-210.0715484619
73.1358222961,-43.6089382172,-209.1151466370
71.2590665817,-47.4839200974,-209.9419021606
72.1553134918,-43.5464677811,-213.9266471863
67.2033128738,-43.8470907211,-209.6341438293
46.3154983521,-40.8519496918,-145.0782775879
48.1595706940,-40.8305206299,-148.3822250366
47.1424722672,-40.3719558716,-151.8045005798
46.8316879272,-45.1712446213,-145.0036468506
48.4062309265,-44.9456224442,-148.7394714355
47.8903026581,-44.5019512177,-152.1257514954
46.3981266022,-49.5902814865,-145.8365631104
48.0369491577,-49.1953945160,-149.7074432373
46.9866981506,-48.5854978561,-153.5882072449
44.8902406693,-45.0585699081,-148.3774528503
41.6217460632,-44.9906282425,-149.0524559021
43.8637819290,-41.1225452423,-148.5797805786
43.8620862961,-49.1944942474,-149.5577507019
89.0969181061,-55.6758146286,-218.5254974365
93.4368553162,-55.4101257324,-217.7104454041
97.8573112488,-55.4799985886,-218.3114471436
89.1694622040,-60.1974382401,-218.9005470276
93.5256652832,-60.0538024902,-217.6537971497
97.8618221283,-59.9901962280,-218.7790031433
94.0091819763,-55.5737352371,-220.8040924072
94.0776844025,-55.7911071777,-224.1904716492
94.0666713715,-60.0943918228,-221.5901718140
83.2965240479,-56.0670251846,-224.7594223022
70.5957670212,-51.5086374283,-209.5965003967
71.6953411102,-55.9591894150,-208.3828277588
69.9901199341,-60.4562997818,-209.2955780029
71.1371059418,-55.8971948624,-213.8811073303
65.9819898605,-56.0163221359,-208.3745689392
71.2269039154,-51.1575737000,-198.2341690063
70.5227956772,-51.3728275299,-202.9115676880
71.9830703735,-55.9563026428,-198.1802673340
71.3241767883,-55.9658889771,-202.5516433716
71.8596897125,-60.4147481918,-198.3608245850
70.5978279114,-60.4660367966,-202.7218475342
58.4036388397,-51.9922065735,-186.3670768738
59.3583650589,-56.7131042480,-185.6507186890
57.4370479584,-61.5641670227,-186.8588981628
59.1110334396,-56.4450159073,-190.9205398560
58.6460762024,-51.6833534241,-174.6106491089
58.1434030533,-51.8528032303,-179.6121482849
59.0950126648,-57.0215559006,-174.8688507080
58.5398902893,-56.9688930511,-179.5496444702
58.3371152878,-62.4263668060,-175.5121231079
57.2468461990,-62.3388376236,-180.2712745667
45.9559059143,-52.3642139435,-161.7221679688
47.1602535248,-57.3865146637,-161.3247261047
46.6311845779,-53.8188266754,-146.8271942139
47.9529638290,-53.4805784225,-150.6973991394
46.7030134201,-52.9608087540,-154.8971977234
47.1656551361,-58.1771774292,-147.2449226379
47.9601011276,-58.2444257736,-151.2342796326
47.0051879883,-57.9413356781,-155.3666534424
45.8603944778,-62.9286260605,-147.0382308960
46.7678403854,-63.6810312271,-151.5662536621
44.7021522522,-58.0661582947,-151.1637954712
43.9070415497,-53.4366035461,-150.7800674438
23.8706126213,-50.8757009506,-99.5417175293
23.6477608681,-51.7850236893,-104.1340999603
24.5820007324,-56.0915670395,-99.7221393585
24.4510974884,-60.8865127563,-99.9052524567
89.2366065979,-64.4614257812,-218.7271080017
93.5730419159,-64.3103694916,-217.4903793335
97.8733406067,-64.2599477768,-218.6531562805
89.3697319031,-68.7706279755,-217.8887290955
93.6166782379,-68.6787128448,-217.0432281494
97.8947792053,-68.5739116669,-217.8281555176
89.2318763733,-73.0915145874,-218.5749244690
93.5647068024,-73.0396823883,-217.3867263794
97.8686885834,-72.8321037292,-218.6061248779
94.2094135284,-68.6388092041,-220.0609550476
94.4505310059,-68.5898580551,-223.4267044067
94.1146183014,-64.3312149048,-221.4019088745
94.1054401398,-72.9138183594,-221.3090286255
83.6827545166,-68.9602546692,-224.0449981689
69.9603042603,-64.8017864227,-209.1666259766
71.4982433319,-69.3014373779,-208.0081748962
69.7291078568,-74.0968894958,-208.7991409302
70.4885015488,-69.2002258301,-213.4571800232
70.5847368240,-64.7128496170,-194.1039009094
72.0523777008,-64.5886669159,-198.3904724121
70.6918735504,-64.7564220428,-202.6524963379
71.5081539154,-68.7057476044,-193.7795028687
72.5822257996,-68.7601222992,-198.2022743225
71.5707187653,-69.1216545105,-202.3339767456
71.3645744324,-72.8965568542,-193.7703971863
72.5341548920,-72.8766002655,-198.1144447327
70.7337255478,-73.7850227356,-202.3118667603
68.9802532196,-69.0567951202,-197.7205276489
65.6148862839,-69.5742883682,-197.6828727722
67.4673624039,-64.9115514755,-198.2252464294
68.3542013168,-73.4694595337,-197.5478477478
46.0908041000,-65.3312749863,-136.7789039612
45.5254926682,-65.8723382950,-141.1883964539
46.8100824356,-70.6756439209,-136.5374526978
46.3894653320,-70.7175865173,-140.6184463501
46.5664949417,-75.7993202209,-136.9637756348
45.5234794617,-75.7764186859,-141.6149520874
89.1365432739,-77.3504676819,-218.5617561340
93.4899444580,-77.3025760651,-217.4151039124
97.8448772430,-77.0859279633,-218.6722984314
89.0335674286,-81.8756771088,-217.9090270996
93.3824043274,-81.9606475830,-217.2025070190
97.8291034698,-81.6064205170,-218.0761489868
88.4048290253,-86.7463436127,-219.0136070251
93.1088752747,-87.0281143188,-217.9736824036
97.7718048096,-86.3698368073,-219.2007751465
93.9836483002,-81.6560497284,-220.3213958740
94.1937046051,-81.2983169556,-223.8041267395
94.0292396545,-77.1445484161,-221.3713760376
93.6712951660,-86.2109928131,-222.1296043396
82.0029220581,-77.6035594940,-219.2914276123
83.0190753937,-81.8335685730,-217.7111968994
81.8087158203,-86.3368701935,-219.1079025269
83.3852214813,-81.7626495361,-224.0364990234
77.2523994446,-82.0796375275,-218.5776252747
71.9557094574,-78.9548091888,-184.0596046448
73.2703037262,-78.6294517517,-187.2891540527
71.8806362152,-78.1430568695,-190.8117332458
72.6736469269,-82.7650585175,-184.1004486084
73.5768718719,-82.9114780426,-187.6506271362
72.5562591553,-82.7552299500,-191.5480079651
71.5810413361,-87.0817604065,-183.5494689941
72.8446884155,-87.7676029205,-187.6215209961
71.5924072266,-87.5487403870,-191.8729248047
70.3249435425,-83.0716342926,-188.0874748230
66.7378044128,-82.9520969391,-187.8832206726
69.0744800568,-79.1422729492,-187.9781303406
68.6620578766,-87.3541240692,-187.5537681580
58.8913707733,-81.7170314789,-167.5347480774
60.7282266617,-81.3022251129,-163.6244239807
58.6571054459,-81.9631385803,-159.7620697021
59.6768398285,-85.7078647614,-163.5002708435
47.2460594177,-80.9390468597,-137.3276557922
45.2015457153,-81.8404502869,-132.5627288818
31.8248076439,-77.4112300873,-99.0150241852
35.1766719818,-79.0722293854,-99.7174110413
31.4618530273,-79.1079845428,-103.3741264343
88.2962684631,-93.6551456451,-219.8920783997
93.0271320343,-92.8190479279,-218.0822563171
97.7604026794,-93.0181846619,-219.8239784241
93.5109863281,-92.7782821655,-223.9231567383
93.2270393372,-97.6565017700,-219.5988006592
72.8650302887,-93.9597282410,-187.2137451172
71.0693454742,-93.8921813965,-182.7405014038
70.5667896271,-92.3676147461,-158.3912010193
71.9276428223,-92.4492588043,-162.3688774109
71.5081386566,-92.6784420013,-165.8219795227
70.3553981781,-97.6674308777,-158.9647750854
71.6449623108,-97.9355773926,-163.0888252258
70.7243843079,-97.7283897400,-167.0526580811
68.2966957092,-92.7746772766,-161.8219985962
65.2001323700,-93.2538986206,-162.6424942017
67.5900745392,-97.8923721313,-162.7825965881
58.3084268570,-92.4067306519,-133.2195053101
59.3429441452,-92.4013214111,-137.8146781921
58.7870264053,-92.7995986938,-142.5665283203
58.1799278259,-98.2752113342,-133.2199745178
59.4524335861,-98.4371280670,-137.8089981079
58.3905334473,-98.5664520264,-142.5501060486
55.6823081970,-92.9752311707,-137.3542289734
52.2201843262,-93.6142101288,-137.2262763977
54.8526868820,-98.5953903198,-137.3640975952
58.4762039185,-92.2318725586,-120.4144763947
59.3867292404,-92.0573463440,-124.7442779541
58.3288097382,-92.2830791473,-129.0066566467
58.1855583191,-97.6997680664,-120.5041294098
59.5663127899,-97.8568496704,-124.7874031067
58.2269067764,-98.0643424988,-128.9919052124
55.5184831619,-92.5864524841,-124.6345043182
52.0480117798,-93.1241950989,-124.4171562195
54.6685628891,-97.9760074615,-124.6709823608
93.4737834930,-108.2596244812,-208.4942817688
97.8393764496,-102.8115692139,-202.6822776794
97.8477001190,-102.2524108887,-198.3229026794
97.8170318604,-103.6351013184,-194.0864257812
93.3197479248,-102.4688816071,-202.4698982239
93.3971576691,-102.1254138947,-198.1237983704
93.2745761871,-103.4559020996,-193.7878227234
88.5739440918,-103.6336383820,-202.4220275879
88.8409214020,-103.0247535706,-198.1347770691
88.5201034546,-104.4459247589,-194.1499519348
93.2645931244,-105.6836299896,-197.6910476685
93.1701374054,-108.7900714874,-198.0012245178
97.8273353577,-106.1718750000,-197.9648513794
88.6058025360,-107.4206295013,-198.2599258423
82.8182334900,-104.7420940399,-202.1126823425
84.0108661652,-104.2514972687,-198.2833290100
82.3909473419,-105.4280261993,-194.7394027710
82.6760025024,-108.8753528595,-198.5975494385
60.1732082367,-105.1504516602,-137.5432243347
58.6530265808,-105.7175712585,-132.9086227417
58.7322835922,-105.3590965271,-128.6765308380
60.4385795593,-104.2668991089,-124.7043476105
58.5017766953,-104.7646541595,-120.5693035126
59.4657011032,-109.3387966156,-124.5055770874
53.9464187622,-104.8224773407,-124.5270557404
46.6443042755,-102.1923732758,-68.6042900085
49.2240142822,-100.3684272766,-64.4550256729
49.0975522995,-100.8369750977,-60.3216247559
47.5609006882,-104.3515739441,-64.5378227234
44.2570466995,-101.0658740997,-63.7079315186
10.3276711702,-115.2604732513,-3.9516250491
14.5627527237,-115.5713291168,-1.5204365551
14.4780395031,-114.4983768463,-4.6639700532
14.2108347416,-114.8883476257,-7.8329662085
14.2751333714,-114.2234458923,-11.0003905296
14.6014630795,-112.6135749817,-14.4271821976
14.7629926205,-112.5293006897,-17.8506221771
93.3025894165,-120.2299003601,-184.8762016296
97.7292098999,-114.8400764465,-178.9191398621
97.7725429535,-114.4087772369,-174.4685745239
97.8437023163,-115.8202991486,-170.1738471985
92.9367351532,-114.6020011902,-178.7935256958
93.1218318939,-114.2750740051,-174.3124542236
93.3218631744,-115.5301227570,-169.8582000732
87.8076095581,-115.8846225739,-178.6994514465
88.2277278900,-115.3083248138,-174.2471733093
88.4071655273,-116.6634998322,-170.0528755188
93.1433086395,-117.7404232025,-173.7865028381
93.1059131622,-120.7743244171,-173.9600219727
97.8032646179,-118.2517986298,-174.1003952026
88.2706565857,-119.4869747162,-174.1583480835
19.0743880272,-112.4912738800,-22.2124323845
19.8111953735,-110.5183486938,-26.1847906113
81.4847831726,-117.0929470062,-178.2383232117
82.8525485992,-116.6337261200,-174.2704963684
81.4565639496,-117.6551284790,-170.2740478516
81.7773761749,-121.0446739197,-174.1994705200
21.5403771400,-107.6868515015,-36.0655770302
71.3810920715,-117.4835739136,-120.9197750092
72.1826114655,-117.5056457520,-124.6123218536
71.4086132050,-117.5419750214,-127.9783210754
70.5960550308,-122.7181472778,-121.0414028168
71.7165489197,-122.8632717133,-124.9505252838
70.4535274506,-122.5811252594,-128.8205738068
68.7967853546,-117.5388240814,-124.0617237091
65.4878330231,-117.5229759216,-124.2608051300
71.7713966370,-117.3482685089,-110.3504981995
72.4509296417,-117.3960971832,-113.7936477661
71.4668979645,-117.4420242310,-117.4093761444
70.6960315704,-122.4231739044,-109.9396228790
71.8652420044,-122.8070526123,-113.6170978546
70.6363706589,-122.6989746094,-117.3423786163
69.1661262512,-117.3843955994,-114.1391487122
66.0136880875,-117.4080486298,-113.9405765533
67.5991640091,-122.2693748474,-113.7528762817
24.2051753998,-104.6652717590,-45.2828426361
23.6302056313,-106.4739742279,-42.1881256104
56.8348817825,-114.4192714691,-110.3984241486
61.8861923218,-115.8027229309,-112.0832023621
62.9183969498,-115.8255233765,-105.7122516632
63.7213773727,-115.2628936768,-101.2410697937
63.4317684174,-115.8028717041,-96.6760940552
57.0960359573,-114.6158218384,-105.1422252655
57.3849735260,-113.8094444275,-100.8241958618
57.3181161880,-114.6668720245,-96.3077392578
51.4125747681,-114.1037464142,-100.4322757721
51.4021015167,-115.1723728180,-95.9340934753
57.0904598236,-117.5712223053,-100.1781635284
56.7537145615,-121.0877742767,-100.0071277618
62.9041824341,-119.8224716187,-100.6766262054
62.9942312241,-115.6188220978,-92.3357505798
62.9779062271,-114.8280506134,-88.0569133759
62.7423181534,-115.3889732361,-83.7497749329
57.0614347458,-114.5908470154,-92.0597095490
56.9261817932,-113.5776042938,-87.5678787231
56.9278144836,-114.4601497650,-82.8249301910
51.0150032043,-114.8580265045,-91.7416019440
50.7575044632,-113.4329814911,-87.2401752472
50.9478244781,-114.8787536621,-82.4354534149
56.9556722641,-117.2168235779,-87.5897941589
57.1192665100,-120.5400962830,-87.6188392639
63.0857648849,-118.8784713745,-87.8904609680
51.2276487350,-118.5161304474,-87.3139915466
36.7307729721,-108.7421493530,-54.7236614227
30.5221261978,-109.0438003540,-53.0909967422
46.9092264175,-108.1709499359,-63.3004903793
47.4620523453,-112.5950260162,-62.1667709351
45.9609394073,-117.4670009613,-63.9845647812
46.0070457458,-113.5695781708,-67.6200675964
42.6695833206,-112.0109748840,-62.7099437714
36.7029266357,-126.9882678986,-1.9245106578
32.5610432625,-127.3905715942,-1.9333381653
36.4362096786,-125.5010738373,-5.8134402037
32.3991465569,-125.5626220703,-5.8183516264
35.9034633636,-124.8093719482,-9.6135318279
31.9186787605,-125.2234230042,-9.6183197498
93.1606197357,-132.1464805603,-161.2855567932
97.6684741974,-127.0484218597,-155.1136817932
97.5573177338,-126.7111968994,-150.6302604675
97.5134963989,-128.2175197601,-146.2986564636
92.7752265930,-126.4325466156,-155.4066467285
92.4303112030,-126.2513732910,-150.9018745422
92.3157176971,-127.7419509888,-146.3740539551
87.5525722504,-127.3741283417,-156.1195220947
86.8712615967,-126.6848030090,-151.5292243958
86.7529602051,-128.3462543488,-147.1792755127
92.4349899292,-129.8814735413,-150.4120292664
92.5148067474,-133.0647315979,-150.6612091064
97.5689239502,-130.5810966492,-150.2778892517
87.1348438263,-131.3676300049,-151.4008522034
35.5352792740,-123.9341964722,-13.2208049297
31.6192665100,-124.3087730408,-13.1755001545
35.3047971725,-122.7930011749,-16.8076431751
31.4535293579,-122.8032760620,-16.7165677547
34.8011426926,-122.0769748688,-20.2771244049
30.8400077820,-122.6468524933,-20.4860572815
32.2684149742,-119.0152301788,-34.5159349442
32.2451796532,-116.4064025879,-37.2626857758
71.6139392853,-129.1594009399,-113.4158496857
69.7377071381,-129.4157199860,-109.3932533264
71.5810642242,-128.6055564880,-84.8687896729
72.2867698669,-128.5763778687,-88.5826416016
71.4450626373,-128.3848476410,-91.9083690643
70.3406276703,-133.3193016052,-85.0984516144
71.2481307983,-133.2939529419,-89.1450157166
69.8946123123,-132.9108314514,-93.0887985229
69.1224288940,-128.2513523102,-87.9083747864
66.0844087601,-128.0111522675,-88.0153083801
67.2848691940,-132.6677055359,-88.5578994751
72.3754043579,-128.6428070068,-74.0437927246
72.8747520447,-128.6451759338,-77.7514286041
71.7557125092,-128.6104774475,-81.3700027466
71.1383152008,-133.3116073608,-73.8930320740
71.9860229492,-133.3597030640,-77.7599010468
70.5603656769,-133.3166007996,-81.4668693542
69.6332645416,-128.3512134552,-77.5682678223
66.6250820160,-128.1521835327,-77.3435516357
67.9240360260,-132.8411827087,-77.4648838043
72.9992198944,-124.2887935638,-63.7237062454
73.7773342133,-123.9118251801,-67.0467433929
72.5359954834,-123.8504505157,-70.6172733307
73.1679496765,-128.4792442322,-63.8343515396
73.7957134247,-128.7580013275,-67.0560588837
72.7235622406,-128.7029075623,-70.5758781433
71.4780750275,-132.6220397949,-63.0668048859
72.7298488617,-133.5706672668,-66.6749439240
71.4289417267,-133.4720573425,-70.3229770660
70.6963958740,-128.3513031006,-67.6894197464
67.5379638672,-127.9666996002,-67.5102996826
70.1370353699,-123.9673480988,-67.5600795746
68.6733016968,-132.4893226624,-66.9800453186
37.6941947937,-119.2707767487,-35.3815631866
36.8115711212,-117.2602748871,-37.7011966705
35.9513950348,-117.4303493500,-40.4072141647
41.7315330505,-119.5606975555,-36.4519338608
40.6905317307,-117.9330234528,-38.5318050385
39.4560155869,-117.6905975342,-40.5723772049
45.4861469269,-121.5175533295,-38.4618320465
43.8176221848,-119.2869033813,-40.7527532578
41.7961082458,-118.8319244385,-42.3071603775
40.1712293625,-120.3587226868,-38.8757753372
39.7460956573,-123.2067260742,-39.5189332962
36.7276535034,-120.8635025024,-38.2374973297
43.0608425140,-122.4507026672,-40.8987979889
52.8295211792,-124.7428512573,-64.9321308136
58.0672950745,-123.5236282349,-64.7914047241
63.2187681198,-125.7986526489,-65.9686813354
57.8612737656,-125.2998847961,-69.6789302826
57.7488927841,-129.6136779785,-64.2770490646
63.4661493301,-125.4482479095,-59.5745906830
63.3081541061,-124.8099498749,-55.2096710205
62.3568077087,-125.5476455688,-51.3992643356
58.6901979446,-123.4064235687,-59.4492120743
59.1099920273,-122.6341247559,-55.6013736725
58.7296514511,-123.3984756470,-51.9833602905
53.9578676224,-123.1618442535,-58.9763231277
55.2325763702,-121.9344730377,-55.4024820328
54.9573898315,-122.9462738037,-51.8798913956
58.3619213104,-125.6632251740,-55.6077613831
57.4815006256,-128.6869220734,-55.3193836212
62.4175891876,-128.6817722321,-55.3430919647
54.1906557083,-125.6239738464,-55.2010955811
42.5405330658,-118.8184032440,-44.7249460220
42.5034332275,-118.2087478638,-47.4445581436
42.4532470703,-119.7743740082,-50.4078426361
45.7058582306,-119.6985549927,-43.5254402161
46.4798402786,-119.2876453400,-46.4557132721
46.5873460770,-120.2230949402,-49.6131534576
48.6556615829,-122.3615283966,-41.3934259415
50.4230346680,-121.6635513306,-44.9513015747
50.6578636169,-122.2756214142,-48.6715364456
45.8269004822,-121.8590240479,-46.6191177368
45.2221250534,-124.7063541412,-46.4355869293
42.2194395065,-121.6115512848,-47.3605337143
49.2737989426,-124.9974269867,-45.2690687180
71.1677207947,-140.3172760010,-2.1615303755
67.2604198456,-141.0802078247,-2.1871057153
70.7020645142,-139.3263473511,-6.5284066200
66.6716823578,-139.8575210571,-6.5802624226
70.0665321350,-139.1076202393,-10.8649125099
66.0658712387,-139.9511032104,-10.9621024132
63.3915863037,-140.7634582520,-2.1977727413
59.3796148300,-139.3695030212,-2.1416746378
55.1582756042,-139.8320045471,-2.1240630150
62.7941341400,-139.4803237915,-6.6124716997
58.7777395248,-138.2182235718,-6.5225839615
54.5587863922,-138.4659767151,-6.4668662548
62.1328487396,-139.5590744019,-11.0048327446
58.1198358536,-137.9479141235,-10.8953800201
53.7938938141,-138.6206283569,-10.8059701920
59.0446691513,-141.5687026978,-6.6493595839
59.1123847961,-144.7868881226,-6.6735154390
59.6766004562,-143.2370529175,-2.1940244436
58.2608823776,-142.2373542786,-11.0926797390
48.3007564545,-137.5975265503,-6.3910863400
97.4599971771,-138.9407043457,-126.3877506256
92.1798114777,-138.4469223022,-126.4112262726
92.2399711609,-139.5843238831,-122.0368270874
97.4591217041,-140.3499031067,-118.0311012268
97.4857196808,-139.4919815063,-113.9535007477
97.5366668701,-140.4977798462,-109.8907032013
92.2587471008,-139.7301788330,-117.9612751007
92.2871990204,-138.8284797668,-113.7906990051
92.4745616913,-139.7051544189,-109.6258773804
86.6521778107,-139.2216262817,-113.5510768890
97.6180973053,-140.4692382812,-105.9477481842
97.7126235962,-139.4385375977,-101.9575023651
97.7428817749,-140.3149070740,-97.9811515808
92.8162555695,-139.5938911438,-105.7240486145
93.1433448792,-138.5412940979,-101.7474250793
93.2075653076,-139.3512496948,-97.7657279968
87.9116897583,-140.1266975403,-105.2807483673
88.7963104248,-138.4426536560,-101.4280529022
88.7645168304,-139.5731964111,-97.5609779358
92.9375610352,-141.7749938965,-101.7118473053
97.7447681427,-140.3234977722,-94.0700206757
97.7609748840,-139.4640998840,-90.0720310211
93.1810855865,-139.4119949341,-93.9351062775
93.2118778229,-138.7038536072,-89.9400157928
88.5913867950,-139.6543960571,-93.8333187103
88.6611919403,-138.5935974121,-90.0069961548
69.6280536652,-138.6389770508,-15.1387805939
65.5700788498,-139.4496574402,-15.3190374374
69.3674373627,-137.8875579834,-19.6433482170
65.1941499710,-138.3298377991,-19.8618521690
68.8487834930,-137.7027549744,-24.6082959175
64.6962957382,-138.2858047485,-24.8309073448
61.5962066650,-139.0171241760,-15.3633029461
57.5413999557,-137.3608474731,-15.1848499775
53.1588163376,-137.9966239929,-15.0558977127
61.1837081909,-137.8196983337,-19.9349627495
57.0139856339,-136.4090805054,-19.7959194183
52.6188373566,-136.6245346069,-19.5749192238
60.6204538345,-137.5976448059,-24.9578895569
56.3063678741,-135.8756980896,-24.9253373146
51.7001514435,-136.6382446289,-24.5242843628
57.2166481018,-139.9622039795,-20.0446248055
57.6545314789,-141.6765518188,-15.4490554333
56.4852361679,-140.7147674561,-24.8795647621
46.3235349655,-135.5444984436,-18.9118986130
83.9266471863,-139.3048210144,-93.9182929993
84.1848831177,-138.1583938599,-90.0490207672
84.2300682068,-139.4876976013,-86.3547325134
79.2054252625,-138.5045700073,-93.9809265137
79.5966873169,-137.5784034729,-89.9275417328
79.8093528748,-138.5196304321,-86.0099735260
74.9530506134,-137.8857765198,-89.7640342712
75.1471576691,-138.9869041443,-85.7389564514
68.0488195419,-142.1941719055,-30.6685566902
71.0900020599,-138.0733757019,-77.8828353882
70.5427112579,-139.8442687988,-70.4580154419
72.2390937805,-139.1682205200,-66.5169353485
70.2563819885,-139.1123542786,-62.4134168625
66.8714847565,-138.5683479309,-66.3336391449
69.3842029572,-142.6756439209,-42.1387996674
82.8525638580,-151.0462493896,-6.5639190674
87.0733909607,-149.5311737061,-30.4056005478
87.2629203796,-150.0934562683,-18.8926782608
80.6439895630,-148.9498558044,-19.0946002007
81.1513442993,-148.2805213928,-30.5270004272
81.7436351776,-138.8485488892,-26.4598121643
80.7218914032,-143.4138755798,-26.7764463425
85.2573413849,-143.2269020081,-26.4550728798
87.2974777222,-140.8065795898,-26.3537311554
87.1267986298,-137.7419471741,-26.2590303421
84.8761634827,-139.7075767517,-26.3556852341
81.9146327972,-138.5233955383,-30.3545370102
81.3366603851,-142.8697967529,-30.4824666977
85.2907562256,-142.9112167358,-30.3802475929
87.2766876221,-140.6015739441,-30.3063855171
87.1182823181,-137.5431251526,-30.2287683487
84.8976860046,-139.4600715637,-30.2991657257
81.5272865295,-138.4077720642,-34.2860889435
80.4392356873,-143.0137710571,-34.2590103149
85.0464267731,-142.9286193848,-34.3086423874
87.1345252991,-140.5269966125,-34.2603464127
87.0042419434,-137.4327011108,-34.2030334473
84.7089099884,-139.3618965149,-34.2460594177
86.8556423187,-137.3702926636,-38.1650905609
86.9545669556,-140.4769439697,-38.1939048767
84.7843723297,-142.8702545166,-38.1702842712
84.4802303314,-139.2800674438,-38.1664438248
86.7339191437,-137.3570899963,-42.1446924210
86.8111972809,-140.4490890503,-42.1527547836
84.6411781311,-142.7416496277,-42.1270751953
84.3271770477,-139.2198181152,-42.1297092438
86.6186828613,-137.4278755188,-46.1371660233
86.6837425232,-140.5353240967,-46.1297578812
84.4662590027,-142.9339942932,-46.1133022308
84.1736679077,-139.3051490784,-46.1166915894
80.7418842316,-138.2134552002,-46.1268739700
80.9724998474,-138.1121520996,-42.1238346100
81.1233425140,-138.2601737976,-38.1410713196
79.8823871613,-142.7969055176,-38.0241985321
80.0615196228,-142.3816261292,-42.0827608109
79.4636631012,-142.9421691895,-46.1143579483
79.9832115173,-147.9467239380,-42.0029001236
75.9071331024,-138.4307975769,-46.1553192139
76.5122776031,-138.0702476501,-42.1442604065
76.3655948639,-138.7160987854,-38.0660820007
86.5321273804,-137.5119247437,-50.1315851212
86.5967254639,-140.6092758179,-50.1097545624
84.3793201447,-143.0042457581,-50.0624742508
84.0799713135,-139.3759193420,-50.1010856628
86.4669265747,-137.5847473145,-54.1415863037
86.5447425842,-140.6571731567,-54.1200237274
84.3720512390,-142.9509773254,-54.1057605743
84.0345783234,-139.4208488464,-54.1252412796
86.3904209137,-137.6864776611,-58.1453666687
86.4932193756,-140.7851028442,-58.1364316940
84.3054103851,-143.2130470276,-58.1827192307
83.9535293579,-139.5841751099,-58.1619205475
80.5188789368,-138.4965972900,-58.2030220032
80.6745872498,-138.2510261536,-54.1186313629
80.6524906158,-138.2582740784,-50.0680646896
79.3785018921,-142.9933013916,-49.9999761581
79.7917232513,-142.5842552185,-54.1005620956
79.3662281036,-143.2551269531,-58.2520179749
75.7912998199,-138.6360778809,-58.1442403793
76.3018817902,-137.9992980957,-54.0475606918
75.8548450470,-138.3922729492,-50.0188112259
76.0635833740,-139.1753463745,-62.2190637589
80.5653953552,-138.7406921387,-62.2421150208
79.4676494598,-143.4828987122,-62.3163728714
84.3339424133,-143.3493194580,-62.2340021133
86.4817695618,-140.8718452454,-62.1210584641
86.3487167358,-137.7690429688,-62.1081523895
83.9386444092,-139.7249450684,-62.1781187057
76.8898811340,-139.2643508911,-66.5770511627
80.7525444031,-138.8960685730,-66.4567203522
80.0519924164,-143.2029953003,-66.7491760254
84.4602966309,-143.3342628479,-66.4531135559
86.5138759613,-140.8733215332,-66.0518550873
86.3387432098,-137.7919998169,-65.9994049072
83.9811210632,-139.8039970398,-66.2106018066
76.3504943848,-139.8769302368,-71.0314445496
80.6644763947,-139.2378501892,-70.9459838867
84.6834583282,-143.4644241333,-70.9696750641
86.5982532501,-140.7746505737,-69.7787952423
86.3417854309,-137.7304992676,-69.7184619904
84.0185642242,-139.9036026001,-70.2642765045
84.5334415436,-139.6209754944,-82.4872264862
85.2375564575,-138.6837806702,-78.3057231903
84.3037052155,-142.7227554321,-79.2380008698
85.4644145966,-142.2819023132,-74.3991260529
86.8500766754,-140.3282699585,-72.7908878326
86.4547634125,-137.7532196045,-73.1494789124
84.3842067719,-139.5062522888,-73.6361274719
86.3142299652,-139.4328727722,-75.1392917633
80.1343822479,-138.5932006836,-82.2290534973
80.7160835266,-137.8850250244,-78.2602233887
80.7886772156,-138.7586021423,-74.7393226624
80.2339591980,-141.0580520630,-78.8994750977
75.4208507538,-138.9901809692,-82.0430316925
75.8462181091,-137.9211769104,-78.2348232269
75.8758392334,-139.1730041504,-74.7350292206
83.7608013153,-139.5282974243,-103.9281997681
84.9690494537,-137.9215507507,-100.9325523376
84.4392051697,-139.1702461243,-97.5085544586
82.1866512299,-138.3620223999,-100.2229137421
80.3919391632,-144.4998741150,-14.7258152962
80.5739440918,-143.5609283447,-18.8796610832
80.2986888885,-143.6064300537,-23.0258278847
68.6234674454,-141.9140701294,-24.5709323883
72.8751125336,-139.4813232422,-24.1650032997
69.0949649811,-142.8216476440,-15.3447754383
68.6827583313,-144.4856491089,-19.9175317287
69.1958446503,-141.3841438293,-19.8231978416
73.5184974670,-139.4013481140,-19.3999285698
73.3718643188,-140.3288726807,-15.0188057423
77.4211769104,-140.7091217041,-14.7579903603
77.5851631165,-139.8769187927,-18.9727730751
77.1572513580,-139.9110755920,-23.3093104362
81.7545986176,-139.8868980408,-14.4639599323
81.6426258087,-139.4014701843,-18.5647830963
81.5605163574,-139.1378173828,-22.6093397141
87.1183090210,-137.9793395996,-22.2963395119
87.2930335999,-141.0415534973,-22.4134049416
85.2033023834,-143.4950866699,-22.5826177597
84.8248958588,-139.9747200012,-22.4246497154
87.1722679138,-138.2454719543,-18.2956075668
87.3534660339,-141.2964973450,-18.4288830757
85.2846298218,-143.6969070435,-18.5874381065
84.8766403198,-140.2511177063,-18.4231834412
87.2894706726,-138.5813980103,-14.2574372292
87.4881076813,-141.6687698364,-14.4000277519
85.4328575134,-144.2251968384,-14.5279154778
85.0019531250,-140.6611442566,-14.3673498631
97.7328147888,-143.0483970642,-90.0626468658
97.7769737244,-140.7318267822,-86.0213432312
88.4015235901,-142.7683448792,-90.1367225647
93.0822944641,-142.0843429565,-89.8225116730
88.6188755035,-140.0531272888,-86.2210731506
93.2116737366,-139.9320526123,-85.7989196777
97.8873538971,-140.4998550415,-78.0385322571
97.8247375488,-141.0942764282,-82.0337924957
97.7879905701,-144.5982055664,-74.2488269806
97.9065341949,-142.1656761169,-72.6687812805
97.9832057953,-139.2429466248,-73.0634403229
97.9206886292,-141.2124748230,-74.9077072144
93.6000022888,-139.8818969727,-78.2434425354
93.3428783417,-140.3197708130,-81.9429321289
93.1472549438,-144.0369796753,-78.8603992462
93.3615169525,-144.1434249878,-74.4507064819
93.7910041809,-141.5965003967,-72.6815013885
93.9701614380,-138.5673637390,-73.0379657745
93.7824573517,-140.6636123657,-75.1394062042
89.3287963867,-139.4039955139,-78.3841991425
88.8291702271,-140.3018531799,-82.3580932617
88.4140834808,-144.0095787048,-79.3117542267
88.9965496063,-143.6135253906,-74.6077518463
89.9746704102,-140.9850730896,-72.7819786072
90.0989017487,-137.9973640442,-73.1078014374
89.8157997131,-140.0968360901,-75.2573661804
82.1167087555,-145.5780525208,-2.1036788821
81.6802883148,-144.8592987061,-6.3934717178
80.7762908936,-144.9621429443,-10.6444096565
69.5728759766,-143.2819480896,-11.0494575500
73.7788696289,-140.7581405640,-10.8246598244
71.1431026459,-143.9543800354,-2.1996454597
70.2363586426,-145.5847053528,-6.6569645405
70.6482772827,-142.7046737671,-6.6435154676
74.7739791870,-140.6856422424,-6.5088697672
75.1051883698,-141.6607437134,-2.1497992277
79.0243110657,-141.9498977661,-2.0966494679
78.6734771729,-141.1011695862,-6.3785682917
77.7836208344,-141.1201705933,-10.6395125389
82.9848823547,-141.2541732788,-2.0426620841
82.4874935150,-140.6457443237,-6.2029162049
82.0442256927,-140.3008689880,-10.3752322197
87.4799976349,-138.9539947510,-10.1920146942
87.7095584869,-142.0541191101,-10.3335049152
85.7464237213,-144.6775665283,-10.4580543041
85.2450885773,-141.0668945312,-10.2813718319
87.7103691101,-139.3772697449,-6.0952049494
87.9688816071,-142.4272232056,-6.2107502222
86.1493511200,-144.9650993347,-6.2953122854
85.5825653076,-141.4542465210,-6.1497388482
87.9039554596,-139.9616737366,-2.0196270943
88.1400642395,-142.8429031372,-2.0672734976
86.5425033569,-145.3810234070,-2.0930560231
86.0296344757,-141.9421463013,-2.0358822346
46.3786811829,-121.2372512817,-53.5572519302
42.4953155518,-121.6896743774,-54.8535594940
46.1051778793,-125.7982997894,-53.8626995087
45.8486738205,-122.7644004822,-58.0071983337
51.4556999207,-122.0988006592,-51.8632516861
52.1684885025,-121.3058013916,-54.7934980392
50.4900760651,-122.3181991577,-57.2296752930
49.6100320816,-121.1561508179,-53.9503097534
50.7074537277,-124.6786251068,-54.2262487411
56.8754434586,-129.3803539276,-43.6558103561
61.3233594894,-126.6532707214,-38.0608901978
56.9748678207,-124.8632755280,-38.0873155594
52.3758544922,-124.2795028687,-39.2273006439
56.3835773468,-128.4846038818,-38.6536970139
61.9809370041,-125.5073242188,-42.6925477982
57.9995517731,-123.4782466888,-43.0414762497
54.1809387207,-123.1019248962,-43.6867179871
57.9907140732,-126.7555046082,-43.3220520020
61.8560447693,-125.7949199677,-47.3682880402
58.3262023926,-123.7156715393,-47.9342584610
54.5549249649,-123.4678230286,-48.1061277390
57.7653923035,-127.5280742645,-48.1349592209
38.1482553482,-116.7072200775,-47.4145288467
37.6201562881,-118.6039981842,-50.3429546356
34.7639484406,-117.1636009216,-46.9002943039
36.1198911667,-116.9827022552,-43.1476659775
38.7255306244,-117.2545299530,-42.6230840683
40.3913326263,-118.1259269714,-43.9769992828
38.3496761322,-116.5909748077,-44.7949552536
38.1136856079,-119.9687271118,-43.5707082748
75.1504268646,-124.9559230804,-41.8626680374
75.4679508209,-128.1211776733,-41.8449506760
73.5716915131,-130.8814773560,-42.0588922501
72.9315338135,-127.2754764557,-41.9428110123
75.3724002838,-124.8558769226,-45.9173784256
75.6024208069,-127.9571533203,-45.9421958923
73.5685577393,-130.5849533081,-46.0732650757
73.1107578278,-126.9795284271,-45.9601764679
69.9043331146,-126.0672550201,-46.1138658524
69.7504577637,-126.3925037384,-42.0891456604
69.4615612030,-127.5992584229,-37.7259893417
68.5283880234,-132.2173080444,-37.8713083267
68.7191791534,-137.9827995300,-38.2056169510
68.8527574539,-130.5867061615,-42.3387956619
68.5978002548,-130.5574779510,-46.4885454178
63.7531671524,-136.3968009949,-42.6425371170
69.7210206985,-136.6647529602,-42.3655490875
68.5445394516,-137.7700462341,-46.5193204880
65.7145776749,-126.4853229523,-46.6029119492
65.8399934769,-126.4608516693,-42.3456106186
65.4484510422,-127.5970039368,-37.9412364960
70.4875659943,-130.1272239685,-60.2715587616
72.2051792145,-127.7200984955,-61.2293405533
71.7914638519,-124.6791744232,-60.8809623718
71.1185626984,-126.6755065918,-59.3261499405
68.8431186676,-127.1799716949,-61.5458545685
75.4718704224,-124.8030261993,-49.8909845352
75.6529521942,-127.8771476746,-49.9194841385
73.6366138458,-130.4098510742,-49.9298152924
73.2464923859,-126.8237247467,-49.8149919510
75.3822784424,-124.7413997650,-53.8102807999
75.5447845459,-127.8314266205,-53.8772983551
73.6769657135,-130.2893104553,-53.7155122757
73.2696990967,-126.7328777313,-53.5091962814
74.6865653992,-124.6745510101,-57.8099517822
74.7960910797,-127.8527030945,-57.9650821686
73.1894359589,-130.4591064453,-57.4819192886
72.8547534943,-126.7599067688,-56.9642505646
70.3407096863,-125.9294757843,-56.9989519119
70.3450889587,-125.7270469666,-53.5625848770
70.1335773468,-125.8729991913,-49.9111156464
68.9367856979,-130.3478488922,-50.2600374222
68.8070592880,-137.6716995239,-50.3649673462
69.4457225800,-130.4325809479,-57.6363859177
69.6662845612,-129.8918800354,-53.8968477249
64.9552755356,-136.3773040771,-54.7141618729
70.3480377197,-136.4669761658,-54.2691841125
69.4024162292,-137.8490562439,-58.3775768280
67.3016662598,-126.3038482666,-58.5126676559
66.9783592224,-125.8269500732,-54.3085861206
66.1538944244,-126.2784976959,-50.4788036346
42.5747470856,-127.3509521484,-30.7768521309
45.2212486267,-123.2594776154,-25.1101408005
40.7728586197,-123.3267021179,-25.3500080109
43.8339023590,-126.7900295258,-26.2205305099
48.8167066574,-127.3859786987,-25.6260504723
50.8389301300,-125.7905998230,-24.3038754463
50.7025518417,-123.2292976379,-24.5197787285
48.5166492462,-124.5672016144,-24.5355300903
49.7174863815,-124.6969947815,-26.5814599991
47.9685068130,-123.3584976196,-29.9070391655
44.3604440689,-121.8272724152,-29.1613221169
39.9753799438,-121.6074962616,-29.0280880928
43.4664859772,-124.5434703827,-29.8925151825
46.7050342560,-122.9157791138,-34.6990051270
42.9107618332,-120.9067726135,-33.4470591545
38.8477630615,-120.9140739441,-32.6463007927
42.2527542114,-124.4691238403,-34.3761472702
54.1600761414,-123.6614952087,-24.9001097679
53.8083467484,-126.6198463440,-24.7381901741
52.0892934799,-129.0379714966,-26.6113071442
53.0875272751,-125.5984706879,-27.1964650154
57.9600677490,-124.2199974060,-25.0616126060
57.6399841309,-127.2226467133,-24.9175424576
56.7228240967,-129.6116027832,-26.8247919083
57.2845678329,-126.1732311249,-27.3035440445
62.0249376297,-124.6280231476,-25.3237318993
61.9040594101,-127.7273769379,-25.2477517128
61.0485382080,-130.4007034302,-26.9862346649
61.5135860443,-126.7825050354,-27.5656261444
61.0991172791,-126.1563205719,-30.2078337669
56.8157711029,-125.2351016998,-30.2872910500
51.9906606674,-124.5929241180,-30.4208602905
50.5812587738,-128.7687015533,-31.4758324623
51.0198726654,-136.0859947205,-31.4644222260
56.0153722763,-129.2662525177,-30.9033527374
60.4519872665,-130.6468467712,-31.0350508690
55.5200986862,-135.5282821655,-35.5033960342
55.8110876083,-134.6091194153,-30.7999792099
60.2158565521,-136.7706680298,-31.3771743774
60.9860763550,-126.7932720184,-33.8414673805
56.4513254166,-125.4400539398,-33.8547949791
51.2761764526,-124.7126331329,-34.7456531525
66.1625661850,-124.8025989532,-25.5343418121
66.1012344360,-128.1846027374,-25.6213016510
65.2561740875,-131.3752059937,-27.0551776886
70.1727275848,-124.9927730560,-25.6016902924
70.0563545227,-128.6484031677,-25.8168683052
69.4397106171,-132.2063598633,-27.0005965233
74.1043605804,-125.3179492950,-25.7320599556
74.0745811462,-129.1909523010,-25.9885101318
73.5914192200,-133.3134994507,-26.9573626518
66.3744821548,-124.6496486664,-29.3163609505
66.6971549988,-127.4436702728,-28.9317350388
65.7367343903,-129.7680702209,-29.5936861038
64.0524005890,-126.9679965973,-29.5408248901
70.3155689240,-124.6324501038,-29.3541970253
70.3927783966,-127.9295997620,-29.1595687866
69.8551883698,-130.8428268433,-29.6329045296
74.2310504913,-124.9309730530,-29.5623302460
74.3384494781,-128.5891761780,-29.5628890991
74.0640830994,-132.2456054688,-30.0194683075
64.7289085388,-132.1007080078,-30.8572025299
64.3835620880,-137.6613502502,-31.2496356964
69.0985469818,-133.0352058411,-30.5188012123
73.0803928375,-134.8404464722,-30.7658739090
68.0823135376,-137.6360282898,-34.9543561935
68.4921722412,-136.8914794922,-30.4555997849
72.0601387024,-139.1286735535,-30.7421655655
66.5909023285,-125.0675220490,-32.9871535301
67.1484184265,-127.4705219269,-32.0335049629
65.8965883255,-130.0876998901,-32.7143139839
66.1690235138,-128.1274280548,-34.5514240265
64.3722581863,-127.4814491272,-33.0516295433
70.3680076599,-125.0116233826,-33.1994800568
70.6869163513,-127.8955230713,-32.3775825500
69.8800544739,-130.8154525757,-32.6611905098
70.0306663513,-128.3158798218,-34.6587715149
73.3857021332,-131.8691558838,-37.6198339462
72.4221458435,-128.0046062469,-37.4662075043
75.0136337280,-128.4047756195,-37.3659133911
74.6769943237,-125.0936717987,-37.6941146851
74.3301982880,-124.9728717804,-33.5355978012
74.5646858215,-128.4716453552,-33.1855754852
73.6843795776,-132.2947044373,-33.4906487465
34.0985050201,-121.1520748138,-28.4350051880
33.0336542130,-120.9084014893,-31.7201848030
34.2848014832,-124.8052558899,-24.5263528824
77.6551399231,-139.5714225769,-27.0416779518
77.2551269531,-139.0258712769,-34.2497787476
78.4614524841,-138.8643989563,-30.5176458359
75.2469844818,-140.3068046570,-30.8451499939
86.3976306915,-134.0089912415,-26.1612601280
82.1458702087,-134.1532707214,-26.2755770683
82.2705268860,-129.5808010101,-26.0459022522
77.8243312836,-134.0476951599,-26.6303415298
78.1495513916,-129.5101985931,-26.0654749870
78.1640987396,-125.2304534912,-25.8188447952
86.4059352875,-133.7847671509,-30.1359348297
82.2254714966,-133.8345451355,-30.1777300835
82.3379497528,-129.2471485138,-29.9776430130
78.1505851746,-133.4436988831,-30.2301683426
78.3087139130,-129.0686969757,-29.8655004501
78.2652454376,-124.8333015442,-29.7280168533
86.3389415741,-133.6381950378,-34.1215295792
82.0598163605,-133.6735191345,-34.1217947006
82.3565387726,-129.0137958527,-33.9399104118
77.6579875946,-133.4309806824,-34.0633921623
78.3679313660,-128.8604717255,-33.7348504066
78.3961334229,-124.5433235168,-33.6989688873
84.1583786011,-134.2424507141,-104.8093471527
84.9271640778,-129.6893234253,-105.2148475647
85.0968379974,-125.5391273499,-105.4034481049
84.8216018677,-133.6329498291,-101.1554241180
84.9646892548,-129.5393466949,-101.2816715240
85.0672206879,-125.4487247467,-101.4136734009
84.5330867767,-134.0079727173,-97.4934654236
84.8358631134,-129.6499748230,-97.3863983154
85.0208034515,-125.4516277313,-97.4465904236
79.5413646698,-135.2058448792,-100.7753982544
80.2618026733,-133.0435676575,-104.1698722839
81.0561943054,-129.0346755981,-104.9667987823
80.9705352783,-125.1784763336,-105.2834491730
80.4299335480,-132.4616165161,-100.8973789215
80.8313617706,-128.8365497589,-101.0046215057
80.8331394196,-124.9890785217,-101.2216968536
79.8883190155,-133.2119750977,-97.5661029816
80.4812145233,-129.0329780579,-97.1008491516
80.6724014282,-124.9472274780,-97.1676292419
74.4967727661,-134.0389404297,-101.4310455322
76.1166915894,-132.1741981506,-104.6233291626
77.4971218109,-128.7035064697,-105.0091018677
76.6929225922,-125.4864521027,-105.3352260590
74.2823715210,-128.8903751373,-105.2823047638
75.7365741730,-131.0532455444,-100.9980297089
76.8582649231,-128.2193775177,-100.7394485474
76.4314651489,-124.8910999298,-101.0958271027
73.8024616241,-127.6600971222,-101.1041793823
71.3033638000,-127.8346786499,-95.3171558380
69.6272134781,-131.0826530457,-96.6807670593
74.9844570160,-132.2985267639,-97.6021690369
76.0719757080,-128.4335079193,-96.5842914581
76.0511646271,-124.5200023651,-96.7197322845
85.1440582275,-125.5902538300,-109.3981990814
84.9326877594,-129.7108268738,-109.2083740234
83.6681308746,-134.2134208679,-108.8309249878
85.2031459808,-125.5617256165,-113.4231739044
85.0230140686,-129.5587997437,-113.3454952240
83.7972850800,-133.5457458496,-113.3167495728
85.2107524872,-125.5155525208,-117.4205799103
85.0351295471,-129.4949798584,-117.4386749268
83.8037242889,-133.5562820435,-117.5433235168
81.1094379425,-125.3101997375,-109.2958240509
81.2898712158,-129.0636577606,-108.9889240265
80.4351119995,-132.9106025696,-108.2520980835
81.2415447235,-125.3127498627,-113.3382472992
81.5258808136,-128.8712806702,-113.2159729004
80.9831638336,-132.0885009766,-113.1236000061
81.2385005951,-125.2850513458,-117.3368034363
81.5428600311,-128.8183345795,-117.3448257446
81.0191631317,-132.0720596313,-117.4262237549
79.1891002655,-135.6538467407,-108.5033779144
79.9340457916,-134.5690727234,-113.2719535828
76.9521389008,-125.9241256714,-109.3363456726
77.9498348236,-129.0296058655,-109.0430755615
76.8765106201,-132.7120285034,-108.6536026001
74.9533443451,-129.7562503815,-109.2560272217
77.2473945618,-126.0554771423,-113.3631210327
78.3320617676,-128.9479026794,-113.2383747101
77.7868175507,-132.0710258484,-113.2001514435
75.7087802887,-129.6303520203,-113.3529281616
77.1358413696,-126.0947513580,-117.3545494080
78.2825355530,-128.9821777344,-117.3597240448
77.5591602325,-132.3927268982,-117.4645023346
75.3524837494,-129.9729022980,-117.4518775940
85.2005081177,-125.4068775177,-121.3395519257
85.0298938751,-129.3541011810,-121.4199028015
83.8202762604,-133.3934326172,-121.6524753571
85.1758003235,-125.2131023407,-125.1616001129
85.0078353882,-129.0810203552,-125.2788524628
83.8288993835,-132.9667739868,-125.8032283783
85.0995121002,-124.9815769196,-128.8527011871
84.9214878082,-128.7024478912,-128.8744316101
83.7492885590,-132.5137519836,-130.0210590363
81.2238502502,-125.1774272919,-121.2279262543
81.5415210724,-128.6782493591,-121.3016777039
81.0508460999,-131.9143524170,-121.4889259338
81.2113971710,-124.9580764771,-125.0152225494
81.5452346802,-128.3833465576,-125.1175003052
81.1329860687,-131.4780197144,-125.5063228607
81.1342525482,-124.6636486053,-128.6241703033
81.4338836670,-128.0117282867,-128.6089534760
81.0415649414,-131.0370292664,-129.3966789246
77.1142807007,-126.0166015625,-121.2317008972
78.2869567871,-128.8665962219,-121.2995758057
75.3779735565,-129.8823509216,-121.4229259491
77.1705570221,-125.8125267029,-125.1018009186
78.3799343109,-128.5504245758,-125.1597995758
76.8205280304,-125.6017017365,-129.0105438232
78.1432685852,-128.2595233917,-128.8137454987
78.2061767578,-127.6760749817,-131.7711753845
81.0891628265,-129.7428779602,-132.5321273804
81.3636379242,-127.4604740143,-131.4373054504
81.0985031128,-124.5502490997,-131.9739990234
81.1661376953,-126.6493778229,-133.6873245239
83.7997608185,-130.8670806885,-133.4036254883
84.7403545380,-128.1730022430,-131.8978538513
84.7259387970,-125.1934986115,-132.5142555237
84.1579303741,-127.5159301758,-134.5227279663
45.4514503479,-130.4857692719,-14.1873655319
45.2502040863,-129.1759471893,-18.2298800945
44.3615484238,-128.5471038818,-22.5187263489
34.5701456070,-125.9575519562,-21.2484769821
38.2019071579,-123.8290767670,-21.1034317017
35.2287521362,-128.0559215546,-13.7104949951
35.3316545486,-126.1338233948,-17.4073023796
38.9600267410,-124.4467258453,-17.3381302357
38.9766998291,-125.8116493225,-13.5882778168
42.7111015320,-126.5393714905,-13.7497003078
42.5784635544,-125.2592716217,-17.6168582439
41.7719306946,-124.6075000763,-21.5843701363
46.7972526550,-126.0988769531,-13.6965248585
46.3386106491,-125.2158966064,-17.5496056080
45.7524633408,-124.3799018860,-21.4001350403
51.1872777939,-123.6947002411,-21.0615224838
51.2003326416,-126.5937519073,-21.3549213409
49.0357904434,-128.9029769897,-22.2952198982
48.8322954178,-125.4581775665,-21.2555952072
51.6695232391,-124.3927993774,-17.4582400322
51.7363538742,-127.3388500214,-17.8227288723
49.7239274979,-129.6908493042,-18.2639858723
49.3679428101,-126.2472763062,-17.6124832630
52.1355314255,-125.0596485138,-13.6909346581
52.2624769211,-128.0428466797,-14.0253050327
50.2723083496,-130.5304718018,-14.2689003944
49.8744249344,-127.0107746124,-13.8067727089
88.6600456238,-125.8999748230,-132.9972801208
88.5597305298,-128.9845771790,-132.4237709045
87.5846710205,-131.9366302490,-134.3084945679
88.0085430145,-128.3046035767,-135.2638969421
93.1921195984,-126.3125267029,-132.9901237488
93.0426445007,-129.4550228119,-132.5544471741
92.6587543488,-132.1750526428,-134.3805694580
92.9093532562,-128.5579299927,-135.1755447388
97.7401828766,-126.8482780457,-133.0415649414
97.6843166351,-129.8096504211,-132.6291236877
97.5894813538,-132.2846717834,-134.2377967834
97.6663436890,-128.8661041260,-134.9178695679
97.6067657471,-128.0941276550,-138.1180076599
92.6313228607,-127.7941055298,-138.4438514709
87.2219829559,-127.7390785217,-138.7737655640
86.8185005188,-132.6616020203,-139.5635147095
92.3448104858,-132.1344032288,-139.0343246460
97.5312900543,-132.3412971497,-138.8754081726
97.5420951843,-128.6544208527,-142.1812820435
92.3852367401,-128.2506504059,-142.2944984436
86.8222274780,-128.6788024902,-142.9960441589
47.7145290375,-132.5680961609,-2.0401595235
47.1299571991,-131.4911193848,-6.1765132546
46.0634965897,-131.2467994690,-10.2601397038
35.6738424301,-128.9849014282,-10.0277427435
39.4531984329,-126.6612033844,-9.8700976372
37.0105452538,-130.9669952393,-2.0061244667
36.7223320007,-128.9693050385,-6.0598620772
40.4246416092,-127.0684337616,-5.9700118303
40.7269105911,-128.5392265320,-1.9805384874
44.6360778809,-128.9697761536,-1.9785372317
44.2174158096,-127.7194004059,-5.9936512709
43.2465534210,-127.3367767334,-9.9545452595
48.5221424103,-128.2929763794,-1.9482447505
47.9233627319,-127.4343738556,-5.9036760330
47.3185911179,-126.8174495697,-9.8503308296
52.5923776627,-125.6719245911,-9.8223055601
52.7856893539,-128.6727752686,-10.1006556749
50.8575448990,-131.2029266357,-10.2693200111
50.3966178894,-127.6785736084,-9.9124130011
53.0243520737,-126.2655563354,-5.8892023563
53.2911310196,-129.2530288696,-6.0910599232
51.5004959106,-131.7198028564,-6.1914383173
50.9457502365,-128.2867317200,-5.9470856786
53.3304433823,-126.9228057861,-1.9550432265
53.6590747833,-129.8459033966,-2.0337781012
52.0976953506,-132.3630256653,-2.0639531016
51.5378980637,-128.9587554932,-1.9745292962
91.0042419434,-135.8310737610,-2.0175813437
90.9024372101,-135.3437194824,-6.0641336441
46.4790744781,-116.8729248047,-58.2465047836
47.7578182220,-112.1757507324,-57.4359998703
48.1132907867,-107.2959499359,-57.2525558472
40.5048770905,-106.0674247742,-54.9043598175
39.7216329575,-109.8279247284,-57.9469604492
38.6736621857,-113.8530998230,-55.6541700363
41.0761518478,-110.4245223999,-54.8724317551
43.3340244293,-115.9520015717,-55.2719736099
44.8534536362,-111.6401767731,-54.5185804367
45.1946821213,-107.2274761200,-54.2626857758
47.1349668503,-116.7182273865,-53.9668550491
48.0796489716,-112.4040260315,-53.6196584702
48.6538476944,-108.0426464081,-53.2579660416
50.2813730240,-117.1191768646,-54.1678047180
51.0120401382,-112.8900032043,-53.9118127823
51.6061487198,-108.4096298218,-53.5062198639
52.3107223511,-117.6020736694,-51.8179292679
52.9579734802,-113.4940757751,-51.6045188904
53.5482330322,-109.3342266083,-51.1676340103
52.7949314117,-117.4756984711,-54.8333377838
53.4650468826,-113.2516765594,-54.5644731522
54.0768671036,-108.6968517303,-54.1442155838
50.9165449142,-117.5266475677,-57.6174516678
51.6598491669,-112.8803997040,-57.2023448944
52.2156410217,-108.1076793671,-56.8508615494
54.2890338898,-111.1552486420,-38.4556045532
53.7960605621,-115.0808715820,-38.7816591263
53.1964788437,-119.1886978149,-39.0444860458
58.4810190201,-111.9741458893,-37.9486827850
58.1008281708,-116.0153770447,-38.2306928635
57.6418104172,-120.2094001770,-38.3866338730
62.5266599655,-112.5541229248,-37.6438655853
62.2530736923,-116.6999759674,-37.9121618271
61.9271459579,-121.2137737274,-38.0735378265
55.2652015686,-110.9828739166,-42.8015336990
54.8268232346,-114.8334712982,-43.1849336624
54.3817434311,-118.7795753479,-43.4770679474
59.0273637772,-111.7683010101,-42.1126785278
58.6904726028,-115.7082519531,-42.4856758118
58.3329925537,-119.6794242859,-42.7845354080
62.8529348373,-112.3840503693,-41.7131071091
62.6114683151,-116.4398269653,-42.0727195740
62.3203802109,-120.7287502289,-42.3770503998
55.9844827652,-110.7508506775,-46.7463626862
55.5657348633,-114.6114482880,-47.2245407104
55.0913791656,-118.6557502747,-47.5973491669
59.5732049942,-111.5232772827,-46.1276292801
59.2563495636,-115.4401741028,-46.6407403946
58.8704681396,-119.4942970276,-47.1126375198
63.2247152328,-112.1764755249,-45.7108545303
63.0010232925,-116.1853752136,-46.2118644714
62.6471061707,-120.5093975067,-46.6708259583
64.5470142365,-119.1539478302,-66.0095748901
65.0534582138,-114.9519748688,-64.9425230026
64.7431840897,-110.9252738953,-65.3352041245
64.1876840591,-115.0612983704,-69.4540996552
58.6114482880,-118.1734981537,-65.1755828857
59.0889034271,-114.1470489502,-64.0921306610
59.0996561050,-110.0289993286,-65.0141887665
58.3123588562,-114.1024475098,-68.3487949371
52.8281106949,-118.2319965363,-64.9022560120
53.3666048050,-113.4815483093,-63.4881572723
53.4208250046,-109.1396255493,-64.6186313629
52.5161161423,-114.0171527863,-68.3867168427
51.6402521133,-115.3349018097,-75.4226722717
57.4434738159,-114.7104473114,-75.3873748779
57.5375442505,-120.3498516083,-76.1784515381
63.7726116180,-115.4938240051,-80.1709976196
65.2208538055,-114.8964233398,-76.9227085114
64.4779663086,-115.0183982849,-73.0131282806
64.3880929947,-119.0106220245,-76.6784477234
61.7827444077,-114.4670963287,-76.0103321075
32.3345632553,-106.9156990051,-42.2836027145
28.7541480064,-106.6979503632,-42.3068599701
34.9071750641,-108.1659030914,-42.0717334747
32.2328495979,-105.8030700684,-45.5622844696
28.8350176811,-105.3328495026,-45.4007472992
31.8267927170,-104.5889720917,-48.9922084808
28.5658025742,-104.7668991089,-48.6480789185
31.1461262703,-108.8181247711,-49.4043102264
34.5965347290,-106.7112998962,-49.7968940735
31.7436618805,-108.9152240753,-46.1588029861
35.2017745972,-107.6535739899,-46.3199729919
31.3211226463,-110.4255504608,-43.0478143692
30.7498316765,-111.5235004425,-46.5876007080
38.8186702728,-113.3371753693,-51.0799283981
40.7199630737,-110.3670005798,-50.8029117584
40.6323986053,-106.7856254578,-50.4098091125
37.3806600571,-109.0294761658,-50.5173625946
39.0784616470,-112.9561500549,-47.3368330002
40.5172090530,-110.3944511414,-46.9358348846
40.7419939041,-107.3845500946,-46.7988796234
37.5645542145,-109.3205261230,-46.7425136566
39.1648473740,-113.3131999969,-44.4924840927
40.3208646774,-110.5095252991,-44.1238803864
40.7989435196,-107.3031253815,-44.3261518478
36.7238607407,-106.9865512848,-42.2924747467
35.0735845566,-110.9265537262,-42.8389625549
36.1525974274,-108.7147789001,-44.1036787033
36.8113937378,-109.3404769897,-42.2186203003
37.0471582413,-112.9607810974,-42.8121213913
38.6747426987,-110.1667041779,-42.3052444458
39.0561332703,-107.1006507874,-42.4022464752
39.5293989182,-113.8880043030,-42.4810609818
40.5692625046,-110.7352256775,-42.2365798950
41.1249799728,-107.2640247345,-42.3612146378
41.3337345123,-114.4026260376,-43.7072210312
42.2157459259,-111.1544761658,-43.4076642990
42.8884105682,-107.7604541779,-43.3686494827
71.6964740753,-115.8766765594,-59.5942296982
71.2874317169,-120.7061519623,-60.0856437683
74.7958812714,-121.1563262939,-49.8411855698
75.0581417084,-116.6547527313,-53.4033660889
74.8086795807,-121.0152740479,-53.6278800964
74.5984001160,-116.2581748962,-57.1557626724
74.2881374359,-120.8211002350,-57.4252729416
70.9935646057,-116.7138462067,-49.5307693481
70.6965560913,-121.2133998871,-49.7996473312
71.1847896576,-116.5178966522,-53.2029237747
70.8419246674,-121.0753231049,-53.5068912506
71.4108104706,-116.2625503540,-56.5890169144
70.9740257263,-121.0640239716,-56.9780149460
67.3205528259,-112.0382976532,-49.2709293365
67.1133308411,-116.3734970093,-49.8418617249
66.7458915710,-120.8972473145,-50.2169961929
67.7172527313,-111.7171764374,-53.2809514999
67.4512042999,-116.0918979645,-53.8711099625
67.0893611908,-120.6802978516,-54.2624044418
68.6898555756,-111.3534297943,-57.3764867783
68.4360656738,-115.8616008759,-58.0324678421
67.9878578186,-120.6629467010,-58.5847635269
69.5496635437,-119.5576477051,-66.6338443756
69.8275566101,-115.1562500000,-65.8289937973
72.5883235931,-120.0177707672,-63.1341676712
72.7787570953,-115.4285717010,-62.6388845444
73.6049461365,-119.3926448822,-66.5985317230
73.7043590546,-115.0645484924,-66.1396150589
72.2934360504,-120.1149005890,-71.2120208740
73.4204483032,-114.6888523102,-69.1648426056
73.2919445038,-118.2700748444,-69.4806118011
74.9303932190,-118.4934749603,-71.3082466125
75.4403247833,-114.8569984436,-71.1495590210
75.1928310394,-111.0360240936,-71.2256240845
72.7632369995,-117.4946231842,-71.6870174408
72.9464073181,-114.4936466217,-71.5459709167
72.5451812744,-111.0949516296,-71.8046340942
70.4464244843,-118.2719001770,-70.4350910187
70.6439361572,-114.7506504059,-69.8673343658
75.6968193054,-111.3474502563,-74.7443637848
75.7490463257,-114.9793987274,-74.5936641693
74.9385852814,-118.5602016449,-74.5768222809
75.6906318665,-111.4238758087,-78.2161197662
75.6845722198,-115.0248470306,-78.0858421326
74.7771434784,-118.5334472656,-77.9845809937
75.5157012939,-111.4483432770,-81.7509155273
75.4957046509,-115.0777187347,-81.6243991852
74.5416545868,-118.6332206726,-81.4741935730
72.4174690247,-111.2740516663,-74.7250995636
72.7748432159,-114.4768257141,-74.4805393219
72.5016937256,-117.3731250763,-74.5031166077
72.3449459076,-111.3274250031,-78.0925655365
72.7364425659,-114.4471263885,-77.9416217804
72.4364204407,-117.2430229187,-77.8683261871
72.0849018097,-111.3707695007,-81.5528068542
72.4945163727,-114.5115470886,-81.4360771179
72.1487712860,-117.3728981018,-81.3270473480
71.6525669098,-119.8903503418,-74.3446121216
71.8680400848,-123.6792030334,-74.0993595123
71.6809558868,-119.4924716949,-77.7419052124
71.1188488007,-119.8525218964,-81.1904983521
68.3821144104,-123.2105255127,-77.4411354065
71.2270145416,-123.6303005219,-81.2140979767
72.1668472290,-123.3443279266,-77.6907768250
69.0258560181,-111.8259239197,-73.6106395721
69.8699531555,-114.7391757965,-73.2559146881
69.5494976044,-117.8978252411,-73.6651763916
67.6610870361,-115.4804992676,-72.9122486115
69.0942783356,-112.0646228790,-77.6360855103
70.0843410492,-114.6142005920,-77.5700225830
69.8310565948,-117.3867473602,-77.5428256989
68.0248527527,-115.2818470001,-77.3388957977
68.6538467407,-112.2045726776,-81.2146224976
69.7188739777,-114.7262020111,-81.2073345184
69.2093887329,-117.7285747528,-81.0855884552
67.2805633545,-115.6511745453,-80.9711475372
71.0362796783,-118.8567752838,-93.2992153168
71.8796977997,-115.4980983734,-93.7191925049
71.2681541443,-112.1428775787,-94.3679447174
75.2638568878,-111.4603729248,-85.3333129883
75.2706146240,-115.1206970215,-85.1623477936
74.3272018433,-118.6931190491,-84.9676780701
74.9544315338,-111.4955043793,-88.9572448730
75.0130672455,-115.1935024261,-88.6835021973
74.1317329407,-118.7380237579,-88.4163265228
74.2285499573,-111.6563510895,-92.6483917236
74.3112316132,-115.3984241486,-92.1423110962
73.6004695892,-118.9209251404,-91.7850799561
71.7769374847,-111.3880729675,-85.0499420166
72.2377014160,-114.5575981140,-84.8857936859
71.9134101868,-117.4343490601,-84.7324371338
71.5384311676,-111.4052238464,-88.5389137268
72.0631599426,-114.6170501709,-88.2390384674
71.7991104126,-117.4384555817,-88.0164146423
71.3343696594,-111.4273986816,-91.8663768768
71.9175701141,-114.8419208527,-91.2527923584
71.6163864136,-117.7002010345,-90.9278564453
70.8802700043,-119.9223747253,-84.6704788208
71.0222892761,-123.6618747711,-84.7169876099
70.5652561188,-120.1513023376,-91.4140415192
71.0090484619,-119.6900272369,-88.1151542664
67.8072204590,-123.2539482117,-87.9259624481
70.8057403564,-123.7159996033,-91.8599414825
71.5353355408,-123.4106998444,-88.3534030914
68.2178573608,-112.2667484283,-84.7778186798
69.3986415863,-114.7919769287,-84.7129993439
68.9318885803,-117.7974777222,-84.5635032654
66.8716144562,-115.7377986908,-84.5642032623
68.0741100311,-112.3170738220,-88.4759826660
69.3268680573,-114.8356266022,-88.2555999756
69.1269550323,-117.5708522797,-88.0592155457
67.0861339569,-115.5659484863,-88.3572731018
68.4448566437,-112.4316997528,-92.2843456268
69.6399974823,-115.1807231903,-91.8140411377
68.9814662933,-118.1584491730,-91.4701595306
67.3479595184,-116.0822734833,-92.4434127808
70.9055957794,-126.7691020966,-98.3024959564
70.6919078827,-123.9761009216,-95.8475112915
67.2685060501,-126.9634037018,-95.5105724335
65.4594945908,-126.6955833435,-101.0417251587
69.9086685181,-126.2308006287,-101.4125289917
68.9252548218,-128.0494213104,-105.4574546814
71.3782691956,-112.9116783142,-97.4051628113
72.1306762695,-116.2840766907,-97.0999202728
70.9418907166,-120.0470771790,-96.7822799683
68.2024517059,-116.5662746429,-96.9282875061
71.3529510498,-112.9842510223,-101.7058315277
72.2228202820,-116.7312545776,-101.6799297333
71.1697406769,-120.5298480988,-101.5053272247
68.5939369202,-116.6434230804,-101.6046257019
70.8741893768,-112.9588718414,-106.2233753204
71.5584487915,-117.0994968414,-106.3883800507
70.2671813965,-121.4364471436,-105.9983310699
67.4125156403,-117.0819969177,-106.4586277008
70.5292034149,-121.3810462952,-132.7451057434
71.4837551117,-117.3251972198,-131.4986763000
24.0992250443,-107.4689979553,-39.1628980637
25.0396728516,-109.4997234344,-33.3064093590
25.3617925644,-107.3633975983,-36.0651426315
32.5350089073,-107.6880760193,-39.2144985199
29.0884537697,-107.6989002228,-39.3069686890
31.4188499451,-111.4411754608,-40.0066366196
34.9584980011,-111.5671977997,-39.8650102615
36.8253612518,-109.7038516998,-39.3923864365
36.8884315491,-107.2517509460,-39.1407575607
35.0267686844,-108.6981773376,-39.2418498993
32.9963974953,-108.4545459747,-36.1219749451
29.7623772621,-108.3020210266,-36.1480789185
32.2524509430,-111.9440479279,-36.7882528305
35.6100730896,-112.1791248322,-36.7993803024
37.3326864243,-110.3399543762,-36.4654912949
37.4055747986,-107.8491249084,-36.1382703781
35.4638671875,-109.3744010925,-36.2575540543
33.3145956993,-109.6345977783,-33.1288533211
29.8636345863,-109.8943958282,-33.1345143318
32.3921241760,-113.6784992218,-33.8876357079
36.0637426376,-113.3903789520,-33.7893872261
37.6887388229,-111.2377548218,-33.2164349556
37.8150730133,-108.5612258911,-32.9639139175
35.6775140762,-110.3256034851,-33.0981354713
32.8820672035,-115.7968235016,-30.8951339722
30.4241719246,-114.2238712311,-29.6464381218
30.7415094376,-111.5648708344,-28.4772071838
30.6574778557,-108.6597213745,-28.7158937454
30.1599044800,-111.1115951538,-30.7161703110
34.5371112823,-108.9259452820,-28.9766902924
33.8864316940,-110.7666721344,-30.9829034805
34.4920663834,-111.6249732971,-28.9134173393
33.8266534805,-113.6710720062,-29.8295726776
36.5405340195,-114.9855747223,-30.6927418709
37.9200849533,-112.2429256439,-29.9148898125
38.2327423096,-109.2015476227,-29.6538486481
33.6836266518,-117.6380023956,-27.3311624527
30.9480366707,-115.5051765442,-26.3999519348
31.2172188759,-112.3521709442,-25.7501339912
31.2892346382,-109.1911964417,-25.5577850342
34.3577604294,-115.5576248169,-26.4484014511
34.8833560944,-112.6293220520,-25.9937095642
35.1489658356,-109.4328727722,-25.7719035149
37.2921857834,-116.6293506622,-27.3819622993
38.3663568497,-113.2782001495,-26.7200322151
38.8105754852,-109.8772735596,-26.3505811691
30.9869871140,-121.6557540894,-23.8175396919
34.2338199615,-120.9488258362,-25.6692724228
37.2730121613,-122.6032047272,-24.5363726616
34.4064579010,-121.0064773560,-23.2982902527
32.2023859024,-110.0458736420,-22.2396540642
31.9992523193,-113.3339977264,-22.5722160339
30.9855360985,-116.9845066071,-23.0889825821
35.7810544968,-110.2632484436,-22.5185070038
35.4621543884,-113.7229461670,-22.8164567947
34.8544883728,-117.2091770172,-23.0656676292
39.3643569946,-110.6780261993,-22.9988527298
38.9551448822,-114.3164520264,-23.3781423569
38.1931438446,-118.0808048248,-23.9024624825
78.0706710815,-126.8148021698,-134.2974319458
77.0704269409,-125.1333007812,-132.5641975403
80.6840724945,-126.7809982300,-135.7129516602
80.2471046448,-127.1305961609,-138.8407936096
84.7635498047,-121.6196250916,-133.4489059448
85.0389080048,-117.3792018890,-133.5641250610
85.1114253998,-113.2070503235,-133.6466026306
80.9262199402,-121.0924758911,-132.9201507568
80.9509887695,-117.0391254425,-133.1983718872
80.8299789429,-112.9276752472,-133.3922195435
76.5137233734,-121.6420974731,-133.1136245728
76.7169036865,-117.1657943726,-132.6771202087
76.1149101257,-113.0303230286,-133.0240707397
80.2686977386,-123.2671756744,-138.0162658691
84.2439956665,-121.6696510315,-138.0109214783
85.0138130188,-117.3663043976,-137.8604469299
85.1327533722,-113.2143039703,-137.8216781616
80.9883918762,-120.5841979980,-137.5069236755
81.2151756287,-116.8097000122,-137.5786705017
80.9808311462,-112.8981761932,-137.6414222717
77.3746814728,-120.7491245270,-137.6075706482
77.5608348846,-116.8767490387,-137.2490921021
76.4685935974,-113.2562999725,-137.4303779602
74.8111438751,-117.4304485321,-137.5749511719
79.6092548370,-122.9137554169,-142.6883239746
83.8470401764,-121.4154529572,-142.5370979309
84.9607944489,-117.2397518158,-142.2046737671
85.1260509491,-113.1578750610,-142.0434112549
80.8379192352,-119.9726047516,-142.3520698547
81.2964229584,-116.5387020111,-142.1200180054
81.0424118042,-112.8174266815,-141.9866333008
77.1651649475,-120.3529796600,-142.4158439636
77.8401260376,-116.6270256042,-142.0843658447
76.6756839752,-113.3457260132,-141.9106521606
74.7846393585,-117.5009250641,-142.2027435303
85.0899276733,-113.0524730682,-146.2542037964
84.9219856262,-117.0720500946,-146.4807434082
83.7511672974,-121.2130508423,-146.8719482422
85.0562400818,-112.9108734131,-150.4423255920
84.9405860901,-116.8240280151,-150.7243461609
83.9041442871,-120.8288249969,-151.3569717407
85.0165672302,-112.8267517090,-154.6200485229
84.9789562225,-116.4921283722,-154.8720245361
84.3767528534,-120.4067020416,-156.2054901123
80.9945163727,-112.6857490540,-146.3396987915
81.2804813385,-116.3252239227,-146.5559387207
80.7976741791,-119.6953773499,-146.8282928467
80.8946647644,-112.5443973541,-150.7863502502
81.2606163025,-116.0885753632,-151.0377273560
80.9262561798,-119.3483772278,-151.4295272827
80.6230297089,-112.5220737457,-155.4860954285
81.0426769257,-115.9260787964,-155.5965042114
81.0273303986,-119.1729068756,-156.3636512756
79.5276088715,-122.6273269653,-147.0822219849
79.9785270691,-121.9869003296,-151.7195739746
80.1264972687,-122.0693778992,-156.9206962585
76.6317481995,-113.1548500061,-146.3257942200
77.8366851807,-116.3891773224,-146.5866966248
77.1526107788,-120.0319290161,-146.8824958801
74.7615318298,-117.2147026062,-146.6196441650
76.5557117462,-112.9997005463,-150.9560203552
77.8549556732,-116.1533527374,-151.1888504028
77.5413303375,-119.4963283539,-151.5015296936
75.0734004974,-116.7812290192,-151.2634773254
76.1118259430,-113.0219745636,-155.9894638062
77.4085674286,-116.2082023621,-155.8957481384
77.0895271301,-119.8823566437,-156.3402328491
80.2916698456,-116.8999519348,-166.9289283752
80.4636421204,-121.4597015381,-163.0284194946
85.2433128357,-115.7101020813,-165.5203475952
86.6707077026,-114.2555027008,-162.4668922424
85.6509342194,-119.0699787140,-163.0506362915
83.2586555481,-112.8127288818,-161.0152702332
83.2336330414,-115.3796749115,-160.0986251831
83.8947544098,-117.2502059937,-161.3135681152
84.6640357971,-114.3272266388,-161.4348182678
83.1571407318,-114.9578514099,-163.0865745544
85.8305912018,-118.4454803467,-159.4682693481
85.6868419647,-115.8019733429,-157.8914794922
85.7158527374,-112.7960014343,-158.0972213745
86.6815490723,-114.7804985046,-159.8486480713
80.2264060974,-112.8747024536,-161.0443153381
80.5268268585,-115.8038005829,-159.8538742065
80.9149055481,-118.4958534241,-161.0101928711
80.3882045746,-115.5542774200,-163.6374511719
76.0586490631,-113.3285007477,-161.9178009033
77.1655445099,-116.2940502167,-160.3297004700
76.8699531555,-116.4714260101,-164.6802101135
25.9646148682,-114.1472282410,-29.8702702522
27.1009173393,-111.4863986969,-28.6791610718
26.1737270355,-108.5884494781,-28.9272894859
23.4794988632,-110.9870262146,-29.4626550674
25.7198543549,-111.2375984192,-31.0012755394
26.3880896568,-114.6578273773,-26.6406497955
27.4933896065,-112.0641708374,-26.1403923035
26.7215452194,-109.4097957611,-25.8934030533
23.8432126045,-111.6336479187,-26.4136381149
22.4527831078,-112.4184532166,-21.8683896065
25.2968592644,-111.5550518036,-20.8095273972
24.6672701836,-115.9088516235,-22.2243700027
26.1883363724,-114.1436214447,-23.7741928101
27.3421454430,-112.2052192688,-23.9419922829
26.6602888107,-109.9199218750,-23.5495886803
26.1574773788,-111.4939937592,-22.5860109329
24.4748558998,-111.8054981232,-23.9778432846
29.2075257301,-110.1218719482,-21.5339446068
29.4110054970,-112.8423252106,-21.9174532890
28.1409692764,-115.4750537872,-22.1681070328
27.6483449936,-112.0750007629,-20.9339919090
25.2414255142,-117.9927787781,-12.2420496941
25.4337849617,-116.8204975128,-15.5640201569
24.7386608124,-116.7041759491,-19.0559954643
18.6560320854,-113.4390525818,-18.3997097015
18.9452199936,-113.5191268921,-14.9125945568
18.4887456894,-115.0104007721,-11.5795836449
22.3604979515,-114.7220783234,-11.7741379738
22.6449923515,-113.5874004364,-15.0689525604
22.1914896965,-113.2412548065,-18.4783549309
25.8993654251,-113.7728252411,-11.7513716221
25.8029050827,-112.9853210449,-14.9546504021
25.4772400856,-112.3520259857,-18.0346126556
30.0209503174,-110.9433002472,-18.3203654289
30.2438755035,-113.6634063721,-18.7471175194
28.5359959602,-116.2320060730,-19.0865573883
28.1900711060,-112.9007034302,-18.1943674088
30.4108719826,-111.6780719757,-15.1015410423
30.6726212502,-114.3813495636,-15.4803276062
29.0553827286,-116.6857509613,-15.7018051147
28.5432624817,-113.5814476013,-15.1419124603
30.6356472969,-112.3864707947,-11.8115367889
30.9242930412,-115.1279716492,-12.1496922970
29.2640147209,-117.4993019104,-12.3664927483
28.7341041565,-114.3259487152,-11.9202818871
89.7937698364,-113.3318004608,-157.3026084900
89.5886173248,-116.4334754944,-157.0221557617
89.3774795532,-119.2709789276,-158.9047698975
90.0838356018,-115.4811000824,-159.3777046204
93.8489208221,-113.8077774048,-157.0627784729
93.6973285675,-116.8771495819,-156.7264976501
93.5892219543,-119.4624977112,-158.5256118774
93.9176445007,-115.9076728821,-159.1488723755
97.9505901337,-114.3078022003,-157.0743980408
97.8959579468,-117.2489204407,-156.6943664551
97.8664703369,-119.6881465912,-158.3042144775
97.9612998962,-116.2622470856,-158.9338188171
97.9798984528,-115.5143985748,-162.0898971558
93.9330463409,-115.1754741669,-162.2702751160
90.0584659576,-114.9243278503,-162.4628982544
89.1737327576,-119.8555297852,-163.3385734558
88.4284286499,-127.4528331757,-162.7328796387
93.5706939697,-119.4333000183,-162.8550987244
97.8993721008,-119.7764701843,-162.8548927307
93.3122882843,-126.3103752136,-167.0614700317
97.7945022583,-126.7710704803,-162.2188987732
93.1680145264,-125.5959739685,-161.6392517090
97.9296112061,-116.1606235504,-166.1020736694
93.6375732422,-115.7831020355,-165.9453811646
89.1281757355,-116.3278541565,-166.2617301941
25.5335502625,-120.4393215179,-1.8054142296
25.8544979095,-119.1110477448,-5.4205827713
25.3734726906,-118.7670497894,-8.9272350073
18.4919347763,-115.6884517670,-8.3731064796
18.6875829697,-119.1487255096,-5.1808717251
18.9875216484,-115.5115280151,-5.0304116011
18.6154451370,-116.8283271790,-1.6580145061
22.4756903648,-117.0207996368,-1.7010927200
22.8916053772,-115.7435264587,-5.1433454156
22.4388179779,-115.4380035400,-8.5300655365
26.1433973312,-116.0974750519,-1.6950770020
26.1636557579,-115.1552238464,-5.1230264902
26.0135450363,-114.4894485474,-8.5020451546
30.7816867828,-113.0785217285,-8.4658967257
31.0988936424,-115.8680477142,-8.7594721317
29.4422526360,-118.2797489166,-8.9801932573
28.8757514954,-115.0560207367,-8.6023843288
30.8537068367,-113.7694282532,-5.0753014684
31.1998853683,-116.6054267883,-5.2982340455
29.6163268089,-118.9992485046,-5.4722091556
28.9859499931,-115.7772483826,-5.1961743236
30.7682952881,-114.4926757812,-1.6852995455
31.1175885201,-117.3863754272,-1.7746013105
29.6379475594,-119.9534969330,-1.8416075408
29.0531797409,-116.5966987610,-1.7359430492
27.6063523293,-96.5127792358,-59.2190666199
30.6974415779,-99.1115283966,-61.9087467194
27.2371072769,-100.4376621246,-58.7955617905
32.9050211906,-97.3207607269,-58.1560907364
31.2086253166,-95.9594650269,-56.4869909286
28.8024125099,-95.9996032715,-55.7235403061
30.4306163788,-98.8153247833,-56.5721483231
29.6360840797,-95.8105754852,-57.9276571274
39.6617822647,-102.9124736786,-75.5418720245
43.8342485428,-101.9711055756,-77.4920158386
43.3382377625,-106.8699989319,-75.8047695160
44.4860877991,-102.7074527740,-72.6036529541
48.2504940033,-106.3743476868,-77.5538234711
50.1181516647,-103.8933238983,-78.9416713715
49.5700550079,-100.7933292389,-78.3090972900
49.0689601898,-103.3690128326,-75.3384056091
47.3247375488,-102.7629413605,-78.6210250854
49.6070575714,-100.5267086029,-83.3653717041
49.9866161346,-103.9534740448,-83.2612419128
47.8279914856,-106.8951454163,-82.6227798462
47.0694103241,-102.8496494293,-83.2003555298
49.5056304932,-100.5021286011,-88.1644802094
49.8668699265,-103.8458766937,-88.0305519104
47.7683486938,-106.6769981384,-87.7110252380
46.9387798309,-102.8049221039,-88.1033687592
49.4277820587,-100.2300319672,-93.1251430511
49.7087526321,-103.6678256989,-93.0694389343
47.6814699173,-106.8064975739,-92.7190608978
46.7166271210,-102.6643962860,-93.4056892395
42.8699712753,-102.4204769135,-93.4364833832
43.2190876007,-102.0919246674,-88.0593833923
43.3239965439,-102.0636062622,-82.8250865936
42.6096467972,-107.3259983063,-82.0188808441
42.9211397171,-106.9060268402,-87.5138111115
38.8311996460,-102.6404018402,-87.8495349884
38.5974149704,-102.8409519196,-82.3230247498
42.3966321945,-102.1681518555,-99.1434230804
43.6064567566,-99.4456481934,-105.7634277344
50.1072263718,-99.3972492218,-97.4747791290
50.3860473633,-98.6424083710,-101.0889415741
48.4705867767,-98.7089576721,-104.2870254517
50.1735916138,-103.6130523682,-97.2914428711
50.3510856628,-103.6149482727,-100.7557010651
48.6523256302,-103.3830738068,-103.9606781006
48.2722206116,-107.4655971527,-96.7638702393
48.6388835907,-107.9344940186,-100.2476863861
47.2677278519,-107.4490203857,-103.4381771088
48.0535650253,-102.9168262482,-100.1363983154
45.9184226990,-102.2136344910,-99.3735179901
47.6339101791,-98.8932380676,-100.1833763123
46.5137233734,-105.8954696655,-99.4450473785
23.8374333382,-99.3106975555,-53.3063077927
20.5663084984,-95.2201499939,-50.7136821747
20.9858675003,-93.9984054565,-53.3824853897
21.6776199341,-95.1889839172,-56.4878940582
24.2408800125,-95.1678829193,-49.8952484131
24.5772171021,-94.3547763824,-52.4412384033
24.9947443008,-94.9864730835,-55.5019941330
24.3618626595,-96.7560825348,-52.9317531586
27.5016412735,-94.9454498291,-51.7156791687
27.4515070915,-95.5245647430,-54.3315839767
26.8695526123,-97.6884422302,-52.3107662201
27.4056715965,-97.7143516541,-49.3939914703
28.3936843872,-96.5355319977,-48.1496477127
28.1848049164,-94.6699428558,-48.2247486115
26.7185797691,-95.8661918640,-48.7537994385
28.0542035103,-95.6692447662,-49.6673526764
28.4848294258,-104.1777534485,-52.3243265152
31.0003104210,-104.4462089539,-55.4593582153
31.4535055161,-103.2772274017,-52.5701875687
33.7449884415,-105.7584323883,-54.0267515182
29.7262911797,-95.9140377045,-53.7792720795
30.0235919952,-95.4445476532,-51.6330614090
29.2663331032,-98.5414371490,-52.1509847641
29.7069096565,-98.5971946716,-49.6186552048
30.4836125374,-96.9873390198,-48.2349805832
30.6594152451,-94.8397445679,-48.2280130386
30.3210296631,-96.1206035614,-49.7708196640
32.2910141945,-96.1651420593,-54.3158502579
32.5869526863,-95.8442039490,-52.0031023026
32.1052861214,-98.8605041504,-52.4769105911
32.4358744621,-99.0913257599,-49.8666830063
32.9306206703,-97.4253101349,-48.4374256134
33.1770792007,-95.1984443665,-48.4518585205
32.7553539276,-96.5359649658,-50.0058488846
34.8060874939,-97.2896881104,-55.5487155914
34.9971065521,-96.3121032715,-52.5798540115
34.6342735291,-99.8649482727,-53.4413356781
35.0576705933,-99.7043170929,-50.3606691360
35.4744186401,-97.8071002960,-48.8201684952
35.7249288559,-95.5246334076,-48.8481931686
35.1257915497,-96.8943805695,-50.3834838867
39.8112516403,-102.5108814240,-54.0464372635
40.4102725983,-99.3704147339,-56.3355913162
37.2496223450,-96.5547752380,-52.6882457733
37.5963821411,-97.7761936188,-55.0929746628
37.0772438049,-100.0201568604,-53.4353313446
39.8026132584,-96.2993869781,-51.4758901596
39.5604200363,-98.1020240784,-51.0310888290
38.7866935730,-99.2041511536,-52.0055780411
39.5156393051,-97.7818870544,-52.9781513214
38.6362962723,-97.0750160217,-51.8849477768
37.4009323120,-99.7803764343,-50.8299312592
37.9954214096,-98.0223369598,-49.5273580551
38.3368120193,-95.7992916107,-49.5454292297
37.3262796402,-97.0259323120,-50.8222599030
40.6537179947,-100.6620464325,-52.0519342422
41.4613208771,-98.9534835815,-50.9891529083
41.7676267624,-96.7780113220,-51.4603204727
41.2701883316,-98.6764507294,-53.4032430649
42.8949594498,-102.2151260376,-52.8880977631
43.9341831207,-99.9214229584,-51.5075731277
44.2404441833,-97.3945331573,-52.2867393494
43.4422979355,-99.8351879120,-54.6504974365
45.6254911423,-103.7323760986,-52.9590797424
46.5890035629,-100.9402256012,-51.5769195557
48.9995203018,-104.6151466370,-52.1273307800
49.5406417847,-101.8382263184,-51.1341104507
54.8091087341,-104.3198986053,-53.8182859421
51.9168720245,-102.8182010651,-51.3681888580
51.7261848450,-105.0593280792,-52.3196191788
53.1959257126,-103.6536502838,-52.6536636353
53.8093233109,-106.0105037689,-50.1699800491
54.1091794968,-103.3723564148,-49.5306606293
54.7223920822,-100.9982776642,-50.5290307999
54.9954595566,-104.1102523804,-51.3869924545
47.4395694733,-97.6628894806,-48.4391765594
46.7890596390,-101.0658264160,-48.5415287018
45.6908140182,-104.4051246643,-49.2916088104
47.3814496994,-97.8226337433,-45.2159166336
46.7760505676,-101.2724475861,-45.5274944305
45.7976322174,-104.7418727875,-46.1125040054
46.9145736694,-97.9689388275,-42.3739805222
46.4046916962,-101.4402980804,-42.7238245010
45.6875562668,-104.9479484558,-43.1943902969
50.5292282104,-98.5363960266,-48.0687961578
49.9020347595,-102.0110340118,-47.9416866302
49.2172880173,-105.3974246979,-48.4828910828
50.2095518112,-98.5136299133,-44.3703536987
49.6506414413,-102.0528717041,-44.5692386627
48.9793310165,-105.5812015533,-45.0109386444
49.2295694351,-98.5487747192,-40.9451093674
48.7630310059,-102.0883083344,-41.2547893524
48.2125816345,-105.6365489960,-41.6690053940
53.8897237778,-99.3406295776,-47.4554290771
53.3299865723,-102.8698005676,-46.8884868622
52.7867183685,-106.3368282318,-47.2535076141
53.2957000732,-99.1755352020,-43.2713747025
52.7851333618,-102.7812519073,-43.2701120377
52.2135391235,-106.4238052368,-43.5777711868
51.9717779160,-99.1970520020,-39.0395307541
51.5604152679,-102.8003787994,-39.2594299316
51.0620822906,-106.4629764557,-39.5884532928
65.4313735962,-105.6610221863,-57.4766378403
64.7591228485,-106.6329250336,-53.7106351852
63.6340551376,-108.2131290436,-48.6283607483
60.8725290298,-104.6180763245,-57.8388099670
61.1219882965,-105.6870021820,-54.1259145737
61.6996765137,-101.3664836884,-54.0714740753
60.7791738510,-104.5928020477,-48.3965597153
60.3756790161,-107.4573287964,-48.9718112946
61.0277528763,-105.3082294464,-50.8548555374
56.4201612473,-103.8194293976,-57.6429777145
57.6596527100,-104.9442481995,-54.1684455872
57.6859531403,-100.7806968689,-54.0419263840
57.9942970276,-101.4008655548,-50.1810646057
57.4273624420,-103.9714794159,-48.7349128723
57.0756702423,-106.7486286163,-49.3543052673
57.8385992050,-104.6454772949,-51.0417175293
65.3047819138,-107.6572742462,-65.7856416702
59.4454984665,-106.2888545990,-65.7977495193
53.7494220734,-105.2460536957,-65.5295534134
66.0272598267,-103.9548511505,-61.2207117081
60.4830150604,-102.7275295258,-61.3451023102
55.2033510208,-101.7918739319,-60.9507446289
65.8607025146,-103.4697246552,-65.4751377106
59.9814004898,-102.2181224823,-65.4695701599
54.4339141846,-101.1636981964,-65.1656360626
58.7968130112,-103.6423358917,-69.7752399445
53.2253293991,-102.8300895691,-69.7925090790
66.0333242416,-103.9561290741,-68.9917793274
62.0477914810,-109.2381782532,-76.6830577850
62.2955513000,-105.0424003601,-77.5626449585
61.4646301270,-100.8603401184,-77.4082412720
64.6364841461,-101.4968891144,-71.1294860840
62.3098869324,-104.3322029114,-71.0566825867
65.0977039337,-107.3085021973,-70.5638542175
65.3692865372,-104.5092544556,-71.9992351532
64.5158653259,-108.8716773987,-73.9064121246
64.6988286972,-104.7700233459,-75.0214881897
63.8847532272,-100.7931194305,-74.6197853088
64.9277887344,-109.4316520691,-77.3216896057
64.9014396667,-104.8351478577,-77.8204383850
64.0619058609,-100.3085250854,-77.6498031616
63.6352815628,-109.6566486359,-80.2720851898
63.6600942612,-105.0095481873,-80.5707778931
63.1151008606,-100.5864257812,-80.6244583130
58.2109851837,-101.3355636597,-77.5395774841
58.5476255417,-105.0795764923,-77.8453559875
57.9543619156,-108.9068489075,-76.3798618317
58.4533557892,-104.8336009979,-73.4198017120
53.6405477524,-101.0400695801,-77.8026008606
53.7718334198,-104.7327995300,-78.3850727081
52.3869447708,-108.3654727936,-76.5148334503
53.1749038696,-104.3780059814,-74.0545425415
56.5878648758,-105.1979274750,-116.3510513306
62.2033929825,-104.4865970612,-115.3726482391
63.7871408463,-103.8229522705,-112.7950477600
63.4505662918,-108.6740226746,-112.8008728027
60.1113634109,-101.6442584991,-110.6798229218
60.0204362869,-104.4056491852,-109.6883201599
60.7046308517,-106.9783248901,-110.8780479431
61.6134424210,-103.8448715210,-111.3175449371
59.6725234985,-104.3361244202,-112.4774990082
63.7858724594,-107.5369758606,-109.3045482635
63.3627576828,-104.0315532684,-108.3553199768
62.9278059006,-100.8372497559,-108.8513698578
64.2006549835,-103.7513580322,-110.5216712952
56.6010389328,-101.3048572540,-110.1961002350
56.4310922623,-104.8070545197,-109.1297473907
56.7285842896,-108.5566005707,-110.2595005035
56.2060575485,-104.9294013977,-112.6053733826
51.6187734604,-100.6640167236,-111.1214542389
51.2655277252,-104.6136016846,-109.6637268066
51.1566743851,-108.9555511475,-110.8011245728
51.7125225067,-105.0592536926,-114.0990524292
23.4955482483,-100.9117946625,-41.4773044586
23.5648045540,-99.8517913818,-44.7376880646
23.3589224815,-99.4893074036,-48.2568588257
18.0732297897,-98.1295852661,-40.6933088303
21.0929856300,-97.9415988922,-41.1748075485
20.9759345055,-96.8658046722,-44.5504655838
20.6430525780,-96.4276275635,-47.8910818100
24.2638201714,-97.2442417145,-40.7706031799
24.0873675346,-96.5350208282,-43.9326658249
24.0004177094,-96.0194149017,-47.1951770782
28.1411747932,-95.0241031647,-45.8470239639
28.2876505852,-97.2644004822,-46.1675977707
26.9159879684,-99.1040229797,-47.2829799652
26.4426980019,-96.5917167664,-46.4738159180
28.2703146935,-95.5969867706,-43.2011404037
28.4027385712,-97.9536361694,-43.5966672897
26.9306359291,-99.8782882690,-44.2440261841
26.5273809433,-97.1906051636,-43.6136064529
28.4856672287,-96.1780910492,-40.3288850784
28.6221094131,-98.6119995117,-40.7322883606
27.0800776482,-100.6494026184,-41.2095193863
26.7209768295,-97.8353881836,-40.6544456482
40.2182865143,-103.8498764038,-49.8762979507
42.9578599930,-102.9823513031,-49.3737583160
44.0379390717,-100.1053810120,-48.6068315506
44.6122989655,-96.9580497742,-48.4259347916
40.6927833557,-101.7228088379,-49.0176105499
41.3574228287,-99.2835121155,-48.2241258621
41.8538722992,-96.4541034698,-47.9740800858
38.2232952118,-101.8921451569,-48.8826694489
38.5880060196,-98.9307575226,-47.5713319778
39.0163717270,-96.0770683289,-47.1949472427
44.1126813889,-100.4962825775,-45.7089452744
44.6495475769,-97.2259006500,-45.3920192719
41.5073165894,-99.9076118469,-45.2792129517
41.9539909363,-96.7806587219,-44.9614067078
38.8558301926,-99.6792888641,-44.7996530533
39.2465753555,-96.4727916718,-44.3698806763
43.2232494354,-103.6695022583,-46.1862592697
38.6651391983,-103.0763740540,-45.6305055618
41.0445461273,-102.8404521942,-45.6555633545
40.6798076630,-105.0493011475,-46.3192291260
43.5300703049,-104.2896041870,-43.3011865616
44.1717014313,-100.9002494812,-42.9973106384
44.6410779953,-97.5232028961,-42.6836433411
41.4117183685,-103.7866516113,-42.5384483337
41.7992448807,-100.5108261108,-42.3699607849
42.1980886459,-97.1975784302,-42.0786466599
38.9776525497,-103.7487487793,-42.3385734558
39.2246370316,-100.2958126068,-41.8613405228
39.5855560303,-96.9390239716,-41.4845066071
69.8661346436,-111.1447734833,-70.2332477570
72.8100681305,-110.7028026581,-69.2332305908
73.0371227264,-110.3203487396,-65.8857202530
69.0596675873,-110.7103977203,-65.6908245087
68.3653736115,-100.9072360992,-71.5349617004
68.8993244171,-104.3596782684,-72.2541027069
72.0163955688,-107.7032756805,-72.4954547882
69.1274394989,-107.7509002686,-71.4316539764
72.0671768188,-107.2685260773,-70.1433906555
74.1296405792,-107.7209491730,-93.0782279968
74.1072006226,-103.7206211090,-93.1724910736
74.6521453857,-107.7002506256,-89.1844768524
74.3713302612,-103.8090190887,-89.2570877075
74.9787540436,-107.7134037018,-85.4584121704
70.5907154083,-107.7483749390,-92.5825824738
70.2067146301,-103.9505462646,-92.9129467010
69.9240226746,-100.0901451111,-92.9874153137
70.8463649750,-107.8957958221,-88.8549098969
70.4166069031,-104.0753993988,-89.0280876160
70.0909175873,-100.1719741821,-89.0427818298
71.1484947205,-107.9305229187,-85.2143077850
70.7362518311,-104.1080989838,-85.2975616455
70.3838691711,-100.1653728485,-85.2282676697
66.8992958069,-108.8675212860,-92.6950359344
66.2286720276,-104.5203742981,-92.7940216064
65.9694633484,-100.4043979645,-92.8391437531
66.7866992950,-108.9383487701,-88.6729946136
66.3478546143,-104.6073532104,-88.7846660614
66.0921421051,-100.4600524902,-88.8227386475
67.0378208160,-108.9342975616,-84.8567161560
66.6858787537,-104.6211528778,-84.9640789032
66.3902263641,-100.4447021484,-84.9600868225
70.2080821991,-109.4982757568,-105.7311248779
70.3955364227,-109.8118476868,-101.4666023254
70.5577297211,-110.1864757538,-97.1097221375
73.7651081085,-99.6493206024,-97.1870193481
73.9304141998,-103.5492000580,-97.1935043335
73.6029205322,-107.5509243011,-97.2053184509
73.8195800781,-99.4768276215,-101.2204265594
73.8998432159,-103.3621044159,-101.2457523346
73.3901023865,-107.2801780701,-101.3752746582
73.9605522156,-99.3475265503,-105.2567481995
74.0043010712,-103.2132015228,-105.2639236450
73.3861618042,-107.1096763611,-105.4399528503
69.8683986664,-99.9235267639,-97.0188713074
70.0892372131,-103.6943988800,-96.9672279358
70.3583488464,-107.2891788483,-96.7751731873
69.9359817505,-99.7134990692,-101.0716037750
70.1112403870,-103.3976268768,-101.0741024017
70.2589302063,-106.7985534668,-101.1759738922
70.1464958191,-99.4880752563,-105.0767250061
70.3472671509,-103.1025009155,-105.0679473877
70.3704452515,-106.4395027161,-105.2737007141
65.9527673721,-100.2748680115,-96.9283142090
66.2103748322,-104.3227005005,-96.9154129028
67.1130485535,-108.5814247131,-96.9576225281
66.0307807922,-100.0978412628,-101.0136070251
66.2793064117,-104.0589485168,-101.0259799957
67.1480998993,-108.2221240997,-101.2642745972
66.2827949524,-99.9171047211,-104.9897232056
66.6016445160,-103.7226009369,-104.9456253052
67.1656513214,-107.8043270111,-105.4494476318
74.1223182678,-99.2062892914,-109.2932720184
74.1951370239,-103.0396003723,-109.2656536102
73.4921779633,-106.8459510803,-109.4215545654
74.1977558136,-99.0532817841,-113.3503990173
74.3144321442,-102.8848762512,-113.3109531403
73.5618190765,-106.6285743713,-113.3697986603
74.0886497498,-98.9681968689,-117.4017467499
74.2282218933,-102.8431034088,-117.3586750031
73.4513568878,-106.6538772583,-117.3161487579
70.4614086151,-99.2655906677,-109.0582981110
70.7947101593,-102.7441997528,-108.9887981415
70.7029495239,-105.8942985535,-109.1979236603
70.6124534607,-99.0906238556,-113.1426792145
71.1122684479,-102.4554767609,-113.0793304443
70.9719696045,-105.4603252411,-113.1875495911
70.3670349121,-99.0148086548,-117.2288017273
70.9798736572,-102.3962516785,-117.2154293060
70.8230667114,-105.4884490967,-117.2160015106
70.2397689819,-108.6124286652,-109.6716270447
70.9139461517,-112.3899745941,-110.1782016754
70.3829078674,-107.8540477753,-113.3747215271
69.9584960938,-108.1880950928,-117.1762752533
67.4648704529,-112.1444225311,-113.8782711029
70.4473857880,-112.1766262054,-117.2740745544
71.2648696899,-111.8266983032,-113.6416969299
66.8313026428,-99.9584121704,-108.8631706238
67.4524536133,-103.2488288879,-108.6245994568
67.6433410645,-106.7514762878,-109.2287731171
67.1831951141,-100.1144313812,-112.9512767792
68.2148323059,-102.8620014191,-112.7665805817
68.2066860199,-105.8244266510,-113.0496501923
66.1941947937,-103.6881294250,-112.9351005554
66.5970048904,-100.2220706940,-117.0284786224
68.0077896118,-102.8548736572,-117.0829048157
67.7699394226,-106.0948486328,-117.0734272003
65.4316616058,-104.0687465668,-116.9485759735
73.9039211273,-98.9619808197,-121.4201259613
74.0620975494,-102.8771514893,-121.3567543030
73.2918109894,-106.7251033783,-121.2385520935
73.7357082367,-99.0409164429,-125.4445705414
73.9094867706,-102.9904518127,-125.3628997803
73.1646976471,-106.8385791779,-125.1866264343
73.5713825226,-99.2191963196,-129.4664039612
73.7400608063,-103.2433013916,-129.3786907196
72.9913673401,-107.2108039856,-129.1812705994
70.0356674194,-99.0256862640,-121.2363014221
70.7190532684,-102.4417972565,-121.2124004364
70.5932521820,-105.5674476624,-121.1352272034
69.8175640106,-99.1236724854,-125.2878971100
70.5313816071,-102.5654258728,-125.2474250793
70.4508666992,-105.6663513184,-125.1288280487
69.5859451294,-99.3413124084,-129.3500747681
70.2871704102,-102.8803310394,-129.2951469421
70.1808719635,-106.1424789429,-129.1535015106
69.7168235779,-108.3138484955,-121.0158271790
70.2590732574,-112.2762794495,-120.9159488678
69.7951431274,-108.1941261292,-124.9496212006
69.3119049072,-109.0254783630,-128.8895969391
66.6540441513,-112.4077987671,-124.2823734283
70.0416297913,-112.7446517944,-128.3029441833
70.7579154968,-112.0921001434,-124.7015151978
66.0190696716,-100.3055553436,-120.9622020721
67.6154346466,-102.9430980682,-121.0288753510
67.4374256134,-106.2185211182,-120.9404525757
64.8696031570,-104.2183761597,-120.8058509827
65.8952331543,-100.4026718140,-125.0641460419
67.4681510925,-103.0492973328,-125.0863475800
67.5188407898,-106.1005687714,-124.9462471008
65.0157394409,-104.1055984497,-124.8719940186
65.5058059692,-100.6754970551,-129.1962203979
67.0903091431,-103.4453258514,-129.1738967896
66.9183063507,-106.9454002380,-128.9339218140
64.3255834579,-104.8299732208,-128.9245243073
71.1151371002,-116.7470741272,-134.6162261963
66.5716485977,-116.8130283356,-131.8391761780
69.9065570831,-113.1787033081,-132.2106971741
69.9304256439,-116.2139244080,-137.8868789673
69.0675220490,-109.6850547791,-133.0852737427
72.7730445862,-107.7552032471,-133.3071708679
73.6296024323,-103.5666255951,-133.3840179443
73.4632053375,-99.4482002258,-133.4546585083
70.0044975281,-106.6235294342,-133.1985740662
70.1528854370,-103.2289028168,-133.3056259155
69.4589328766,-99.5988082886,-133.3718338013
66.7576313019,-107.4549541473,-133.0472717285
66.9301719666,-103.8022480011,-133.2568511963
65.3423128128,-100.9538288116,-133.3326988220
64.1557130814,-105.2492485046,-133.1245727539
69.2118873596,-109.7912788391,-137.4115295410
72.7188930511,-108.2575016022,-137.3899803162
73.6202163696,-103.8663482666,-137.3273239136
73.4358940125,-99.6755657196,-137.3742713928
69.9985523224,-106.9029541016,-137.2269248962
70.1733856201,-103.5055503845,-137.2534751892
69.4783000946,-99.8316097260,-137.3237228394
67.0096111298,-107.3087787628,-137.3679695129
67.0254516602,-103.9759216309,-137.4259490967
65.4645366669,-101.1361179352,-137.5969772339
64.5018968582,-105.0902252197,-137.6454010010
68.9159469604,-110.2838287354,-141.5146026611
72.7742156982,-108.6169261932,-141.2475852966
73.6455650330,-104.1221733093,-141.1229743958
73.4361457825,-99.8938064575,-141.1719703674
69.9976291656,-107.2394523621,-140.9714317322
70.2654438019,-103.7825489044,-140.9443016052
69.6177997589,-100.0615921021,-141.0564918518
66.6625404358,-107.7015762329,-141.5723152161
67.1102523804,-104.2052974701,-141.5451736450
65.6214790344,-101.3100128174,-141.9953994751
64.2687273026,-105.3865013123,-142.3947753906
65.3129997253,-105.6303997040,-151.4216957092
69.3047657013,-110.2795772552,-145.2891235352
70.6488304138,-108.0666255951,-146.8750991821
71.2471275330,-104.3613014221,-146.7014236450
70.6000881195,-100.7090282440,-146.9737739563
73.0593452454,-100.1514148712,-144.8809471130
73.3374919891,-104.3047027588,-144.7791519165
72.6345500946,-108.6333560944,-144.9485778809
70.0258827209,-100.2700881958,-144.2509002686
70.6225662231,-103.9951248169,-144.0697975159
70.2766609192,-107.3921737671,-144.1340484619
67.1387615204,-101.2587890625,-145.7184791565
68.3338642120,-104.3514232635,-145.1916236877
67.5880947113,-107.8558959961,-145.3062705994
66.0658979416,-105.2955017090,-146.6620979309
70.9679355621,-109.0126495361,-150.6232948303
71.9673728943,-104.9063758850,-150.2535705566
71.1726264954,-101.2813339233,-150.4553718567
68.5423908234,-105.1154251099,-150.7127990723
70.6147270203,-109.1682739258,-155.4213790894
72.2395133972,-105.0980472565,-154.5661277771
70.9687118530,-101.4820365906,-154.7715797424
68.1155128479,-105.2758693695,-155.1364059448
69.7291183472,-104.9658126831,-167.5952033997
71.0188446045,-103.9173030853,-163.7057723999
68.5620212555,-104.6737232208,-158.9197044373
11.9196255207,-97.8129844666,-30.1740040779
15.3131749630,-97.8777523041,-29.9649519920
15.3195798397,-100.5946254730,-29.9026465416
15.2515194416,-99.5613689423,-31.9662885666
18.7415976524,-97.9697933197,-29.8819828033
18.8253755569,-100.7154750824,-29.7532501221
15.0347599983,-98.4880008698,-34.4543743134
24.8273153305,-104.2541980743,-32.1759762764
24.6026630402,-102.3181896210,-35.1755819321
23.9372310638,-101.6978797913,-38.3515014648
18.4526972771,-98.9683723450,-37.5289249420
18.9291954041,-102.9959506989,-35.2716526985
19.0005908012,-99.1601219177,-34.4651222229
18.9818053246,-99.9371776581,-31.8700799942
19.1322197914,-103.1231975555,-31.4334220886
22.2411131859,-99.1258792877,-34.4640817642
21.6182103157,-98.6476173401,-37.8310947418
22.4767131805,-102.8596992493,-30.9855475426
22.1877975464,-100.5256690979,-29.6331157684
22.0787072182,-97.8915615082,-29.8557925224
22.2902731895,-99.8576793671,-31.7540559769
24.8513956070,-98.6620750427,-34.4336309433
24.5833835602,-97.9134578705,-37.6412954330
25.4197568893,-97.7141017914,-30.1473703384
25.5634722710,-100.2809391022,-30.0444302559
25.2375030518,-102.2643222809,-31.0066862106
25.2673997879,-99.5068225861,-32.0787134171
28.7171401978,-96.7357654572,-37.2746028900
28.8687663078,-99.2463264465,-37.6537351608
27.3649449348,-101.3712444305,-38.1434202194
26.9652094841,-98.4701099396,-37.5870552063
27.5849924088,-102.1467514038,-34.9315538406
26.9713120461,-99.1431922913,-34.2754430771
28.8780069351,-99.8915157318,-34.2313032150
28.7619643211,-97.2494907379,-33.9904975891
28.7692365646,-97.6377334595,-30.6328125000
28.7255029678,-100.6126022339,-30.8545427322
27.7181954384,-103.3880233765,-31.7241845131
85.3723449707,-110.1778297424,-165.9738693237
85.6857643127,-105.4105033875,-166.4164695740
85.4796390533,-101.2589511871,-166.5756721497
86.1120700836,-109.4761028290,-162.3338508606
85.6719722748,-105.1839771271,-162.4215240479
85.4037799835,-101.0937805176,-162.4463729858
85.6920471191,-109.2278995514,-158.5347709656
85.4316940308,-105.0703506470,-158.3829460144
85.2367458344,-100.9804782867,-158.3519172668
80.9093799591,-110.7602787018,-162.4228782654
81.2387332916,-108.9798030853,-166.0456237793
81.5915107727,-104.8752536774,-167.0024719238
81.1614685059,-101.0187568665,-167.3193740845
81.6085739136,-108.2663536072,-162.6215057373
81.4950809479,-104.6194763184,-162.7305030823
81.1222667694,-100.8290100098,-162.8063850403
81.0620613098,-108.5275993347,-159.1116218567
81.0988006592,-104.6737499237,-158.5836906433
80.8572425842,-100.7359027863,-158.5344352722
75.5739784241,-110.2144298553,-163.3969841003
76.9353828430,-108.5529537201,-166.9264717102
77.8951282501,-104.7847251892,-167.6400451660
76.8139419556,-101.4055576324,-168.0479049683
74.7384834290,-105.3012008667,-168.0094490051
76.6940269470,-107.1883544922,-163.1253776550
77.4967460632,-104.3482761383,-162.9074745178
76.7792072296,-101.1789169312,-163.1879806519
74.4943447113,-104.2467288971,-163.4092483521
71.2931747437,-101.6461238861,-158.7959785461
72.0116291046,-104.1421794891,-160.8034515381
72.5966148376,-104.7103252411,-158.2284545898
70.9715290070,-107.7778015137,-159.3740806580
75.9785327911,-108.2210788727,-159.5439033508
76.7590999603,-104.5698280334,-158.5582427979
76.3157691956,-100.8968105316,-158.6878051758
81.2314300537,-113.4469776154,-169.5378990173
82.5529918671,-113.2697544098,-173.3519439697
81.1903533936,-111.8305740356,-176.0428199768
81.2578182220,-111.5741806030,-171.2678413391
78.3378314972,-112.8225784302,-172.8504943848
80.7337512970,-108.9758987427,-176.3250923157
81.5916976929,-105.1762771606,-175.7374687195
81.0435638428,-101.4225807190,-177.0363693237
83.6438770294,-109.2803020477,-171.4165763855
84.3975658417,-105.1934776306,-171.9441719055
84.0594902039,-100.8487949371,-172.7209434509
85.3825416565,-110.6562271118,-169.4121513367
86.3631458282,-105.5892791748,-169.7888298035
86.1051044464,-101.1096706390,-170.0574226379
85.7290592194,-110.2669277191,-172.9597282410
86.7673568726,-105.5809288025,-172.7811470032
86.5516052246,-100.8937454224,-173.1121711731
84.3760929108,-109.4137744904,-175.7592201233
85.2437152863,-105.3732261658,-175.2122154236
85.2964191437,-101.2317638397,-175.9166259766
81.1882286072,-101.0171012878,-172.6731452942
81.5614471436,-104.9531269073,-171.5597496033
80.9037666321,-108.9122028351,-170.6549949646
77.2403469086,-101.4136199951,-173.7626724243
78.5158615112,-105.1479778290,-172.6621971130
77.5129013062,-109.4460010529,-172.2874946594
75.5527534485,-105.9850273132,-174.2750473022
81.1567211151,-109.0703716278,-186.7537765503
81.4350433350,-107.9887943268,-180.9071006775
82.2084732056,-105.0081501007,-179.3471946716
55.0677728653,-108.9532012939,-20.9091925621
55.2485675812,-109.3950023651,-17.0468931198
55.4194345474,-109.8011779785,-13.2266800404
8.4799972773,-103.1402702332,-20.7741937637
8.3893840313,-99.4238033295,-20.4439206123
5.2346727848,-102.9817466736,-20.6934676170
5.0361153483,-99.4460372925,-20.5047702789
1.4670754783,-99.8006095886,-20.7417078018
8.5765558481,-98.6360416412,-23.7385082245
25.2322845459,-106.0857276917,-28.8558907509
28.0147151947,-104.4758529663,-28.3705053329
28.7435584068,-101.3302650452,-27.6843605042
28.9126782417,-98.0475234985,-27.3829689026
25.3863615990,-103.8048038483,-27.8911986351
25.5104947090,-101.0840797424,-27.2080855370
25.5291895866,-97.9573516846,-27.0167174339
22.6214141846,-104.5859775543,-28.1474013329
22.1931390762,-101.3378734589,-27.0766258240
22.1232914925,-98.0499496460,-26.8407473564
28.8856525421,-102.1338176727,-24.3904128075
29.0509376526,-98.6394901276,-24.1555261612
25.5388345718,-102.0525913239,-24.0514063835
25.5903449059,-98.5926094055,-23.8748292923
22.2036671638,-102.2957668304,-24.0726618767
22.1354775429,-98.6848297119,-23.7677264214
28.3828949928,-105.6009750366,-24.7019882202
22.8223128319,-106.0769767761,-24.7731184959
25.5317416191,-105.4658508301,-24.2516303062
25.6965603828,-107.6908245087,-25.0491108894
28.8873105049,-106.8489265442,-21.2103857994
29.0938949585,-102.9992275238,-21.0944662094
29.1888971329,-99.2805671692,-20.9167046547
25.5797743797,-107.1028480530,-20.8009605408
25.6005477905,-103.0705738068,-20.8218669891
25.6404099464,-99.2999839783,-20.6861405373
22.4353799820,-107.4591770172,-21.3311824799
22.1443829536,-103.2625026703,-20.8703398705
22.1106600761,-99.3958148956,-20.5992097855
88.0309257507,-101.8823699951,-180.6155776978
87.8404083252,-105.0972518921,-179.9531669617
87.4226493835,-108.0415248871,-181.7244491577
87.7736930847,-104.1506786346,-182.8673973083
93.1350250244,-101.8683090210,-180.8242225647
93.0086250305,-105.0652751923,-180.3538742065
92.8297767639,-107.7926521301,-182.1382293701
92.9316005707,-104.1015491486,-182.9462242126
97.7569084167,-102.0416622162,-180.9947891235
97.7227668762,-105.0344257355,-180.5783424377
97.6850566864,-107.5485038757,-182.1782989502
97.7023468018,-104.0836486816,-182.8487510681
97.7196350098,-103.3397502899,-186.0114707947
92.9415149689,-103.3371753693,-186.1403007507
87.7096939087,-103.5337257385,-186.2967529297
87.5036220551,-108.6311225891,-186.9200019836
88.1375198364,-115.8925971985,-186.0759010315
92.8301315308,-107.7427768707,-186.6965751648
97.7072906494,-107.6671772003,-186.7668685913
93.2504158020,-114.4857234955,-191.1260032654
97.7612800598,-114.6469268799,-186.0786705017
93.0310249329,-113.8060016632,-185.3339729309
97.7654323578,-103.9769515991,-190.0268020630
93.0540180206,-103.8405265808,-189.8732795715
87.9528141022,-104.5332450867,-190.3554458618
56.0783176422,-110.6773757935,-1.8596125841
55.7495841980,-110.5335788727,-5.6186003685
55.5680675507,-110.2021770477,-9.4209541082
-14.9990699291,-102.3755226135,-10.4617004395
-10.0654633045,-102.1582145691,-9.6581411362
-9.7936370373,-105.8850994110,-9.5092368126
-10.5934653282,-102.0949993134,-13.9239218235
-9.9077527523,-105.3282470703,-13.8778743744
32.1276993752,-97.3035678864,-74.7567405701
33.0787324905,-95.7600307465,-71.2030715942
29.7115545273,-93.0982303619,-70.8887920380
29.7937126160,-88.9044265747,-70.9524612427
29.6141042709,-85.1677436829,-70.9858646393
33.5044088364,-92.5196628571,-71.6318092346
33.9589447975,-89.2424831390,-71.7657451630
34.2632956505,-85.7619056702,-71.8675994873
37.3077840805,-94.1491737366,-71.4937477112
38.5217008591,-90.2871189117,-71.5243816376
39.0369720459,-86.5554523468,-71.6028614044
32.6086654663,-94.7620601654,-75.0146579742
29.6990180016,-92.5812397003,-74.8142776489
29.6547179222,-88.9843368530,-74.9436302185
29.3959698677,-85.4218311310,-75.1020946503
33.1205368042,-92.2421531677,-75.1698131561
33.5501942635,-89.2104740143,-75.3518276215
33.7709078789,-85.8202056885,-75.5094032288
36.2675609589,-93.4877891541,-75.4141197205
37.4202165604,-90.0454864502,-75.7025661469
37.8965053558,-86.4731845856,-75.8518619537
31.8824787140,-95.6997718811,-78.6203765869
29.2368111610,-93.1908092499,-78.6980285645
29.5359377861,-89.4412479401,-78.8962688446
29.0848026276,-86.0720272064,-79.5580577850
32.7879409790,-92.7112541199,-78.6751728058
33.2985510826,-89.4415340424,-78.9535579681
33.4247937202,-85.8856735229,-79.2796936035
35.7295179367,-94.2178688049,-78.8835773468
36.9262599945,-90.2575225830,-79.4585933685
37.3228225708,-86.4616603851,-79.7495021820
31.9039459229,-96.3231182098,-82.3572559357
33.0433406830,-94.1472568512,-84.5428352356
33.7408490181,-90.1660747528,-85.0285625458
33.2399916649,-85.4806804657,-85.9403991699
36.4906282425,-86.0215740204,-83.8618869781
36.2572269440,-90.4544696808,-83.1772232056
35.2930240631,-94.8084144592,-82.4796600342
33.2669000626,-85.3483734131,-83.0181140900
33.3809323311,-89.6609382629,-82.2307777405
32.8513927460,-93.1938896179,-81.8286666870
29.6869125366,-85.9284038544,-83.8565158844
30.6022367477,-89.8299922943,-82.9166336060
34.0377321243,-90.9596862793,-88.8285655975
33.2560524940,-86.1538333893,-89.3759155273
32.5469202995,-86.5964221954,-94.1063785553
24.9461593628,-85.2058734894,-75.0503730774
26.0297641754,-88.7647953033,-74.6981849670
24.1786513329,-85.0981922150,-70.9332542419
25.6460895538,-88.7242431641,-70.6510105133
18.6252970695,-85.0118484497,-58.7411022186
20.8211541176,-84.1362724304,-61.0345239639
21.5268259048,-86.4238624573,-61.0632543564
20.2181663513,-87.8727264404,-60.8323926926
19.0513653755,-85.8468227386,-61.7119293213
20.0456447601,-85.3283042908,-60.1257381439
21.0025863647,-88.7121944427,-58.8511018753
22.4254426956,-86.6457633972,-58.6083011627
22.4038558006,-84.1630401611,-58.5569782257
20.6905703545,-85.6427097321,-58.2544775009
21.6405620575,-89.4919071198,-63.3545351028
22.9493708611,-87.1847724915,-63.4046964645
21.9661784172,-84.4145488739,-63.4252681732
24.5260930061,-88.1584968567,-66.8362426758
23.0875239372,-84.8617897034,-67.0177116394
33.9040122032,-93.1341743469,-58.7135858536
34.5878615379,-89.2125034332,-58.7496919632
34.9410934448,-85.5768222809,-58.6816377640
31.5304851532,-92.1304988861,-57.1298999786
31.8065085411,-88.6568794250,-57.2711381912
32.0744166374,-85.2129669189,-57.2074375153
29.2829174995,-91.9640445709,-55.8839635849
29.6178994179,-88.4316596985,-55.7435894012
29.9028372765,-85.0319766998,-55.6104192734
28.5213799477,-93.6189022064,-59.6945123672
30.9962968826,-92.2957115173,-61.5774536133
32.0032715797,-88.7428894043,-61.7246265411
32.4369535446,-85.2598705292,-61.6637754440
29.0065751076,-91.2331523895,-59.5471324921
29.4156346321,-88.1369228363,-59.5720691681
29.7046775818,-84.8649654388,-59.4892406464
26.9831118584,-91.3829421997,-57.6505336761
27.4354143143,-88.0034446716,-57.2243766785
27.7455649376,-84.7309684753,-57.0496158600
25.1277394295,-93.3601684570,-62.0569887161
27.8456273079,-92.3638763428,-64.6615238190
28.6394395828,-88.3841419220,-64.7342653275
28.7052736282,-84.8231353760,-64.6893262863
25.4417729378,-90.4381504059,-61.7078485489
26.2948446274,-87.5731449127,-61.6000785828
26.4696316719,-84.4855918884,-61.5410518646
23.6977167130,-90.6006374359,-59.0158605576
24.7881793976,-87.4451179504,-58.4130973816
25.0983076096,-84.4253864288,-58.2598972321
35.3417000771,-96.7606010437,-63.1822500229
39.7279081345,-94.7295131683,-63.7377624512
40.4598712921,-90.4545440674,-63.9492206573
40.8817224503,-86.5298156738,-64.0082149506
38.9513072968,-86.0899276733,-60.2582473755
38.6034545898,-89.9069766998,-60.2394266129
38.0583372116,-94.0839424133,-59.9550361633
36.2615222931,-85.8542957306,-63.2640867233
35.7453670502,-89.5387268066,-63.2670354843
34.5872125626,-93.3472652435,-63.1508502960
33.2337236404,-95.6935176849,-67.6123075485
33.7604174614,-92.8647842407,-66.0669031143
34.6538028717,-89.3382453918,-66.1755886078
35.1513938904,-85.7639255524,-66.2076396942
31.4787206650,-85.3106212616,-67.4351196289
31.2395963669,-88.9657497406,-67.4021377563
30.6101436615,-93.1088161469,-67.2697553635
34.7524404526,-85.7476348877,-68.7924919128
34.3475294113,-89.2651157379,-68.7235794067
33.7957067490,-92.5891342163,-68.6230373383
38.5013494492,-86.3458728790,-67.9368515015
37.9982700348,-90.1145992279,-67.8936672211
36.9572219849,-94.0011882782,-67.9529018402
44.6081247330,-95.7905445099,-63.8294582367
45.1627225876,-91.2336788177,-64.0734062195
45.5362014771,-87.1021556854,-64.1279573441
49.8256444931,-97.5425395966,-58.6036605835
50.1290435791,-95.0655078888,-60.8444309235
50.3653860092,-91.2664661407,-61.2161655426
50.5989542007,-87.2812690735,-61.2857809067
53.1119947433,-87.4351310730,-59.5921440125
52.8703022003,-91.4289264679,-59.5885391235
52.5283622742,-95.7365570068,-59.0775442123
50.3616685867,-87.1135444641,-58.9361371994
50.1537866592,-90.9626941681,-58.8334655762
50.0023174286,-94.8824214935,-58.0650463104
47.3406658173,-86.9289455414,-60.1552066803
47.1442375183,-90.8642959595,-60.0136098862
47.1993923187,-94.9411945343,-59.2217702866
49.6146097183,-96.0141048431,-64.3333225250
50.0175018311,-91.7379989624,-64.3004407883
50.3079643250,-87.5357227325,-64.2505970001
47.1468038559,-96.6398696899,-68.4638519287
47.8693380356,-91.9085960388,-67.8401393890
48.2447061539,-87.6390266418,-67.7070426941
45.1019601822,-96.7924270630,-71.9402961731
45.9302387238,-91.8556118011,-70.9107303619
46.3595352173,-87.6825828552,-70.7817459106
48.7765522003,-97.8724498749,-77.4111652374
48.9303579330,-95.6345081329,-80.2590084076
49.1076173782,-91.7597999573,-80.8739337921
49.3107805252,-87.9517784119,-81.0094146729
49.0185098648,-94.8347358704,-77.2323551178
49.2449560165,-91.4544467926,-77.1405181885
49.4662418365,-87.8149852753,-77.1464309692
48.7817869186,-95.9881210327,-74.3049030304
49.0094146729,-91.8241195679,-73.4440326691
49.2560491562,-87.8824329376,-73.3405151367
44.2158689499,-97.7965316772,-77.4448261261
44.2254848480,-95.6294956207,-80.1405315399
44.7219324112,-91.5780181885,-80.8012065887
45.1272201538,-87.7381687164,-80.9461917877
44.5828781128,-94.6802635193,-77.1996612549
45.0814599991,-91.2365589142,-77.1454353333
45.4833078384,-87.6086425781,-77.1703376770
44.8479681015,-95.7021865845,-74.5950508118
45.4700088501,-91.5570411682,-73.8350601196
45.8878211975,-87.6878070831,-73.7830581665
39.2936897278,-97.8369560242,-75.9400234222
39.3800268173,-95.4887237549,-79.4725856781
40.5612897873,-91.1279773712,-80.2515430450
41.0972738266,-87.2231330872,-80.4707336426
39.9696540833,-94.5235481262,-76.1928081512
41.1211671829,-90.8434505463,-76.3937740326
41.6786565781,-87.1620330811,-76.4907474518
40.9822759628,-95.5269393921,-72.6642589569
42.2808694839,-91.2065429688,-72.3018226624
42.8563537598,-87.2918071747,-72.3168411255
42.4763526917,-92.3775749207,-105.5692996979
48.3557071686,-92.4861488342,-104.7121028900
50.1698608398,-92.5170631409,-101.2444229126
46.5492591858,-95.5078220367,-98.9949741364
46.2240648270,-92.5089416504,-98.0951156616
46.8838558197,-89.4911956787,-99.5476932526
45.9783048630,-92.4182834625,-101.3631954193
48.0392999649,-92.5178680420,-99.7991237640
49.7120866776,-95.8395328522,-96.9051513672
49.8208436966,-92.5475177765,-96.3565177917
49.8719835281,-89.2932796478,-97.0289936066
50.6355028152,-92.5331058502,-98.6144275665
43.2500200272,-88.4435062408,-99.1786575317
42.6304845810,-92.4579486847,-97.5784683228
42.5341939926,-96.5570831299,-98.4476852417
42.3577041626,-92.2953090668,-101.6197261810
38.2011756897,-87.7512264252,-99.5282707214
37.7891750336,-92.2845497131,-98.1515159607
37.8097372055,-92.2669239044,-102.6011447906
16.4301197529,-86.1724529266,-50.2332210541
17.0790777206,-85.5468139648,-53.2287321091
17.7411875725,-85.3451671600,-56.1673049927
21.7696099281,-84.3865585327,-55.3613386154
21.8625168800,-86.8723678589,-55.5138769150
20.3391118050,-89.0127563477,-56.1072816849
20.0825982094,-85.9984817505,-55.6250143051
21.0194568634,-84.6040840149,-52.3100852966
21.1281790733,-87.0735816956,-52.4586486816
19.6842412949,-89.0320663452,-53.0528984070
19.3768601418,-86.2491798401,-52.7650728226
20.2262487411,-84.8537292480,-49.1625976562
20.2733588219,-87.4394378662,-49.2276983261
18.9923014641,-89.6351375580,-50.0086231232
18.5261964798,-86.7028541565,-49.6792230606
40.8885107040,-94.5257930756,-56.9535636902
40.7652540207,-90.1192703247,-57.6960439682
40.9810619354,-86.2302207947,-57.7534780502
38.6392793655,-92.9069137573,-49.7623863220
39.1130056381,-89.4473152161,-49.5517873764
39.4476127625,-86.0031681061,-49.3730602264
38.1412706375,-93.0390415192,-52.4808721542
38.7511672974,-89.4519309998,-52.4436798096
39.1226663589,-85.9368457794,-52.3129310608
38.3130035400,-93.7797718048,-55.3229560852
38.6320791245,-89.7004566193,-55.4949531555
38.9448041916,-85.9785881042,-55.4172172546
41.3266820908,-94.9878578186,-52.2789430618
41.6419563293,-92.8624477386,-50.2691946030
42.0244579315,-89.5567016602,-49.8892927170
42.3505287170,-86.1600761414,-49.6810626984
41.1967496872,-92.7237281799,-52.5692119598
41.6478786469,-89.4990730286,-52.6396875381
41.9880161285,-86.0852470398,-52.5258789062
41.1653337479,-93.5529594421,-54.6296434402
41.2454977036,-89.8023624420,-55.2729616165
41.5138540268,-86.1411895752,-55.2611751556
44.2617988586,-94.9734687805,-53.1057090759
44.7311840057,-92.9079570770,-50.6906700134
45.0193042755,-89.7336978912,-50.2180204391
45.3320589066,-86.3656063080,-49.9907989502
44.3970689774,-92.4796752930,-53.1046924591
44.5889692307,-89.5869770050,-53.1562910080
44.8611841202,-86.2588081360,-53.0489711761
43.7262487411,-93.6570549011,-55.8074131012
43.6070985794,-90.0012607574,-56.5160198212
43.8092651367,-86.3462390900,-56.5518808365
46.1309642792,-100.9002780914,-54.9078264236
46.9964656830,-98.0856666565,-52.5018815994
51.6819744110,-102.6802425385,-53.8350400925
52.6503057480,-100.8013572693,-52.2988767624
54.3939056396,-100.3435115814,-53.6387567520
53.1063613892,-103.1648616791,-56.2507505417
49.2220668793,-101.4904994965,-54.0458774567
50.1359291077,-98.8118362427,-52.0393543243
48.8413457870,-101.5103244781,-56.9628667831
47.1493539810,-95.4333515167,-53.4084329605
47.6945190430,-93.3708591461,-50.8582010269
48.0410451889,-90.0999183655,-50.3325576782
48.4018545151,-86.6814002991,-50.0723562241
47.3609352112,-92.8174037933,-53.3659477234
47.5611124039,-89.8887767792,-53.3922529221
47.8215293884,-86.5375995636,-53.2675428391
46.6472759247,-93.9971160889,-56.1929187775
46.5830593109,-90.2936668396,-56.8982677460
46.7622537613,-86.6312408447,-56.9407672882
50.3599700928,-96.0413055420,-53.0904798508
50.7966136932,-94.0587787628,-50.8480806351
51.1317291260,-90.6145763397,-50.2670450211
50.4540004730,-93.3707275391,-53.2859430313
50.6720743179,-90.3420753479,-53.3229179382
50.9768161774,-86.9207057953,-53.1591806412
50.0980653763,-94.3662796021,-55.5511112213
50.2393035889,-90.6315441132,-56.2547273636
50.4622812271,-86.9701652527,-56.2463350296
53.4142446518,-96.9382534027,-53.5205593109
53.9019021988,-94.7936115265,-50.9985065460
53.3673734665,-94.0296287537,-53.5679588318
53.6004810333,-90.8654270172,-53.5486164093
53.1031732559,-95.1300296783,-56.1150960922
53.3858118057,-91.1263332367,-56.5769872665
53.6768093109,-87.3590736389,-56.4770746231
56.6039857864,-97.3753585815,-54.0126285553
56.9754562378,-95.2151374817,-51.6348123550
55.9673671722,-94.5088882446,-54.0408945084
56.5880174637,-91.6922073364,-56.7462329865
56.2741689682,-95.7154788971,-56.6216983795
62.6864099503,-92.1639652252,-73.1780319214
63.0000638962,-96.6093235016,-73.6878280640
62.4610128403,-91.8720550537,-77.0642814636
62.9921646118,-95.9755229950,-77.2564029694
62.0534496307,-87.8972301483,-80.9115924835
62.2035350800,-91.9915561676,-80.8932113647
62.4695892334,-96.2185001373,-80.7354888916
58.2192926407,-98.4578056335,-77.0051670074
58.2838182449,-96.5669746399,-73.6079654694
58.2234039307,-92.1969890594,-72.9041481018
58.0985040665,-88.0680084229,-72.7189865112
58.4260540009,-95.5067825317,-76.9552078247
58.0954360962,-91.7859134674,-76.8550815582
57.9094972610,-87.9182128906,-76.8227939606
58.0489568710,-96.0049533844,-80.2454986572
57.9040861130,-91.9567146301,-80.7416000366
57.7952432632,-88.0072402954,-80.8403110504
53.3367309570,-97.9874362946,-76.9559936523
53.2316122055,-96.2431793213,-73.5907402039
53.3080329895,-92.0345363617,-72.7789764404
53.3774290085,-87.9986553192,-72.6355972290
53.5253543854,-95.0137901306,-76.9044799805
53.5696678162,-91.5996646881,-76.8462448120
53.5972805023,-87.8905830383,-76.8506946564
53.4792270660,-95.6570415497,-80.1270351410
53.5076122284,-91.8413944244,-80.7404174805
53.5366363525,-88.0062808990,-80.8782157898
61.9431896210,-88.1294460297,-84.8274726868
61.9618682861,-92.2458515167,-84.7329864502
61.9836053848,-96.5333156586,-84.4451999664
61.8906097412,-88.3055629730,-88.7399215698
61.8590965271,-92.3851070404,-88.6857986450
61.8748245239,-96.5265045166,-88.5758457184
61.8958683014,-88.4252014160,-92.6804447174
61.8637428284,-92.4492511749,-92.7068347931
61.8631563187,-96.5173206329,-92.7067985535
57.7097063065,-88.2167224884,-84.7872219086
57.7288761139,-92.3013782501,-84.5963535309
57.7147932053,-96.6079216003,-83.9758644104
57.7088041306,-88.3884849548,-88.7356777191
57.7039585114,-92.4531211853,-88.5965671539
57.7199163437,-96.5788993835,-88.3582687378
57.8316125870,-88.5199031830,-92.6980819702
57.8454971313,-92.5191631317,-92.6363182068
57.8189725876,-96.5569248199,-92.5992546082
53.4408283234,-88.2453422546,-84.8411540985
53.3909530640,-92.2844791412,-84.5899181366
53.3943338394,-96.4816741943,-83.8529586792
53.4336137772,-88.4398155212,-88.8251724243
53.3845920563,-92.4755401611,-88.6015510559
53.4129867554,-96.5292091370,-88.2996921539
53.6369161606,-88.6169300079,-92.7961730957
53.6451845169,-92.5468997955,-92.5886917114
53.5991439819,-96.4799861908,-92.5794639587
54.1544656754,-88.9839744568,-96.7521877289
54.4000053406,-92.5615005493,-96.4699592590
54.1019983292,-96.1454372406,-96.7787189484
58.0681648254,-88.6205005646,-96.7266788483
58.1655263901,-92.5355834961,-96.7466259003
58.0466594696,-96.4921302795,-96.8483333588
61.9347562790,-88.4838485718,-96.6842041016
61.9490137100,-92.4541664124,-96.8102169037
61.9344367981,-96.4722442627,-96.8842601776
54.5084028244,-89.2714328766,-101.1647033691
55.0684146881,-92.5432834625,-101.0876808167
54.3750944138,-95.8159923553,-101.3617248535
52.5862636566,-92.5305709839,-101.2893733978
58.1739034653,-88.5974769592,-101.0284557343
58.3939800262,-92.5081520081,-101.2100067139
58.1535720825,-96.4589767456,-101.3148517609
61.9213552475,-88.4269638062,-100.8107299805
62.0203361511,-92.3956451416,-101.0652790070
62.0018749237,-96.4195213318,-101.1568527222
53.8265419006,-89.1129455566,-106.3024959564
54.7036762238,-92.5108051300,-106.4968242645
53.5763292313,-95.9116458893,-106.4143791199
51.5782995224,-92.5799751282,-106.5755252838
57.7663011551,-88.2415580750,-105.8270454407
58.1603555679,-92.4303855896,-106.0976467133
57.8609647751,-96.6161746979,-106.0785999298
61.7331714630,-88.1148853302,-105.1448268890
61.9993848801,-92.2635269165,-105.4806976318
62.0276041031,-96.4738693237,-105.5417480469
56.8197402954,-87.1284980774,-116.6480503082
57.5522785187,-92.3779354095,-116.2640247345
56.8986682892,-97.7757358551,-116.2639789581
60.5349464417,-97.6081256866,-111.7190723419
60.5926837921,-92.1635265350,-111.6973743439
59.9269819260,-86.6186447144,-111.7617225647
62.7537584305,-96.9537639618,-109.3628196716
62.6788892746,-92.0179805756,-109.2042980194
62.0973930359,-87.0595111847,-108.8703746796
63.1569280624,-97.5471515656,-112.5927238464
63.1030378342,-91.8733787537,-112.4152755737
62.4320259094,-86.1350803375,-112.2142505646
61.5190219879,-97.7878360748,-115.2733497620
61.4792165756,-92.0471839905,-115.2222480774
61.0970239639,-86.4274215698,-115.4292984009
57.2031955719,-87.2924213409,-111.6922931671
57.7434062958,-92.3715019226,-111.4168453217
57.3039045334,-97.3557376862,-111.3276996613
53.4160642624,-88.1824645996,-112.7560253143
54.5807857513,-92.5224056244,-112.7151718140
53.2246351242,-96.8842678070,-112.5889282227
51.2917308807,-92.7368526459,-113.7670536041
18.4445061684,-93.1873550415,-40.2940988541
18.9088239670,-89.3809413910,-39.8276433945
19.0722122192,-85.8290214539,-39.5901336670
15.4408166409,-92.5672397614,-40.0725698471
15.8924689293,-89.0881633759,-39.7977209091
15.9515199661,-85.7143573761,-39.7035255432
12.9010972977,-88.9854488373,-39.8848848343
12.7165598869,-85.9528713226,-40.0045223236
18.3983550072,-91.9772167206,-43.6591472626
19.1420321465,-88.6356334686,-42.9837398529
19.2951040268,-85.3494815826,-42.7529697418
15.8891348839,-90.9714069366,-43.3389730453
16.2985806465,-88.2134342194,-42.9015531540
16.2213706970,-85.2078323364,-42.8898906708
13.5150449276,-88.2125453949,-43.0074043274
12.8995954990,-85.6372680664,-43.3531637192
18.5170397758,-90.6923122406,-46.9156026840
19.5337948799,-87.9622020721,-46.0464878082
19.6127090454,-85.0510501862,-45.9406814575
16.2658665180,-89.4413471222,-46.6832065582
16.7238428593,-87.4782505035,-45.8086299896
16.5196325779,-85.0175304413,-46.0643043518
16.5193219185,-86.9058189392,-47.9568071365
13.9679944515,-87.5235309601,-45.8111429214
13.2262096405,-85.2685432434,-46.4201507568
31.4740576744,-86.2306213379,-39.5389223099
31.3154649734,-89.6675167084,-39.7703084946
31.2152681351,-93.0037975311,-40.0378103256
34.5346183777,-86.3341369629,-39.7821750641
34.3603801727,-89.7657337189,-40.0092630386
34.1990270615,-93.1289558411,-40.2708950043
37.5239324570,-86.4635486603,-40.1475324631
37.3151931763,-89.9243469238,-40.3850317001
37.0939416885,-93.3314514160,-40.6545228958
31.2898135185,-85.9266605377,-42.5319986343
31.1146707535,-89.3061904907,-42.7350234985
30.9902911186,-92.5573596954,-42.9444208145
34.2562656403,-86.0536842346,-42.7719211578
34.0740966797,-89.4336585999,-42.9679899216
33.9040975571,-92.7149429321,-43.1685543060
37.1673183441,-86.2003784180,-43.1280136108
36.9588060379,-89.6133556366,-43.3388938904
36.7420778275,-92.9457130432,-43.5586042404
31.1841897964,-85.6723136902,-45.4572172165
30.9844627380,-89.0157775879,-45.6300945282
30.8270359039,-92.1913566589,-45.7577886581
34.0589914322,-85.8252220154,-45.7173261642
33.8519639969,-89.1795730591,-45.8779888153
33.6526374817,-92.3948860168,-45.9880704880
36.9001846313,-85.9876613617,-46.0809860229
36.6680526733,-89.3788738251,-46.2571802139
36.4264020920,-92.6562728882,-46.3960742950
73.3989048004,-95.7559223175,-101.2640266418
73.6275997162,-95.5558166504,-105.3511257172
69.4951667786,-92.2822666168,-96.8707790375
69.6054992676,-96.1183681488,-96.9976711273
69.5166587830,-88.3794536591,-100.6667289734
69.4916744232,-92.1425113678,-100.9654273987
69.6727027893,-95.9492835999,-101.0782489777
69.4903717041,-88.0425624847,-104.6632251740
69.6172790527,-91.8634853363,-105.0322494507
69.8496990204,-95.7348213196,-105.1319713593
65.8301095963,-88.4212131500,-96.6384315491
65.7622089386,-92.3480224609,-96.8162956238
65.8068399429,-96.3018398285,-96.9120311737
65.7478294373,-88.3513278961,-100.6456794739
65.7792634964,-92.2483787537,-100.9202022552
65.8690881729,-96.1849994659,-101.0291519165
65.7227220535,-88.0339488983,-104.6392517090
65.8822278976,-92.0337066650,-104.9947967529
66.0320367813,-96.0741558075,-105.1030445099
69.5822486877,-91.4231662750,-147.3953208923
69.9274806976,-96.4564609528,-147.2771453857
72.1024055481,-85.8696441650,-145.6816673279
72.3079090118,-91.0513610840,-145.2073135376
72.6134414673,-95.8087730408,-145.0485229492
68.3243179321,-85.5799160004,-145.1338920593
68.8253383636,-91.1958847046,-144.6354904175
69.2955551147,-96.0676231384,-144.4818992615
65.6789598465,-91.8720226288,-146.3396720886
66.0445365906,-97.1643218994,-146.2595024109
70.4780063629,-97.0023574829,-150.6674652100
70.3046875000,-91.7489566803,-150.6958694458
57.8946905136,-88.5424499512,-150.5398216248
65.6793622971,-92.4352378845,-151.1499748230
65.6448202133,-98.0148677826,-151.3924980164
59.4709205627,-93.5013580322,-155.6793479919
59.7071638107,-93.1653423309,-149.5638313293
69.9533767700,-97.3300323486,-154.8120536804
70.0042858124,-92.1245574951,-154.5448265076
70.3589363098,-93.0207729340,-178.7032470703
71.2414627075,-92.0747089386,-174.9088287354
70.1058807373,-97.4495677948,-175.0726509094
66.4474954605,-92.8712253571,-175.0905532837
67.5964822769,-92.8268909454,-169.8541526794
43.8500995636,-96.2123908997,-22.3138699532
43.9193420410,-91.7864189148,-25.2681040764
43.5540838242,-95.7026367188,-25.7330698967
47.2304267883,-96.0796070099,-26.5686893463
43.4146776199,-91.4663238525,-28.7081437111
43.0599813461,-95.2595996857,-29.1018571854
46.7324399948,-95.6018505096,-30.1525397301
8.8450347185,-90.5978488922,-30.2930507660
8.8349531889,-86.9406719208,-30.1859335899
9.1142672300,-89.9817504883,-33.5883193016
9.0949842930,-86.4939861298,-33.4450964928
9.4230445623,-86.1463375092,-36.6612930298
85.5323562622,-96.9922599792,-177.1515045166
85.9338455200,-92.9274902344,-177.9048995972
85.9341354370,-89.0499000549,-178.2603416443
86.0753993988,-96.5530338287,-173.6115264893
85.9273815155,-92.7424354553,-173.9547996521
85.8757896423,-88.9263343811,-174.2419204712
85.7216320038,-96.8348541260,-170.1114768982
85.6865386963,-92.8130874634,-170.0900268555
85.7156810760,-88.8937206268,-170.2930564880
81.2754039764,-98.1091976166,-173.5297927856
81.7971744537,-96.1549034119,-176.8864212036
82.1726436615,-92.5262870789,-177.9545974731
81.9197540283,-88.9356708527,-178.4139442444
81.8266220093,-95.6403675079,-173.7024955750
81.8966903687,-92.3034038544,-173.9688720703
81.7695560455,-88.7491607666,-174.3329963684
81.2578983307,-96.3386898041,-170.5182991028
81.4056053162,-92.4829940796,-170.1165733337
81.4446144104,-88.6687049866,-170.3712234497
76.2544021606,-97.8451728821,-174.4983406067
77.7111091614,-95.9186058044,-177.5640945435
78.6420803070,-92.5077323914,-178.1995773315
77.5836200714,-89.3867740631,-178.6038475037
75.4896430969,-92.9238929749,-178.4199256897
77.1635837555,-94.9041252136,-174.1254997253
77.9305286407,-92.1058902740,-173.9434547424
77.3463649750,-89.0153980255,-174.3905487061
74.9411373138,-91.9828071594,-174.4024009705
70.7359199524,-89.2422389984,-170.0761833191
71.8683204651,-92.1767024994,-171.9190826416
71.8236770630,-92.5487251282,-169.0891036987
70.7687721252,-96.0303897858,-170.4793510437
76.3321743011,-96.1814785004,-170.9125251770
76.9182128906,-92.3463916779,-169.9183807373
76.6692466736,-88.5770168304,-170.3476295471
85.9717502594,-89.1851139069,-182.3602256775
85.9389953613,-93.1133861542,-182.0482025146
85.0385646820,-97.2544422150,-181.4087791443
86.0446510315,-89.2738094330,-186.5581550598
86.0588436127,-93.1987037659,-186.4006309509
85.1054000854,-97.1997928619,-186.2558021545
86.1207637787,-89.3758850098,-190.8211059570
86.2104473114,-93.3119716644,-190.6989250183
85.2317771912,-97.4288196564,-190.6799774170
82.0127906799,-89.1474723816,-182.5977020264
82.3787384033,-92.7154006958,-182.1805114746
81.9137401581,-96.3362426758,-181.2006034851
82.1301918030,-89.2835388184,-187.0039787292
82.5995445251,-92.7537136078,-186.7949905396
82.2999210358,-96.0273456573,-186.5589256287
82.1439476013,-89.4311523438,-191.6967468262
82.6552181244,-92.9196395874,-191.4999809265
82.3251838684,-96.2989578247,-191.4921760559
80.9589290619,-99.0727081299,-181.1497268677
82.1573066711,-103.8734760284,-182.7665290833
77.8749866486,-104.6391277313,-180.4892768860
81.3706874847,-101.6903610229,-180.5020294189
81.4935398102,-98.6747474670,-186.4761543274
81.3450107574,-99.2841339111,-191.2322311401
76.7782859802,-104.3827705383,-186.6320800781
81.5524959564,-103.1600513458,-186.5842285156
81.2214488983,-104.7364883423,-191.0475006104
77.7759609222,-89.9071197510,-182.8139762878
79.0687274933,-92.9685459137,-182.4333267212
78.4885501862,-96.7037239075,-181.7489738464
76.1674232483,-93.9313125610,-182.5590515137
78.1097297668,-90.2926101685,-187.3842239380
79.4210014343,-93.1157932281,-187.1137504578
79.2388210297,-96.4308853149,-186.8584823608
76.9063377380,-94.1262874603,-187.2740478516
78.0904312134,-90.3660583496,-192.3858184814
79.3891181946,-93.3548145294,-192.0430717468
78.9981174469,-97.0387744904,-191.8466796875
76.6408596039,-94.5498371124,-192.3261947632
82.5062847137,-100.4029617310,-194.7868804932
83.9022026062,-100.7192039490,-197.6317825317
82.8395996094,-99.6687545776,-200.2497787476
82.8127002716,-98.7769775391,-196.7821044922
80.2348384857,-100.4237422943,-197.6786270142
82.3865280151,-97.0217494965,-200.5255546570
82.9575920105,-93.4049530029,-199.8609085083
82.1273269653,-89.9561748505,-201.3740043640
84.8075618744,-96.6827449799,-196.4352798462
85.3877735138,-93.0983181000,-196.3882255554
84.8820533752,-88.9192218781,-197.1997222900
86.0707607269,-97.7774543762,-194.1719818115
87.0538330078,-93.4076175690,-194.1242485046
86.7729969025,-89.1425724030,-194.3289299011
86.7020187378,-97.8236885071,-197.1820564270
87.6190185547,-93.4258556366,-196.9418945312
87.2730598450,-88.8640594482,-197.3266677856
85.6438884735,-97.2941513062,-199.8848533630
86.3259372711,-93.3637866974,-199.3065986633
86.1651973724,-89.2850704193,-200.1709480286
82.1775341034,-89.3500556946,-197.3256454468
82.7608051300,-93.0201854706,-196.1527519226
82.4137744904,-96.3987350464,-196.2048301697
78.5631790161,-90.2854347229,-198.1842994690
80.0023860931,-93.5022144318,-197.0560760498
79.3870277405,-97.3590507507,-197.2328529358
77.3161449432,-94.6771697998,-198.4863281250
81.6564064026,-93.7584133148,-213.1721496582
83.4488277435,-93.1058120728,-209.2225494385
82.2440071106,-97.8399658203,-209.5288276672
78.5488567352,-94.1738338470,-208.7382774353
83.1696376801,-96.4960670471,-204.2524719238
83.7683601379,-93.6261177063,-202.8880271912
83.0707283020,-91.1370792389,-203.9697761536
80.0373764038,-94.1173877716,-203.8498458862
84.1136817932,-93.3799171448,-205.8098182678
33.0972342491,-87.9627323151,-16.9971904755
33.0142192841,-92.1076240540,-17.4019122124
32.9649677277,-96.0495414734,-17.7164971828
33.1648831367,-87.8886680603,-13.5052573681
33.0428404808,-92.4314937592,-14.1271252632
33.0258140564,-96.5066776276,-14.4698274136
33.0243496895,-92.9164028168,-10.9395775795
33.0281128883,-96.9998378754,-11.2592549324
36.8023414612,-88.1845836639,-17.2160680294
36.7072401047,-92.2565994263,-17.6548552513
36.6257467270,-96.1765575409,-18.0206818581
36.7053489685,-92.6618137360,-14.3663625717
36.6896562576,-96.6354560852,-14.7301547527
36.6295070648,-93.2306766510,-11.1487669945
36.6728057861,-97.1001605988,-11.4606049061
40.4688386917,-92.4895553589,-17.9653968811
40.3073673248,-96.4083709717,-18.4073634148
40.3693733215,-96.8710289001,-15.0592939854
40.4009380341,-97.0901279449,-11.6464047432
44.0754137039,-97.2972679138,-15.5207297802
43.9866018295,-96.7925395966,-18.9150691032
88.9174270630,-90.2956447601,-204.2392005920
88.8015747070,-93.3101654053,-203.5297966003
88.4344196320,-96.2422752380,-205.1215248108
88.7624740601,-92.7100925446,-206.2030181885
93.5357093811,-89.9163684845,-204.6083831787
93.4844188690,-93.0470771790,-204.0564575195
93.3009567261,-95.8200187683,-205.6761054993
93.3560352325,-92.2514476776,-206.5655517578
97.8687095642,-89.7959861755,-204.9443817139
97.8608283997,-92.8449802399,-204.4573364258
97.8190994263,-95.5272026062,-205.9407768250
97.8151187897,-91.9889507294,-206.7224769592
97.7906875610,-91.4507274628,-209.9052238464
93.1885681152,-91.6657199860,-209.7379493713
88.4004592896,-92.2153892517,-209.5771713257
88.0609722137,-97.1347198486,-210.0119552612
88.4872760773,-104.0083694458,-209.4167327881
93.0637016296,-96.1408100128,-209.8625068665
97.7817401886,-96.1378898621,-210.2433509827
93.2268524170,-103.1331062317,-214.2278289795
97.8133144379,-103.0994014740,-209.5120506287
93.2048034668,-102.0373249054,-208.5715293884
97.7675228119,-92.4805164337,-213.9390296936
92.9399051666,-92.4398498535,-213.3590583801
87.7269248962,-93.1039142609,-213.6681785583
21.6790552139,-89.6390781403,-7.5728741884
21.8185400963,-93.5438709259,-7.6422692537
21.9098405838,-97.5548076630,-7.7225718498
21.8246669769,-89.9340686798,-4.5243312120
21.9445843697,-93.8367404938,-4.5754908919
22.0174427032,-97.8505840302,-4.6276478171
22.1622419357,-90.1085510254,-1.5008919239
22.1879496574,-94.0227375031,-1.5227649808
22.1925354004,-98.0018119812,-1.5419472158
25.3733668327,-89.5075550079,-7.6062225103
25.5563721657,-93.4805908203,-7.7261580229
25.6649980545,-97.5037670135,-7.8374328613
25.4360561371,-89.8741798401,-4.5617837906
25.6487689018,-93.8335418701,-4.6346015930
25.7555303574,-97.8531742096,-4.7022376060
25.8455901146,-90.0671653748,-1.5101860166
25.9349370003,-94.0697784424,-1.5419700146
25.9563856125,-98.0805187225,-1.5666631460
29.3414015770,-88.7897357941,-7.1917660236
29.2651267052,-93.3852138519,-7.7622638941
29.3532023430,-97.4653892517,-7.9388458729
29.0729198456,-89.4441452026,-4.4333609939
29.2702293396,-93.8487930298,-4.6746501923
29.4035978317,-97.8682289124,-4.7687896490
29.6003370285,-94.0923671722,-1.5529195070
29.6127934456,-98.1358108521,-1.5879704952
33.0238442421,-94.4144344330,-1.5790360272
33.0853157043,-98.1411762238,-1.6121773124
32.7578654289,-94.2262935638,-4.7618629932
32.9320125580,-97.9519233704,-4.8501517177
32.8819699287,-93.5971069336,-7.8675153255
32.9647932053,-97.5208740234,-8.0696483850
36.1246213913,-94.8041057587,-1.6088540256
36.3724412918,-97.9988613129,-1.6242245734
36.0352449417,-94.7457351685,-4.8541163206
36.3280515671,-97.9998188019,-4.9124546647
36.3398447037,-94.0342178345,-8.0277574062
36.5056943893,-97.6029090881,-8.2041627169
39.4619207382,-97.3021526337,-1.5914739966
39.5965623856,-97.5904064178,-4.8610752821
40.0641756058,-97.3148918152,-8.2260612249
37.0899944305,-82.3733253479,-83.7342033386
37.8785390854,-79.3118381500,-83.2068157196
38.0791158676,-76.0541458130,-83.7787017822
37.1172161102,-79.2757892609,-85.8670330048
33.2699527740,-81.7135295868,-82.8495693207
33.5879421234,-78.7875175476,-82.1770820618
33.6562733650,-75.7531032562,-83.0343265533
33.2389435768,-78.6796073914,-84.7763767242
29.0409994125,-82.2513675690,-83.3577518463
29.3134570122,-78.7140254974,-82.1076011658
29.0905280113,-75.3421611786,-82.7828426361
29.2255158424,-78.6637706757,-84.8472690582
29.0109457970,-78.6076622009,-88.7240657806
32.7780175209,-78.1108474731,-88.5794811249
36.2413568497,-78.9148368835,-89.1788196564
32.5394558907,-82.3337669373,-89.1370639801
28.1693992615,-78.8257369995,-93.8201732635
32.1768555641,-77.5888862610,-93.7437458038
35.7390155792,-78.6619625092,-94.0611171722
31.7148313522,-82.0987148285,-94.1274108887
23.9183955193,-75.2641773224,-83.1900939941
25.2384295464,-78.7892360687,-82.4608478546
24.9582257271,-78.2120113373,-85.2524681091
23.6611914635,-75.2930984497,-79.5210971832
25.2568740845,-78.8714275360,-79.2624950409
24.1426119804,-82.7214736938,-79.7901210785
24.2454810143,-75.4283370972,-75.7789821625
25.6670908928,-78.5835456848,-75.6693954468
24.8070168495,-81.8715248108,-75.3834342957
21.8799695969,-78.9715366364,-76.0956192017
22.3729872704,-81.4346122742,-70.3798351288
24.0506572723,-80.1553039551,-72.3033828735
25.0587439537,-77.9238281250,-72.9142589569
26.6450314522,-77.5044879913,-69.5984821320
25.7661170959,-80.1371517181,-69.5852966309
22.2823109627,-81.1300354004,-58.4878911972
22.6528849602,-77.5976028442,-58.4700880051
22.7128496170,-74.1106567383,-58.5376348495
19.3238477707,-81.0613594055,-58.8261814117
19.7381954193,-77.4772300720,-58.9394416809
19.6805286407,-74.0494709015,-59.0554485321
16.5852797031,-81.2421989441,-59.7763662338
17.0215950012,-77.3991489410,-59.3576335907
16.6899960041,-74.1524658203,-59.4110727310
20.5767235756,-82.3660469055,-62.8151988983
23.4578609467,-80.6508293152,-61.9462137222
23.9928297997,-77.3777885437,-61.7323579788
24.0147547722,-74.0296173096,-61.8960084915
20.4786605835,-80.2368469238,-62.2118024826
20.6029028893,-77.1526527405,-62.2248334885
20.4174275398,-73.9595146179,-62.5247411728
17.8603720665,-80.7133197784,-63.0990266800
17.4203054905,-77.2774963379,-62.8530149460
16.8532056808,-74.1697006226,-63.1715583801
21.4996876717,-81.8341846466,-66.7871475220
25.0117754936,-80.2378883362,-65.6765565872
25.7351570129,-77.3243675232,-65.2318315506
25.6118650436,-74.2283229828,-65.5824327469
21.4999122620,-79.4237136841,-65.8750934601
21.5574450493,-77.0444736481,-65.3593015671
21.2240695953,-74.4123020172,-66.0550737381
21.7455763817,-77.0099849701,-67.7199134827
18.2024347782,-80.6348514557,-66.7003498077
17.5919723511,-77.6872043610,-66.1255588531
16.9963748455,-75.2432193756,-67.1371574402
41.5212850571,-75.1886348724,-63.9461545944
41.3897380829,-78.9574851990,-63.9252939224
41.1812162399,-82.7239589691,-63.9763202667
39.4492940903,-75.0144977570,-60.0501527786
39.3978042603,-78.6745491028,-60.0933151245
39.2158613205,-82.3655185699,-60.1835432053
36.9143753052,-74.9716186523,-63.1535987854
36.8323068619,-78.5705795288,-63.1536798477
36.5934238434,-82.2020130157,-63.2078943253
35.9630537033,-74.8977031708,-66.1684589386
35.8028898239,-78.5319442749,-66.1538066864
35.5084543228,-82.1541576385,-66.1802845001
32.5278539658,-74.6533050537,-67.2534961700
32.3603453636,-78.2078971863,-67.1890678406
31.8312001228,-81.7526435852,-67.3067417145
35.6525478363,-74.8879966736,-68.8039035797
35.4270038605,-78.5411357880,-68.7710762024
35.0957040787,-82.1593570709,-68.7859458923
39.3499488831,-75.1908798218,-67.9745635986
39.1222343445,-78.9152679443,-67.9275264740
38.8486232758,-82.6238441467,-67.9372291565
45.7920112610,-83.1062755585,-64.0629978180
45.9527816772,-79.1231174469,-63.9403686523
46.0582513809,-75.0135250092,-63.7637319565
50.8997640610,-79.1356983185,-60.9434013367
50.7859144211,-83.2382678986,-61.1714000702
50.5573625565,-83.1933193207,-58.8161840439
47.7048625946,-74.9570255280,-59.5179462433
47.6745243073,-79.0287857056,-59.8664340973
47.5379009247,-82.9975795746,-60.0663595200
50.4977483749,-83.3927993774,-64.1237983704
50.5994443893,-79.2169265747,-63.9278707504
48.4631881714,-83.5669097900,-67.6138954163
48.5758600235,-79.5413570404,-67.5067863464
48.5946397781,-75.4141578674,-67.3903923035
45.7936649323,-74.6412372589,-80.7844791412
46.1245756149,-74.9251079559,-76.6745376587
46.5191793442,-75.0193481445,-72.7769222260
46.7749547958,-76.7477588654,-70.7457332611
46.7557840347,-80.1676406860,-70.6895904541
46.6163091660,-83.8214378357,-70.7363777161
49.4686965942,-84.1748752594,-81.0534706116
49.4773225784,-80.4291400909,-81.0557422638
48.9152965546,-76.6252384186,-80.9971752167
49.6113538742,-84.1131191254,-77.1381168365
49.6073732376,-80.4526939392,-77.0967350006
49.0275640488,-76.8323230743,-76.9739608765
49.4206647873,-84.0744724274,-73.2939834595
49.4607152939,-80.4012832642,-73.2341537476
49.0830307007,-76.8734588623,-73.1898269653
45.4684686661,-84.0485572815,-80.9831218719
45.7098093033,-80.5156402588,-81.0148124695
45.7754411697,-77.1976985931,-81.2033634186
45.7724123001,-84.0067005157,-77.1665153503
45.9589357376,-80.5821590424,-77.1386318207
46.0505914688,-77.5148715973,-77.1069602966
46.1619844437,-84.0083179474,-73.7582225800
46.3269948959,-80.5827503204,-73.7095565796
46.4041004181,-77.5767631531,-73.7000427246
41.5503959656,-83.5577583313,-80.4751491547
42.0055999756,-79.9917354584,-80.4344787598
42.6958875656,-76.3948001862,-80.5397720337
42.0531930923,-83.5423526764,-76.5001106262
42.4006147385,-80.0038871765,-76.4716587067
43.1630973816,-76.5386714935,-76.4659519196
43.1987628937,-83.5654792786,-72.3132076263
43.4553413391,-79.9856758118,-72.2853393555
43.9445562363,-76.5619335175,-72.3242797852
49.1013536453,-76.4606056213,-85.1746654510
49.4109907150,-80.4284000397,-85.1289539337
49.3191595078,-84.2985153198,-85.0853919983
49.3573484421,-76.5459117889,-89.3038616180
49.4379196167,-80.5385990143,-89.2887878418
49.2481012344,-84.4768829346,-89.2508277893
49.4176139832,-76.7247562408,-93.4785079956
49.5301370621,-80.7544689178,-93.5926856995
49.3055820465,-84.7672863007,-93.6332931519
45.5707569122,-76.7655067444,-85.4357013702
45.5584163666,-80.4425029755,-85.1260738373
45.1768140793,-84.1358280182,-85.0811233521
45.4791469574,-76.6474628448,-89.5785388947
45.5206203461,-80.5056743622,-89.4853267670
44.9599227905,-84.2867603302,-89.4697151184
45.3354005814,-76.7731266022,-94.0953769684
45.4675426483,-80.6940479279,-94.2286949158
44.8003616333,-84.5384311676,-94.2646961212
42.0119771957,-76.4752979279,-84.8341274261
41.8197059631,-80.0284862518,-84.5102863312
40.9930915833,-83.4630222321,-84.7458648682
41.5787305832,-76.8165817261,-89.3898582458
41.8781385422,-80.1794128418,-89.1850585938
40.5768327713,-83.3470706940,-89.4419479370
38.9787034988,-79.7897090912,-89.2920684814
41.4116649628,-76.9305210114,-94.1732273102
41.8341226578,-80.3600006104,-94.2744865417
40.2834539413,-83.5087642670,-94.4003314972
38.7303934097,-79.9363842010,-94.2950515747
47.9533624649,-76.6788005829,-99.8080673218
48.3929748535,-81.0111141205,-99.8562889099
47.9073915482,-85.6980323792,-100.4672756195
49.8174762726,-76.7430877686,-102.7350788116
50.0879611969,-80.9787502289,-102.6937026978
49.3428363800,-85.9278507233,-104.0286998749
50.5796756744,-76.4244537354,-99.9343852997
51.0470027924,-81.0667629242,-100.0433197021
50.6642866135,-86.1971645355,-100.7655563354
50.0354785919,-76.6188354492,-96.9718723297
50.3621912003,-80.9699687958,-97.1381740570
50.1166334152,-85.5212554932,-97.4636707306
44.4022159576,-84.7219123840,-100.1931152344
45.2433633804,-80.7671165466,-99.5908718109
45.0264043808,-76.9260330200,-99.6418666840
39.8443346024,-84.0560340881,-100.2031097412
41.4993257523,-80.5113773346,-99.4153575897
40.9048938751,-77.0716362000,-99.5622730255
38.1626281738,-80.5491065979,-99.9624195099
43.0170326233,-86.2118740082,-111.7214508057
48.1789245605,-80.0396118164,-115.9595756531
48.2534255981,-79.1017303467,-111.5798034668
47.9531230927,-83.9508590698,-112.0711040497
48.3752613068,-83.6029739380,-106.9061775208
49.0406427383,-80.4660568237,-105.2214527130
48.9269533157,-77.3492469788,-105.8496284485
48.6313114166,-79.6638278961,-108.0061759949
43.3018312454,-79.7287750244,-116.0334014893
43.6768512726,-78.9251518250,-111.2459754944
43.4336795807,-83.1846866608,-111.0954513550
44.2165136337,-83.0939388275,-105.5169487000
44.9616527557,-80.3119812012,-104.1616020203
44.6763029099,-77.2450618744,-104.9576263428
44.4262342453,-79.4788684845,-107.2679004669
38.1714019775,-80.6120662689,-116.2727527618
38.7985734940,-79.0253314972,-111.1417503357
38.5184869766,-83.7982902527,-111.0076503754
39.9334545135,-82.8829250336,-105.2735500336
41.3009462357,-80.1887683868,-103.7419013977
40.4467964172,-77.3036746979,-104.6309490204
38.0291433334,-80.2167415619,-104.9673748016
40.2855148315,-79.3678932190,-106.9017238617
43.3261232376,-80.6426563263,-121.5527992249
43.3101263046,-81.7047176361,-127.5338783264
43.5918169022,-85.1336460114,-122.3975524902
48.6676969528,-80.6837596893,-126.1830768585
50.5043754578,-79.8884544373,-123.3144016266
49.5014047623,-80.5024299622,-119.8506011963
49.4635620117,-83.4843101501,-122.9685001373
47.2446088791,-79.8742904663,-122.2075481415
14.1305348873,-74.7004203796,-59.0959491730
14.7809400558,-77.1313648224,-59.1318607330
12.9504122734,-76.7210350037,-58.6837911606
13.7261724472,-74.7842559814,-56.0430936813
14.2100572586,-77.3325099945,-56.0813207626
12.3163800240,-76.8483905792,-56.1963100433
12.8662147522,-74.9081001282,-53.0477733612
13.2913022041,-77.5145130157,-53.0467815399
11.4123163223,-76.9754257202,-53.4450473785
11.7639446259,-75.0304946899,-49.9210977554
12.0996804237,-77.7963752747,-49.7868375778
10.2321982384,-77.3229808807,-50.4093151093
41.2137975693,-82.4683933258,-57.6653060913
41.3932781219,-78.6978473663,-57.5557031631
41.5251598358,-74.7808532715,-57.4966096878
39.6851396561,-82.4958152771,-49.2058067322
39.8233661652,-78.9357032776,-49.0541915894
39.8212146759,-75.3227176666,-48.9198141098
39.3782587051,-82.3826732635,-52.1696500778
39.5363960266,-78.7837047577,-52.0301389694
39.5628023148,-75.1258926392,-51.9020490646
39.1949443817,-82.3282184601,-55.2954597473
39.3681983948,-78.6698589325,-55.1704835892
39.4480199814,-74.9457054138,-55.0547933578
42.6074771881,-82.6304435730,-49.4973382950
42.7793693542,-78.9939174652,-49.3293027878
42.8679256439,-75.2321739197,-49.1761188507
42.2509508133,-82.5193023682,-52.3792209625
42.4355554581,-78.8378868103,-52.2284927368
42.5434122086,-75.0083541870,-52.0854606628
41.7630157471,-82.4663677216,-55.1498651505
41.9550504684,-78.7113590240,-55.0269823074
42.1186866760,-74.7289981842,-54.9433641434
45.6098318100,-82.8183174133,-49.7865982056
45.8066139221,-79.1388854980,-49.5900211334
45.1162729263,-82.6925334930,-52.8916664124
45.3063106537,-78.9787921906,-52.7152090073
45.4160566330,-75.1268463135,-52.5310907364
44.0412330627,-82.6354293823,-56.4495363235
44.2273368835,-78.8375854492,-56.3179750443
44.3709621429,-74.8547687531,-56.2349500656
61.6931076050,-80.2064094543,-112.0989494324
60.9682550430,-80.6162986755,-115.8902492523
61.6241369247,-83.2785835266,-107.5374011993
61.6729841232,-80.4405860901,-106.3341770172
61.7125339508,-77.5257110596,-107.0921726227
61.7295608521,-80.2627868652,-108.8800010681
57.3564615250,-79.5005264282,-111.8019027710
56.9742832184,-79.9851818085,-115.1498012543
57.0739479065,-83.3914604187,-111.8562717438
57.3430118561,-83.0204544067,-107.8372993469
57.5141267776,-80.3070125580,-106.3065719604
57.5194234848,-77.3433361053,-106.9220485687
57.4527091980,-79.8407287598,-108.7760276794
52.7068738937,-79.1822280884,-111.7481784821
52.6093997955,-80.1325359344,-115.4183769226
52.4187564850,-83.8746891022,-112.3124542236
52.7762880325,-83.3708496094,-107.9588527679
53.2799863815,-80.3654060364,-106.1165256500
53.2564239502,-77.2843074799,-106.6485004425
52.9706830978,-79.6717472076,-108.6087265015
57.3541288376,-86.9799633026,-120.3366279602
53.3829545975,-87.3580341339,-124.2512569427
56.8273620605,-86.8216266632,-128.6979503632
57.9420623779,-86.2839984894,-124.5293235779
53.2557067871,-80.4119567871,-119.4571533203
56.7999429703,-79.7066555023,-119.2674503326
60.2330245972,-80.4020156860,-120.0179004669
56.5381746292,-83.2828502655,-119.5149784088
53.6050052643,-79.5624885559,-123.9194755554
56.6806154251,-78.7154903412,-124.1645488739
59.9207286835,-79.7003097534,-124.5489234924
56.7401475906,-81.9491252899,-124.2342243195
52.1902694702,-80.1118259430,-128.1399250031
55.9973287582,-78.7046279907,-128.5848178864
59.4700298309,-79.6745147705,-128.8684940338
55.8219890594,-82.3323097229,-128.5147476196
56.6317529678,-86.9277687073,-132.9999542236
53.1214132309,-87.6935329437,-137.4424705505
57.0378971100,-87.4102401733,-142.6151733398
57.4649753571,-86.5405769348,-137.7001876831
51.5424509048,-80.2711505890,-132.5155906677
55.5579900742,-78.7439308167,-132.9049377441
59.1779060364,-79.6966819763,-133.1552658081
55.4484491348,-82.4209251404,-132.8711242676
52.0513877869,-79.8683223724,-137.3635406494
55.5795507431,-78.6766700745,-137.3879394531
59.1559019089,-79.6818695068,-137.5402221680
55.8186779022,-82.0601177216,-137.5139083862
51.5762882233,-80.4925956726,-142.3918724060
55.5657815933,-78.7735958099,-141.8142471313
59.2402296066,-79.9073886871,-142.0332298279
55.5949935913,-82.7854347229,-142.2473297119
57.5827722549,-84.7361469269,-151.5758705139
59.6412143707,-79.6359348297,-146.3561477661
55.8821573257,-78.3338565826,-145.7765693665
56.3476696014,-82.4394817352,-146.4999504089
9.4090715647,-82.7759037018,-40.2924270630
9.6968083382,-78.8465518951,-40.0721540451
9.6440489292,-75.1612873077,-40.0898599625
6.3484008312,-75.3545951843,-40.4563112259
9.7169262171,-82.2581214905,-43.7588863373
10.2403633595,-78.4937419891,-43.3403511047
10.1344859600,-74.9892826080,-43.3803796768
6.8622287512,-75.2133083344,-43.8093442917
10.9810867310,-78.1190700531,-46.5147447586
10.7786421776,-74.9967479706,-46.6643991470
44.2599763870,-83.4597053528,-38.1648893356
41.5069036484,-79.6200275421,-37.2378654480
41.3104972839,-83.3129940033,-37.4606876373
42.2422924042,-83.6132125854,-34.5792999268
69.2417984009,-80.9062385559,-116.9897785187
69.5107555389,-80.8254928589,-112.7042007446
69.4039955139,-83.6636466980,-107.5256252289
64.9409751892,-80.9521579742,-116.6793518066
65.5825757980,-80.6321983337,-112.4494037628
65.8042564392,-77.7413444519,-107.2540245056
65.6866407394,-80.6213951111,-106.4006271362
65.6363925934,-83.4740982056,-107.3853988647
65.6808786392,-80.5714817047,-109.0305252075
73.0817928314,-80.9220066071,-129.6073951721
73.2342147827,-80.9117031097,-125.5057697296
73.3602123260,-80.9231224060,-121.3873233795
68.4146995544,-80.9068737030,-129.3867034912
68.6375007629,-80.9018268585,-125.2621479034
68.8953990936,-80.9335937500,-121.1384487152
63.5474262238,-80.7937774658,-129.1407451630
63.8694686890,-80.7797851562,-124.9570713043
64.2296695709,-81.0056972504,-120.8047733307
72.9261646271,-80.9293651581,-133.6928977966
68.2455425262,-80.9093780518,-133.5096282959
63.3368921280,-80.8150138855,-133.3489456177
72.7999401093,-80.9038429260,-137.7696762085
68.1529426575,-80.8663311005,-137.6285057068
63.2866821289,-80.8023242950,-137.6265754700
72.6813068390,-80.8058013916,-141.8566741943
68.1374378204,-80.7057132721,-141.7217521667
63.3396148682,-80.9200172424,-142.0472984314
64.4836263657,-86.2616500854,-146.4151687622
68.6319608688,-85.8113269806,-147.9192466736
68.9170484543,-86.7892646790,-155.0445022583
63.7657632828,-87.1221275330,-151.3806228638
69.0106077194,-86.3168029785,-151.0394783020
63.6857223511,-80.5237331390,-146.4666252136
68.1691894531,-80.1313495636,-145.7968978882
72.3448677063,-80.5937366486,-146.0839500427
64.1141824722,-79.7710418701,-150.9658508301
68.2398014069,-79.1649932861,-150.3338470459
72.0329551697,-80.0498256683,-150.5144996643
68.0852479935,-82.3317089081,-150.7620277405
64.1724910736,-79.9762744904,-155.3932456970
68.4228248596,-78.6468620300,-155.0042762756
72.2318630219,-79.5699672699,-154.9566268921
68.2420177460,-82.3021259308,-155.3060989380
72.5292224884,-79.4377040863,-163.6897583008
72.5100631714,-79.4167881012,-159.2756042480
71.8921451569,-79.5122108459,-169.6220321655
68.5731353760,-79.2543220520,-169.0752105713
68.9729347229,-78.6871147156,-164.0252075195
68.7753314972,-78.5811347961,-159.3340988159
68.7165880203,-82.3733234406,-159.4807014465
69.4910678864,-86.9691295624,-158.9535522461
69.1773719788,-82.3068447113,-163.8264045715
68.7243499756,-83.6812896729,-168.3352546692
66.0590391159,-87.8795852661,-162.8240737915
70.0935211182,-87.8301429749,-166.6274795532
70.5138912201,-86.7949237823,-162.9149055481
64.6098995209,-80.4636192322,-168.5871353149
65.4702844620,-79.7878894806,-163.7772750854
64.8038234711,-80.0898895264,-159.4414405823
64.6410503387,-81.2261676788,-175.9368858337
68.3913211823,-79.4457054138,-175.0506324768
69.4681339264,-85.9625949860,-171.8028373718
70.7813072205,-87.2181568146,-174.7344017029
69.7595691681,-86.5474605560,-177.7273750305
69.2936306000,-84.2149353027,-174.4332313538
66.9351749420,-86.7339534760,-174.9972839355
69.8541221619,-84.5308418274,-179.8171691895
71.2317428589,-81.6830596924,-180.9584693909
70.2337265015,-78.2336025238,-181.2640075684
69.6386909485,-80.0100460052,-178.9476509094
67.2387123108,-81.7552642822,-181.5313987732
74.5506076813,-76.8570384979,-172.1889572144
75.0345802307,-76.5495281219,-175.2706985474
74.1339626312,-77.1391735077,-178.5550079346
75.1422462463,-80.4401416779,-172.3488807678
75.5697154999,-80.7915802002,-175.2282714844
74.4595203400,-81.0893096924,-178.2910079956
73.5929584503,-83.7875633240,-171.9422569275
74.1154499054,-84.7150611877,-174.8670196533
73.2514324188,-84.6191787720,-177.7412223816
73.4731693268,-80.3377208710,-175.1878776550
71.5280952454,-79.6830692291,-174.9103775024
72.6006774902,-76.7924861908,-175.3729286194
72.1351261139,-82.8989162445,-174.5367736816
71.5765762329,-82.5831069946,-197.2397804260
70.6162128448,-87.1058387756,-197.9275054932
70.1254024506,-82.9362545013,-202.3832473755
71.0523614883,-77.7781314850,-201.3857192993
72.9098701477,-76.5439643860,-198.0064468384
71.8123416901,-77.1731796265,-194.3260269165
72.4264278412,-79.3359012604,-197.6156997681
68.8262052536,-77.4816226959,-197.2104911804
36.3935804367,-80.3562526703,-26.8678507805
36.3325662613,-83.9265995026,-27.0999879837
33.0746574402,-76.4885921478,-26.1722974777
32.8475213051,-80.2028026581,-26.5461978912
32.7343430519,-83.8552742004,-26.8096308708
36.5443143845,-84.1983127594,-23.8193602562
32.9775104523,-80.3808784485,-23.2918672562
32.8776702881,-84.1204757690,-23.5984425545
32.9766345024,-80.7290821075,-20.1656551361
32.9036440849,-84.4130249023,-20.4278974533
77.5135936737,-80.9591274261,-133.9441452026
77.3444690704,-80.9667072296,-138.0105018616
77.1356277466,-80.9612236023,-142.1173248291
86.2412776947,-84.2081642151,-154.5101776123
84.3288116455,-81.0302009583,-154.5373535156
81.0541572571,-80.9398765564,-154.3014259338
81.2176952362,-81.0017356873,-150.3142776489
81.4667339325,-81.0382442474,-146.2978210449
76.3967037201,-80.7071762085,-154.7840766907
76.2642650604,-80.9097137451,-150.6207733154
76.6758518219,-81.0102672577,-146.3795700073
86.4046554565,-81.0569591522,-159.0579185486
85.8699035645,-84.5621662140,-158.7001152039
86.0402641296,-77.1621246338,-162.7703971863
86.1071376801,-81.0213851929,-162.9284934998
85.7908687592,-84.8651046753,-162.7259216309
86.0082588196,-77.0348720551,-166.7170982361
86.0119686127,-80.9997425079,-166.7894783020
85.7872486115,-84.9377136230,-166.6357574463
81.9776134491,-77.8506469727,-159.2362747192
82.3429641724,-80.9438934326,-159.8960189819
81.5524044037,-84.0005970001,-159.2074928284
81.7278461456,-80.9371147156,-157.2377471924
82.0153598785,-77.2183399200,-163.1881980896
82.1319427490,-80.9084186554,-163.4822921753
81.5522041321,-84.5673389435,-163.1236991882
82.0226268768,-77.0266513824,-167.0871772766
82.0450267792,-80.8922653198,-167.2319297791
81.5785217285,-84.7183227539,-166.9621009827
78.0342311859,-78.1228904724,-159.8426246643
78.6130676270,-80.7105998993,-160.6558227539
77.2392177582,-83.1853408813,-159.8265457153
75.6380290985,-80.4565372467,-160.0664749146
77.6254177094,-80.6970005035,-158.0234985352
77.9911193848,-77.5261840820,-163.6630744934
78.3822975159,-80.6573390961,-164.1481056213
77.1000404358,-83.6397228241,-163.6200599670
75.3887176514,-80.3483028412,-163.8841094971
73.1444931030,-82.5074024200,-168.6951103210
73.6473693848,-79.8206977844,-166.7415847778
74.6876373291,-80.1832065582,-169.3128585815
74.0326633453,-77.4424819946,-168.7864570618
78.0144729614,-77.1383380890,-167.6203498840
78.1812763214,-80.6620731354,-167.9478797913
77.0082893372,-84.1042308807,-167.4679527283
85.9756584167,-76.8873596191,-202.3069267273
85.8508911133,-76.7678527832,-198.2475967407
85.7509593964,-76.8503398895,-194.2676773071
86.1357803345,-80.9011459351,-202.0595741272
86.1569252014,-80.7094669342,-198.1096153259
85.9826660156,-80.8983821869,-194.2604904175
86.0675563812,-85.0317001343,-201.4696197510
86.5825214386,-84.5599746704,-197.8600692749
86.2501125336,-84.9529724121,-194.3751258850
81.4330539703,-76.8692436218,-202.7313232422
81.5750522614,-76.6641693115,-198.4435958862
81.4618148804,-76.8365612030,-194.3908958435
81.8670749664,-80.6829147339,-202.3590698242
82.0685501099,-80.4629077911,-198.3203926086
81.8043041229,-80.8850002289,-194.5205955505
82.1773471832,-84.4127483368,-201.6048965454
82.5907974243,-83.9327335358,-198.1719474792
82.1160545349,-84.8160228729,-194.9932212830
82.2615699768,-86.5030136108,-198.2255668640
76.3487873077,-77.4300098419,-202.6632194519
77.2195339203,-76.6371536255,-198.4164962769
76.8540134430,-76.9280891418,-194.4376678467
77.5180187225,-81.0800209045,-201.8455772400
78.1410312653,-80.4791679382,-198.3882522583
77.4732589722,-81.2440490723,-195.0553283691
75.3250808716,-81.5197048187,-198.3943862915
78.2488689423,-85.0238971710,-201.5992355347
78.8631782532,-83.9851093292,-198.4791069031
77.8803405762,-85.3153514862,-195.7514991760
78.2045440674,-87.1682891846,-198.8762779236
76.0884075165,-85.7904930115,-198.8466873169
82.4439640045,-88.9275512695,-204.7440567017
83.2250804901,-89.3186893463,-208.3345031738
81.5564994812,-88.3727931976,-210.8745536804
82.1160583496,-87.3748588562,-206.6410522461
79.3482379913,-89.2018661499,-207.6077308655
80.8255691528,-85.5724182129,-211.5797500610
81.4456024170,-81.4030990601,-211.5787773132
80.7509441376,-77.4378643036,-212.2770996094
84.1648750305,-84.9739379883,-207.0621528625
84.6880779266,-81.0706806183,-207.6151275635
84.6775531769,-77.0654888153,-207.9465713501
86.0430126190,-85.8940906525,-204.9738769531
86.7840938568,-81.3038196564,-205.5093269348
86.8336353302,-77.0850410461,-205.7686767578
86.1261615753,-86.1449756622,-208.4937973022
87.0987453461,-81.5244235992,-208.6285247803
87.2504158020,-77.2114677429,-208.8074493408
84.5900115967,-85.6852684021,-211.3079299927
85.4130840302,-81.4104251862,-211.2616996765
85.4987258911,-77.2342605591,-211.5255661011
81.2125568390,-77.1059856415,-207.3913764954
81.5577259064,-80.9548759460,-206.8887290955
81.4536209106,-84.7648582458,-206.1632461548
76.4955711365,-77.9107418060,-208.3373718262
77.8418712616,-81.6361312866,-207.1536560059
77.8803615570,-85.9880027771,-206.9402313232
75.0386676788,-82.7951984406,-208.6422538757
32.8549313545,-84.3609943390,-17.2060916424
21.7452950478,-77.2732143402,-16.7201769352
21.7542257309,-80.9812583923,-16.8346552849
21.8365731239,-84.7137546539,-16.9126658440
21.4821414948,-77.7021560669,-13.5675771236
21.4903535843,-81.3889236450,-13.6661899090
21.6299147606,-85.0980720520,-13.7287149429
21.5567975044,-78.1531887054,-10.3794720173
21.3460850716,-81.8338184357,-10.5242695808
21.4855995178,-85.5028877258,-10.5920522213
25.2792396545,-77.4038696289,-16.6667122841
25.2574424744,-81.0223369598,-16.8883471489
25.4138097763,-84.6678829193,-16.9584054947
24.8143382072,-77.9149208069,-13.6140449047
24.8405280113,-81.4495697021,-13.7335624695
25.1714200974,-85.0026111603,-13.7494027615
25.0030779839,-85.4098644257,-10.5959649086
28.8032279015,-80.9464969635,-16.9647095203
29.0689973831,-84.4104404449,-16.9354918003
28.7275099754,-84.3998126984,-13.5068473816
22.1071848869,-86.3549652100,-1.4724395275
21.6408853531,-86.2201118469,-4.4677419662
21.4646430016,-85.9065208435,-7.5155631304
21.3655047417,-82.3304214478,-7.4328299761
24.8855676651,-85.8791790009,-7.5533914566
36.2313261032,-73.9514427185,-99.4478549957
32.3439478874,-73.4108848572,-99.2517681122
28.0489544868,-73.6214561462,-100.0269565582
28.7832050323,-64.0209064484,-95.7087116241
29.0438828468,-67.8587169647,-95.8407783508
28.4091320038,-71.8430538177,-96.6174697876
32.9115138054,-63.9440269470,-95.6072826385
32.9406924248,-67.8265266418,-95.7511978149
32.5867648125,-71.7009162903,-96.4716567993
37.0093011856,-63.9817790985,-95.7731208801
36.9614877701,-67.9072036743,-95.9187107086
36.6547613144,-71.8929138184,-96.6284961700
28.9729776382,-64.0018310547,-99.5848846436
29.2234072685,-67.5024528503,-99.4438457489
28.7350401878,-70.7181072235,-99.5548248291
32.9489836693,-63.9021844864,-99.2996177673
32.9922242165,-67.4853458405,-99.2361145020
32.7227396965,-70.6873340607,-99.2395629883
36.9555654526,-63.9500808716,-99.4372501373
36.9248104095,-67.6162433624,-99.4068622589
36.7033967972,-70.9402656555,-99.4026794434
29.0444827080,-64.5403137207,-103.8104019165
29.4971904755,-67.9262180328,-103.1162719727
28.8545684814,-71.5522289276,-102.8321781158
33.0834970474,-64.1904430389,-102.8357505798
33.1517715454,-67.8205089569,-102.5389270782
32.7327327728,-71.4019756317,-101.8943767548
36.9117679596,-64.2261219025,-103.0286750793
36.8767232895,-68.0348339081,-102.8145828247
36.4175338745,-71.9519290924,-102.1671543121
32.5760974884,-74.6812057495,-105.4874973297
33.8333125114,-72.4905509949,-107.6407470703
34.3864917755,-68.8259353638,-108.0652008057
34.0144515038,-65.1437988281,-108.6331253052
36.4772977829,-64.6718034744,-106.5996990204
36.5125160217,-68.6565170288,-106.1834812164
36.0227518082,-72.9223747253,-105.3606777191
33.4680109024,-64.6072120667,-105.8952503204
33.6173830032,-68.3216018677,-105.4037551880
33.1437330246,-72.0051326752,-104.6501750946
30.5053720474,-65.2011718750,-107.4444770813
31.1340756416,-68.5638980865,-106.5573749542
30.3339109421,-72.2901325226,-106.2329730988
34.0343461037,-73.4841327667,-111.9122257233
35.0048084259,-69.5281085968,-112.2770748138
34.3951320648,-65.7339782715,-112.5938739777
31.5695724487,-69.4650402069,-112.4817981720
34.7219920158,-70.0468807220,-118.0167465210
33.6671185493,-65.6623210907,-117.9662208557
25.0609397888,-64.5831356049,-99.8242778778
25.8922624588,-67.4887599945,-99.5935268402
24.1913065910,-64.7221260071,-96.1281623840
25.4559745789,-67.9099636078,-96.0181884766
24.0682315826,-64.9635229111,-92.3763847351
25.4542498589,-68.3740825653,-92.4087276459
24.7014250755,-64.9567842484,-88.4072341919
25.8545722961,-68.2342700958,-88.4951324463
24.8459973335,-71.9312019348,-88.5134601593
22.5907573700,-68.5883369446,-88.9601039886
22.0378828049,-66.8011083603,-82.2026424408
22.4305987358,-71.5590515137,-83.0989913940
24.2520928383,-70.2265796661,-85.0778694153
25.2487316132,-67.6671161652,-85.4488067627
24.0822396278,-65.0876083374,-85.2900981903
23.5614404678,-67.0783405304,-84.0116062164
22.5182271004,-67.8972110748,-85.9133701324
25.9638824463,-64.2372074127,-82.3790245056
26.5595793724,-67.2686538696,-82.2424583435
25.7058629990,-70.2105865479,-82.3931713104
24.3456201553,-66.7781391144,-81.5877761841
22.0915203094,-72.1279697418,-79.2407073975
17.5037920475,-67.4191513062,-77.6988410950
16.9081137180,-64.3925476074,-78.8858070374
21.5505051613,-63.9918127060,-77.9849452972
21.8607120514,-66.8445854187,-79.8666915894
21.9972829819,-66.9034652710,-77.3186664581
22.0595474243,-69.5594425201,-77.9861469269
25.6324620247,-70.2378559113,-78.4371414185
26.3707327843,-67.0230941772,-77.9816341400
26.0681023598,-63.6733369827,-78.2387065887
22.5522255898,-73.2870464325,-74.9355678558
18.6983659267,-71.6724109650,-74.7254409790
17.1894354820,-67.2989330292,-74.1119956970
16.2638123035,-63.3058681488,-74.3602142334
21.9812579155,-70.7774658203,-73.9929885864
21.6092734337,-67.0485363007,-73.8557186127
21.2094306946,-63.3095941544,-74.0999946594
25.6991343498,-70.8159751892,-74.3452701569
26.1301069260,-67.0708980560,-74.1159057617
26.0075621605,-63.3148508072,-74.2012920380
21.9639506340,-78.0999889374,-73.3166198730
18.9576556683,-78.4798164368,-71.4792461395
24.2254734039,-76.7290916443,-69.2658596039
26.2729291916,-74.5798816681,-69.9384059906
23.3227825165,-76.9429588318,-71.6393947601
23.8057374954,-75.3516864777,-72.9688396454
21.8597197533,-76.7016487122,-69.9448852539
15.4960455894,-63.0898237228,-70.2247047424
16.3745877743,-67.4655799866,-70.3975772858
17.4671120644,-72.5211029053,-71.2151336670
20.8354578018,-63.2007865906,-70.1917037964
21.1625947952,-67.2399711609,-70.1764926910
21.4996442795,-71.5843658447,-70.2232799530
26.0410895348,-63.2584877014,-69.9960079193
26.1121215820,-67.1615810394,-70.0126724243
25.9422345161,-71.1621093750,-70.0947818756
41.7329559326,-64.5021495819,-63.0336885452
40.7729902267,-67.9985809326,-64.0334119797
41.0715131760,-71.5948963165,-64.1526956558
39.8545713425,-64.9334068298,-59.5266284943
38.7346363068,-68.2120094299,-60.3393402100
38.9600839615,-71.5985527039,-60.3007507324
37.1366767883,-63.9470100403,-62.7131423950
36.7894134521,-67.7151546478,-63.0776576996
36.7857389450,-71.4068202972,-63.2008790970
36.2072658539,-63.6342554092,-65.7149629593
36.0438337326,-67.4742088318,-65.9933338165
35.9860725403,-71.2304191589,-66.1534099579
32.7282986641,-63.4610300064,-67.0029001236
32.6611595154,-67.2971954346,-67.1789340973
32.5750322342,-71.0437450409,-67.2898979187
35.9961681366,-63.5053787231,-68.3565788269
35.8899908066,-67.3764762878,-68.6067600250
35.7790269852,-71.1764392853,-68.7768688202
39.6811151505,-63.7379522324,-67.0806808472
39.3810434341,-67.6094570160,-67.6181564331
39.3613462448,-71.4426174164,-67.9265270233
45.9044399261,-66.3835201263,-62.8721637726
44.5067567825,-68.6606121063,-64.2227926254
45.1996126175,-71.5266952515,-64.0968818665
45.3465538025,-69.2234630585,-60.7593498230
47.3942966461,-69.5870399475,-63.3298196793
48.1830778122,-71.7311687469,-67.6943874359
47.9596176147,-68.4316768646,-67.6283454895
46.5470323563,-71.8501586914,-71.6952838898
46.6094827652,-67.7587604523,-71.1238594055
46.9783964157,-63.6934852600,-69.8208065033
46.1855545044,-71.7229080200,-76.0892276764
46.2511701584,-67.6335086823,-75.6603374481
46.2972116470,-63.5604619980,-75.0758895874
45.8282947540,-71.7284088135,-80.2300548553
45.8555574417,-67.7934741974,-80.1151504517
45.8786354065,-63.8030681610,-79.8136672974
45.6000146866,-72.2358455658,-83.3068199158
45.5873136520,-68.0874080658,-83.6288528442
45.6086578369,-64.0594749451,-83.4935798645
49.2836809158,-72.5812053680,-93.2050991058
49.2990474701,-68.3743400574,-92.9284095764
49.2900228500,-64.2874145508,-92.7968578339
49.2068557739,-72.4683628082,-89.3068943024
49.1695899963,-68.3331851959,-89.2447662354
49.1817111969,-64.2371807098,-89.1118965149
48.6760292053,-72.3297519684,-85.3973655701
48.5305490494,-68.1886940002,-85.5529727936
48.5241136551,-64.1341476440,-85.4176521301
45.1286945343,-72.6577377319,-93.5682334900
45.2343540192,-68.3503112793,-93.0097255707
45.2618827820,-64.2089862823,-92.8122558594
45.2922353745,-72.6196136475,-89.6269207001
45.3179874420,-68.3793239594,-89.5309257507
45.3550376892,-64.1962623596,-89.3737449646
45.4498977661,-72.6745758057,-86.0275955200
45.4441528320,-68.2996845245,-86.3575439453
45.4751186371,-64.1419506073,-86.2559318542
40.9007978439,-72.9033317566,-93.5114688873
41.1582813263,-68.3629226685,-92.7415237427
41.2274942398,-64.1618833542,-92.4847297668
41.2013063431,-72.9029655457,-89.4065284729
41.4545612335,-68.4184360504,-89.0855503082
41.5383434296,-64.1762037277,-88.8658790588
42.1673736572,-72.5250415802,-85.2970085144
42.4243888855,-68.2306766510,-85.3988819122
42.5074577332,-64.1008243561,-85.2455005646
49.3011970520,-64.3004179001,-96.5329303741
49.3958377838,-68.2952060699,-96.5833110809
49.5739631653,-72.3696384430,-96.7667560577
49.2250413895,-64.3925991058,-100.3538494110
49.3894691467,-68.3207511902,-100.2972011566
49.8003177643,-72.1817035675,-100.1412181854
49.0077190399,-64.6775035858,-104.2610511780
49.1107940674,-68.7296657562,-104.0867004395
49.3174476624,-72.7385120392,-103.5108489990
45.1150245667,-74.1801872253,-99.9051666260
45.2515296936,-72.0684356689,-96.9894351959
45.2271642685,-68.1049442291,-96.5151672363
45.1917781830,-64.1603336334,-96.4150886536
45.4007024765,-71.5288200378,-100.0249919891
45.1667594910,-68.0034122467,-100.1333351135
45.0737924576,-64.2100372314,-100.1655216217
44.9273958206,-72.3744010925,-103.0565738678
44.8554220200,-68.4981784821,-103.8639736176
44.8077678680,-64.5215826035,-104.0527725220
40.4124479294,-74.1165428162,-99.8177013397
40.8340282440,-71.9485492706,-96.9000415802
41.0468292236,-67.9858493805,-96.2544746399
41.0867452621,-64.0554761887,-96.1207599640
40.8231458664,-71.1345767975,-99.7897129059
40.9508256912,-67.7742996216,-99.8202819824
40.9683218002,-64.0594215393,-99.8360309601
40.4000921249,-72.2506141663,-102.7605018616
40.6950111389,-68.2862033844,-103.4802036285
40.7288208008,-64.3684320450,-103.6610012054
47.0522794724,-75.2467803955,-122.5298995972
46.9791765213,-70.5463218689,-122.7866973877
46.5886077881,-65.5745944977,-123.1838970184
49.2824506760,-75.1336517334,-120.0455989838
49.1618957520,-70.4180145264,-120.2902965546
48.7760686874,-65.6571521759,-120.4016761780
49.8719158173,-75.1300163269,-123.3343486786
49.6948680878,-70.4609241486,-123.4814720154
49.2698354721,-65.4614248276,-123.6405773163
48.0597429276,-75.4865837097,-126.2180747986
48.0315809250,-70.7244281769,-126.3299789429
47.9501504898,-65.9223432541,-126.7578067780
43.5047235489,-65.7013769150,-123.2362251282
43.6431980133,-70.6049194336,-122.5836524963
43.3957958221,-75.5316677094,-122.2475757599
43.2330608368,-75.8186874390,-127.6170234680
44.7232465744,-75.8650798798,-132.3380546570
43.7770938873,-70.7874774933,-127.5074787140
43.5203609467,-65.8092927933,-128.4475021362
41.6497936249,-65.3173694611,-136.9076423645
42.9310941696,-70.6552009583,-136.0294723511
45.1939525604,-70.7667064667,-131.9527549744
44.5861501694,-65.6333541870,-132.4168052673
39.4267845154,-65.3994035721,-124.7600479126
39.9197845459,-70.5800361633,-124.0773754120
39.0468053818,-75.8203506470,-124.0511493683
46.8563356400,-70.6847038269,-144.7588005066
45.7512702942,-66.9788646698,-145.7385749817
47.1756229401,-70.7253723145,-148.2691268921
9.6945174336,-62.9535217285,-62.7061223984
11.3238227367,-67.5406188965,-63.2772483826
11.1927521229,-67.6412982941,-60.7718706131
12.9673798084,-67.4105205536,-58.9736871719
13.2943868637,-71.5704212189,-59.0349597931
10.5292873383,-67.7977447510,-58.6975603104
41.7862043381,-67.1102132797,-57.2092905045
40.4083547592,-69.0297527313,-58.1909627914
40.8665847778,-71.5470638275,-57.9431829453
41.5527753830,-69.9848556519,-56.6135272980
43.1264343262,-69.3445396423,-58.5684967041
39.2785263062,-72.2808628082,-48.7755126953
39.1680126190,-69.8088779449,-48.6338891983
40.8270988464,-67.7914943695,-48.5192403793
40.9123754501,-70.7082958221,-48.7845220566
39.0282573700,-72.0495471954,-51.7981901169
38.8731460571,-69.5540847778,-51.6798915863
40.3079204559,-67.6196823120,-51.5725002289
40.5959520340,-70.4550647736,-51.6711101532
38.9803619385,-71.8082790375,-55.0978164673
38.8062019348,-69.2445449829,-55.0692157745
40.0463438034,-67.2086839676,-54.7100162506
40.4816722870,-70.1623058319,-54.5091781616
42.4510097504,-70.7463951111,-54.6984491348
42.7685508728,-71.2007560730,-51.8712654114
42.9168224335,-67.0996046066,-54.8914709091
44.6457881927,-70.2550525665,-55.7611608505
61.5969934464,-65.3515453339,-108.6993770599
61.6420164108,-69.6554985046,-108.5130958557
61.6861286163,-74.0151329041,-108.1744728088
61.4155111313,-65.7335023880,-112.6805515289
61.4334669113,-70.2241725922,-112.5092525482
61.4783487320,-74.9259510040,-112.2528266907
61.2441883087,-65.9966230392,-116.6759700775
61.2300090790,-70.5609397888,-116.5271739960
61.1790027618,-75.3026123047,-116.2864513397
57.3062973022,-65.2620372772,-108.5107269287
57.3561000824,-69.5363616943,-108.3284473419
57.4290542603,-73.8309707642,-107.9772510529
57.1465730667,-65.6077404022,-112.4744014740
57.1695575714,-70.0532798767,-112.2971248627
57.2175912857,-74.6244411469,-112.0040531158
57.0373611450,-65.8450527191,-116.4382743835
57.0497989655,-70.3628902435,-116.2680492401
57.0373582840,-74.9781532288,-115.9462776184
53.0099029541,-65.1724872589,-108.3673992157
53.0500011444,-69.4396762848,-108.1725254059
53.1090288162,-73.7228908539,-107.7510242462
52.8145656586,-65.5184459686,-112.3605251312
52.8280620575,-69.9473304749,-112.1830005646
52.8235044479,-74.4615001678,-111.8581256866
52.7505102158,-65.7494478226,-116.3274993896
52.7931146622,-70.2693233490,-116.1716976166
52.7727460861,-74.8862724304,-115.8880252838
56.6480693817,-78.9264621735,-148.6238975525
52.1974878311,-79.8781394958,-146.8859710693
57.4184045792,-79.9841728210,-151.8147010803
57.1920595169,-81.2328662872,-155.9913673401
60.0381650925,-74.7869262695,-146.2225036621
60.3514328003,-70.3772029877,-146.1019248962
60.3900842667,-66.1029882431,-146.0446777344
56.0041923523,-74.1984443665,-145.9849243164
56.1763038635,-70.1516399384,-146.0428695679
56.0172986984,-66.0819921494,-146.1492042542
51.6134138107,-74.8500614166,-146.5009727478
51.9191474915,-70.4435329437,-145.8119010925
51.3534793854,-66.5207576752,-146.1961250305
56.1681842804,-75.9924583435,-151.4088745117
60.1437225342,-74.2579193115,-150.8874778748
60.6912002563,-70.0283164978,-150.6407012939
60.6776628494,-65.8896436691,-150.5097999573
56.6445760727,-73.3042430878,-150.8840751648
56.7904434204,-69.6917648315,-150.8828506470
56.4068651199,-65.8927412033,-150.9153976440
53.0449438095,-73.7674713135,-151.3844985962
53.0982627869,-70.0874233246,-151.0194511414
51.9396839142,-66.7892971039,-151.3499984741
50.4933576584,-70.9768257141,-151.6710014343
56.3647670746,-75.9866065979,-156.3925247192
60.3739929199,-73.9610080719,-155.5778007507
61.1092453003,-69.7812938690,-155.2217330933
61.0931396484,-65.6934556961,-154.9834556580
57.0777597427,-72.9281806946,-156.3197517395
57.2383499146,-69.4093914032,-155.9840774536
56.7363319397,-65.6935043335,-155.8276443481
53.5365915298,-73.7985115051,-156.8243789673
53.6784467697,-69.9207229614,-156.6266746521
52.1400213242,-66.7524013519,-156.7125930786
50.7991304398,-71.1997165680,-157.1538772583
57.8601465225,-77.0000171661,-160.1149520874
59.3863449097,-77.3486957550,-163.0601730347
57.9605541229,-76.2697963715,-165.8106269836
57.9490604401,-75.2975082397,-162.1290054321
55.3650712967,-77.1312007904,-163.1189460754
57.1901473999,-73.3310184479,-166.0938796997
57.7133560181,-69.2934398651,-165.0885009766
56.7348594666,-65.5853986740,-165.3261260986
59.9138097763,-73.0119800568,-161.6464080811
60.3986749649,-69.3035678864,-161.1911811829
60.2397165298,-65.3807830811,-160.9221534729
61.3607244492,-74.1707458496,-159.3090019226
62.1738090515,-69.7546138763,-158.9002799988
62.1944723129,-65.5629320145,-158.6029777527
62.0489330292,-74.1846599579,-162.5181236267
62.7891798019,-69.6542835236,-161.9436531067
62.7811861038,-65.4237518311,-161.6134796143
60.7791481018,-73.5873470306,-165.4364089966
61.3271322250,-69.3223876953,-164.5290756226
61.1509847641,-65.2998409271,-164.2547073364
56.9450998306,-65.4809942245,-160.6952476501
57.5055217743,-69.2082061768,-160.8595352173
57.2929334641,-72.7887420654,-161.3686332703
52.8593463898,-66.3043766022,-162.3703689575
54.5197792053,-69.7104682922,-162.0033950806
54.0937795639,-73.8563995361,-162.5382766724
57.8252878189,-68.7115345001,-176.0362472534
54.4755802155,-69.6003150940,-169.8510513306
31.9886946678,-72.2607975006,-38.8669471741
32.3115682602,-68.7103309631,-38.7340211868
33.0487656593,-64.9758586884,-38.5702438354
34.8632602692,-72.5759544373,-39.1618242264
35.0843458176,-69.2455749512,-39.1549930573
35.7660541534,-65.8237667084,-39.2706146240
37.6439075470,-72.6743526459,-39.5093126297
37.6845216751,-69.6975612640,-39.6524810791
32.4878859520,-64.6197233200,-41.7268896103
32.0581507683,-68.3889198303,-41.8087730408
31.7832641602,-71.9932861328,-41.9139566422
35.4364023209,-65.3127803802,-42.1921396255
34.8413772583,-68.8991832733,-42.1643171310
34.5723648071,-72.3378734589,-42.2019510269
37.4218282700,-69.5350856781,-42.5701837540
37.2088508606,-72.6598415375,-42.5704097748
32.3417916298,-64.3617038727,-44.7080841064
31.9395976067,-68.1374702454,-44.7835741043
31.6756801605,-71.7644653320,-44.8854837418
35.3719692230,-64.9644021988,-45.0776462555
34.7069768906,-68.6138019562,-45.1045532227
34.4012088776,-72.1065521240,-45.1792402267
38.6787204742,-66.0163373947,-45.3515768051
37.2737817764,-69.2660236359,-45.4553632736
36.9818639755,-72.4618816376,-45.5358057022
39.3714704514,-70.0937519073,-45.7527303696
39.4926605225,-72.5215988159,-45.8603334427
41.1246404648,-71.0028591156,-45.9520950317
39.5308933258,-70.3364486694,-42.9845418930
39.7192163467,-72.7091903687,-42.9932451248
73.4498634338,-76.0327644348,-125.5019474030
73.3070106506,-76.0539112091,-129.5941772461
69.3750247955,-71.1102828979,-121.2206745148
69.2072334290,-75.9319248199,-121.1502742767
69.2911663055,-66.5883159637,-125.3311004639
69.2161464691,-71.2044639587,-125.3014259338
69.0034866333,-75.9803905487,-125.2721977234
69.1864013672,-66.6360816956,-129.3895988464
69.0542449951,-71.2445545197,-129.3951225281
68.8046951294,-75.9989471436,-129.3946971893
65.2325000763,-66.3398170471,-121.0029735565
65.1652584076,-70.9571514130,-120.9245738983
64.9476633072,-75.7593517303,-120.8277988434
65.0547103882,-66.4418201447,-125.0812511444
64.9482297897,-71.0326614380,-125.0467758179
64.6748104095,-75.7592735291,-124.9961986542
64.8646631241,-66.4958229065,-129.1833515167
64.7112874985,-71.0682716370,-129.1871738434
64.3936710358,-75.7681503296,-129.1752986908
64.6969995499,-66.5044078827,-133.3081474304
64.5166769028,-71.0653724670,-133.3427734375
64.1820926666,-75.7616291046,-133.3607177734
69.0722312927,-66.6308574677,-133.4655494690
68.9027137756,-71.2378349304,-133.5035667419
68.6356124878,-75.9870815277,-133.5219459534
73.3402175903,-71.2829532623,-133.6499519348
73.1472606659,-76.0442657471,-133.6887054443
64.5993146896,-66.4679660797,-137.4727134705
64.4194326401,-71.0130958557,-137.5348205566
64.0941057205,-75.7114486694,-137.5849151611
68.9745769501,-66.5791854858,-137.5688209534
68.7939071655,-71.1777858734,-137.6347389221
68.5262260437,-75.9217796326,-137.6633949280
73.3584041595,-66.6161327362,-137.6714935303
73.2008514404,-71.2293586731,-137.7453689575
73.0095710754,-75.9909210205,-137.7904548645
64.5875654221,-66.3833713531,-141.6838531494
64.4195146561,-70.8975791931,-141.7747764587
64.1012067795,-75.6006450653,-141.8697967529
68.9232425690,-66.4813842773,-141.7056770325
68.7437591553,-71.0509262085,-141.7965202332
68.4751701355,-75.7594528198,-141.8277969360
73.2537670135,-66.5150947571,-141.7602500916
73.0980186462,-71.1170921326,-141.8612289429
72.9001998901,-75.8675270081,-141.9128837585
73.7044162750,-72.7982158661,-178.7765998840
73.8217849731,-68.5196247101,-179.0108184814
73.6475505829,-64.5302829742,-179.0137786865
73.9731254578,-72.4643974304,-175.0908546448
73.5746345520,-68.5967311859,-174.9432029724
73.3036670685,-64.6499290466,-174.8269271851
73.5750274658,-73.0605106354,-171.5076293945
73.3385143280,-68.9654026031,-170.9110336304
73.1582317352,-64.8904581070,-170.6577796936
68.8956794739,-74.8665676117,-175.6457290649
69.3925437927,-72.4108467102,-179.1083488464
69.5706520081,-68.3979263306,-179.7591247559
69.1139698029,-64.6126651764,-179.9048805237
69.3017921448,-72.0539627075,-175.3881492615
69.2287921906,-68.4897403717,-175.2327804565
68.8342914581,-64.7124500275,-175.2154541016
68.8016643524,-73.1394844055,-171.9351043701
68.8852367401,-68.9943828583,-170.9644546509
68.6869945526,-64.9650306702,-170.7287521362
63.7750129700,-74.9380073547,-176.4412651062
65.2638378143,-72.7741508484,-180.3426742554
65.7222700119,-68.8018016815,-180.6399040222
64.3209638596,-65.5678415298,-180.9626045227
62.6694536209,-69.7548809052,-181.4117469788
64.2544765472,-71.6888332367,-175.7543754578
64.9570693970,-68.5974121094,-175.2914314270
64.0785026550,-65.3663043976,-175.5512542725
61.7167882919,-68.7081871033,-175.8261985779
57.5168771744,-66.0536327362,-169.9747047424
58.6902894974,-68.8278636932,-172.5568275452
58.7139291763,-69.2521305084,-169.2155456543
57.8816709518,-72.7384929657,-170.5690040588
63.5523576736,-72.9850292206,-171.6533851624
64.1091785431,-69.0282478333,-170.3884696960
63.6963472366,-65.2769784927,-170.3964767456
70.7304267883,-76.2796535492,-182.9455032349
72.2843627930,-75.7285213470,-186.1177482605
70.8702220917,-74.7746829987,-188.3746032715
70.4567146301,-74.5569057465,-184.2968521118
68.3220806122,-76.2292270660,-186.1506538391
69.9746627808,-72.2964191437,-189.1959457397
70.2461452484,-68.4179153442,-189.2733497620
69.3394784927,-64.6585073471,-189.5875473022
72.4190349579,-72.0564575195,-184.2295951843
72.8653373718,-68.2320213318,-184.5956687927
72.7443943024,-64.3835144043,-184.7215194702
74.1322746277,-73.1546001434,-182.2299957275
74.7500457764,-68.5795497894,-182.4023437500
74.7106895447,-64.4782733917,-182.4369735718
74.6463584900,-72.7734375000,-185.5356140137
75.2916297913,-68.5160598755,-185.3729476929
75.2909870148,-64.4291200638,-185.3554191589
73.3870849609,-72.1128616333,-188.1004714966
73.8145904541,-68.2950477600,-187.9685974121
73.7152347565,-64.3957061768,-188.0039215088
69.4027118683,-64.5221509933,-184.7087783813
69.8970069885,-68.2586956024,-184.4843711853
69.6167907715,-72.2228374481,-183.8115768433
65.2791881561,-65.3300094604,-186.8869285583
66.9332141876,-68.8882465363,-186.3972778320
66.7275295258,-73.4087677002,-185.9682006836
64.4071493149,-70.1200017929,-188.3010292053
38.2200984955,-72.7147827148,-36.3332719803
35.3796596527,-69.7723941803,-35.9829912186
35.2476921082,-72.8942813873,-36.0532226562
33.7378740311,-65.6657657623,-35.2646846771
32.6266407967,-69.1490192413,-35.5715637207
32.2594790459,-72.5885353088,-35.7656021118
35.7029695511,-73.2940044403,-32.9345164299
32.9333748817,-69.6058998108,-32.4084911346
32.5533413887,-72.9461536407,-32.6508808136
33.1850290298,-70.0029010773,-29.3746161461
32.8192887306,-73.2628784180,-29.5611462593
33.0485591888,-73.2514190674,-26.3809571266
81.4752902985,-75.3681545258,-150.2485923767
81.4973449707,-70.2361755371,-154.2275466919
81.3885478973,-75.0260906219,-154.2921714783
77.4548816681,-66.3232898712,-145.9223098755
77.3352451324,-70.9245357513,-146.0606536865
77.1483993530,-75.7603797913,-146.1965980530
77.4075508118,-66.1505250931,-150.0116577148
77.2871990204,-70.7239513397,-150.1791496277
77.0411338806,-75.5550575256,-150.3614692688
77.4172649384,-65.9311542511,-154.1135787964
77.3193740845,-70.4505939484,-154.3183250427
77.1285762787,-75.2580776215,-154.5805511475
85.8756904602,-73.0568027496,-166.5299453735
81.5474624634,-65.5093879700,-158.1729011536
81.5293273926,-69.8282814026,-158.3350677490
81.5022125244,-74.2377948761,-158.4962272644
81.5570030212,-65.2349243164,-162.2519569397
81.5893115997,-69.4169139862,-162.4468460083
81.6846618652,-73.4795684814,-162.7179489136
81.5727729797,-64.9966211319,-166.3091545105
81.6491050720,-69.1186561584,-166.5073661804
81.7813911438,-73.1485214233,-166.7639656067
77.4457893372,-65.6624355316,-158.2267761230
77.3902664185,-70.0678844452,-158.4700202942
77.3034725189,-74.6434288025,-158.8219757080
77.4416255951,-65.3736534119,-162.3411483765
77.4332122803,-69.6504993439,-162.6066246033
77.3914184570,-73.9487018585,-162.9665260315
77.4131679535,-65.0969161987,-166.4295234680
77.4767074585,-69.2725944519,-166.6923713684
77.5525321960,-73.4168090820,-167.0501976013
84.5981483459,-72.9643287659,-208.1159629822
84.5670375824,-68.7612018585,-208.1764221191
84.5037231445,-64.5160865784,-208.2947731018
86.7696533203,-72.9174747467,-205.9005012512
86.7189483643,-68.7181091309,-205.9632949829
86.6672725677,-64.4974479675,-206.0266532898
87.2371387482,-72.9874286652,-208.9202919006
87.2154426575,-68.7524452209,-208.9716911316
87.1762981415,-64.5036048889,-209.0634498596
85.4876499176,-73.0624790192,-211.6594581604
85.5251789093,-68.8040828705,-211.6447753906
85.4466590881,-64.5198183060,-211.8490333557
80.9673767090,-64.5463657379,-207.8541221619
81.0939655304,-68.8383007050,-207.6617774963
81.0360851288,-73.0994892120,-207.6301460266
80.5303726196,-73.3669300079,-212.4089469910
81.8857269287,-73.4050636292,-219.3446998596
80.9582443237,-68.9538555145,-212.0777053833
80.5314445496,-64.5728158951,-212.7219009399
76.7430133820,-69.2095804214,-219.1903991699
82.8107681274,-68.9832839966,-217.9154052734
81.9300479889,-64.6378374100,-219.6221809387
76.4715480804,-64.6335649490,-209.1024398804
76.9684619904,-69.0735168457,-208.4782257080
76.2284183502,-73.7901229858,-208.8341217041
29.7507925034,-69.5095195770,-26.0457181931
29.5294709206,-72.8562870026,-26.0351796150
26.7561116219,-65.0984182358,-25.7041854858
26.2331457138,-68.9705295563,-25.9545302391
25.9865231514,-72.6747760773,-26.0722870827
22.9974899292,-64.6396818161,-25.8651552200
22.6947379112,-68.6110572815,-26.0191459656
22.4883055687,-72.4462394714,-26.1437377930
29.1665811539,-69.7874240875,-22.6547427177
29.3735013008,-72.8646240234,-22.5279502869
26.3540925980,-65.5651674271,-22.6233325005
25.8990383148,-69.3357849121,-22.7634377480
25.8004779816,-72.9659557343,-22.8303279877
22.7817173004,-64.9862680435,-22.7069144249
22.4705033302,-68.9505310059,-22.8424253464
22.3069834709,-72.7637882233,-22.9492125511
25.5027556419,-69.8173503876,-19.5593895912
25.5403399467,-73.3717231750,-19.6028070450
22.7844505310,-65.4189710617,-19.4605026245
22.2158355713,-69.3723201752,-19.6640391350
22.0592846870,-73.1467933655,-19.7684917450
21.7414941788,-73.5897636414,-16.6278669834
21.4705600739,-74.0153865814,-13.5134997368
21.8884749413,-69.9006309509,-16.5313470364
21.5675148964,-70.3649597168,-13.4637477398
22.7135176659,-66.2030267715,-16.2500104904
25.1218523979,-73.8982906342,-16.5155119896
29.3158550262,-61.7146492004,-112.8013458252
30.0703601837,-56.9545326233,-111.7451248169
29.0459156036,-52.5566406250,-111.8540019989
33.5227284431,-52.0738029480,-108.7502994537
33.8829050064,-56.6381006241,-108.5805511475
33.7698063850,-61.1022729874,-108.8140506744
36.3261480331,-52.0833740234,-106.7510223389
36.3453941345,-56.4252986908,-106.6023483276
36.3682880402,-60.6346635818,-106.7068977356
33.0923981667,-51.8286981583,-106.2467746735
33.2341771126,-56.4120798111,-106.0218238831
33.2671232224,-60.6725549698,-106.0902500153
29.9059405327,-52.3048639297,-107.4911994934
30.4028573036,-56.7370147705,-107.5572738647
30.1509547234,-61.2922544479,-107.8626270294
34.0688304901,-61.5673494339,-112.3119449615
34.3885679245,-56.8517036438,-111.6740989685
33.7628326416,-52.3681316376,-111.5439987183
33.1357965469,-61.3341159821,-116.6259231567
33.8227963448,-56.7919311523,-115.1201248169
33.1509490013,-52.3886289597,-115.2041988373
33.5594196320,-54.2920055389,-125.0866756439
18.5030362606,-56.3955945969,-88.6161975861
23.1368527412,-60.8894557953,-95.9615936279
23.1230912209,-56.0429010391,-95.5491237640
22.1171526909,-50.9050130844,-95.5961360931
21.2688758373,-50.9526224136,-91.7709083557
22.5987138748,-56.0633010864,-91.6614284515
22.8117852211,-61.0096778870,-92.0795917511
21.6250257492,-50.7713413239,-87.7048072815
22.9764561653,-56.0049886703,-87.7745895386
23.4605956078,-61.0216827393,-88.0837268829
22.2221627235,-55.9665107727,-84.5362796783
22.7522649765,-61.2467050552,-84.8242454529
24.8327221870,-55.7267570496,-82.1716804504
25.1758847237,-60.4922485352,-82.3620910645
21.3344244957,-55.8956146240,-81.8414936066
21.7413415909,-61.2533168793,-82.1051330566
18.4117901325,-56.2830228806,-83.8138198853
18.8474814892,-61.7378683090,-84.1024894714
41.4919958115,-51.4109897614,-62.5995864868
41.3156414032,-55.8836479187,-62.9463739395
41.9467506409,-60.5414514542,-62.6561079025
39.9308118820,-51.6228189468,-59.2354078293
39.7607669830,-56.1536378860,-59.5613594055
40.2774925232,-60.9707040787,-59.2617244720
36.9145174026,-51.5377597809,-62.3059101105
37.1046237946,-55.7746553421,-62.4478006363
37.2723093033,-60.0026750565,-62.4996833801
35.7288904190,-51.4601554871,-65.2292842865
36.0103683472,-55.5852975845,-65.3761053085
36.2077083588,-59.6760435104,-65.5040149689
32.2335367203,-51.4962644577,-66.5331850052
32.5073442459,-55.5408554077,-66.6942167282
32.6816082001,-59.5435638428,-66.8386440277
35.3799200058,-51.4254522324,-67.8353424072
35.7133483887,-55.5048513412,-67.9996585846
35.9393291473,-59.5511293411,-68.1500778198
38.9511833191,-51.3194894791,-66.6495437622
39.1935863495,-55.5221509933,-66.8111915588
39.5924196243,-59.7291135788,-66.8143367767
46.4334459305,-59.7014465332,-69.2686557770
45.6766462326,-55.3988103867,-69.4755477905
45.9780158997,-59.5750465393,-74.7498168945
45.6929616928,-55.3860549927,-74.6179695129
46.2082281113,-50.8791990280,-74.1836071014
45.7761592865,-59.8297090530,-79.5851230621
45.7072744370,-55.7835674286,-79.3687858582
45.9871301651,-51.5595703125,-78.8722171783
45.6121692657,-60.0428209305,-83.2768249512
45.6349945068,-55.9884948730,-82.9491691589
49.3108806610,-60.2304229736,-92.6532039642
49.3827524185,-56.1677112579,-92.4565372467
49.4945402145,-52.1041927338,-92.1973133087
49.2267503738,-60.1737794876,-88.9396324158
49.3229608536,-56.1022758484,-88.7045574188
49.4696416855,-52.0184097290,-88.3606224060
48.5552396774,-60.1044301987,-85.2270088196
48.6610374451,-56.0443553925,-84.9548435211
45.2733125687,-60.1199159622,-92.6405143738
45.2953233719,-56.0360469818,-92.4165821075
45.3279962540,-51.9593658447,-92.1176052094
45.3807229996,-60.0751981735,-89.1704063416
45.4111166000,-55.9561748505,-88.8826618195
45.4446172714,-51.8171691895,-88.4359798431
45.4976167679,-60.0424642563,-86.0407485962
45.5286979675,-55.9028778076,-85.6929473877
41.2231292725,-60.0583229065,-92.2968769073
41.2046413422,-55.9733972549,-92.0749015808
41.1970252991,-51.9001150131,-91.7944087982
41.5428762436,-60.0405139923,-88.6443424225
41.5186510086,-55.9307718277,-88.3607940674
41.4824800491,-51.8219900131,-87.9608516693
42.5087718964,-60.0203742981,-85.0151653290
42.4623718262,-55.9316377640,-84.6775474548
48.2930803299,-61.1342134476,-127.1791477203
48.7548131943,-56.7035808563,-127.3634700775
48.6698656082,-52.5821847916,-127.5294952393
48.8338260651,-60.7208452225,-123.6854515076
48.7101202011,-56.5528612137,-123.6648254395
48.5742578506,-52.4379901886,-123.7133007050
48.4841079712,-61.0060777664,-120.1761741638
48.5055532455,-56.6505060196,-119.8784484863
48.4656085968,-52.4321317673,-119.8105258942
43.8407087326,-62.3028821945,-123.7028026581
44.5230922699,-60.1462774277,-126.6859245300
45.0344552994,-56.2631235123,-127.1429252625
44.7655773163,-52.4951791763,-127.4543266296
44.4577054977,-59.6603679657,-123.6139755249
44.5771217346,-56.0652856827,-123.5179500580
44.3511743546,-52.2582206726,-123.6298522949
43.8348569870,-60.4392929077,-120.4522495270
44.0827255249,-56.3435678482,-119.7257728577
44.0516061783,-52.2877788544,-119.6308250427
38.8710765839,-61.2030105591,-125.0123291016
40.4824094772,-59.3809185028,-128.0061225891
41.6085700989,-56.1090879440,-127.9944534302
40.7050218582,-53.0474720001,-128.6451454163
38.6166286469,-56.3625917435,-129.3493690491
39.6695957184,-58.4363079071,-124.2533798218
40.5152854919,-55.6531324387,-123.6869506836
39.8866834641,-52.3677301407,-123.9659461975
37.4562911987,-55.2044000626,-124.4856758118
33.3736281395,-52.2830009460,-119.1744251251
34.2096624374,-54.8163309097,-121.7145748138
34.0853996277,-56.0650491714,-118.6507244110
33.1469025612,-59.2738742828,-120.4596748352
38.8636207581,-59.7183799744,-120.8320293427
39.4756364822,-56.0829133987,-119.4986000061
39.2874879837,-52.2399549484,-119.4460258484
40.5494556427,-57.7717924118,-138.2483291626
44.1296014786,-62.5817346573,-131.1135559082
45.6780872345,-60.2272090912,-132.8931274414
46.3639259338,-56.8044061661,-132.9333496094
45.9590959549,-53.2547302246,-133.4345283508
48.3496818542,-52.8299293518,-131.2613182068
48.4193105698,-56.8548917770,-130.9569168091
47.6616697311,-61.0559196472,-130.7319545746
45.3106670380,-52.8018817902,-130.6601791382
45.5794782639,-56.5163955688,-130.1930313110
44.8985157013,-60.2481555939,-129.6854000092
42.4956378937,-53.5080013275,-132.3190803528
43.3284816742,-56.6470432281,-131.5268859863
42.2852630615,-60.1437215805,-131.4618034363
41.2315759659,-57.2241935730,-133.3776779175
46.2608194351,-60.9251089096,-136.9967041016
47.1469430923,-57.3358287811,-137.0193977356
46.5263223648,-53.8187370300,-137.2894325256
43.8141813278,-57.3636932373,-137.4761047363
45.7541599274,-61.7063045502,-142.1954269409
46.9168357849,-57.8413228989,-142.5975036621
46.0543079376,-54.0229988098,-142.4217300415
42.8731908798,-57.9279041290,-142.8238220215
11.6980555058,-51.8842306137,-69.2132110596
12.3089525700,-54.8459434509,-69.1548824310
11.3612968922,-57.7091865540,-69.1450634003
9.9864811897,-54.3643684387,-68.3239212036
7.6920351982,-51.5380229950,-64.4545621872
8.2076742649,-54.2733106613,-63.9130859375
11.3829483986,-57.8201589584,-65.5822706223
12.2859425545,-54.6054830551,-65.2147159576
12.0095613003,-51.3227415085,-65.3736419678
8.7276787162,-59.7145223618,-61.9518814087
8.9667267799,-57.4658088684,-61.3960866928
8.8579725027,-54.3167896271,-61.1657438278
8.5048371553,-50.8872613907,-61.3118658066
11.9291760921,-58.2519369125,-62.3179483414
12.4364154339,-54.6259059906,-62.0057687759
12.3080308437,-50.9672899246,-62.0056962967
10.1343257427,-62.9422531128,-58.5293798447
12.6282627583,-63.0267438889,-59.0566844940
10.1699552536,-62.8259639740,-60.5088090897
6.3219353557,-50.8854665756,-57.6526489258
6.6780486703,-54.6127328873,-57.7555046082
7.0019661188,-58.6230974197,-58.3605012894
9.4045723677,-50.8692817688,-58.4985408783
9.6555279493,-54.6234350204,-58.4819078445
9.8315259218,-58.3990154266,-58.5120115280
12.6019401550,-50.9451694489,-58.8145961761
12.7212276459,-54.8125057220,-58.8674373627
12.5934672356,-58.7478132248,-59.0526046753
4.9894296527,-50.9448270798,-55.8368635178
5.2896499038,-54.7850646973,-56.0750780106
4.5950977206,-51.0152387619,-53.5896673203
4.7111494541,-54.9585189819,-53.8657445908
3.0387610048,-51.0819635391,-51.9147729874
3.1115433276,-54.8994436264,-52.2432479858
59.9557237625,-61.3166036606,-160.7535934448
59.7295837402,-57.0581903458,-160.6169700623
59.2677783966,-52.4227600098,-160.6396751404
62.0115871429,-61.3716945648,-158.3702964783
61.7991380692,-57.0842027664,-158.1407470703
61.3586921692,-52.6213474274,-157.8496208191
62.5884132385,-61.2309427261,-161.4056167603
62.3730926514,-56.9181947708,-161.2165946960
61.8901176453,-52.2330818176,-161.0253982544
60.8842964172,-61.2498588562,-164.1563720703
60.7586374283,-57.0188369751,-164.0406188965
60.6104001999,-52.5565452576,-164.1663017273
56.2115373611,-52.6248359680,-160.7060508728
56.3980941772,-57.1993026733,-160.4671287537
56.4825973511,-61.5322027206,-160.5943412781
56.2071037292,-61.6297950745,-165.4743232727
53.6597261429,-62.3888626099,-174.9164352417
57.0510492325,-62.1121940613,-170.4230842590
56.5038366318,-57.1299638748,-165.2052001953
56.1758451462,-52.4596538544,-165.8276901245
54.1025409698,-51.5318078995,-174.5584487915
51.7567529678,-56.9868144989,-174.5531272888
55.1270151138,-57.0044651031,-174.2488250732
57.7116413116,-57.1080112457,-169.8304061890
57.1702995300,-52.1481132507,-169.9083480835
52.1164216995,-52.3927278519,-162.0828895569
52.5644874573,-57.3560075760,-161.8442726135
52.0250720978,-62.3097753525,-162.3814201355
-0.4544378892,-55.3472156525,-42.2130537033
-0.4983396791,-51.3990859985,-42.1449222565
0.2834712453,-51.2346296310,-45.8383979797
1.3908025697,-51.1220254898,-49.5018653870
33.6418037415,-60.7635898590,-38.5767383575
32.9194278717,-51.7620639801,-41.6336421967
32.8729805946,-56.1526002884,-41.6972446442
32.7778882980,-60.5199346542,-41.7106075287
35.7362289429,-61.1226940155,-42.3092651367
32.7891364098,-51.7319688797,-44.5816316605
32.7569451332,-56.0573348999,-44.6447687149
32.6383185387,-60.3256731033,-44.6766948700
35.9243316650,-56.3412437439,-45.1111698151
35.8257627487,-60.8532505035,-45.1119985580
69.2442340851,-62.1423263550,-129.3644676208
65.3548622131,-57.3147039413,-120.9763774872
65.2582960129,-61.8194246292,-121.0301017761
65.3155555725,-52.8911561966,-124.8214969635
65.1883440018,-57.4282159805,-124.9915008545
65.1060180664,-61.9264612198,-125.0731239319
65.1886243820,-52.9913635254,-128.8607177734
65.0695905685,-57.5002460480,-129.0398006439
64.9636363983,-61.9884510040,-129.1441974640
72.5205955505,-60.4101943970,-184.7224922180
72.3521862030,-56.2783012390,-184.7184448242
71.9943332672,-51.8059959412,-184.9144248962
74.5324745178,-60.4047956467,-182.3905792236
74.3417835236,-56.2481279373,-182.3080482483
73.9522247314,-51.9285345078,-182.1849479675
75.1382446289,-60.3423423767,-185.3252677917
74.9623508453,-56.1480970383,-185.2869911194
74.5464935303,-51.5977706909,-185.2748222351
73.5305252075,-60.3998222351,-187.9977111816
73.4353370667,-56.2865400314,-188.0094642639
73.3430118561,-51.9637508392,-188.3036003113
69.0223121643,-52.0819721222,-184.9918823242
69.0070514679,-56.4422779083,-184.5951004028
69.0154571533,-60.6311473846,-184.6667518616
68.9285478592,-60.7169561386,-189.4617385864
67.1402158737,-60.7024288177,-198.1420173645
70.2369375229,-60.6385335922,-193.9513130188
69.2646064758,-56.4356269836,-189.1409454346
69.0634613037,-52.0530376434,-189.7780532837
66.7914447784,-51.2237701416,-198.0810737610
64.7436847687,-56.3175220490,-197.9817428589
68.0722713470,-56.0823278427,-197.6419982910
70.5782890320,-56.2468919754,-193.4942169189
69.9227256775,-51.7300472260,-193.6660270691
65.0152530670,-52.0193500519,-186.3646545410
65.1378917694,-56.6340045929,-185.9640998840
64.5257654190,-61.3592128754,-186.6082000732
77.4860038757,-61.7159881592,-149.8426284790
77.5024909973,-57.2199087143,-153.7445449829
77.4695758820,-61.5394878387,-153.9284667969
81.5366420746,-61.0277910233,-162.0851821899
81.4678344727,-52.4745225906,-165.8199996948
81.4840564728,-56.6592044830,-165.9845046997
81.5196037292,-60.8358049393,-166.1426544189
77.4744873047,-52.7978639603,-157.6450500488
77.4710063934,-57.0507040024,-157.8356781006
77.4666805267,-61.3333015442,-158.0250473022
77.3966426849,-52.6481904984,-161.7412719727
77.4077129364,-56.8766164780,-161.9361534119
77.4274158478,-61.1164884567,-162.1296005249
77.2909164429,-52.5131216049,-165.8411750793
77.3102703094,-56.7142286301,-166.0359840393
77.3539123535,-60.9091100693,-166.2249069214
84.5021209717,-60.2690629959,-208.3305244446
84.5648994446,-56.0011081696,-208.2649536133
84.6045036316,-51.7546520233,-208.1892471313
86.6567993164,-60.2750978470,-206.0475769043
86.6886558533,-56.0484428406,-206.0092201233
86.7238578796,-51.8453722000,-205.9199295044
87.1725311279,-60.2514209747,-209.1016540527
87.2060585022,-55.9829406738,-209.0635795593
87.2383384705,-51.7317628860,-208.9833717346
85.4405536652,-60.2467031479,-211.9092102051
85.5049400330,-55.9108076096,-211.8096122742
85.4791221619,-51.5627613068,-211.8735771179
81.1911773682,-51.7434434891,-207.7817115784
81.1609821320,-56.0158300400,-207.7762718201
80.9834499359,-60.3186407089,-207.8941001892
80.5714302063,-60.3176240921,-212.7931747437
81.9295463562,-60.3701038361,-219.7646484375
81.1185894012,-55.9064979553,-212.3033561707
80.9249820709,-51.4529905319,-212.8092041016
77.0626621246,-55.9353008270,-219.6118774414
82.8158283234,-55.9200010300,-218.3877258301
81.7856063843,-51.4783258438,-220.2623825073
77.0017910004,-51.6108198166,-209.1577224731
77.1994857788,-55.9884233475,-208.6687011719
76.5200424194,-60.3821048737,-209.1628494263
23.2143101692,-60.4458627701,-25.7465887070
23.2702994347,-56.0668907166,-25.6489105225
23.2269668579,-51.6783008575,-25.5197329521
27.0919680595,-60.7890510559,-25.5095825195
22.9827294350,-60.7251443863,-22.6322360039
22.9775562286,-56.2331027985,-22.5790157318
22.8856296539,-51.7674369812,-22.4525580406
23.2683320045,-61.0314645767,-19.3862528801
36.5409250259,-47.7914886475,-106.9084491730
36.7375135422,-43.7088699341,-106.8306007385
36.5880956650,-39.7178192139,-106.7184257507
33.0078172684,-47.4734830856,-106.6142978668
32.9347319603,-43.5943078995,-106.7342243195
32.6052703857,-39.7335853577,-106.7038745880
29.4261379242,-47.9199981689,-107.2734737396
29.2407908440,-43.7750816345,-106.9815502167
28.6019201279,-39.9614057541,-106.9429969788
33.1787829399,-49.2781057358,-111.0459003448
36.2732429504,-47.4803304672,-110.8906497955
36.7572040558,-43.5746755600,-110.7483024597
36.6335554123,-39.6823024750,-110.6458511353
33.1962685585,-46.7603530884,-110.5360012054
33.1096448898,-43.3410911560,-110.6140022278
32.7593069077,-39.6883802414,-110.6190757751
30.1795558929,-47.2636184692,-110.9741230011
29.5886335373,-43.5679330826,-110.8735980988
28.8968906403,-39.9747209549,-110.9832229614
32.7943096161,-49.0578813553,-115.0840492249
36.1814575195,-47.3009386063,-114.7670001984
36.7949790955,-43.5381345749,-114.5880508423
36.6707868576,-39.7124891281,-114.4968261719
33.2457413673,-46.4053707123,-114.4634742737
33.2845997810,-43.2612247467,-114.3744258881
32.9345731735,-39.7554721832,-114.4076995850
29.9857654572,-47.1671533585,-115.0170707703
29.7815155983,-43.6356554031,-114.8789501190
28.9677271843,-40.3172664642,-115.4166774750
32.9463505745,-49.1325492859,-118.9099502563
33.9921579361,-47.2657670975,-120.5596008301
34.4578380585,-43.7433013916,-120.3494739532
33.9116506577,-40.2849788666,-120.5071983337
36.3246622086,-39.8537921906,-118.2999019623
36.5159635544,-43.6376380920,-118.3373775482
35.9905424118,-47.3791103363,-118.5431785583
33.3410859108,-39.9011888504,-117.6767730713
33.7276768684,-43.3550081253,-117.6000461578
33.5491962433,-46.4590826035,-117.6982746124
30.4092550278,-40.6306467056,-119.2880229950
31.2874255180,-43.7879447937,-118.6893215179
30.9312386513,-47.2611875534,-118.8605709076
29.3920607567,-44.6882200241,-120.2882232666
34.4237256050,-48.4882497787,-124.7210750580
35.2655620575,-44.5083351135,-124.5295295715
34.4655294418,-40.9159708023,-124.5326995850
31.8413558006,-44.7960672379,-124.8629226685
34.2887096405,-49.4223747253,-130.2464714050
35.6240234375,-45.2268848419,-130.4351749420
34.1834650040,-41.2833032608,-130.1091747284
26.2549810410,-44.0832624435,-114.8209514618
25.0922579765,-40.8530731201,-111.2595252991
26.3369030952,-43.8382835388,-111.0551719666
26.2383675575,-46.9880609512,-111.2363224030
24.1160202026,-40.8907070160,-107.4547271729
25.7069425583,-44.0273246765,-107.2924480438
24.9170699120,-47.5842733383,-107.7812690735
23.8214969635,-40.8359642029,-103.5638275146
25.3444771767,-44.0308752060,-103.5054473877
24.1875000000,-47.6260995865,-103.8592472076
24.2802429199,-40.6024618149,-99.4987125397
25.3513097763,-43.6179399490,-99.5455760956
24.3330368996,-46.7209377289,-99.4642543793
22.2729239464,-43.7471723557,-100.0371170044
18.6411571503,-43.3304080963,-95.5477256775
21.3718996048,-42.1892604828,-93.3499851227
21.3740224838,-46.3194160461,-94.5312175751
23.4615273476,-45.1339788437,-96.1798152924
24.5827770233,-43.0475664139,-96.5397109985
23.5608572960,-40.6966533661,-96.3460807800
22.9528250694,-42.4528694153,-95.1028480530
21.9886865616,-43.0155324936,-97.0304241180
25.5119104385,-40.1782417297,-93.6245937347
26.1577553749,-42.9819297791,-93.8190326691
24.9348478317,-45.5052833557,-93.7250328064
24.0128626823,-42.3946399689,-92.9170436859
20.6570477486,-42.1788291931,-90.1716384888
20.5069954395,-46.4263801575,-91.1134243011
24.9827976227,-45.6391515732,-90.1969184875
26.4815759659,-43.0539722443,-89.9767551422
25.8141756058,-40.1709451675,-89.7846603394
23.9914493561,-42.4892063141,-89.6798992157
20.3525304794,-42.6421766281,-86.2158069611
16.4363911152,-43.3123331070,-87.1843109131
20.5914855003,-46.6864833832,-86.9955024719
25.0341372490,-46.0273065567,-86.3916339874
26.3836054802,-43.2456998825,-86.0092964172
25.6366982460,-40.2599182129,-85.8803806305
23.7609148026,-42.8524274826,-85.9370594025
16.9965782166,-50.7417945862,-83.5925369263
20.5721969604,-50.1358594894,-82.0469837189
24.4221148491,-50.7002916336,-82.3557319641
21.2118148804,-50.3341274261,-84.6783695221
19.8008394241,-43.4310016632,-82.3041496277
15.2502079010,-44.0638685226,-83.0772418976
25.0687170029,-40.2772951126,-81.7764396667
25.8072986603,-43.4756727219,-81.6321144104
25.0146780014,-46.6405897141,-82.1697521210
23.0731153488,-43.3600215912,-81.8081512451
24.5641102791,-39.9510078430,-77.5607337952
25.0758404732,-43.5766096115,-77.3622379303
24.9420762062,-47.2026519775,-77.8679027557
19.5387229919,-40.3558206558,-77.3440799713
19.9871406555,-43.7154617310,-76.7797183990
20.0120396614,-47.0712652206,-77.6183662415
19.7871551514,-43.7273683548,-79.4965190887
14.0082006454,-40.6289262772,-77.3732490540
14.1709156036,-44.1003341675,-76.7408466339
14.6177923679,-47.7082252502,-78.0963592529
14.1507625580,-44.3312454224,-79.8347282410
24.5373311043,-39.5529165268,-73.4055709839
24.8348979950,-43.5344533920,-73.4341506958
25.0146183968,-47.4961538315,-73.7485599518
19.5705509186,-39.6259517670,-73.2944450378
19.8313951492,-43.6239366531,-73.2193927765
20.0573248863,-47.5862092972,-73.6846790314
14.2528123856,-39.7311992645,-73.2667274475
14.4024345875,-43.8666000366,-73.2104701996
14.7591855526,-47.9580564499,-73.8890914917
24.8339104652,-39.3280963898,-69.1650066376
25.0512347221,-43.4019575119,-69.2776107788
25.2906770706,-47.4424209595,-69.4951400757
19.8056969643,-39.3347692490,-69.3533878326
19.9826693535,-43.4338798523,-69.4436378479
20.2004194260,-47.4737367630,-69.7162952423
14.8780043125,-39.3872509003,-69.2828483582
14.9799346924,-43.5825738907,-69.4033813477
15.2117879391,-47.6835231781,-69.7544364929
39.7592334747,-39.2192201614,-62.3718233109
39.4794588089,-43.1867990494,-62.5532379150
40.7303314209,-47.2463026047,-62.4463014603
38.5909605026,-43.2031583786,-59.1323213577
39.4513530731,-47.3688783646,-59.0662345886
35.8177738190,-39.1390972137,-61.9718074799
35.9229421616,-43.2459220886,-62.0622215271
36.4461908340,-47.3852148056,-62.1639671326
34.5227518082,-39.2198553085,-64.8609924316
34.7177095413,-43.2904853821,-64.9525032043
35.2298812866,-47.3694009781,-65.0782413483
31.2488183975,-39.2499504089,-66.0720300674
31.4680266380,-43.3517513275,-66.1998939514
31.8463778496,-47.4380702972,-66.3584861755
34.0705294609,-39.2669200897,-67.3993911743
34.3039770126,-43.3206624985,-67.5050392151
34.8405246735,-47.3717870712,-67.6581611633
37.1203002930,-39.2382545471,-66.3994598389
37.2725162506,-43.2246551514,-66.4501075745
38.1811780930,-47.2493829727,-66.5166702271
46.1168746948,-48.3606739044,-78.9716453552
45.5520524979,-40.4170312881,-79.3507633209
45.3636770248,-43.3698282242,-80.1614341736
45.7081604004,-46.1332664490,-79.8239269257
45.7793388367,-42.9563770294,-77.3368034363
41.6329278946,-39.8242912292,-69.1825923920
41.1647500992,-42.9322757721,-69.2283725739
42.8026523590,-45.8087253571,-69.1263427734
42.6423397064,-46.0252361298,-74.0836238861
43.6689434052,-42.6202754974,-74.1789875031
41.1458711624,-43.1045703888,-74.4040794373
41.4732894897,-39.9758224487,-74.1254768372
41.4297933578,-39.9486455917,-78.6848316193
41.3698654175,-43.4049806595,-79.1211071014
42.4170875549,-46.8537693024,-78.9392375946
48.9404134750,-51.8569355011,-84.4017925262
42.3230018616,-51.7224292755,-84.0214748383
45.5719413757,-51.5085592270,-84.9177780151
45.7216405869,-51.7107601166,-82.1763229370
49.5745611191,-48.0627326965,-91.9336376190
49.5467157364,-44.0515270233,-91.6685485840
49.3670759201,-40.1129274368,-91.3444919586
49.5929250717,-47.9960260391,-88.0754604340
49.5967636108,-44.0391044617,-87.8425579071
49.3984689713,-40.1948385239,-87.4391441345
49.3517370224,-47.8233947754,-84.1679801941
45.3358488083,-47.9242916107,-91.7995567322
45.2772397995,-43.9376125336,-91.4948253632
45.1306648254,-39.9926462173,-91.1596546173
45.4352874756,-47.7807579041,-87.9880123138
45.3563060760,-43.8729553223,-87.6392955780
45.2075777054,-40.0332050323,-87.2261199951
45.5219621658,-47.3943738937,-84.2001285553
45.3986749649,-43.7008390427,-83.8656806946
45.3197154999,-40.0618219376,-83.3202800751
41.1874732971,-47.8614921570,-91.4976367950
41.1356306076,-43.8567075729,-91.2107563019
41.0091524124,-39.8735733032,-90.9011325836
41.3953771591,-47.7749567032,-87.5665550232
41.2644004822,-43.8084650040,-87.2494564056
41.1266736984,-39.8871498108,-86.8943367004
41.8588314056,-47.5916070938,-83.4832344055
41.3841381073,-43.6788063049,-83.2549591064
41.2568979263,-39.8722877502,-82.8613300323
45.3704261780,-44.7244529724,-133.9261474609
45.5379199982,-49.2577114105,-133.8229255676
47.6535539627,-39.9528846741,-131.9972763062
47.8715391159,-44.4355220795,-131.6201782227
48.0885400772,-48.7349786758,-131.4917755127
44.1590862274,-39.6870307922,-131.6516990662
44.5988073349,-44.5093126297,-131.2180709839
44.8741540909,-48.8584098816,-131.0291709900
41.7467584610,-45.0131111145,-133.1397476196
41.7998409271,-49.6831789017,-133.0151672363
46.1056537628,-49.7487993240,-137.3616142273
46.1543645859,-44.9612207413,-137.2563247681
34.5001034737,-41.1901626587,-137.9298706055
41.8493967056,-45.3505554199,-138.0792503357
41.3945264816,-50.3355798721,-138.4042816162
36.5986719131,-45.4604339600,-137.5245895386
45.6178951263,-49.8624429703,-141.7555847168
45.9893379211,-45.1163511276,-141.2410736084
45.6699819565,-43.6536149979,-165.8006248474
46.8011131287,-42.6220350266,-161.5011024475
45.6347990036,-47.8118057251,-162.0040245056
44.0015802383,-43.7032108307,-155.7283554077
8.6175526381,-39.8209476471,-73.2729911804
8.1509112120,-39.5760555267,-70.0129890442
8.1390910149,-44.1487607956,-70.1838703156
10.8964023590,-39.4397916794,-68.2644653320
10.8981754780,-43.8093099594,-68.4393291473
10.9767827988,-48.2877769470,-68.9065647125
7.5093426704,-39.4749517441,-67.3720855713
7.4080771208,-44.0537719727,-67.5392875671
1.6277671270,-38.7786445618,-51.3979597092
2.9145592302,-38.4125518799,-53.8451776505
3.8708662391,-38.6597146988,-56.3847169876
2.1618944192,-43.0565204620,-51.6765079498
3.6247407496,-42.7076396942,-53.6431932449
4.1663614511,-42.9460802078,-56.0488204956
1.8110567117,-43.0449810028,-54.7956676483
2.7086804779,-47.1898584366,-51.7518548965
4.2523977757,-47.0431671143,-53.5140743256
4.6187953353,-47.0737619400,-55.8438138962
2.4198812218,-47.1952037811,-54.6708850861
4.8543593884,-38.8464393616,-49.9725894928
5.7831413150,-38.7057447433,-52.7307300568
6.4004113674,-38.7462844849,-55.4575767517
5.1741003394,-43.0043373108,-50.0649518967
6.2133539915,-42.8661527634,-52.7172012329
6.6957030296,-42.9111528397,-55.4352931976
5.4811295867,-47.1180410385,-50.1400966644
6.6008369923,-47.0096178055,-52.7183561325
7.0325775146,-46.9862871170,-55.4060239792
8.0585328341,-38.8945770264,-49.2601289749
8.7671456337,-38.8121881485,-52.2872686386
9.1958574057,-38.8145961761,-55.3925275803
8.2783298492,-43.0073356628,-49.3687820435
9.0374493599,-42.9226007462,-52.3756151199
9.3942044973,-42.9292421341,-55.5002698898
8.4776474237,-47.1063318253,-49.4590330124
9.2898683548,-47.0157489777,-52.4366521835
9.6257052422,-46.9785137177,-55.5492343903
11.2096025944,-38.9297924042,-48.8108863831
11.7733952999,-38.8705968857,-52.0088644028
12.1616997719,-38.8599157333,-55.2837991714
11.3685138226,-43.0292863846,-48.9427728653
11.9574348927,-42.9663534164,-52.1397991180
12.3152651787,-42.9557533264,-55.4256772995
11.5065817833,-47.1217832565,-49.0521602631
12.1301724911,-47.0465583801,-52.2376680374
12.4854099751,-47.0064973831,-55.5189151764
60.9154691696,-47.9867010117,-164.2960281372
61.3371419907,-43.6918678284,-164.2409057617
61.2224941254,-39.6822690964,-164.2079505920
61.4264736176,-47.7275886536,-160.7783737183
61.2707948685,-43.7023143768,-160.5445480347
61.0947933197,-39.6969165802,-160.4195480347
61.0453300476,-48.1855878830,-157.2998466492
61.0313005447,-43.9621381760,-156.7669487000
60.9392967224,-39.8262510300,-156.5385665894
56.5810346603,-49.3635892868,-160.9139976501
57.2245998383,-47.1217613220,-163.7567481995
57.6933498383,-43.3314371109,-164.0291481018
57.3851461411,-39.6453914642,-164.1583709717
57.1920022964,-46.8036336899,-160.6796913147
57.2710380554,-43.3123140335,-160.4227676392
56.9777717590,-39.5960416794,-160.3827743530
56.5917673111,-47.7141180038,-157.5978202820
56.7978916168,-43.7280788422,-156.6724929810
56.6477813721,-39.7215690613,-156.4244194031
51.7326164246,-48.3860540390,-162.0202751160
53.2222852707,-46.4242229462,-164.9657249451
54.3296375275,-43.2294788361,-164.8464241028
53.3937530518,-40.2509031296,-165.3463973999
51.3465557098,-43.5135850906,-166.1417312622
52.5875082016,-45.7575511932,-161.1538238525
53.3871898651,-43.0549192429,-160.5710754395
52.6925859451,-39.9704303741,-160.7852745056
50.4263401031,-42.8256626129,-161.3088989258
46.8605966568,-40.3579769135,-155.7018508911
47.6675529480,-42.9542713165,-158.3424263000
47.8849802017,-43.7492399216,-155.4969062805
46.7003459930,-46.7409543991,-157.0726318359
51.9000873566,-47.1315574646,-157.8323287964
52.5016727448,-43.5815744400,-156.4497528076
52.0349569321,-39.7850332260,-156.2781219482
53.2664318085,-44.2154254913,-175.1477012634
56.7865428925,-49.2823667526,-168.3264465332
58.3383388519,-46.8990440369,-170.0082550049
59.0195636749,-43.5539178848,-169.8222541809
58.6140890121,-40.0630788803,-170.1126785278
60.9457435608,-39.7523260117,-167.9206733704
61.0358085632,-43.6844863892,-167.8405265808
60.3050670624,-47.7829065323,-167.8806800842
57.9417076111,-39.7714576721,-167.3408851624
58.2299489975,-43.4186449051,-167.0775299072
57.5774726868,-47.0749874115,-166.7695541382
55.1601037979,-40.3999071121,-169.0118064880
56.0023250580,-43.5054540634,-168.4051551819
54.9538335800,-46.9224729538,-168.5158996582
53.8914670944,-43.9913349152,-170.2527503967
58.9745740891,-47.3510408401,-174.2936286926
59.8933744431,-43.8657903671,-173.9785041809
59.2705488205,-40.4359636307,-174.0000000000
56.5748806000,-43.8615837097,-174.4287490845
58.7862005234,-47.6338462830,-179.7900276184
60.0393657684,-44.0385179520,-179.6439819336
59.0397920609,-40.4712677002,-179.1541519165
55.9398174286,-44.0679903030,-179.6039314270
60.1708059311,-43.9887351990,-185.9048728943
58.7372217178,-47.7722530365,-186.5384979248
59.2305555344,-44.2346496582,-190.8345489502
55.1048202515,-44.1949901581,-186.0870437622
60.4363346100,-39.7129936218,-189.5418434143
61.5331535339,-38.6884241104,-186.1259231567
59.9378614426,-39.5198917389,-183.0707511902
61.1012411118,-41.1971025467,-185.9569702148
57.4586915970,-39.6122512817,-186.2623443604
32.5983438492,-43.1226520538,-44.4787549973
32.7191543579,-47.4214382172,-44.5313110352
65.3996849060,-48.2383785248,-124.5883998871
65.3109970093,-38.9894952774,-128.2090301514
65.2920055389,-43.7580881119,-128.4259052277
65.2665882111,-48.4165439606,-128.6431484222
73.6345920563,-39.2508239746,-188.8658409119
73.5526828766,-39.2282047272,-185.1522216797
73.2949237823,-39.3801956177,-181.3378067017
73.8026065826,-43.2291250229,-188.7411308289
73.8122768402,-43.1972074509,-185.1480255127
73.4838886261,-43.4502859116,-181.4583969116
73.5682563782,-47.4835882187,-188.6269531250
74.0834026337,-47.1826477051,-185.2182235718
73.6181488037,-47.6032342911,-181.8231239319
69.8013896942,-39.1793556213,-188.7303466797
69.5808811188,-39.0698938370,-185.1886520386
69.1199321747,-39.3171920776,-181.4713554382
70.1371688843,-42.9298458099,-188.4429244995
69.9932365417,-42.8474645615,-185.1262016296
69.3880615234,-43.2925148010,-181.6522254944
70.1157817841,-46.7710599899,-188.0648269653
70.2908496857,-46.4193782806,-185.1843795776
69.4853343964,-47.2693872452,-182.3027534485
69.7174472809,-48.9946117401,-185.3084297180
65.5043992996,-39.4982271194,-189.5565223694
65.5963945389,-38.9029188156,-185.6733512878
64.8082361221,-39.3618736267,-182.0661964417
66.1853361130,-42.9584989548,-188.6923217773
66.3697252274,-42.5736064911,-185.5334053040
65.3016624451,-43.2726583481,-182.5403022766
63.7187881470,-43.2176952362,-186.0329208374
66.3395357132,-46.5582771301,-188.7361259460
66.7671985626,-45.9451713562,-185.6433067322
65.4716176987,-47.0265283585,-183.2188224792
65.7857217789,-48.5857114792,-186.3154754639
63.9941949844,-46.8616619110,-186.5812492371
65.4102811813,-44.0461626053,-199.0538749695
69.5537300110,-49.0182819366,-192.3076286316
70.7393951416,-46.6033105850,-194.0943756104
71.2044086456,-43.2394199371,-194.0883293152
70.7690753937,-39.7511472702,-194.5795059204
73.2432308197,-39.3889694214,-192.5216751099
73.3624057770,-43.2791929245,-192.2428779602
72.8375530243,-47.3328847885,-192.0982284546
70.1688251495,-39.4003601074,-191.8023986816
70.4390201569,-43.0723400116,-191.3512954712
70.1374969482,-46.7415370941,-190.9585533142
66.9539527893,-40.0657205582,-193.1286811829
67.5797290802,-43.3330507278,-192.1557769775
67.2447938919,-46.8380708694,-192.2896270752
65.6221141815,-43.8752641678,-193.8978118896
71.3443927765,-47.0347900391,-198.2226028442
72.1199150085,-43.5360393524,-198.1953468323
71.3833885193,-40.1314306259,-198.4962043762
68.7443027496,-43.6425409317,-198.4952850342
71.0752077103,-47.3543329239,-203.3771743774
72.4125595093,-43.6717233658,-203.5450210571
71.0646896362,-40.1178836823,-203.6444740295
67.9887914658,-43.8591041565,-203.3869705200
23.5272068977,-39.1016530991,-34.6219778061
23.6240096092,-43.2228479385,-34.7216176987
23.7099351883,-47.3727416992,-34.7991123199
23.4278650284,-39.1454362869,-31.4803614616
23.5374250412,-43.2422599792,-31.5718469620
23.6608395576,-47.3871059418,-31.6371221542
23.1596522331,-39.1921434402,-28.3606643677
23.2799506187,-43.2635784149,-28.4498620033
23.4475154877,-47.4004116058,-28.5070710182
27.2667012215,-39.0133991241,-34.3916063309
27.3735260963,-43.1390542984,-34.4824676514
27.5113821030,-47.3114242554,-34.5200061798
27.5379838943,-47.2604894638,-31.2811894417
77.4874038696,-48.5627107620,-157.4512023926
77.4298286438,-39.9861803055,-161.1587257385
77.4194869995,-44.2060699463,-161.3404960632
77.4025993347,-48.4261369705,-161.5397987366
77.3231124878,-39.8874197006,-165.2511749268
77.3178501129,-44.0960836411,-165.4323501587
77.2989082336,-48.3064002991,-165.6354751587
84.7020416260,-47.5943202972,-207.8913421631
84.7975044250,-43.4613313675,-207.5297966003
84.7622165680,-39.3563709259,-207.5037727356
86.7854099274,-47.6870880127,-205.7069549561
86.8332118988,-43.5308790207,-205.4709625244
86.8016529083,-39.3791856766,-205.4133338928
87.2967872620,-47.5636005402,-208.6653442383
87.3428268433,-43.4359827042,-208.2746276855
87.3219814301,-39.3319568634,-208.2068710327
85.5626964569,-47.3980102539,-211.3483772278
85.6922073364,-43.3145732880,-210.5584068298
85.6655273438,-39.2897214890,-210.5633201599
81.4297180176,-39.3580121994,-207.2669982910
81.5633563995,-43.4779129028,-207.1816444397
81.3617019653,-47.6312456131,-207.5372352600
81.1359310150,-47.3484334946,-212.3094253540
81.6279659271,-43.3242216110,-211.1424255371
81.2546195984,-39.3569059372,-211.6765441895
77.3693180084,-39.4439802170,-208.8625526428
77.9428119659,-43.4821243286,-208.2854728699
77.3208217621,-47.5573902130,-208.9947967529
82.0061969757,-42.7017717361,-226.3284759521
83.0329475403,-41.6591691971,-221.7268257141
81.8724536896,-46.9010105133,-221.9039039612
78.1427898407,-42.5187978745,-221.8574256897
82.0408191681,-45.6303148270,-216.3785285950
82.5566368103,-42.8148889542,-214.6323547363
82.1213188171,-39.6787776947,-215.7352981567
78.6984596252,-42.7471418381,-216.1628494263
83.2314758301,-42.0399255753,-217.8772964478
23.0572624207,-47.4221115112,-25.4288282394
22.8435058594,-43.2950525284,-25.3747649193
22.7145738602,-39.2435550690,-25.2871074677
22.6540946960,-47.4802522659,-22.3609004021
88.1689052582,-39.3961830139,-215.7643203735
88.2228698730,-42.5712671280,-215.1846008301
88.0598716736,-45.3340425491,-216.8583259583
88.1547470093,-41.7535219193,-218.0175704956
93.1682720184,-39.2930135727,-216.3279991150
93.2119636536,-42.3698186874,-215.7924652100
93.1171550751,-44.9009695053,-217.3943443298
93.0353469849,-41.4682569504,-218.3490982056
97.7619705200,-39.4185247421,-216.7995986938
97.7809810638,-42.3342390060,-216.2755432129
97.7583580017,-44.7197513580,-217.6594734192
97.7175807953,-41.4127874374,-218.5080490112
97.7029228210,-40.8297557831,-221.6408729553
92.9442272186,-40.8232250214,-221.6619415283
88.0387916565,-41.2777061462,-221.6936645508
88.0810718536,-46.1451597214,-221.8248023987
88.5659637451,-50.8177728653,-220.3437042236
93.0183429718,-45.1921043396,-221.5576972961
97.7483501434,-45.4957122803,-221.6140174866
93.5362606049,-50.4736471176,-223.7371253967
97.8125877380,-50.4108753204,-220.1360969543
93.2316722870,-49.9984760284,-219.7777976990
97.7289447784,-41.6058263779,-225.6734237671
92.9592075348,-41.2450275421,-225.7068939209
88.0273799896,-42.1711101532,-226.3133697510
29.2337751389,-37.3772649765,-124.7236480713
29.8530225754,-32.4482927322,-123.6049461365
29.1773595810,-28.0325822830,-123.8393955231
33.4162364006,-27.6660995483,-119.8085041046
33.5832600594,-31.9750866890,-120.0494499207
33.5353403091,-36.3794469833,-120.4479007721
35.7042722702,-27.5878453255,-117.6119766235
35.8747663498,-31.7951159477,-117.8744773865
36.0492095947,-35.9270029068,-118.1648769379
32.5979819298,-27.6932730675,-117.1357040405
32.7883229256,-31.9351887703,-117.3822498322
32.9539833069,-36.0938835144,-117.6370754242
29.7918009758,-27.8022971153,-118.9537525177
30.0475950241,-32.1896448135,-119.1366443634
29.8852148056,-36.7975625992,-119.5338973999
33.9850945473,-36.8572988510,-124.0806484222
34.2208952904,-32.1312756538,-123.3850440979
33.9817762375,-27.7303595543,-123.2167739868
33.3021230698,-37.0385951996,-128.5919990540
33.7111649513,-32.3010177612,-127.1436996460
32.9584932327,-28.0189576149,-127.4309234619
34.3911943436,-32.1168241501,-137.9156036377
33.9677529335,-37.5816869736,-138.1898727417
34.0119853020,-35.9721975327,-132.7607460022
34.2882890701,-32.1707053185,-131.1040000916
33.0105338097,-28.7286314964,-131.9541244507
34.9143447876,-32.0916237831,-134.5144767761
22.8192195892,-37.1699142456,-107.2277278900
22.6622123718,-32.5111870766,-106.7369251251
21.6759793758,-28.0055999756,-106.8545513153
21.2772004604,-27.9517726898,-102.6195945740
22.1904602051,-32.4622869492,-102.6277008057
22.4342994690,-37.1087627411,-103.1916561127
22.1853876114,-27.8532323837,-98.2019157410
22.6145424843,-32.3540863991,-98.5784397125
23.0178155899,-36.9618663788,-99.0817146301
21.4870324135,-27.9197645187,-94.7841739655
21.7961726189,-32.4785327911,-95.2352867126
22.2296099663,-37.2205743790,-95.7600078583
23.7914748192,-27.8676247597,-92.4462909698
24.0503354073,-32.2784123421,-92.8569755554
24.4629259109,-36.6946525574,-93.2335128784
20.5399498940,-28.0505499840,-92.1039352417
20.7877583504,-32.6570649147,-92.5684452057
21.1478247643,-37.4960670471,-93.0762424469
17.6783325672,-28.0624709129,-94.1184520721
18.0138103962,-32.8103179932,-94.5962448120
18.2719426155,-37.8870143890,-95.2716732025
35.7351093292,-26.7399802208,-61.6377878189
35.7556533813,-30.9255251884,-61.8367033005
35.8251514435,-35.0702590942,-61.9191722870
34.3869152069,-26.8621125221,-64.4395303726
34.4325103760,-31.0302262306,-64.6353130341
34.4819631577,-35.1528177261,-64.7697734833
30.9695200920,-26.8537836075,-65.5572032928
31.0538063049,-31.0162258148,-65.7825517654
31.1388936043,-35.1468734741,-65.9464445114
33.9019813538,-26.9216170311,-66.9539241791
33.9577145576,-31.0922207832,-67.1584224701
34.0085587502,-35.2085676193,-67.3003158569
37.2089538574,-26.9791774750,-66.0605154037
37.2036447525,-31.1666512489,-66.2399396896
37.2118597031,-35.2720260620,-66.3471364975
48.9455862045,-36.5416650772,-87.0316085815
48.6244106293,-32.8411011696,-86.6442718506
49.0354948044,-36.2887516022,-91.0371475220
48.7953777313,-32.4565663338,-90.6351737976
48.8433294296,-28.5381526947,-89.8812675476
45.1750316620,-28.3763442039,-81.9202022552
45.0394258499,-32.4782562256,-82.2504539490
45.1537361145,-36.4044036865,-82.6920166016
44.7092151642,-28.2942714691,-85.9525756836
44.7851781845,-32.3229770660,-86.3651847839
44.9734487534,-36.2244358063,-86.7814636230
44.6093406677,-28.0575680733,-89.9459247589
44.7211017609,-32.1081180573,-90.4046363831
44.9110345840,-36.0713195801,-90.8015632629
41.0519590378,-27.9337196350,-81.6834888458
41.0700674057,-32.0519266129,-82.0174655914
41.1693134308,-36.0453596115,-82.3994464874
40.6864566803,-27.8899998665,-85.7530975342
40.7987127304,-31.9771246910,-86.1266326904
40.9577779770,-35.9679365158,-86.5064849854
40.4890851974,-27.7804040909,-89.8123779297
40.6366214752,-31.8717641830,-90.1980533600
40.8214025497,-35.8928871155,-90.5624103546
40.5840091705,-40.2056608200,-133.2796630859
44.4914045334,-39.8251094818,-134.4106559753
44.8784103394,-40.3082981110,-141.5925941467
40.0000591278,-40.5109891891,-138.4278297424
44.8536748886,-40.0991697311,-137.5395011902
47.7799663544,-35.5023622513,-132.2596549988
47.9756937027,-31.3037524223,-132.1899757385
47.8473796844,-27.2489919662,-132.1175498962
43.9484233856,-35.1489391327,-132.0582008362
43.8675289154,-31.2133421898,-132.1362266541
43.4921464920,-27.3126640320,-132.1932716370
39.7769947052,-35.6521959305,-132.7157058716
39.6484003067,-31.5929980278,-131.9868011475
38.8192882538,-27.8948273659,-132.2674446106
44.0133752823,-36.6981678009,-137.2931785583
47.7550811768,-35.0553722382,-136.7845802307
48.3276844025,-31.0282649994,-136.6102066040
48.2219629288,-27.0992574692,-136.4999313354
44.4684066772,-34.1791200638,-136.8149986267
44.4732379913,-30.7200198174,-136.8719024658
43.9370613098,-27.1145491600,-136.8991012573
41.0451135635,-34.6039838791,-137.3575057983
40.8339948654,-31.1623306274,-137.0552024841
39.4839153290,-28.0816717148,-137.3607177734
38.3225498199,-32.0504984856,-137.6851005554
44.2755184174,-36.5722112656,-142.1509933472
48.0460510254,-34.6716880798,-141.3050270081
48.7794303894,-30.8454890251,-141.0787734985
48.7356510162,-27.0042953491,-140.8937263489
44.8808593750,-33.7415399551,-142.1610946655
44.9222812653,-30.4764652252,-141.9586181641
44.3463935852,-26.9942998886,-141.8117256165
41.5228919983,-34.6629743576,-142.7847938538
41.3989839554,-31.0730738640,-142.7166976929
39.7376489639,-28.1121516228,-142.7748718262
38.6624803543,-32.3501162529,-143.2042655945
45.8357315063,-37.4348840714,-145.5775985718
47.4157238007,-37.7636642456,-148.0281295776
46.2356138229,-37.1109237671,-150.4963264465
45.9761085510,-35.9862823486,-147.4636764526
43.7403173447,-37.8970603943,-148.3722572327
45.3860425949,-34.7320575714,-151.5903244019
45.6009683609,-30.9436726570,-151.6222496033
44.6212244034,-27.2198753357,-151.6834907532
47.7371187210,-33.8944835663,-147.1349983215
48.1617813110,-30.5262684822,-146.9703025818
48.0114574432,-26.8354296684,-146.7743988037
49.0386114120,-34.8705101013,-144.7985229492
49.8549928665,-30.9117841721,-144.6131210327
49.8968076706,-26.9900074005,-144.4149017334
49.7613058090,-34.9840383530,-147.6938476562
50.5164031982,-30.9417781830,-147.5158042908
50.5422182083,-26.9472751617,-147.3360748291
48.7327432632,-34.5669088364,-150.4017219543
49.1565141678,-30.7874536514,-150.2142028809
49.0159721375,-26.9104180336,-150.0449981689
44.6843194962,-26.9370350838,-146.7738952637
45.2788295746,-30.4574179649,-146.9599952698
45.2279834747,-33.7617387772,-147.1274681091
40.5920257568,-27.8340196609,-148.8557968140
42.3241443634,-31.2026743889,-148.7085533142
42.2475633621,-35.1687726974,-148.5784492493
39.7067995071,-32.4561219215,-150.2155227661
9.0536650419,-26.7636771202,-72.9948329926
9.0896238089,-31.1825194359,-73.2788295746
8.8591133356,-35.5864038467,-73.4785881042
8.5232576132,-26.5107870102,-69.5092792511
8.4795283079,-30.8487153053,-69.8182983398
8.3115897179,-35.1966657639,-69.9995880127
11.1098730564,-26.5583252907,-67.6273975372
11.0622050762,-30.8445682526,-67.9561824799
10.9754545689,-35.1382875443,-68.1663188934
7.8880914450,-26.4724225998,-66.8555507660
7.8199895620,-30.7607326508,-67.1683387756
7.6775233746,-35.0816135406,-67.3425064087
58.1793451309,-27.4412970543,-169.9570541382
58.2639169693,-31.7529253960,-170.1123237610
58.2225027084,-36.1414613724,-170.2825546265
60.4725961685,-27.3920102119,-167.6636695862
60.5656175613,-31.6099672318,-167.8160171509
60.6965351105,-35.7639799118,-167.9420242310
57.2758159637,-27.4674444199,-167.2623748779
57.3761291504,-31.7224917412,-167.4091720581
57.5159769058,-35.9079113007,-167.4916801453
54.4307947159,-27.5405988693,-169.2014541626
54.5690202713,-31.9514389038,-169.3176498413
54.4378595352,-36.5773468018,-169.4568023682
58.8341693878,-36.4463720322,-173.8703536987
59.0522489548,-31.8044886589,-173.5583267212
58.8986587524,-27.4217424393,-173.4268264771
54.0732192993,-27.5432295799,-174.5343513489
46.5901613235,-27.6609625816,-173.3659019470
54.6647005081,-32.0617046356,-174.3735237122
54.1399660110,-37.0365924835,-174.8834495544
46.7035732269,-36.8872413635,-173.4622726440
48.2546644211,-32.2084183693,-172.6945495605
58.4056987762,-36.4219465256,-178.2860946655
58.6972789764,-31.8076000214,-177.7528419495
58.0929374695,-27.4205074310,-177.9294700623
64.7533082962,-27.1963419914,-128.4193935394
64.5338783264,-31.0443315506,-128.7713489532
64.9589157104,-34.8069753647,-128.4291782379
70.7493820190,-27.2017507553,-195.0125999451
70.7281665802,-31.4700946808,-195.0139045715
70.5219402313,-35.8423271179,-194.9790763855
73.0116901398,-27.1499280930,-192.7482566833
73.0369663239,-31.3172168732,-192.7845306396
73.0774898529,-35.4328861237,-192.7467460632
69.8753604889,-27.1820974350,-192.3180465698
69.9082851410,-31.3709669113,-192.3142509460
69.9286174774,-35.5205583572,-192.1984977722
67.0811309814,-27.2384853363,-194.1984519958
67.1287088394,-31.5646448135,-194.1219329834
66.7719316483,-36.1477003098,-194.0242538452
70.9868183136,-36.1989402771,-198.6351280212
71.3725490570,-31.5775523186,-198.5462570190
71.3768863678,-27.2211475372,-198.6190338135
66.4168863297,-27.2930374146,-199.2314300537
59.2350463867,-27.3708901405,-198.1364479065
66.8435983658,-31.7777609825,-198.7820816040
66.0326957703,-36.7375669479,-199.1544532776
59.7804412842,-31.8378200531,-203.0696754456
59.4201936722,-36.5285434723,-197.9679527283
60.9053173065,-31.8498353958,-197.2361488342
70.2616424561,-36.2192039490,-203.2301292419
70.8090572357,-31.6265659332,-202.7909545898
70.4352378845,-27.2143578529,-203.3330802917
-11.4193584919,-26.7240729332,-30.4235100746
23.1157298088,-26.8105888367,-34.1839761734
23.2727308273,-30.9047989845,-34.3583545685
23.4113507271,-35.0015668869,-34.5020408630
23.0434522629,-26.9283456802,-31.0986328125
23.1705570221,-31.0144591331,-31.2529616356
23.3063879013,-35.0826587677,-31.3750896454
22.9067063332,-31.1273980141,-28.1801419258
23.0356922150,-35.1675281525,-28.2713294029
77.4175395966,-35.7668390274,-161.0105743408
77.2227325439,-27.2807540894,-164.8940696716
77.2682304382,-31.4818005562,-164.9865493774
77.3050937653,-35.6832628250,-165.1025772095
84.6908702850,-35.2869167328,-207.6685485840
84.5977630615,-31.1410846710,-207.8706512451
84.2314319611,-26.6765508652,-208.2453231812
86.7263050079,-35.2473373413,-205.4917297363
86.5998649597,-31.0776100159,-205.5901260376
86.2163791656,-26.7628679276,-205.6373176575
87.2717590332,-35.2445631027,-208.3459815979
87.1709575653,-31.0552020073,-208.5014305115
86.7691574097,-26.5034298897,-208.6643562317
85.6376895905,-35.3361740112,-210.8558235168
85.6370105743,-31.2470297813,-211.0839424133
85.5573253632,-26.9223742485,-211.5541992188
81.2922515869,-26.9282555580,-208.2900466919
81.3449020386,-31.2216348648,-207.6869392395
81.3279113770,-35.3499660492,-207.4914398193
81.2246551514,-35.4873456955,-212.1842346191
79.3427619934,-35.9830236435,-221.0090713501
82.2621803284,-36.0013732910,-216.6340446472
81.5665817261,-31.3392190933,-212.1113586426
81.3209133148,-27.0306978226,-212.9574928284
79.2461509705,-26.6027765274,-220.7776184082
77.3918266296,-31.3066573143,-220.8134231567
80.5095081329,-31.3851461411,-219.9576644897
82.8207263947,-31.4677529335,-216.2274208069
82.1822299957,-26.8745675087,-216.6405487061
77.2927017212,-26.8993535042,-209.6539993286
77.5702266693,-31.2904424667,-208.9798965454
77.1918239594,-35.5144405365,-209.2033462524
81.9425468445,-31.3447489738,-238.9526023865
83.3521652222,-30.1287999153,-234.4401473999
81.8905849457,-35.3769540787,-234.7464523315
78.4739513397,-30.7028303146,-234.1422004700
82.6689567566,-34.1649560928,-229.1841697693
83.5816040039,-31.0630226135,-227.3618507385
83.0338649750,-27.7769670486,-228.4948463440
79.9186916351,-30.8138623238,-228.5127220154
83.8366394043,-30.4433498383,-230.5686225891
-8.0873084068,-26.9608774185,-20.3069291115
-8.1908537149,-31.1503047943,-20.4402379990
-8.2614430189,-35.3397293091,-20.5456848145
-4.7505584359,-26.9839119911,-20.2370362282
-4.8366780281,-31.1574273109,-20.3674626350
-4.8928494453,-35.3286266327,-20.4739575386
-1.4415442981,-27.0019102097,-20.1436223984
-1.5110172201,-31.1649289131,-20.2684044838
-1.5545792375,-35.3249177933,-20.3727502823
-8.0714813471,-26.9175157547,-23.7397203445
-8.2003555298,-31.1195249557,-23.9120173454
-8.2914261818,-35.3253488541,-24.0530943871
-4.7342352867,-26.9449477196,-23.6354441643
-4.8404171467,-31.1250576973,-23.8043489456
-4.9115768671,-35.3041324615,-23.9451823235
-1.3910032250,-26.9677228928,-23.4694170952
-1.4747556709,-31.1325855255,-23.6307420731
-1.5283272825,-35.2944593430,-23.7675552368
-8.0583841801,-26.8590750694,-27.2115554810
-8.2073367834,-31.0785851479,-27.4243373871
-8.3162090778,-35.3083906174,-27.6052279472
-4.7354592085,-26.8929543495,-27.0880522728
-4.8572766185,-31.0834145546,-27.2967796326
-4.9400855899,-35.2755651474,-27.4751229286
-1.3555202186,-26.9238705635,-26.8429875374
-1.4498059191,-31.0928435326,-27.0415506363
-1.5103249513,-35.2596721649,-27.2127156258
88.3580398560,-27.6815676689,-228.6074447632
88.3715248108,-31.0229797363,-227.8790359497
88.0802440643,-34.2385926247,-229.7306556702
88.3748912811,-30.3218603134,-230.7317276001
93.0636634827,-27.5342707634,-228.6986923218
93.0662136078,-30.7975230217,-228.0667724609
93.0065059662,-33.7674417496,-229.6938705444
93.0584030151,-29.9929428101,-230.7193260193
97.7013092041,-27.4067301750,-228.9099006653
97.7085781097,-30.5621895790,-228.3292732239
97.7147140503,-33.4610462189,-229.6797485352
97.7099609375,-29.7252569199,-230.6332702637
97.7454624176,-29.2240142822,-233.8559150696
93.0539894104,-29.4822373390,-234.0356216431
88.2245330811,-29.9518742561,-234.4171943665
87.9775867462,-35.1464776993,-234.7795562744
88.4322490692,-42.5160522461,-233.6051063538
92.9957675934,-34.1557044983,-234.0081748962
97.7620143890,-34.1578502655,-233.9821739197
93.3373565674,-41.4975299835,-238.0607528687
97.7981605530,-41.7992124557,-232.6000022888
93.1298942566,-40.6871671677,-232.0495033264
97.8149547577,-30.3337273598,-237.9023895264
93.0884780884,-30.3979496956,-237.7619972229
88.0930900574,-31.2674641609,-238.8491058350
28.7920136452,-14.3737292290,-67.8148536682
28.9161281586,-18.5797224045,-68.3447761536
29.0283622742,-22.7898583412,-68.7676105499
33.1439480782,-14.3749120235,-68.7868156433
33.2875695229,-18.6115131378,-69.2771606445
33.4086413383,-22.8480992317,-69.6591129303
37.6278305054,-14.4501430988,-68.3908042908
37.7803897858,-18.7118048668,-68.8336486816
37.9237833023,-22.9810180664,-69.1568298340
28.3897013664,-14.5374419689,-71.8070735931
28.4751381874,-18.7645745277,-72.3380680084
28.5589876175,-22.9930524826,-72.7794170380
32.8741946220,-14.5696592331,-72.3580646515
32.9813523293,-18.8162508011,-72.8348827362
33.0745592117,-23.0567111969,-73.2255706787
37.3654441833,-14.6843349934,-72.4888572693
37.4896697998,-18.9603152275,-72.8977947235
37.5826377869,-23.2298955917,-73.2273139954
28.1636052132,-14.6814346313,-75.7538127899
28.2236504555,-18.9278240204,-76.2793903351
28.2929749489,-23.1749262810,-76.7333831787
32.5945158005,-14.7312021255,-76.1622238159
32.6752729416,-18.9854145050,-76.6269741058
32.7548837662,-23.2279686928,-77.0282955170
36.9977359772,-14.8405230045,-76.4538497925
37.0953617096,-19.1204085350,-76.8464279175
37.1731233597,-23.3832902908,-77.1887454987
33.2311849594,-14.7825775146,-118.8675498962
33.2668175697,-19.0830831528,-119.2447776794
33.2903890610,-23.3848671913,-119.5681037903
35.5261678696,-14.8486196995,-116.6440753937
35.5359439850,-19.1074724197,-117.0140495300
35.5841512680,-23.3589677811,-117.3391246796
32.4005527496,-14.8532154560,-116.1407279968
32.4226131439,-19.1398491859,-116.5286045074
32.4649515152,-23.4275202751,-116.8641242981
29.5655922890,-14.7673656940,-117.9952754974
29.6673221588,-19.1155052185,-118.3647022247
29.6357445717,-23.4784288406,-118.7235507965
33.8465642929,-23.4793601036,-123.0882263184
33.8826274872,-19.1409845352,-122.7826747894
33.7932128906,-14.8090567589,-122.4409446716
28.9141850471,-14.7607374191,-123.3302230835
29.4299845695,-19.2337398529,-123.4066505432
29.0070943832,-23.7492952347,-123.9065437317
32.7410006523,-23.8466610909,-127.5913677216
33.1381392479,-19.3552050591,-127.1045036316
32.6881408691,-14.8985993862,-127.0310764313
17.1315248013,-14.5179867744,-97.6365680695
17.5991449356,-18.9894142151,-97.9598045349
17.1073074341,-23.5392379761,-98.8358955383
21.4437098503,-23.6279354095,-106.4805507660
21.9034695625,-19.1448225975,-105.6619472504
21.4085447788,-14.7103130817,-105.4778003693
21.0232551098,-14.6651928425,-101.1226253510
21.4615015984,-19.0866560936,-101.3900718689
21.0583691597,-23.5636305809,-102.1927776337
21.9771080017,-14.6567571163,-96.6026706696
22.0630984306,-19.0186948776,-97.1560459137
22.0160856247,-23.4419202805,-97.7277832031
21.3161029816,-14.6808247566,-93.1111412048
21.3429627419,-19.0350799561,-93.7120189667
21.3477873802,-23.4505925179,-94.2811012268
23.5937099457,-14.8062548637,-90.8723430634
23.6090464592,-19.1240000725,-91.4473781586
23.6555924416,-23.4815917015,-91.9776287079
20.4161419868,-14.7979247570,-90.4245414734
20.4198570251,-19.1451044083,-91.0331840515
20.4267444611,-23.5614590645,-91.5976791382
17.5985696316,-14.6229088306,-92.3341617584
17.6634294987,-19.0190262794,-92.9417171478
17.5666270256,-23.5025525093,-93.5744247437
35.1253705025,-14.1869430542,-60.5939788818
35.3274803162,-18.3663125038,-61.0905160904
35.5876393318,-22.5635948181,-61.3967323303
33.8922228813,-14.2850353718,-63.3195877075
34.0854864120,-18.4728145599,-63.8065643311
34.2707810402,-22.6733345985,-64.1694030762
30.5280370712,-14.2969756126,-64.3575801849
30.7004809380,-18.4796957970,-64.8672409058
30.8531002998,-22.6714582443,-65.2582921982
33.4728212357,-14.2832345963,-65.8051204681
33.6481904984,-18.4972739220,-66.2996959686
33.8000087738,-22.7176389694,-66.6735515594
36.7527990341,-14.2877976894,-64.9985132217
36.9290781021,-18.5160064697,-65.4718112946
37.1163892746,-22.7588195801,-65.8098707199
48.0724248886,-15.2853631973,-88.6714668274
48.2399959564,-19.7010750771,-88.8581771851
48.6394739151,-24.2448878288,-89.1824703217
44.9872541428,-15.2482078075,-81.2666244507
45.1179780960,-19.6590123177,-81.4662494659
45.2361497879,-24.0871143341,-81.6705951691
44.1689605713,-15.2330160141,-85.0551490784
44.3192119598,-19.6264910698,-85.2943687439
44.5444726944,-24.0420441628,-85.5844879150
44.0913009644,-15.1699845791,-88.9387931824
44.2275476456,-19.5146965981,-89.2021236420
44.4370985031,-23.8484897614,-89.5240154266
40.8134469986,-15.0771524906,-80.7679691315
40.9196176529,-19.4050374031,-81.0733108521
41.0147209167,-23.7096796036,-81.3734703064
40.3090515137,-15.0883901119,-84.7404899597
40.4221048355,-19.4036660194,-85.0608806610
40.5616111755,-23.6909351349,-85.3951072693
40.0988492966,-15.0540621281,-88.7572937012
40.2031984329,-19.3438172340,-89.0872154236
40.3437767029,-23.5997767448,-89.4356594086
47.7527484894,-22.9521203041,-146.4974517822
47.5741853714,-18.8948097229,-146.1640243530
47.4345502853,-14.7379624844,-145.8322334290
49.7443418503,-23.0122175217,-144.1590270996
49.6034536362,-18.9367194176,-143.8576812744
49.4933977127,-14.7866799831,-143.5360221863
50.3821821213,-22.9286203384,-147.1000022888
50.2296199799,-18.8374276161,-146.8151206970
50.1020812988,-14.6853332520,-146.5107269287
48.7772483826,-22.9324030876,-149.7914047241
48.6149177551,-18.8229708672,-149.4747772217
48.4594278336,-14.6486034393,-149.1800346375
43.9132223129,-14.8020126820,-145.6601066589
44.1042356491,-19.0256128311,-146.0126609802
44.2160606384,-23.1542253494,-146.4321517944
44.1299962997,-23.2860226631,-151.3063240051
42.5943212509,-23.5805678368,-160.4264717102
45.5644845963,-23.4118628502,-155.9221725464
44.3393201828,-18.9819560051,-150.7137298584
43.7951116562,-14.6629328728,-150.7068252563
42.4248666763,-14.5766077042,-159.9533233643
43.5357236862,-19.0542945862,-159.7897491455
45.8733091354,-19.0212330818,-155.3219413757
45.3086376190,-14.6669034958,-155.4001960754
39.5582227707,-14.8034906387,-147.4449729919
40.1416473389,-19.2933549881,-147.5156555176
39.7250375748,-23.9618721008,-148.3488502502
9.2940953970,-18.6652274132,-80.3159046173
8.8882346749,-14.2702076435,-79.9351215363
8.3699300885,-14.0569860935,-75.5718784332
8.7201392651,-18.3968279362,-76.0308246613
8.1639464498,-22.8097515106,-76.9977149963
9.3160845041,-13.8587000370,-71.0376529694
9.3210431337,-18.1080598831,-71.7919673920
9.1287091970,-22.4381394386,-72.4860897064
8.7877151966,-13.7487299442,-67.5658721924
8.7274626493,-17.9480304718,-68.3522415161
8.6013592482,-22.2105803490,-69.0130004883
11.2783844471,-13.9037394524,-65.7730894089
11.2245671749,-18.0752570629,-66.5258913040
11.1604747772,-22.2997946739,-67.1487293243
8.1614873409,-13.8500723839,-64.9684019089
8.0702316761,-18.0048103333,-65.7381219864
7.9652144909,-22.2198638916,-66.3740253448
4.8925193772,-13.6205928326,-66.0929899216
4.8125308827,-17.8073687553,-66.8720302582
4.6102202974,-22.0622906685,-67.5587654114
30.8885674477,-14.2094907761,-48.7003631592
30.5636372566,-14.0891501904,-51.1573390961
31.1907224655,-18.1909198761,-49.0935716629
30.8695425987,-18.1474571228,-51.5738801956
31.5409917831,-22.1802616119,-49.2928857803
31.1809902191,-22.2177624702,-51.8419914246
32.9982705116,-13.9904353619,-52.3368091583
33.3180756569,-18.0592801571,-52.7774620056
33.6633038521,-22.1439619064,-53.0208826065
58.0962133408,-14.6570801735,-169.3120269775
58.1529798508,-18.9016270638,-169.5359954834
58.1386604309,-23.1664214134,-169.7656021118
60.3502349854,-14.6997430325,-167.0768013000
60.3894948959,-18.9263353348,-167.2826080322
60.4173183441,-23.1612572670,-167.4851036072
57.1780204773,-14.7150332928,-166.6230125427
57.2201604843,-18.9541296959,-166.8516349792
57.2267017365,-23.2092990875,-167.0732307434
54.3742752075,-14.6562876701,-168.5225105286
54.4854116440,-18.9274592400,-168.7373771667
54.3949365616,-23.2302765846,-169.0075531006
58.8531465530,-23.1629471779,-173.2469482422
58.9316949844,-18.8786520958,-172.9998474121
58.8221979141,-14.6247227192,-172.8066024780
54.0127401352,-14.5591204166,-173.8775520325
46.5306644440,-14.4440772533,-172.7743682861
54.5067796707,-18.8875274658,-173.8197669983
54.0182151794,-23.2479166985,-174.3518447876
47.3453292847,-18.8214793205,-178.3891448975
46.5182313919,-23.3332691193,-173.2296524048
48.0881013870,-18.8963913918,-172.2735443115
58.0156040192,-23.1920852661,-177.7747421265
58.4395790100,-18.8749947548,-177.2788467407
57.9919815063,-14.5808749199,-177.3567008972
64.7892169952,-15.9205422401,-127.8555068970
64.4330348969,-19.6593589783,-128.4203052521
64.7194004059,-23.5021433830,-128.3019714355
66.5381536484,-23.0991311073,-199.2015800476
67.2956333160,-18.8180394173,-198.7567939758
66.9977884293,-14.4985775948,-198.9393501282
70.8603000641,-14.5552046299,-194.5158271790
70.8736457825,-18.7685246468,-194.7021522522
70.7928295135,-22.9852504730,-194.9004745483
73.0247077942,-14.5893468857,-192.2639274597
73.0298671722,-18.7849640846,-192.4446716309
73.0119667053,-22.9742050171,-192.6270179749
69.9099979401,-14.5935578346,-191.8965034485
69.9203338623,-18.7935614586,-192.0656547546
69.8804855347,-22.9932222366,-192.2251739502
67.2178411484,-14.5450949669,-193.8167037964
67.2834396362,-18.7745118141,-193.9447784424
67.1231231689,-23.0131626129,-194.1283798218
71.4585533142,-23.0318512917,-198.4841804504
71.6434001923,-18.8004927635,-198.1562957764
71.6137447357,-14.5489203930,-197.9214248657
70.5305824280,-23.0522069931,-203.2327041626
71.1189537048,-18.8600449562,-202.4683914185
70.8605670929,-14.5492928028,-202.3326225281
71.2131977081,-18.9090576172,-208.6307220459
70.2933540344,-22.9961404800,-209.8489990234
71.0278606415,-19.2238426208,-214.3850250244
66.1955986023,-19.0135421753,-209.1999969482
72.1684970856,-14.5046846867,-213.1324768066
73.3357257843,-13.4130728245,-209.6325492859
71.5163192749,-13.9161074162,-206.2000961304
72.4531879425,-15.9696619511,-208.9857749939
68.8151607513,-14.0066418648,-209.4895286560
-12.2820508480,-13.8972725868,-31.4830174446
-10.4595522881,-14.1385974884,-29.3979878426
-10.8320562840,-18.2887096405,-29.7826170921
-11.1628382206,-22.4859809875,-30.1295170784
-13.1120548248,-13.9819402695,-29.2757530212
-7.5165888071,-14.2252526283,-29.8827395439
-7.8479696512,-18.3696751595,-30.2647209167
-8.1344863176,-22.5514011383,-30.6096687317
-4.1502660513,-14.3309347630,-29.6595273018
-4.4268097878,-18.4718599319,-30.0160126686
-4.6581695676,-22.6374497414,-30.3379192352
-0.8025238812,-14.4107367992,-29.3656425476
-1.0244063139,-18.5501165390,-29.6918177605
-1.2058689892,-22.7038993835,-29.9883799553
-7.7359228134,-14.0974824429,-33.5530290604
-8.0871483088,-18.2406404018,-33.9892921448
-8.4058077335,-22.4322276115,-34.3986501694
-4.1703098416,-14.2524392605,-33.0863914490
-4.4645000696,-18.3880515099,-33.4936695099
-4.7133562565,-22.5555772781,-33.8668198586
-0.7180770934,-14.3571314812,-32.6578502655
-0.9536685348,-18.4906787872,-33.0290532112
-1.1457040012,-22.6427717209,-33.3694825172
-7.7089458704,-14.0016846657,-37.1374855042
-8.0565294027,-18.1370854378,-37.6046781540
-8.4097419977,-22.3314404488,-38.0895528793
-4.0145319402,-14.1873822212,-36.4905290604
-4.3186779618,-18.3130393028,-36.9441232681
-4.5799197555,-22.4779171944,-37.3682441711
-0.5172478445,-14.3079988956,-35.9364500046
-0.7623542845,-18.4327535629,-36.3513851166
-0.9605520368,-22.5801129341,-36.7346754074
77.1760540009,-23.0796508789,-164.8160209656
77.1313819885,-18.8791108131,-164.7485694885
77.1845226288,-14.6923098564,-160.6194305420
77.0892658234,-14.6802198887,-164.6945075989
85.8711471558,-14.2357923985,-212.5453262329
85.8086128235,-14.1455423832,-208.9319000244
85.5737972260,-14.2351572514,-205.2085533142
85.9931011200,-18.2123124599,-212.2977981567
86.0251274109,-18.1110246181,-208.8045501709
85.7241611481,-18.3008718491,-205.2007598877
85.7581062317,-22.4507246017,-212.0395469666
86.2913208008,-22.0890326500,-208.7521781921
85.8615322113,-22.4454998970,-205.4287033081
81.9750347137,-14.1204826832,-212.3535995483
81.7594490051,-13.9446647167,-208.8730468750
81.3234786987,-14.1174492836,-205.2135772705
82.2639484406,-17.8801968098,-211.9549789429
82.1197738647,-17.7286067009,-208.6942024231
81.5338363647,-18.1105167866,-205.2679367065
82.2618713379,-21.7089323997,-211.4769973755
82.4265518188,-21.2979359627,-208.6623191833
81.6579666138,-22.0943374634,-205.8156776428
81.9044151306,-23.8709230423,-208.7206230164
77.5509681702,-14.4223227501,-213.1624031067
77.6521492004,-13.7388751507,-209.2641181946
76.8597393036,-14.0786175728,-205.5900650024
78.1894016266,-17.9108836651,-212.1787033081
78.3587837219,-17.4443492889,-209.0130004883
77.2273540497,-18.0743844509,-205.9284782410
75.5650100708,-18.0976340771,-209.3854522705
78.4391994476,-21.5296020508,-212.1440505981
78.8050212860,-20.8314700127,-209.0838737488
77.4984664917,-21.8686571121,-206.6577529907
77.9317035675,-23.5073509216,-209.7329025269
75.9997291565,-21.7950344086,-209.9816246033
77.7991638184,-19.3106298447,-222.4966201782
81.7710227966,-24.0842199326,-215.5371437073
82.9224624634,-21.7226390839,-217.3438529968
83.3650417328,-18.3490681648,-217.4845275879
82.9646530151,-14.8458278179,-218.0961494446
85.4665088654,-14.4524242878,-216.0834274292
85.5340690613,-18.3446965218,-215.6849555969
85.0189590454,-22.3815746307,-215.3739204407
82.3581905365,-14.4088897705,-215.3704757690
82.5836868286,-18.0958118439,-214.8074989319
82.3045501709,-21.7581067085,-214.3011207581
79.0659370422,-15.0865147114,-216.7029228210
79.6675395966,-18.3849067688,-215.5993995667
79.4150829315,-21.9191341400,-215.6221733093
77.7403163910,-18.9697072506,-217.3432235718
83.5268096924,-22.3226699829,-221.2084770203
84.2385311127,-18.8174557686,-221.4110260010
83.5718574524,-15.3771872520,-221.8448219299
80.9390602112,-18.9150626659,-221.8091506958
83.1519279480,-22.9777874947,-226.0503997803
84.1695537567,-19.2902626991,-226.7045516968
83.1797428131,-15.5695524216,-226.8194770813
80.1465778351,-19.3882024288,-226.9693450928
33.1071581841,-10.7519798279,-130.9755992889
30.9621076584,-2.0405040383,-133.1123218536
31.5767340660,-6.3056592345,-133.7152462006
33.9227986336,-6.4398665428,-129.8612518311
33.5328826904,-2.1091256142,-129.3281421661
33.8947229385,-10.5629558563,-121.9320945740
32.8392705917,-10.6566257477,-126.4784736633
29.0755958557,-10.5107755661,-122.7656497955
29.6721930504,-10.4889075756,-117.4794235229
32.4695858955,-10.5857245922,-115.6755237579
35.5757131577,-10.5951473713,-116.2113990784
33.3078913689,-10.5110902786,-118.3841991425
34.1325430870,-6.2862988710,-121.2839221954
33.5524458885,-6.3698395491,-125.4455490112
29.9084429741,-6.2494330406,-121.7197723389
29.9686923027,-6.2292313576,-116.8569488525
32.5985164642,-6.3240838051,-115.1758518219
35.6355094910,-6.3354865313,-115.7542533875
33.4566535950,-6.2543264627,-117.8192024231
34.0724015236,-2.0605530739,-120.6128768921
33.2846884727,-2.0803835988,-124.8910007477
29.8334398270,-2.0311064720,-121.1003494263
30.1396298409,-2.0467199087,-116.2695980072
32.6697616577,-2.0958874226,-114.7874507904
35.5470552444,-2.1010019779,-115.4023284912
33.4941039085,-2.0629590154,-117.1982040405
21.5491380692,-10.5183653831,-104.8019008636
22.3160905838,-6.3035790324,-103.5915527344
21.9525079727,-2.0618616641,-102.9771518707
22.0646247864,-10.4194502831,-95.9041957855
21.1470332146,-10.4695830345,-100.4107227325
17.2754096985,-10.3052773476,-96.8522548676
17.7017316818,-10.3519723415,-91.5818767548
20.4772882462,-10.5204827785,-89.7329750061
23.6251072884,-10.5348875523,-90.2280788422
21.3824338913,-10.4025278091,-92.4095020294
22.2928891182,-6.1808577180,-95.0763759613
21.8260321617,-6.2497460842,-99.2314987183
18.0536146164,-6.1155534983,-95.5941104889
17.9655115604,-6.1373009682,-90.7179088593
20.5756545067,-6.2838213444,-88.9924240112
23.6616172791,-6.2904990911,-89.5470161438
21.5116291046,-6.1754286289,-91.6250820160
22.2545499802,-2.0200239420,-94.2484951019
21.5840044022,-2.0364467204,-98.5556545258
17.9307730198,-1.9822672307,-94.7915802002
18.0767004490,-2.0149427652,-89.8896751404
20.5878572464,-2.0852695107,-88.3400859833
23.5516295433,-2.0858314633,-88.9610824585
21.5310726166,-2.0346581340,-90.7952232361
34.7824864388,-10.0827344656,-59.9865627289
36.4665307999,-10.1066825390,-64.3885917664
33.2483811378,-10.0989024639,-65.1670455933
30.3240194321,-10.1424500942,-63.7098169327
33.6206216812,-10.1378023624,-62.6903686523
34.2984619141,-6.0009161830,-59.2877378464
36.0621376038,-5.9697533250,-63.6182899475
32.9951076508,-5.9654137492,-64.3450536728
30.1239833832,-6.0269305706,-62.8940181732
33.2790107727,-6.0302007198,-61.9053945541
33.9059090614,-1.9765627086,-58.4361858368
35.6111717224,-1.9555287361,-62.6265239716
32.8107175827,-1.9571769834,-63.2796306610
30.0822649002,-1.9900407791,-61.9029712677
32.9584851265,-1.9921844304,-61.0174255371
47.9561538696,-10.9023602009,-88.5187931061
47.5328683853,-10.9344499111,-85.3150253296
43.9966325760,-10.8285200596,-88.6936454773
44.0617809296,-10.8648328781,-84.8282146454
44.8664894104,-10.8670401573,-81.0664901733
40.0290060043,-10.7530176640,-88.4293670654
40.2242555618,-10.7711253166,-84.4185028076
40.7123880386,-10.7537302971,-80.4503250122
47.8530807495,-6.5251499414,-88.3440856934
47.4399003983,-6.5478305817,-85.1858291626
43.9323034286,-6.4886194468,-88.4290618896
43.9936017990,-6.5114142895,-84.6041450500
44.7704133987,-6.5044881105,-80.8879909515
39.9941301346,-6.4493342638,-88.0876979828
40.1700572968,-6.4588963985,-84.0895881653
40.6237974167,-6.4419873953,-80.1262569427
47.7622871399,-2.1678761244,-88.0108928680
47.3973464966,-2.1784334779,-85.0567646027
43.9234809875,-2.1593736410,-88.0688076019
44.0058393478,-2.1685302258,-84.4076480865
44.7247571945,-2.1630160809,-80.8291683197
40.0144863129,-2.1487174630,-87.7112083435
40.1599826813,-2.1521441340,-83.7616500854
40.5403881073,-2.1446233988,-79.8244819641
42.5408859253,-10.4230570793,-159.4729042053
45.3627853394,-10.5148894787,-154.9521331787
43.3195495605,-2.0059707463,-157.8826980591
40.6120166779,-6.1388905048,-158.4405746460
43.9383811951,-6.2177932262,-158.3224258423
46.0346488953,-6.3077113628,-153.9415740967
45.7022199631,-2.0656366348,-153.5593719482
39.6816005707,-10.5793573856,-146.8815040588
43.9436502457,-10.6145575047,-145.1934814453
43.8300542831,-10.5036571026,-150.2211074829
48.3939790726,-10.4668271542,-148.7877845764
50.0178546906,-10.4965476990,-146.1609039307
49.4282646179,-10.5919051170,-143.1885223389
47.3856153488,-10.5471622944,-145.4365882874
40.5473842621,-6.3198661804,-145.8142471313
44.1741504669,-6.3510391712,-144.6416130066
44.4539222717,-6.2774456739,-149.2437782288
48.3710536957,-6.2401754856,-148.2923316956
49.9235191345,-6.2704875469,-145.7794876099
49.3639068604,-6.3526989222,-142.8564605713
47.3950529099,-6.3102837801,-144.9962921143
40.4664020538,-2.0585274696,-145.4646949768
44.2819299698,-2.0893342495,-144.2521514893
44.3576831818,-2.0470277071,-148.8039283752
48.2445240021,-2.0540593266,-147.7438278198
49.6800584793,-2.0736532807,-145.4200592041
49.2038164139,-2.1104349494,-142.7039566040
47.4245538712,-2.0878151059,-144.6196327209
9.0457927585,-10.1745524406,-78.9764747620
9.7488058805,-6.0955240130,-77.3885879517
9.2795277834,-1.9937614799,-76.4038810730
9.4422303438,-9.7761101723,-70.0385456085
8.5215601325,-9.9988853931,-74.5637931824
5.0976202190,-9.5671058893,-65.0910129547
8.2895464897,-9.7826159000,-64.0215044022
11.3415882587,-9.8079031706,-64.8510742188
8.9073989391,-9.6511011124,-66.5756740570
9.6555103064,-5.7293467522,-68.8041667938
9.1490378380,-5.9409735203,-72.9775333405
5.1881681979,-5.6708613634,-68.7842979431
5.4187432230,-5.6164907813,-63.9056825638
8.4310024977,-5.8024554849,-62.9153470993
11.3686480522,-5.7953861356,-63.7604207993
9.0540547371,-5.6596252322,-65.3888893127
9.5609880686,-1.8473320305,-67.4552440643
8.8152096272,-1.9230687618,-71.8680286407
5.1371707618,-1.8209612668,-67.5844259262
5.6497149765,-1.8294582069,-62.6727056503
8.5024062395,-1.9163774550,-61.7774171829
11.2162098885,-1.9052645564,-62.5710191727
9.0784715414,-1.8446720541,-64.0279951096
56.2429056168,-11.1130325794,-114.6015739441
56.3407096863,-11.1610152721,-110.4061489105
56.4600086212,-11.2079019547,-106.1661262512
52.0349388123,-10.8623528481,-114.2886276245
52.1554145813,-10.8985302448,-110.0567035675
52.2921352386,-10.9369425774,-105.7904014587
60.7470664978,-7.0637702942,-114.8577289581
56.3886747360,-6.7470241785,-114.4769001007
56.4775371552,-6.7796941996,-110.3225479126
56.5672636032,-6.8079667091,-106.1311969757
52.1423158646,-6.5696880817,-114.1046257019
52.2450246811,-6.5936295986,-109.9156742096
52.3529748917,-6.6160694361,-105.6954956055
60.6531772614,-2.3636340499,-114.8645496368
56.3618059158,-2.2626879215,-114.3835525513
56.4210109711,-2.2740514278,-110.2720508575
56.4786376953,-2.2832581997,-106.1456718445
52.1677465439,-2.2007462978,-113.9489517212
52.2335510254,-2.2091076970,-109.8148498535
52.3012809753,-2.2163968086,-105.6693229675
55.9088630676,-10.3553724289,-185.4749031067
58.5792045593,-10.4659774303,-181.3450737000
56.3231248856,-2.0050416589,-184.0750961304
53.9527893066,-6.1251388490,-184.5446014404
57.1507167816,-6.1905316114,-184.4570007324
59.1954565048,-6.2955250740,-180.4449996948
58.6641702652,-2.0666120052,-180.1527481079
58.8374452591,-10.4574956894,-172.4982299805
58.0374755859,-10.4657552242,-177.0003967285
54.0807676315,-10.4194178581,-173.4876251221
54.4091892242,-10.4483006001,-168.1963806152
57.1768598557,-10.4981181622,-166.3518333435
60.3262939453,-10.4867506027,-166.8441009521
58.0978832245,-10.4429454803,-169.0237808228
58.9504747391,-6.2431063652,-172.0646743774
58.5734338760,-6.2775058746,-176.1631469727
54.7433271408,-6.2281874418,-172.5989265442
54.5934839249,-6.2340399027,-167.7622299194
57.2004280090,-6.2806240320,-166.0603752136
60.2813367844,-6.2699141502,-166.6054725647
58.1363639832,-6.2312105894,-168.6693000793
58.7507381439,-2.0514110923,-171.6146965027
58.1532115936,-2.0546687245,-175.8346252441
54.5100278854,-2.0322097540,-172.1388778687
54.6326980591,-2.0564817786,-167.3417243958
57.1506862640,-2.0839685202,-165.8721733093
60.0619049072,-2.0789753795,-166.4540443420
58.0494165421,-2.0605396628,-168.2550926208
29.3266782761,-2.0941466093,-42.7813987732
65.0071830750,-11.7734453678,-127.3792495728
64.7794075012,-7.0239433050,-127.3121261597
64.5239181519,-2.3389640450,-127.2519264221
68.8488254547,-10.2800576687,-209.9047279358
71.5022220612,-10.0596649647,-205.9098777771
68.9691829681,-1.9951370060,-209.3085021973
66.7994499207,-6.3264802992,-209.4384803772
69.8925304413,-6.1414453983,-209.3138580322
71.9628658295,-6.0745189190,-205.3411026001
71.3483123779,-1.9968479872,-205.3594741821
71.6370086670,-10.3669826984,-197.6226234436
70.9270362854,-10.3304755688,-201.8858032227
67.0295867920,-10.3398602009,-198.6193275452
67.2512474060,-10.3673024178,-193.5696983337
69.9202461243,-10.4071178436,-191.6932792664
73.0211696625,-10.4005546570,-192.0824279785
70.8722095490,-10.3653621674,-194.2840766907
71.7177410126,-6.1707222462,-197.2867431641
71.3608779907,-6.1545397639,-201.2299003601
67.5748167038,-6.1570520997,-197.8900184631
67.3934564590,-6.1849777699,-193.2286911011
69.9385433197,-6.2214735746,-191.4904479980
72.9919662476,-6.2137809992,-191.9355468750
70.8949832916,-6.1826528311,-194.0198669434
71.4863204956,-2.0258492827,-196.9756965637
70.8752021790,-2.0084660947,-201.1271286011
67.2476606369,-2.0058779418,-197.6189460754
67.3622941971,-2.0413947105,-192.9148712158
69.8757877350,-2.0632290840,-191.4117012024
72.8226776123,-2.0598345399,-191.9399185181
70.7824935913,-2.0449493527,-193.7142448425
-10.6891331673,-1.8935735524,-29.6884951591
-11.1638269424,-5.7870590091,-30.3658504486
-11.7652025223,-9.8076336384,-30.9727578163
-9.2399154902,-1.9785147309,-27.9859552383
-9.5422222614,-5.9837470651,-28.4440803528
-10.0145606995,-10.0443168879,-28.9463257790
-11.4911797047,-1.9226754606,-27.8952846527
-12.0262196064,-5.8526718020,-28.3151168823
-12.6075446606,-9.8873680830,-28.8224716187
-13.3693294525,-1.8295357525,-29.3699030876
-11.1208753586,-9.7744715214,-33.7240681648
-10.4416735172,-5.7873016000,-33.0130624771
-10.0134022236,-1.8911029696,-32.2890625000
-10.2914819717,-1.8774281144,-35.7449970245
22.1848306656,-10.3292329311,-30.9120297432
22.2348632812,-10.3621323109,-33.8014993668
21.7361950874,-6.1747162342,-28.1819334030
21.8878231049,-6.1943863630,-30.9860363007
21.9626564980,-6.2233877182,-33.8273525238
21.4741029739,-2.0540022850,-28.1987929344
21.5635771751,-2.0631229877,-31.0290622711
21.6701683998,-2.0747389793,-33.8858652115
24.7611045837,-2.0586047769,-34.1497907639
80.6485977173,-11.2559797764,-234.3550758362
83.4288215637,-11.2164292336,-230.5197715759
80.7162265778,-2.1871518493,-233.8913230896
78.6224880219,-6.7721312046,-233.8870468140
81.6519050598,-6.7130038738,-233.6721000671
83.8880996704,-6.6849975586,-229.9379463196
83.3015956879,-2.1817334890,-230.0969390869
83.3365325928,-11.3344774246,-222.0406455994
82.7673511505,-11.4266822338,-226.3646697998
78.5222187042,-11.7487497330,-222.9405403137
79.0412998199,-11.0984797478,-217.6907539368
82.2268276215,-10.4868395329,-215.8558311462
85.3913173676,-10.4609844685,-216.3969764709
82.8246688843,-10.8753895760,-218.5704765320
83.8694419861,-6.5909600258,-221.9056739807
83.4306106567,-6.7019681931,-225.8396453857
79.6325321198,-6.6993246078,-222.4706726074
79.6245250702,-6.4394361973,-217.7795791626
82.3455619812,-6.2852890491,-216.0388984680
85.4366512299,-6.2912257910,-216.5223960876
83.1682090759,-6.4205827713,-218.6123809814
83.8832912445,-2.1499520540,-221.7415885925
83.0916938782,-2.1737095118,-225.8853683472
79.5615100861,-2.1528649926,-222.4394493103
79.8601875305,-2.1054610014,-217.7324066162
82.4515895844,-2.0838222504,-216.1684722900
85.4012794495,-2.0915627480,-216.6604423523
83.2932491302,-2.1169181466,-218.4818305969
