"I1p","Points:0","Points:1","Points:2"
0.24391,-1.4402,-102.08,-1.3585
0.23371,-4.3419,-102.08,-1.2897
0.25533,-1.3139,-102.08,-4.1609
0.2493,-3.9708,-102.08,-3.9177
0.35895,-1.2164,-102.08,-7.2959
0.36093,-3.6222,-102.08,-6.7879
0.045452,-1.4268,-106.25,-1.328
0.033151,-4.314,-106.25,-1.254
0.03314,-1.2801,-106.25,-4.0996
0.031373,-3.8918,-106.25,-3.8344
0.37201,1.2167,-102.08,-7.2955
0.41255,3.6225,-102.08,-6.7873
0.23229,1.3145,-102.08,-4.1603
0.18235,3.9715,-102.08,-3.9168
0.21396,1.4404,-102.08,-1.3583
0.14242,4.3423,-102.08,-1.2894
0.034987,1.1908,-106.25,-7.233
0.07483,3.55,-106.25,-6.7377
0.11594,5.889,-106.25,-5.8851
0.064282,1.2803,-106.25,-4.0994
0.10881,3.892,-106.25,-3.8342
0.14174,6.7692,-106.25,-3.544
0.085204,1.4269,-106.25,-1.328
0.12598,4.3141,-106.25,-1.254
0.17836,7.3487,-106.25,-1.1887
0.21118,48.301,-107.81,-42.816
0.085968,58.144,-107.51,-40.653
0.19202,41.571,-107.83,-43.759
0.21706,43.21,-107.21,-35.297
0.14301,45.89,-107.07,-26.042
0.034352,57.516,-106.87,-28.002
0.074959,46.877,-107.42,-15.421
0.059048,47.108,-108,-5.1134
0.21291,47.872,-94.898,-63.923
0.16387,45.928,-94.717,-75.702
0.24282,41.54,-95.37,-53.174
0.15878,48.773,-95.457,-52.903
0.084503,47.318,-94.76,-42.263
0.035699,58.853,-95.408,-51.84
0.090537,58.492,-94.829,-63.045
0.15682,57.462,-94.641,-75.696
0.18273,56.756,-94.865,-88.04
0.1391,56.224,-95.63,-99.81
0.18984,41.292,-94.813,-43.329
0.069864,42.969,-93.987,-35.239
0.04362,69.684,-94.674,-76.13
0.093422,69.203,-94.678,-88.255
0.14406,68.607,-95.663,-100.65
0.051174,81.295,-95.761,-101.27
0.14411,46.814,-81.281,-64.273
0.22179,44.753,-81.434,-75.42
0.13626,41.145,-81.36,-53.52
0.054189,47.609,-81.262,-52.694
0.021199,57.339,-81.25,-62.524
0.079513,56.576,-81.338,-74.824
0.14702,56.068,-81.538,-87.19
0.19307,55.959,-82.388,-98.558
0.045161,41.054,-81.339,-42.957
0.027281,68.998,-81.25,-87.345
0.082241,68.708,-82.379,-99.679
0.12876,68.903,-83.609,-111.18
0.038888,81.325,-83.43,-112.45
0.084893,81.525,-83.286,-123.82
0.10701,81.639,-83.309,-136.1
0.04043,93.785,-82.701,-137.58
0.053796,94.019,-82.849,-149.5
0.045493,94.298,-82.83,-161.65
0.062934,46.582,-68.636,-64.386
0.1671,44.347,-68.775,-75.306
0.050731,41.002,-68.551,-53.631
0.028229,56.436,-68.804,-74.74
0.082702,55.81,-68.929,-86.97
0.15572,55.764,-69.397,-98.02
0.032559,68.658,-69.051,-99.242
0.089152,68.811,-69.716,-110.69
0.043105,81.182,-69.399,-124.19
0.095987,81.253,-69.779,-135.56
0.04536,93.803,-69.376,-149.05
0.051601,94.235,-69.436,-161.37
0.024559,46.503,-56.056,-64.279
0.10185,44.216,-56.204,-75.033
0.041398,55.742,-56.385,-86.753
0.10873,55.722,-56.655,-97.716
0.050123,68.75,-56.817,-110.53
0.070024,81.117,-56.838,-135.31
0.030864,93.768,-56.605,-148.86
0.051191,94.241,-56.597,-161.32
0.067055,44.212,-43.65,-74.596
0.020681,55.775,-43.863,-86.489
0.07825,55.779,-44.01,-97.416
0.02758,68.765,-44.073,-110.37
0.047989,81.064,-44.034,-135.15
0.047633,94.236,-43.9,-161.26
0.050588,44.286,-31.085,-73.959
0.062857,55.913,-31.365,-97.095
0.036639,81.013,-31.264,-135.08
0.043638,94.189,-31.248,-161.2
0.046836,44.378,-18.46,-73.105
0.062481,56.041,-18.599,-96.862
0.034884,80.893,-18.471,-135.17
0.042124,94.068,-18.572,-161.13
0.056667,43.773,-6.0625,-72.385
0.08589,55.254,-6.0844,-97.34
0.029119,67.923,-6.0069,-110.77
0.046603,80.143,-6.0313,-135.89
0.046859,93.455,-6.1096,-161.4
0.021024,73.943,-137.43,-38.381
0.067694,74.115,-137.91,-26.464
0.052968,74.01,-137.68,-30.478
0.0347,73.955,-137.52,-34.454
0.22855,85.953,-138.48,-34.454
0.23543,85.972,-138.5,-30.484
0.24115,86.008,-138.62,-26.481
0.1843,81.94,-138.18,-34.486
0.20056,81.97,-138.24,-30.521
0.20987,82.027,-138.39,-26.518
0.10315,77.937,-137.86,-34.484
0.12213,77.979,-137.97,-30.519
0.13632,78.061,-138.16,-26.512
0.040213,85.674,-142.65,-34.602
0.055474,85.675,-142.68,-30.676
0.063651,85.694,-142.86,-26.718
0.19027,85.939,-138.65,-46.209
0.21047,85.941,-138.6,-42.301
0.22193,85.945,-138.54,-38.383
0.098147,81.932,-138.27,-46.205
0.12678,81.929,-138.24,-42.312
0.15921,81.929,-138.2,-38.406
0.025813,77.944,-137.85,-46.187
0.051791,77.931,-137.84,-42.303
0.081427,77.926,-137.83,-38.403
0.025124,85.688,-142.63,-38.477
0.099207,85.903,-138.53,-57.895
0.13194,85.929,-138.57,-53.994
0.16408,85.937,-138.62,-50.099
0.02409,81.909,-138.18,-57.828
0.049759,81.935,-138.2,-53.951
0.076453,81.938,-138.24,-50.078
0.032114,85.714,-138.28,-69.499
0.054675,85.796,-138.41,-65.676
0.075569,85.859,-138.49,-61.792
0.081074,74.623,-138.78,-14.284
0.020108,70.758,-138.65,-14.219
0.079557,74.432,-138.49,-18.36
0.075418,74.261,-138.19,-22.425
0.25124,86.268,-139.13,-14.327
0.22338,82.373,-139.02,-14.337
0.15358,78.489,-138.91,-14.322
0.24914,86.156,-138.95,-18.4
0.22078,82.232,-138.8,-18.421
0.1511,78.323,-138.65,-18.407
0.24564,86.068,-138.77,-22.455
0.21606,82.115,-138.58,-22.486
0.14519,78.178,-138.4,-22.475
0.075442,86.037,-143.43,-14.568
0.073954,85.862,-143.2,-18.67
0.069082,85.751,-143.04,-22.731
0.047419,98.009,-139.35,-22.108
0.044573,98.019,-139.37,-18.09
0.041852,98.033,-139.37,-14.077
0.12674,94.021,-139.11,-22.27
0.12205,94.053,-139.19,-18.239
0.11801,94.098,-139.29,-14.202
0.21286,90.036,-138.95,-22.383
0.21241,90.094,-139.08,-18.341
0.21311,90.173,-139.22,-14.284
0.10327,97.956,-143.64,-22.142
0.10469,97.966,-143.65,-18.142
0.10464,97.986,-143.7,-14.134
0.24252,93.857,-143.43,-22.395
0.24698,93.89,-143.49,-18.388
0.24903,93.958,-143.63,-14.358
0.1609,89.772,-143.26,-22.588
0.16797,89.838,-143.38,-18.562
0.16874,89.963,-143.57,-14.499
0.06886,97.896,-148.17,-22.225
0.07483,97.904,-148.05,-18.234
0.07178,97.924,-148.32,-14.252
0.036757,93.64,-147.74,-22.613
0.036655,93.662,-147.69,-18.626
0.038853,93.751,-147.99,-14.64
0.062851,97.999,-139.34,-34.143
0.055284,98,-139.3,-30.125
0.04992,98.003,-139.27,-26.127
0.14992,93.988,-139.02,-34.292
0.14231,93.992,-139,-30.296
0.13338,94.002,-139.03,-26.288
0.21965,89.969,-138.76,-34.39
0.21473,89.979,-138.75,-30.41
0.2131,89.999,-138.83,-26.403
0.096094,97.958,-143.59,-34.117
0.10121,97.956,-143.57,-30.122
0.10159,97.953,-143.6,-26.129
0.21317,93.859,-143.28,-34.31
0.22621,93.853,-143.26,-30.34
0.23548,93.847,-143.34,-26.363
0.12399,89.757,-142.98,-34.471
0.14477,89.751,-142.98,-30.524
0.1543,89.75,-143.12,-26.558
0.056944,97.913,-148.16,-34.142
0.06623,97.909,-147.97,-30.149
0.065957,97.894,-148.14,-26.165
0.02883,93.704,-147.54,-34.401
0.031212,93.688,-147.39,-30.436
0.034754,93.651,-147.65,-26.483
0.0827,97.995,-139.48,-46.058
0.07756,97.997,-139.43,-42.108
0.070138,97.998,-139.35,-38.156
0.16101,93.978,-139.24,-46.146
0.16111,93.982,-139.18,-42.205
0.15644,93.986,-139.09,-38.258
0.20869,89.955,-138.97,-46.191
0.21875,89.96,-138.91,-42.266
0.22264,89.964,-138.83,-38.334
0.075364,97.964,-143.62,-46.055
0.083639,97.964,-143.59,-42.077
0.089191,97.961,-143.59,-38.099
0.15112,93.875,-143.34,-46.15
0.17478,93.874,-143.28,-42.197
0.19612,93.865,-143.29,-38.246
0.068185,89.786,-143.02,-46.218
0.085643,89.78,-142.96,-42.293
0.10312,89.766,-142.98,-38.372
0.036266,97.923,-148.15,-46.072
0.046042,97.926,-147.99,-42.077
0.0503,97.915,-148.16,-38.087
0.024851,93.711,-147.53,-38.264
0.079633,97.984,-139.44,-57.996
0.082051,97.99,-139.46,-54.012
0.083595,97.993,-139.47,-50.033
0.14968,93.949,-139.15,-57.98
0.15474,93.965,-139.19,-54.027
0.15832,93.973,-139.23,-50.082
0.17468,89.918,-138.86,-57.946
0.18779,89.94,-138.9,-54.021
0.19758,89.95,-138.95,-50.103
0.054787,97.955,-143.6,-58.017
0.061849,97.963,-143.59,-54.02
0.068005,97.964,-143.62,-50.03
0.09291,93.856,-143.28,-58.031
0.11225,93.872,-143.27,-54.049
0.13032,93.875,-143.33,-50.083
0.027165,89.767,-142.96,-58.01
0.040666,89.787,-142.94,-54.055
0.053702,89.789,-143.01,-50.118
0.025794,97.93,-147.93,-54.031
0.029803,97.923,-148.15,-50.023
0.067372,97.967,-139.24,-69.918
0.070949,97.971,-139.38,-65.954
0.075306,97.977,-139.42,-61.978
0.14083,93.884,-138.83,-69.734
0.1422,93.906,-139.01,-65.863
0.14513,93.928,-139.1,-61.929
0.10878,89.792,-138.54,-69.611
0.13311,89.842,-138.71,-65.773
0.156,89.885,-138.8,-61.868
0.040531,97.945,-143.26,-70.132
0.044438,97.944,-143.52,-66.021
0.049012,97.949,-143.58,-62.01
0.037547,93.809,-142.89,-69.969
0.054559,93.82,-143.12,-66.011
0.074051,93.837,-143.25,-62.005
0.078943,75.247,-139.5,-2.0377
0.079812,75.034,-139.31,-6.1196
0.080899,74.825,-139.06,-10.204
0.25499,86.66,-139.55,-2.0468
0.22678,82.855,-139.54,-2.0467
0.15198,79.049,-139.52,-2.0437
0.25287,86.526,-139.46,-6.1454
0.2248,82.691,-139.41,-6.1458
0.15216,78.858,-139.37,-6.1372
0.25238,86.395,-139.31,-10.243
0.22455,82.529,-139.23,-10.246
0.15358,78.671,-139.15,-10.233
0.071551,86.634,-144.12,-2.0871
0.074034,86.441,-143.88,-6.2691
0.075428,86.243,-143.66,-10.439
0.043292,98.091,-139.56,-2.0119
0.11541,94.275,-139.56,-2.0309
0.21721,90.465,-139.56,-2.0418
0.042437,98.068,-139.53,-6.0365
0.1165,94.207,-139.49,-6.0954
0.21515,90.36,-139.49,-6.1299
0.041502,98.05,-139.46,-10.06
0.11668,94.151,-139.4,-10.156
0.21393,90.265,-139.37,-10.215
0.10364,98.085,-143.83,-2.0203
0.24102,94.252,-143.97,-2.0549
0.15722,90.434,-144.1,-2.078
0.10343,98.049,-143.78,-6.0685
0.24721,94.145,-143.84,-6.1798
0.16568,90.271,-143.9,-6.2446
0.10569,98.017,-143.75,-10.115
0.24936,94.049,-143.75,-10.299
0.16833,90.118,-143.75,-10.4
0.064613,98.084,-148.25,-2.0241
0.035712,94.223,-148.54,-2.0782
0.07466,98.039,-148.24,-6.1174
0.040377,94.06,-148.13,-6.31
0.07347,97.978,-148.39,-10.236
0.039434,93.903,-148.13,-10.58
0.029936,50.856,-123.7,-38.294
0.025852,52.116,-123.65,-42.745
0.20042,62.75,-123.96,-45.826
0.19242,62.485,-124.14,-41.526
0.18825,62.355,-124.16,-37.194
0.16275,59.201,-123.84,-46.148
0.19576,58.811,-124.1,-41.686
0.21353,58.385,-124.16,-37.106
0.055613,55.784,-123.62,-46.49
0.087487,55.273,-123.8,-42.019
0.11742,54.341,-123.85,-37.22
0.081951,62.815,-128.25,-45.946
0.11843,62.602,-128.25,-41.799
0.1486,62.422,-128.34,-37.618
0.020137,59.205,-127.99,-46.155
0.032376,58.871,-128.02,-41.925
0.049782,58.441,-128.13,-37.583
0.079335,63.229,-125.3,-57.921
0.13901,63.255,-125.15,-54.103
0.18798,63.065,-124.42,-50.05
0.034684,59.599,-125.06,-54.357
0.095499,59.483,-124.28,-50.385
0.026208,56.017,-124.15,-50.687
0.041299,62.991,-128.48,-50.005
0.039279,63.063,-125.29,-61.676
0.16386,74.465,-125.83,-45.774
0.16587,74.594,-125.87,-42.109
0.15932,74.98,-125.04,-38.389
0.16113,70.332,-124.88,-45.599
0.16669,70.364,-125,-41.761
0.16836,70.701,-124.62,-37.902
0.164,66.441,-124.27,-45.654
0.15832,66.28,-124.41,-41.54
0.16625,66.377,-124.32,-37.438
0.16385,74.372,-129.68,-45.939
0.15618,74.409,-129.62,-42.051
0.1645,74.541,-129.34,-38.141
0.18885,70.406,-129.07,-45.847
0.18106,70.385,-129.04,-41.897
0.17178,70.475,-128.93,-37.938
0.17019,66.548,-128.58,-45.848
0.19621,66.433,-128.58,-41.8
0.19473,66.411,-128.59,-37.744
0.14548,74.212,-133.52,-46.041
0.17823,74.208,-133.49,-42.132
0.19153,74.244,-133.42,-38.203
0.066741,70.294,-133.03,-45.996
0.10223,70.251,-133.01,-42.06
0.13479,70.253,-133.02,-38.104
0.029714,66.346,-132.59,-42.016
0.056425,66.275,-132.66,-38.006
0.14059,74.672,-125.78,-57.519
0.15038,74.712,-125.79,-53.567
0.15865,74.609,-125.7,-49.55
0.16732,70.816,-125.58,-57.604
0.15267,70.827,-125.5,-53.671
0.15124,70.614,-125.07,-49.566
0.18123,66.995,-125.42,-57.747
0.18932,66.999,-125.28,-53.869
0.17635,66.777,-124.66,-49.789
0.18406,74.46,-129.66,-57.614
0.17885,74.483,-129.66,-53.711
0.17418,74.435,-129.64,-49.809
0.12485,70.596,-129.4,-57.638
0.16844,70.611,-129.32,-53.732
0.19182,70.526,-129.16,-49.786
0.035646,66.778,-129.17,-57.714
0.077015,66.8,-129.04,-53.823
0.12686,66.707,-128.77,-49.859
0.040959,74.245,-133.55,-57.665
0.076672,74.269,-133.53,-53.798
0.10881,74.248,-133.52,-49.923
0.033264,70.36,-133.08,-49.904
0.17131,74.237,-125.7,-69.319
0.15488,74.414,-125.71,-65.381
0.1411,74.564,-125.74,-61.452
0.14494,70.314,-125.53,-69.277
0.17876,70.524,-125.54,-65.378
0.1803,70.699,-125.56,-61.493
0.044196,66.406,-125.39,-69.255
0.088564,66.655,-125.38,-65.402
0.1418,66.862,-125.41,-61.573
0.08644,74.083,-129.64,-69.287
0.13131,74.245,-129.64,-65.396
0.17053,74.376,-129.65,-61.508
0.040342,70.347,-129.43,-65.37
0.080245,70.5,-129.42,-61.512
0.089911,73.66,-126.01,-81.274
0.14315,73.852,-125.84,-77.259
0.17367,74.046,-125.73,-73.274
0.045053,69.858,-125.67,-77.152
0.092186,70.088,-125.57,-73.198
0.045505,73.903,-129.68,-73.196
0.042605,73.464,-126.21,-85.307
0.10521,50.605,-124.95,-23.603
0.023311,46.595,-124.96,-22.895
0.06039,50.161,-124.81,-27.409
0.03624,49.58,-124.22,-31.403
0.1745,62.76,-125.16,-24.976
0.21203,58.669,-125.2,-24.642
0.21106,54.599,-125.04,-24.21
0.17305,62.57,-125.02,-29.012
0.21748,58.416,-125.04,-28.661
0.17021,54.245,-124.88,-28.215
0.18095,62.399,-124.48,-33.073
0.21923,58.232,-124.49,-32.781
0.13755,53.899,-124.26,-32.525
0.20564,62.652,-129.22,-25.364
0.11855,58.618,-129.13,-25.054
0.030855,54.6,-128.99,-24.628
0.19398,62.48,-128.93,-29.402
0.09765,58.381,-128.81,-29.101
0.022132,54.257,-128.65,-28.659
0.17514,62.374,-128.58,-33.491
0.072776,58.241,-128.42,-33.283
0.031156,62.507,-133.23,-25.712
0.025082,62.331,-132.89,-29.757
0.13023,75.102,-125.2,-25.667
0.17086,70.971,-125.27,-25.513
0.17323,66.834,-125.17,-25.27
0.1423,75.137,-125.06,-29.941
0.17228,70.929,-125.14,-29.689
0.17086,66.698,-125.05,-29.357
0.14888,75.164,-124.66,-34.367
0.16945,70.901,-124.65,-33.938
0.17021,66.547,-124.55,-33.445
0.18224,74.741,-129.55,-25.944
0.16589,70.722,-129.45,-25.805
0.1892,66.682,-129.32,-25.609
0.17857,74.697,-129.34,-30.058
0.16114,70.642,-129.21,-29.88
0.18662,66.556,-129.06,-29.655
0.17293,74.643,-129.2,-34.165
0.16106,70.568,-128.97,-33.953
0.18632,66.458,-128.76,-33.712
0.19254,74.436,-133.76,-26.187
0.18721,70.465,-133.57,-26.076
0.11127,66.485,-133.4,-25.919
0.19209,74.355,-133.55,-30.23
0.17936,70.36,-133.31,-30.111
0.10091,66.349,-133.1,-29.953
0.19333,74.295,-133.41,-34.244
0.16381,70.29,-133.11,-34.127
0.084706,66.271,-132.83,-33.987
0.032819,86.706,-125.29,-34.956
0.022999,86.765,-125.53,-30.384
0.067585,82.891,-125.22,-34.869
0.053739,82.928,-125.53,-30.262
0.041125,82.943,-125.64,-25.767
0.10278,79.065,-124.91,-34.643
0.088668,79.074,-125.21,-30.112
0.075639,79.055,-125.35,-25.72
0.10263,86.44,-129.97,-34.521
0.087811,86.48,-129.94,-30.359
0.076405,86.518,-130.03,-26.165
0.14439,82.542,-129.77,-34.448
0.13328,82.586,-129.79,-30.284
0.12345,82.623,-129.91,-26.091
0.17295,78.618,-129.49,-34.326
0.17124,78.663,-129.55,-30.186
0.16767,78.699,-129.71,-26.028
0.16768,86.202,-134.28,-34.412
0.16364,86.232,-134.26,-30.382
0.15929,86.272,-134.35,-26.314
0.18381,82.242,-134.02,-34.388
0.18673,82.283,-134.04,-30.361
0.18877,82.334,-134.17,-26.297
0.19654,78.275,-133.73,-34.331
0.19323,78.325,-133.79,-30.312
0.19087,78.388,-133.96,-26.258
0.10631,86.455,-127.35,-46.318
0.091464,86.516,-127.32,-42.678
0.058315,86.617,-126.08,-39.012
0.13681,82.56,-127.12,-46.225
0.12694,82.639,-127.1,-42.578
0.095506,82.791,-125.91,-38.926
0.15672,78.614,-126.7,-46.078
0.15441,78.711,-126.7,-42.406
0.1304,78.942,-125.58,-38.706
0.14536,86.293,-130.95,-46.244
0.13863,86.334,-130.86,-42.389
0.1221,86.391,-130.35,-38.503
0.16168,82.346,-130.67,-46.176
0.16309,82.396,-130.59,-42.317
0.15669,82.477,-130.11,-38.43
0.15853,78.374,-130.26,-46.075
0.1665,78.425,-130.19,-42.204
0.17239,78.535,-129.77,-38.306
0.1666,86.124,-134.74,-46.199
0.16947,86.145,-134.67,-42.295
0.17016,86.173,-134.45,-38.372
0.19739,82.147,-134.41,-46.163
0.19172,82.168,-134.35,-42.263
0.1833,82.204,-134.16,-38.344
0.19692,78.172,-134,-46.107
0.19655,78.186,-133.96,-42.206
0.19568,78.228,-133.81,-38.285
0.12682,86.335,-126.4,-57.596
0.12007,86.386,-126.58,-53.683
0.11272,86.424,-126.88,-49.898
0.1426,82.434,-126.22,-57.536
0.14088,82.494,-126.37,-53.62
0.13858,82.533,-126.66,-49.82
0.15,78.545,-126,-57.505
0.1531,78.606,-126.11,-53.574
0.15463,78.623,-126.3,-49.724
0.14433,86.207,-130.46,-57.748
0.1458,86.245,-130.59,-53.864
0.14639,86.269,-130.77,-50.037
0.14621,82.273,-130.21,-57.686
0.15238,82.313,-130.32,-53.805
0.15746,82.33,-130.49,-49.974
0.16419,78.355,-129.94,-57.636
0.15372,78.389,-130.01,-53.748
0.15176,78.385,-130.12,-49.895
0.1825,86.064,-134.49,-57.833
0.17516,86.095,-134.57,-53.945
0.1665,86.111,-134.67,-50.072
0.18614,82.1,-134.19,-57.77
0.18962,82.131,-134.26,-53.894
0.19232,82.141,-134.34,-50.03
0.12009,78.158,-133.88,-57.709
0.15886,78.186,-133.91,-53.84
0.18627,78.183,-133.96,-49.976
0.13339,86.093,-126.21,-69.544
0.13374,86.186,-126.24,-65.548
0.13155,86.268,-126.3,-61.562
0.13582,82.125,-126.04,-69.454
0.14069,82.246,-126.07,-65.47
0.14273,82.35,-126.12,-61.495
0.13169,78.173,-125.87,-69.379
0.13506,78.321,-125.89,-65.413
0.14404,78.448,-125.93,-61.456
0.13001,85.991,-130.26,-69.544
0.13607,86.078,-130.3,-65.6
0.14127,86.151,-130.37,-61.666
0.16081,82,-130.05,-69.45
0.15004,82.113,-130.08,-65.518
0.1416,82.206,-130.13,-61.595
0.16976,78.03,-129.85,-69.363
0.17452,78.168,-129.86,-65.448
0.16883,78.279,-129.89,-61.539
0.1706,85.864,-134.27,-69.508
0.17441,85.948,-134.35,-65.627
0.17889,86.016,-134.42,-61.731
0.10191,81.845,-134.03,-69.405
0.13958,81.956,-134.09,-65.535
0.1708,82.042,-134.14,-61.654
0.022946,77.853,-133.8,-69.303
0.054328,77.989,-133.82,-65.446
0.087565,78.092,-133.85,-61.58
0.11583,85.777,-126.48,-81.629
0.12465,85.885,-126.32,-77.585
0.13043,85.991,-126.23,-73.554
0.13645,81.724,-126.35,-81.521
0.12348,81.86,-126.18,-77.479
0.12766,81.995,-126.07,-73.454
0.16519,77.687,-126.19,-81.404
0.16342,77.85,-126.01,-77.371
0.1442,78.013,-125.91,-73.361
0.15346,85.681,-130.72,-81.591
0.14382,85.789,-130.4,-77.524
0.13034,85.893,-130.26,-73.509
0.12708,81.613,-130.57,-81.474
0.16217,81.744,-130.22,-77.41
0.16643,81.875,-130.08,-73.404
0.042068,77.576,-130.36,-81.34
0.088493,77.723,-130.03,-77.288
0.13673,77.877,-129.88,-73.301
0.062341,85.553,-135.1,-81.522
0.11932,85.669,-134.33,-77.341
0.1564,85.77,-134.21,-73.387
0.034177,81.588,-134.15,-77.219
0.06965,81.718,-134,-73.276
0.1325,85.516,-126.63,-93.738
0.11702,85.582,-126.65,-89.705
0.10959,85.672,-126.61,-85.668
0.14417,81.38,-126.57,-93.643
0.15663,81.469,-126.57,-89.604
0.15425,81.588,-126.51,-85.562
0.049692,77.257,-126.49,-93.534
0.091466,77.368,-126.47,-89.488
0.13681,77.519,-126.37,-85.443
0.10636,85.436,-130.98,-93.753
0.13265,85.486,-130.99,-89.709
0.14816,85.572,-130.97,-85.654
0.021652,81.278,-130.88,-93.656
0.048913,81.34,-130.89,-89.6
0.08162,81.465,-130.85,-85.539
0.029249,85.434,-135.58,-85.681
0.13686,85.397,-126.5,-105.78
0.14954,85.43,-126.51,-101.78
0.14761,85.468,-126.58,-97.76
0.04124,81.214,-126.46,-105.69
0.073625,81.263,-126.46,-101.69
0.11322,81.316,-126.52,-97.669
0.03265,85.379,-130.77,-105.77
0.054441,85.398,-130.76,-101.77
0.076474,85.413,-130.88,-97.759
0.039149,85.301,-126.73,-117.71
0.075486,85.335,-126.6,-113.74
0.11211,85.366,-126.53,-109.76
0.15511,51.422,-125.82,-12.667
0.048431,47.461,-125.75,-12.393
0.13629,51.186,-125.73,-16.334
0.036366,47.201,-125.65,-15.944
0.12899,50.925,-125.25,-19.997
0.031152,46.937,-125.23,-19.469
0.19192,63.231,-126.1,-13.319
0.2127,59.284,-126.11,-13.145
0.23766,55.338,-125.94,-12.923
0.18118,63.082,-126,-17.216
0.21547,59.098,-126.01,-16.983
0.23441,55.121,-125.85,-16.688
0.17796,62.922,-125.48,-21.119
0.21316,58.894,-125.51,-20.829
0.22873,54.882,-125.35,-20.464
0.2144,63.193,-130.21,-13.552
0.14522,59.286,-130.14,-13.375
0.051556,55.386,-130.03,-13.154
0.21428,63.016,-129.94,-17.47
0.13793,59.079,-129.87,-17.24
0.044214,55.155,-129.75,-16.948
0.21147,62.834,-129.56,-21.41
0.13078,58.857,-129.48,-21.132
0.038418,54.898,-129.36,-20.769
0.043036,63.141,-134.3,-13.77
0.039694,62.928,-133.97,-17.732
0.03608,62.714,-133.59,-21.711
0.1181,75.058,-126.27,-13.596
0.15833,71.102,-126.28,-13.556
0.17861,67.147,-126.15,-13.458
0.12689,75.034,-126.18,-17.587
0.1637,71.035,-126.17,-17.532
0.17905,67.036,-126.05,-17.402
0.12642,75.045,-125.61,-21.618
0.16713,70.993,-125.62,-21.532
0.17591,66.933,-125.51,-21.357
0.18334,74.931,-130.44,-13.848
0.17857,71.013,-130.38,-13.789
0.19797,67.097,-130.28,-13.69
0.18379,74.85,-130.22,-17.854
0.1747,70.902,-130.13,-17.776
0.19568,66.952,-130.03,-17.648
0.18348,74.787,-129.86,-21.889
0.17058,70.805,-129.77,-21.786
0.19235,66.813,-129.65,-21.626
0.20208,74.789,-134.6,-14.063
0.19747,70.9,-134.5,-13.998
0.1252,67.016,-134.4,-13.902
0.19898,74.655,-134.34,-18.101
0.19552,70.74,-134.21,-18.019
0.12209,66.829,-134.09,-17.898
0.19556,74.536,-134.04,-22.145
0.19212,70.593,-133.88,-22.047
0.11793,66.649,-133.73,-21.905
0.029096,82.94,-126.44,-13.614
0.065156,78.98,-126.34,-13.603
0.03379,82.964,-126.38,-17.595
0.071995,78.979,-126.27,-17.584
0.035399,82.948,-125.94,-21.601
0.071387,79.002,-125.74,-21.603
0.059306,86.646,-130.59,-13.921
0.1089,82.751,-130.59,-13.899
0.15913,78.838,-130.51,-13.879
0.063583,86.625,-130.44,-17.96
0.11307,82.713,-130.42,-17.921
0.16271,78.781,-130.32,-17.893
0.068685,86.571,-130.22,-22.038
0.11691,82.665,-130.14,-21.979
0.16483,78.734,-130,-21.941
0.14995,86.459,-134.85,-14.126
0.18962,82.57,-134.79,-14.121
0.19638,78.677,-134.7,-14.101
0.15251,86.392,-134.68,-18.182
0.18994,82.481,-134.59,-18.173
0.19437,78.566,-134.47,-18.149
0.15552,86.326,-134.5,-22.246
0.18972,82.4,-134.36,-22.233
0.19235,78.469,-134.2,-22.203
0.027934,98.109,-130.03,-22.164
0.025905,98.119,-130.14,-18.072
0.023829,98.118,-130.18,-14.009
0.032278,90.427,-130.29,-22.105
0.028213,90.477,-130.47,-18.002
0.025144,90.49,-130.57,-13.933
0.029951,98.061,-134.79,-22.125
0.030512,98.069,-134.85,-18.076
0.03114,98.077,-134.85,-14.047
0.044547,94.161,-134.71,-22.201
0.040274,94.189,-134.81,-18.138
0.037304,94.215,-134.9,-14.086
0.10273,90.244,-134.62,-22.238
0.096938,90.292,-134.76,-18.171
0.092717,90.339,-134.89,-14.114
0.034101,98.077,-130.15,-34.624
0.033468,98.083,-130.06,-30.444
0.030892,98.095,-129.99,-26.283
0.029571,94.201,-130.22,-34.62
0.02465,94.213,-130.18,-30.465
0.021296,94.242,-130.21,-26.288
0.060301,90.313,-130.12,-34.577
0.047533,90.335,-130.08,-30.424
0.038401,90.372,-130.15,-26.241
0.030038,98.041,-134.87,-34.3
0.029306,98.045,-134.78,-30.235
0.029655,98.051,-134.71,-26.186
0.072584,94.106,-134.68,-34.378
0.059879,94.116,-134.62,-30.335
0.050667,94.134,-134.63,-26.269
0.13115,90.154,-134.5,-34.41
0.12021,90.173,-134.45,-30.376
0.11047,90.202,-134.5,-26.308
0.032987,98.087,-127.35,-46.359
0.033037,98.098,-127.2,-42.851
0.032326,94.229,-127.51,-46.409
0.026428,94.258,-127.43,-42.803
0.066955,90.342,-127.49,-46.382
0.052829,90.384,-127.43,-42.749
0.028717,90.432,-126.19,-39.097
0.030345,98.058,-131.27,-46.256
0.032199,98.067,-131.07,-42.481
0.03416,98.072,-130.54,-38.65
0.065716,94.155,-131.26,-46.293
0.052188,94.176,-131.12,-42.458
0.038901,94.193,-130.6,-38.597
0.11489,90.228,-131.15,-46.284
0.1006,90.259,-131.03,-42.434
0.079482,90.292,-130.52,-38.554
0.040862,98.027,-135.34,-46.127
0.036261,98.032,-135.23,-42.235
0.032427,98.037,-135.01,-38.323
0.11765,94.071,-135.19,-46.193
0.10521,94.083,-135.09,-42.283
0.088581,94.096,-134.86,-38.356
0.15148,90.099,-135,-46.211
0.14977,90.117,-134.91,-42.302
0.14212,90.136,-134.68,-38.375
0.030525,98.056,-126.9,-57.901
0.030582,98.066,-126.99,-53.895
0.030869,98.075,-127.1,-49.988
0.055503,94.157,-126.71,-57.768
0.044741,94.183,-126.86,-53.82
0.037054,94.205,-127.11,-50
0.097472,90.245,-126.56,-57.674
0.085981,90.284,-126.73,-53.752
0.07534,90.314,-127.03,-49.962
0.036709,98.034,-131.12,-57.96
0.033041,98.042,-131.17,-53.984
0.030779,98.05,-131.23,-50.069
0.099625,94.096,-130.89,-57.884
0.088745,94.118,-130.99,-53.96
0.077252,94.137,-131.13,-50.098
0.1309,90.151,-130.68,-57.815
0.12807,90.182,-130.81,-53.918
0.12286,90.205,-130.98,-50.081
0.056372,98.01,-135.29,-57.981
0.05116,98.017,-135.31,-54.005
0.045905,98.023,-135.34,-50.051
0.12719,94.028,-135.03,-57.94
0.128,94.046,-135.09,-54.006
0.12499,94.059,-135.16,-50.092
0.14303,90.042,-134.77,-57.89
0.14631,90.068,-134.85,-53.984
0.14953,90.085,-134.94,-50.095
0.036984,98.02,-126.84,-69.918
0.03358,98.033,-126.85,-65.906
0.031134,98.046,-126.83,-61.892
0.092429,94.051,-126.56,-69.771
0.080887,94.09,-126.59,-65.762
0.068001,94.126,-126.63,-61.757
0.12065,90.07,-126.37,-69.648
0.11574,90.137,-126.4,-65.645
0.10779,90.195,-126.46,-61.649
0.050676,98.004,-131.05,-69.917
0.046204,98.014,-131.07,-65.929
0.041381,98.025,-131.09,-61.942
0.11406,94.003,-130.72,-69.768
0.11297,94.038,-130.77,-65.801
0.10807,94.069,-130.82,-61.837
0.12696,89.994,-130.47,-69.647
0.12998,90.056,-130.52,-65.694
0.13144,90.108,-130.59,-61.747
0.066898,97.986,-135.19,-69.902
0.064655,97.994,-135.23,-65.936
0.061123,98.003,-135.26,-61.96
0.11101,93.949,-134.8,-69.735
0.11736,93.978,-134.9,-65.82
0.12319,94.004,-134.97,-61.882
0.15213,89.902,-134.51,-69.613
0.14459,89.958,-134.61,-65.72
0.14139,90.005,-134.7,-61.807
0.050368,97.972,-126.89,-81.941
0.045998,97.99,-126.85,-77.931
0.04092,98.006,-126.8,-73.922
0.10651,93.909,-126.71,-81.83
0.10622,93.959,-126.61,-77.805
0.10117,94.008,-126.56,-73.782
0.11701,89.84,-126.59,-81.729
0.12138,89.919,-126.46,-77.691
0.12254,89.997,-126.38,-73.661
0.060197,97.96,-131.17,-81.917
0.057119,97.977,-131.07,-77.907
0.054225,97.992,-131.04,-73.907
0.09727,93.871,-131.01,-81.782
0.10601,93.92,-130.77,-77.749
0.1117,93.965,-130.7,-73.743
0.11559,89.771,-130.86,-81.689
0.11574,89.851,-130.57,-77.631
0.12243,89.926,-130.46,-73.618
0.056326,97.962,-135.76,-81.666
0.065764,97.972,-135.18,-77.718
0.06799,97.979,-135.12,-73.827
0.10922,93.845,-135.43,-81.629
0.10457,93.885,-134.76,-77.552
0.10593,93.918,-134.7,-73.627
0.13056,89.691,-135.24,-81.602
0.15981,89.771,-134.52,-77.445
0.15729,89.84,-134.42,-73.497
0.05396,97.934,-126.9,-93.961
0.054424,97.943,-126.91,-89.954
0.053044,97.956,-126.87,-85.946
0.084213,93.796,-126.76,-93.891
0.094289,93.823,-126.78,-89.871
0.1022,93.862,-126.77,-85.85
0.096151,89.654,-126.69,-93.819
0.1026,89.701,-126.71,-89.792
0.11008,89.764,-126.69,-85.761
0.051087,97.924,-131.2,-93.959
0.055928,97.93,-131.2,-89.944
0.059217,97.943,-131.22,-85.926
0.079424,93.76,-131.11,-93.889
0.083071,93.781,-131.12,-89.854
0.088658,93.82,-131.16,-85.813
0.13547,89.593,-131.05,-93.829
0.1298,89.629,-131.06,-89.789
0.1218,89.692,-131.07,-85.74
0.041606,97.917,-135.75,-93.943
0.047857,97.922,-135.65,-89.873
0.052957,97.939,-135.97,-85.739
0.1042,93.714,-135.49,-93.916
0.11117,93.728,-135.43,-89.829
0.11277,93.779,-135.75,-85.731
0.054787,89.508,-135.47,-93.902
0.077257,89.53,-135.42,-89.819
0.097498,89.596,-135.66,-85.742
0.04349,97.921,-126.85,-105.98
0.048641,97.924,-126.86,-101.97
0.051621,97.929,-126.83,-97.964
0.062179,93.754,-126.64,-105.93
0.067496,93.764,-126.66,-101.92
0.074901,93.778,-126.7,-97.903
0.10274,89.576,-126.56,-105.86
0.093563,89.597,-126.57,-101.85
0.092368,89.621,-126.63,-97.837
0.027403,97.917,-131.14,-105.97
0.033862,97.92,-131.13,-101.97
0.042844,97.922,-131.16,-97.961
0.082151,93.736,-130.96,-105.92
0.078136,93.744,-130.95,-101.91
0.077703,93.751,-131.04,-97.892
0.11259,89.551,-130.85,-105.85
0.12766,89.563,-130.85,-101.85
0.13608,89.575,-130.96,-97.831
0.03199,97.914,-135.64,-105.98
0.034471,97.917,-135.52,-101.97
0.037632,97.916,-135.75,-97.942
0.074265,93.704,-135.24,-105.95
0.088838,93.708,-135.1,-101.92
0.096806,93.709,-135.37,-97.885
0.020241,89.504,-135.16,-105.89
0.034571,89.504,-135.02,-101.88
0.042846,89.503,-135.33,-97.851
0.021219,97.911,-126.87,-117.99
0.027427,97.917,-126.79,-113.99
0.035501,97.919,-126.77,-109.99
0.065578,93.721,-126.77,-117.91
0.060045,93.736,-126.68,-113.92
0.059585,93.746,-126.64,-109.92
0.12077,89.515,-126.74,-117.81
0.12545,89.538,-126.63,-113.83
0.11666,89.558,-126.57,-109.85
0.029146,97.911,-131.16,-117.96
0.026557,97.916,-131.11,-113.97
0.025089,97.917,-131.12,-109.97
0.084729,93.714,-131.01,-117.88
0.092301,93.726,-130.93,-113.89
0.089351,93.733,-130.95,-109.89
0.036584,89.506,-130.94,-117.78
0.063224,89.524,-130.84,-113.8
0.091619,89.54,-130.85,-109.82
0.024693,97.909,-135.63,-117.97
0.030248,97.915,-135.49,-113.96
0.031083,97.914,-135.68,-109.95
0.036668,93.699,-135.03,-113.88
0.057746,93.703,-135.22,-109.87
0.02525,97.897,-127.03,-129.93
0.020692,97.901,-127,-125.95
0.08365,93.677,-126.94,-129.79
0.084861,93.69,-126.92,-125.84
0.075728,93.706,-126.87,-121.88
0.040805,89.441,-126.92,-129.66
0.073174,89.465,-126.89,-125.73
0.10309,89.49,-126.84,-121.78
0.028618,97.901,-131.18,-129.93
0.031528,97.906,-131.16,-125.94
0.031249,97.909,-131.17,-121.95
0.027209,93.68,-131.07,-129.8
0.050224,93.693,-131.03,-125.83
0.070838,93.704,-131.05,-121.84
0.031837,97.897,-126.84,-141.57
0.032587,97.897,-126.97,-137.81
0.029956,97.896,-127.01,-133.89
0.032366,93.657,-126.67,-141.19
0.054346,93.663,-126.82,-137.52
0.072906,93.668,-126.91,-133.69
0.02292,97.899,-131.15,-133.9
0.19285,51.834,-125.79,-1.7978
0.080661,47.875,-125.83,-1.7672
0.024333,43.875,-125.47,-1.7323
0.16508,51.724,-126.29,-5.4762
0.05377,47.761,-126.2,-5.3752
0.16211,51.599,-126.03,-9.1196
0.05371,47.649,-125.95,-8.9373
0.022083,52.088,-130.34,-1.8289
0.20084,63.577,-126.02,-1.8861
0.19816,59.675,-126.14,-1.8658
0.22743,55.747,-125.89,-1.8312
0.19514,63.475,-126.58,-5.7436
0.20678,59.557,-126.6,-5.6732
0.23511,55.624,-126.42,-5.5782
0.19609,63.36,-126.31,-9.5699
0.21157,59.434,-126.33,-9.4462
0.23752,55.502,-126.16,-9.2936
0.20043,63.696,-130.48,-1.9177
0.17466,59.833,-130.48,-1.894
0.085491,55.959,-130.39,-1.8625
0.20811,63.525,-130.61,-5.7937
0.16085,59.649,-130.57,-5.72
0.066644,55.77,-130.48,-5.6268
0.21293,63.361,-130.44,-9.6817
0.15127,59.473,-130.39,-9.5563
0.057342,55.587,-130.29,-9.4015
0.058757,63.797,-135.03,-1.9561
0.051568,63.566,-134.85,-5.8849
0.04623,63.352,-134.6,-9.8268
0.092821,75.214,-126.06,-1.9288
0.13809,71.339,-126.23,-1.9251
0.17137,67.447,-126.05,-1.9061
0.11124,75.159,-126.68,-5.8682
0.15123,71.254,-126.74,-5.8488
0.18377,67.342,-126.62,-5.8029
0.11325,75.103,-126.45,-9.769
0.15433,71.176,-126.49,-9.7348
0.18029,67.248,-126.36,-9.6673
0.17616,75.241,-130.53,-1.9616
0.18674,71.399,-130.56,-1.9536
0.19215,67.548,-130.51,-1.9376
0.18064,75.126,-130.73,-5.9236
0.18502,71.258,-130.72,-5.898
0.19588,67.387,-130.66,-5.8531
0.18235,75.023,-130.63,-9.8944
0.182,71.132,-130.59,-9.8512
0.19858,67.241,-130.51,-9.78
0.20585,75.254,-135.09,-1.9993
0.19392,71.438,-135.08,-1.9898
0.13248,67.618,-135.05,-1.9752
0.20638,75.089,-134.99,-6.0137
0.19744,71.246,-134.95,-5.985
0.13014,67.404,-134.9,-5.9422
0.20464,74.934,-134.82,-10.039
0.19816,71.069,-134.75,-9.9917
0.12734,67.207,-134.68,-9.9217
0.049029,79.058,-126.05,-1.932
0.027078,82.896,-126.78,-5.8779
0.062683,79.01,-126.69,-5.8767
0.027415,82.902,-126.59,-9.7804
0.062335,78.989,-126.49,-9.7796
0.048528,86.71,-130.53,-1.966
0.096061,82.894,-130.56,-1.9691
0.14333,79.069,-130.53,-1.9665
0.054506,86.679,-130.78,-5.9403
0.1035,82.834,-130.8,-5.9446
0.1517,78.978,-130.76,-5.938
0.056863,86.655,-130.72,-9.9333
0.1061,82.786,-130.73,-9.9291
0.15575,78.902,-130.68,-9.9174
0.14462,86.686,-135.12,-2.0082
0.18663,82.877,-135.11,-2.0082
0.19942,79.066,-135.1,-2.0052
0.14653,86.604,-135.09,-6.04
0.18796,82.767,-135.07,-6.0397
0.19937,78.927,-135.03,-6.031
0.1481,86.529,-134.99,-10.083
0.18897,82.665,-134.96,-10.081
0.19813,78.798,-134.89,-10.067
0.026158,98.11,-130.92,-1.9899
0.020119,90.513,-130.58,-1.9637
0.024448,98.117,-130.66,-5.9836
0.022406,90.499,-130.77,-5.933
0.023253,98.116,-130.36,-9.9873
0.023473,90.49,-130.7,-9.9267
0.0325,98.099,-135.28,-2.003
0.034343,94.295,-135.2,-2.0057
0.087834,90.49,-135.15,-2.0067
0.031544,98.091,-135.16,-6.0126
0.034761,94.265,-135.13,-6.0258
0.089069,90.434,-135.11,-6.0339
0.031208,98.084,-134.99,-10.027
0.035618,94.24,-135.01,-10.053
0.090395,90.385,-135.02,-10.072
0.026595,51.29,-113.1,-68.651
0.059843,51.901,-113.37,-64.63
0.12129,52.417,-113.71,-60.461
0.028946,48.9,-113.89,-60.485
0.16657,62.853,-113.25,-68.809
0.15104,63.158,-113.41,-64.669
0.15708,63.317,-113.41,-60.311
0.21383,58.942,-113.4,-68.753
0.21134,59.317,-113.58,-64.631
0.1842,59.578,-113.75,-60.296
0.099575,55.061,-113.15,-68.697
0.17821,55.541,-113.38,-64.621
0.2295,55.926,-113.65,-60.368
0.19768,62.751,-117.35,-69.065
0.19508,63.076,-117.44,-65.149
0.17312,63.353,-117.61,-61.343
0.089993,58.863,-117.32,-69.036
0.15749,59.255,-117.43,-65.172
0.20173,59.585,-117.68,-61.452
0.041444,55.472,-117.35,-65.192
0.080755,55.886,-117.65,-61.551
0.072997,62.645,-121.34,-69.214
0.13334,62.964,-121.38,-65.385
0.17846,63.236,-121.5,-61.642
0.030235,59.145,-121.31,-65.429
0.062636,59.473,-121.47,-61.768
0.16375,61.77,-113.37,-80.995
0.20472,62.124,-113.36,-76.944
0.19802,62.494,-113.24,-72.868
0.0372,57.65,-113.51,-80.878
0.088313,58.067,-113.48,-76.844
0.16353,58.509,-113.37,-72.787
0.044116,54.522,-113.1,-72.705
0.03741,61.696,-117.54,-81.004
0.087054,62.04,-117.44,-77.007
0.15538,62.398,-117.36,-73.021
0.039574,58.438,-117.32,-72.954
0.030349,62.305,-121.36,-73.098
0.041801,61.125,-113.68,-89.044
0.096769,61.436,-113.49,-84.999
0.13588,74.568,-113.58,-69.077
0.12443,74.784,-113.74,-64.98
0.10953,75.011,-113.81,-60.868
0.15299,70.616,-113.67,-68.993
0.14907,70.868,-113.82,-64.913
0.13805,71.129,-113.91,-60.851
0.15005,66.676,-113.35,-68.886
0.15761,66.953,-113.49,-64.778
0.15766,67.148,-113.48,-60.583
0.14675,74.465,-117.7,-69.2
0.14629,74.676,-117.77,-65.169
0.14068,74.883,-117.86,-61.14
0.14003,70.542,-117.62,-69.148
0.14931,70.788,-117.69,-65.156
0.15367,71.027,-117.8,-61.206
0.15635,66.626,-117.45,-69.1
0.14146,66.908,-117.53,-65.144
0.14722,67.164,-117.65,-61.266
0.13196,74.362,-121.72,-69.288
0.14219,74.557,-121.75,-65.308
0.1494,74.738,-121.81,-61.336
0.15956,70.443,-121.59,-69.25
0.14047,70.673,-121.62,-65.315
0.13869,70.881,-121.69,-61.41
0.17886,66.534,-121.45,-69.227
0.18783,66.804,-121.48,-65.342
0.17423,67.039,-121.57,-61.516
0.14004,73.905,-113.61,-81.307
0.14524,74.124,-113.65,-77.229
0.14455,74.349,-113.55,-73.137
0.13276,69.833,-113.73,-81.201
0.13819,70.093,-113.74,-77.128
0.14807,70.357,-113.65,-73.041
0.19805,65.757,-113.44,-81.093
0.16098,66.064,-113.45,-77.029
0.14419,66.373,-113.33,-72.944
0.12371,73.821,-117.8,-81.322
0.13093,74.034,-117.75,-77.275
0.1408,74.251,-117.69,-73.23
0.17972,69.779,-117.75,-81.216
0.14837,70.031,-117.68,-77.182
0.13299,70.288,-117.62,-73.153
0.14977,65.73,-117.61,-81.111
0.19193,66.026,-117.53,-77.093
0.18719,66.328,-117.46,-73.083
0.17025,73.748,-121.92,-81.318
0.14949,73.952,-121.81,-77.293
0.13111,74.158,-121.74,-73.281
0.13092,69.715,-121.8,-81.206
0.17397,69.955,-121.69,-77.199
0.17859,70.2,-121.61,-73.211
0.02726,65.678,-121.69,-81.097
0.070542,65.959,-121.56,-77.111
0.13452,66.248,-121.47,-73.152
0.13889,73.277,-113.68,-93.498
0.12489,73.475,-113.77,-89.418
0.13153,73.687,-113.66,-85.342
0.19316,69.1,-113.88,-93.384
0.18708,69.334,-113.93,-89.302
0.15107,69.579,-113.8,-85.228
0.085047,64.917,-113.67,-93.243
0.15757,65.186,-113.7,-89.175
0.20459,65.463,-113.54,-85.113
0.17925,73.235,-117.95,-93.469
0.17037,73.416,-117.95,-89.413
0.13854,73.614,-117.88,-85.361
0.083375,69.091,-117.98,-93.344
0.1456,69.306,-117.95,-89.292
0.18494,69.536,-117.85,-85.246
0.033268,65.185,-117.87,-89.16
0.081427,65.449,-117.73,-85.127
0.072685,73.201,-122.18,-93.436
0.12879,73.364,-122.14,-89.392
0.1677,73.549,-122.04,-85.351
0.025807,69.269,-122.08,-89.263
0.067685,69.484,-121.95,-85.228
0.17371,72.758,-113.43,-105.77
0.18098,72.916,-113.62,-101.67
0.16636,73.09,-113.63,-97.554
0.052939,68.476,-113.62,-105.71
0.098488,68.663,-113.84,-101.58
0.15491,68.875,-113.85,-97.441
0.037561,64.652,-113.67,-97.29
0.057299,72.786,-117.9,-105.61
0.10998,72.918,-117.92,-101.58
0.15597,73.068,-117.94,-97.519
0.037861,68.891,-117.99,-97.392
0.033437,73.058,-122.18,-97.473
0.062247,72.543,-113.95,-113.72
0.13289,72.633,-113.56,-109.73
0.020804,68.34,-113.68,-109.66
0.021222,72.678,-118.01,-109.59
0.022507,82.716,-114.23,-56.676
0.053903,78.903,-114.02,-56.661
0.034468,78.955,-114.23,-52.25
0.035968,86.515,-118.21,-57.036
0.02113,86.595,-118.38,-52.797
0.07269,82.676,-118.2,-56.978
0.053949,82.784,-118.37,-52.743
0.035222,82.914,-118.59,-48.398
0.1052,78.859,-118.08,-56.991
0.088668,79.003,-118.24,-52.777
0.067584,79.196,-118.38,-48.348
0.086775,86.443,-122.32,-57.343
0.072453,86.514,-122.52,-53.291
0.059591,86.581,-122.87,-49.278
0.1178,82.578,-122.21,-57.289
0.1064,82.674,-122.39,-53.237
0.094513,82.779,-122.73,-49.201
0.13757,78.729,-122.05,-57.287
0.13039,78.854,-122.2,-53.238
0.12195,79.016,-122.46,-49.145
0.040646,86.294,-113.86,-69.364
0.024636,86.39,-113.97,-65.217
0.08116,82.35,-113.99,-69.253
0.062663,82.485,-114.1,-65.111
0.040858,82.612,-114.12,-60.912
0.10919,78.409,-113.69,-69.154
0.093475,78.586,-113.83,-65.031
0.073904,78.756,-113.87,-60.861
0.088335,86.23,-118.02,-69.434
0.072103,86.333,-118.07,-65.336
0.053875,86.429,-118.11,-61.204
0.11752,82.294,-117.98,-69.338
0.10524,82.431,-118.03,-65.25
0.090056,82.559,-118.09,-61.132
0.13712,78.364,-117.82,-69.26
0.12952,78.537,-117.88,-65.194
0.11885,78.704,-117.95,-61.108
0.12144,86.172,-122.13,-69.503
0.11244,86.271,-122.16,-65.455
0.10056,86.363,-122.21,-61.401
0.13631,82.223,-122.01,-69.413
0.13304,82.352,-122.04,-65.378
0.12685,82.472,-122.1,-61.336
0.14104,78.284,-121.86,-69.342
0.14358,78.446,-121.89,-65.328
0.14207,78.596,-121.96,-61.312
0.09287,85.962,-113.86,-81.609
0.077351,86.076,-113.93,-77.536
0.058744,86.19,-113.85,-73.442
0.12554,81.913,-114,-81.507
0.11358,82.061,-114.05,-77.426
0.097964,82.209,-113.98,-73.327
0.14148,77.861,-113.7,-81.403
0.1365,78.047,-113.75,-77.323
0.12429,78.23,-113.67,-73.225
0.12295,85.9,-118.08,-81.626
0.11466,86.011,-118.06,-77.57
0.1029,86.123,-118.02,-73.504
0.13508,81.864,-118.05,-81.525
0.1337,82.008,-118.02,-77.466
0.12721,82.153,-117.98,-73.401
0.13183,77.83,-117.91,-81.423
0.13894,78.008,-117.87,-77.369
0.14095,78.187,-117.82,-73.31
0.12733,85.847,-122.27,-81.637
0.12944,85.956,-122.19,-77.592
0.12722,86.066,-122.14,-73.545
0.12436,81.806,-122.18,-81.534
0.13218,81.945,-122.09,-77.489
0.13635,82.086,-122.03,-73.447
0.12225,77.772,-122.05,-81.428
0.12365,77.943,-121.95,-77.39
0.13374,78.115,-121.88,-73.359
0.12416,85.641,-113.76,-93.773
0.11872,85.74,-113.9,-89.703
0.10812,85.85,-113.85,-85.637
0.12952,81.495,-113.95,-93.696
0.13337,81.626,-114.06,-89.615
0.13211,81.767,-114.01,-85.539
0.1247,77.339,-113.7,-93.596
0.13447,77.505,-113.81,-89.517
0.14106,77.679,-113.73,-85.44
0.11879,85.6,-118.05,-93.765
0.12476,85.69,-118.11,-89.714
0.12647,85.792,-118.1,-85.666
0.11462,81.473,-118.08,-93.679
0.1236,81.592,-118.12,-89.622
0.13126,81.724,-118.09,-85.568
0.12561,77.343,-117.99,-93.578
0.11536,77.492,-118.01,-89.521
0.12241,77.656,-117.97,-85.467
0.1057,85.568,-122.33,-93.749
0.11308,85.647,-122.35,-89.712
0.12124,85.742,-122.33,-85.674
0.12399,81.44,-122.3,-93.657
0.11148,81.545,-122.31,-89.616
0.1154,81.67,-122.26,-85.574
0.16435,77.316,-122.23,-93.553
0.1622,77.449,-122.22,-89.509
0.13963,77.604,-122.15,-85.466
0.10984,85.411,-113.37,-106.05
0.11838,85.476,-113.61,-101.94
0.1247,85.552,-113.66,-97.821
0.10392,81.191,-113.53,-106.04
0.11066,81.274,-113.79,-101.89
0.1209,81.377,-113.86,-97.754
0.13541,76.951,-113.41,-105.87
0.11812,77.054,-113.61,-101.77
0.11757,77.187,-113.64,-97.652
0.093767,85.404,-117.85,-105.92
0.10097,85.457,-117.92,-101.87
0.11013,85.522,-117.99,-97.811
0.12489,81.204,-117.9,-105.84
0.10863,81.279,-117.96,-101.8
0.10808,81.369,-118.02,-97.731
0.16292,76.993,-117.88,-105.73
0.16849,77.091,-117.92,-101.69
0.15093,77.209,-117.95,-97.63
0.11488,85.405,-122.21,-105.83
0.10192,85.449,-122.23,-101.81
0.10079,85.502,-122.28,-97.782
0.15098,81.214,-122.2,-105.74
0.15875,81.278,-122.21,-101.73
0.14753,81.352,-122.26,-97.694
0.049413,77.017,-122.19,-105.63
0.095517,77.104,-122.18,-101.62
0.13913,77.202,-122.21,-97.591
0.084868,85.299,-114.29,-118.17
0.090555,85.337,-113.78,-114.06
0.10075,85.365,-113.44,-110.03
0.15359,81.036,-114.39,-118.08
0.11882,81.084,-113.88,-113.98
0.1018,81.13,-113.56,-110.01
0.11607,76.756,-114.45,-117.95
0.16591,76.813,-113.9,-113.85
0.16357,76.874,-113.52,-109.84
0.12093,85.292,-118.41,-117.93
0.099226,85.329,-118.11,-113.92
0.090754,85.363,-117.91,-109.92
0.13206,81.043,-118.48,-117.82
0.15976,81.093,-118.17,-113.82
0.15286,81.144,-117.96,-109.84
0.021754,76.783,-118.54,-117.7
0.063117,76.844,-118.21,-113.7
0.12389,76.912,-117.97,-109.72
0.13636,85.295,-122.56,-117.79
0.14644,85.332,-122.37,-113.81
0.13616,85.367,-122.25,-109.82
0.030536,81.059,-122.6,-117.68
0.070949,81.108,-122.4,-113.71
0.11917,81.158,-122.26,-109.73
0.14274,85.15,-114.7,-129.85
0.11861,85.199,-114.77,-126
0.094511,85.249,-114.75,-122.16
0.086427,80.867,-114.81,-129.73
0.13303,80.925,-114.87,-125.9
0.1632,80.981,-114.85,-122.06
0.048501,76.695,-114.93,-121.93
0.11965,85.158,-118.78,-129.73
0.1464,85.204,-118.78,-125.83
0.14504,85.249,-118.68,-121.91
0.035332,80.937,-118.86,-125.72
0.081074,80.992,-118.76,-121.8
0.027718,85.175,-122.86,-129.61
0.06112,85.215,-122.83,-125.7
0.10363,85.256,-122.73,-121.75
0.08729,85.013,-114.7,-141.66
0.1291,85.053,-114.64,-137.67
0.15069,85.1,-114.65,-133.73
0.041972,80.806,-114.76,-133.61
0.03966,85.071,-118.78,-137.57
0.079495,85.114,-118.77,-133.64
0.04417,84.988,-114.85,-145.69
0.020327,29.555,-115.19,-20.655
0.02658,26.055,-115.11,-10.924
0.020536,25.953,-114.96,-14.089
0.044348,29.978,-115.67,-11.092
0.035443,29.808,-115.57,-14.278
0.028074,29.684,-115.37,-17.468
0.028054,98.077,-122.48,-57.705
0.02309,98.089,-122.65,-53.555
0.025053,94.206,-122.46,-57.545
0.050577,90.318,-122.41,-57.43
0.037344,90.367,-122.6,-53.371
0.02768,90.409,-122.96,-49.357
0.023603,98.046,-117.82,-69.846
0.025561,94.098,-118.09,-69.689
0.05269,90.144,-118.07,-69.551
0.037287,90.216,-118.11,-65.451
0.0228,90.284,-118.13,-61.315
0.030303,98.036,-122.4,-69.888
0.03009,98.05,-122.41,-65.844
0.03026,98.064,-122.38,-61.778
0.055924,94.087,-122.32,-69.737
0.043912,94.13,-122.34,-65.687
0.033502,94.17,-122.37,-61.621
0.093096,90.124,-122.23,-69.61
0.079841,90.195,-122.26,-65.558
0.065249,90.26,-122.3,-61.497
0.021202,98,-113.23,-81.923
0.030589,93.922,-113.98,-81.827
0.020164,93.969,-114.1,-77.776
0.057045,89.888,-113.87,-81.714
0.043203,89.972,-113.97,-77.65
0.027404,90.05,-113.89,-73.566
0.030614,97.998,-117.78,-81.928
0.029699,98.013,-117.84,-77.914
0.028067,98.03,-117.81,-73.886
0.060426,93.955,-118.09,-81.831
0.04792,94.002,-118.11,-77.795
0.036004,94.051,-118.08,-73.744
0.095507,89.909,-118.1,-81.728
0.082609,89.989,-118.11,-77.679
0.068007,90.068,-118.07,-73.618
0.037753,97.987,-122.41,-81.939
0.034022,98.004,-122.41,-77.928
0.031561,98.021,-122.36,-73.91
0.092407,93.944,-122.38,-81.838
0.081668,93.993,-122.35,-77.81
0.068947,94.041,-122.32,-73.775
0.11708,89.89,-122.34,-81.737
0.11237,89.969,-122.28,-77.698
0.10415,90.048,-122.24,-73.654
0.031831,97.955,-113.05,-93.923
0.030109,97.967,-113.29,-89.914
0.026361,97.985,-113.17,-85.906
0.070125,93.786,-113.82,-93.907
0.055528,93.827,-113.98,-89.859
0.041865,93.875,-113.94,-85.817
0.09951,89.661,-113.74,-93.842
0.087657,89.734,-113.89,-89.783
0.071961,89.809,-113.85,-85.727
0.0405,97.955,-117.66,-93.939
0.036056,97.967,-117.75,-89.933
0.032728,97.982,-117.74,-85.929
0.095624,93.828,-117.99,-93.903
0.086053,93.865,-118.07,-89.873
0.073481,93.908,-118.07,-85.846
0.11568,89.697,-118.04,-93.84
0.1134,89.76,-118.11,-89.798
0.10633,89.832,-118.11,-85.758
0.051252,97.947,-122.37,-93.954
0.047094,97.958,-122.4,-89.949
0.04228,97.972,-122.36,-85.943
0.10151,93.825,-122.36,-93.897
0.10343,93.857,-122.4,-89.877
0.10002,93.898,-122.4,-85.857
0.10613,89.692,-122.35,-93.829
0.11347,89.747,-122.39,-89.798
0.11753,89.814,-122.38,-85.768
0.045348,97.931,-112.72,-106.06
0.039893,97.933,-113.05,-101.97
0.035391,97.943,-112.97,-97.915
0.10466,93.726,-113.3,-106.21
0.098914,93.723,-113.66,-102.05
0.085378,93.75,-113.72,-97.926
0.11047,89.536,-113.31,-106.11
0.1128,89.551,-113.58,-101.99
0.10859,89.599,-113.64,-97.879
0.055344,97.932,-117.51,-106.02
0.051723,97.936,-117.6,-101.97
0.046085,97.945,-117.6,-97.945
0.09324,93.763,-117.75,-106.04
0.099944,93.773,-117.86,-101.99
0.10095,93.796,-117.92,-97.93
0.097446,89.577,-117.81,-105.99
0.1064,89.603,-117.9,-101.94
0.11321,89.644,-117.97,-97.879
0.050589,97.929,-122.29,-106
0.053298,97.933,-122.32,-101.97
0.053698,97.939,-122.28,-97.959
0.074967,93.767,-122.23,-105.97
0.084888,93.78,-122.27,-101.94
0.094668,93.799,-122.31,-97.917
0.082841,89.587,-122.21,-105.91
0.089418,89.613,-122.25,-101.89
0.097614,89.647,-122.3,-97.857
0.052085,97.938,-113.56,-118.43
0.055573,97.946,-112.99,-114.31
0.052803,97.937,-112.67,-110.14
0.078947,93.766,-113.95,-118.34
0.091174,93.775,-113.44,-114.24
0.10171,93.753,-113.19,-110.22
0.081868,89.539,-114.16,-118.26
0.093152,89.554,-113.65,-114.14
0.10323,89.546,-113.33,-110.11
0.044835,97.921,-118.03,-118.19
0.050628,97.928,-117.7,-114.15
0.054913,97.931,-117.52,-110.07
0.063605,93.74,-118.21,-118.1
0.073262,93.755,-117.91,-114.08
0.083882,93.761,-117.74,-110.07
0.072535,89.524,-118.32,-118.02
0.079239,89.548,-118.03,-114
0.088009,89.563,-117.84,-110
0.036168,97.915,-122.48,-118.06
0.042461,97.921,-122.3,-114.05
0.046913,97.925,-122.23,-110.02
0.053686,93.729,-122.5,-117.97
0.059104,93.746,-122.32,-113.98
0.066417,93.757,-122.23,-109.98
0.09221,89.519,-122.53,-117.89
0.079934,89.544,-122.35,-113.9
0.079069,89.566,-122.24,-109.91
0.035719,97.896,-114.51,-130.01
0.04094,97.905,-114.46,-126.13
0.046787,97.92,-114.2,-122.31
0.051941,93.669,-114.53,-130.01
0.058349,93.694,-114.55,-126.15
0.06687,93.728,-114.46,-122.31
0.065774,89.417,-114.61,-129.94
0.06741,89.455,-114.66,-126.09
0.072633,89.497,-114.62,-122.25
0.025773,97.893,-118.71,-129.98
0.033167,97.9,-118.62,-126.05
0.039379,97.911,-118.39,-122.14
0.046292,93.668,-118.68,-129.93
0.049578,93.689,-118.64,-126.01
0.055231,93.715,-118.5,-122.08
0.09789,89.421,-118.72,-129.84
0.079025,89.455,-118.7,-125.93
0.070797,89.491,-118.6,-122
0.020043,97.9,-122.81,-125.99
0.027698,97.907,-122.67,-122.04
0.058042,93.671,-122.81,-129.84
0.051832,93.688,-122.78,-125.9
0.051133,93.709,-122.67,-121.95
0.12059,89.43,-122.82,-129.73
0.12309,89.459,-122.79,-125.81
0.11124,89.49,-122.7,-121.86
0.023421,97.88,-114.48,-137.96
0.030115,97.888,-114.46,-133.98
0.042005,93.608,-114.49,-141.86
0.043555,93.625,-114.46,-137.88
0.046984,93.647,-114.48,-133.92
0.11193,89.319,-114.58,-141.77
0.089918,89.346,-114.53,-137.78
0.070655,89.381,-114.55,-133.84
0.059653,93.611,-118.71,-141.78
0.047901,93.629,-118.66,-137.8
0.045296,93.649,-118.67,-133.85
0.11243,89.33,-118.77,-141.66
0.12522,89.357,-118.69,-137.68
0.1169,89.389,-118.7,-133.75
0.025601,97.882,-122.86,-141.84
0.081214,93.628,-122.79,-141.58
0.081608,93.644,-122.77,-137.67
0.069738,93.657,-122.8,-133.77
0.033193,89.351,-122.82,-141.43
0.069076,89.377,-122.77,-137.52
0.10172,89.403,-122.8,-133.63
0.067808,93.581,-114.66,-153.93
0.053071,93.588,-114.63,-149.9
0.043755,93.597,-114.55,-145.88
0.085361,89.282,-114.85,-153.85
0.11487,89.291,-114.81,-149.82
0.12312,89.301,-114.69,-145.78
0.030097,97.866,-118.87,-153.96
0.024251,97.866,-118.85,-149.95
0.061331,93.588,-119.09,-153.9
0.07479,93.59,-119.04,-149.86
0.073793,93.598,-118.88,-145.8
0.037873,89.302,-119.22,-149.78
0.076928,89.311,-119,-145.7
0.020026,97.883,-123.54,-153.97
0.026943,97.88,-123.48,-149.84
0.029983,97.88,-123.2,-145.78
0.029646,93.61,-123.56,-149.78
0.057519,93.616,-123.2,-145.61
0.031618,97.861,-114.49,-166.03
0.029371,97.859,-114.49,-162.01
0.022218,97.861,-114.46,-158
0.04437,93.573,-114.56,-166
0.066949,93.569,-114.58,-161.98
0.075239,93.574,-114.62,-157.95
0.020222,89.267,-114.78,-161.92
0.048127,89.273,-114.83,-157.88
0.025265,97.867,-118.78,-161.99
0.030733,97.867,-118.83,-157.97
0.039534,93.586,-119.02,-157.92
0.025761,97.866,-114.42,-170.05
0.020249,93.583,-114.56,-170.01
0.07019,31.062,-115.99,-1.5661
0.039796,26.811,-115.42,-1.5461
0.020843,22.714,-115.06,-1.5189
0.061388,30.499,-115.9,-4.7264
0.036189,26.451,-115.34,-4.6538
0.053277,30.19,-115.78,-7.9104
0.03182,26.212,-115.23,-7.7818
0.065882,29.792,-102.28,-39.2
0.03045,26.245,-101.94,-39.223
0.037747,29.488,-102.38,-42.239
0.13264,72.459,-102.33,-128.59
0.17322,72.538,-102.82,-124.57
0.18712,72.478,-103.38,-120.34
0.037105,67.739,-103.02,-124.51
0.080176,67.78,-103.46,-120.36
0.030834,72.27,-106.69,-129.21
0.066949,72.326,-106.96,-125.47
0.10774,72.347,-107.35,-121.99
0.022001,72.352,-111.25,-122.2
0.028562,72.119,-102,-136.85
0.074916,72.287,-102.04,-132.62
0.037814,19.306,-101.59,-29.912
0.18128,30.242,-102.28,-29.941
0.11195,26.492,-102.02,-29.872
0.076177,22.865,-101.79,-29.862
0.12974,29.921,-102.24,-33.08
0.08223,26.378,-101.97,-33.02
0.045855,22.84,-101.72,-33.039
0.095984,29.931,-102.24,-36.21
0.054356,26.33,-101.94,-36.148
0.022556,22.826,-101.67,-36.196
0.084023,30.056,-106.5,-29.979
0.050084,26.316,-106.13,-29.898
0.022931,22.696,-105.83,-29.877
0.055756,29.739,-106.44,-33.108
0.028903,26.188,-106.05,-33.036
0.035418,29.69,-106.39,-36.214
0.027086,29.95,-110.69,-30.073
0.092498,85.315,-102.25,-129.23
0.10088,85.382,-102.71,-125.04
0.11048,85.36,-103.37,-120.65
0.094994,81.082,-102.54,-129.06
0.096899,81.173,-103,-124.9
0.10304,81.13,-103.66,-120.57
0.16771,76.815,-102.36,-128.82
0.13192,76.931,-102.83,-124.72
0.11311,76.849,-103.46,-120.42
0.080976,85.197,-106.45,-129.67
0.085778,85.245,-106.73,-125.86
0.091952,85.257,-107.17,-122.31
0.12925,80.929,-106.59,-129.53
0.10391,80.992,-106.88,-125.74
0.094706,81.005,-107.31,-122.21
0.15191,76.623,-106.62,-129.37
0.17633,76.693,-106.9,-125.6
0.17144,76.706,-107.32,-122.09
0.089595,85.156,-110.6,-129.87
0.081152,85.205,-110.78,-126.13
0.081945,85.246,-110.99,-122.55
0.16548,80.874,-110.71,-129.75
0.16005,80.932,-110.9,-126.01
0.13363,80.976,-111.11,-122.45
0.049727,76.567,-110.8,-129.61
0.09657,76.631,-110.98,-125.89
0.1474,76.678,-111.17,-122.33
0.078981,85.042,-101.7,-141.76
0.079805,85.1,-101.88,-137.57
0.08586,85.205,-101.98,-133.37
0.17154,80.554,-101.89,-141.73
0.13983,80.74,-102.13,-137.43
0.10788,80.912,-102.26,-133.19
0.082177,76.139,-101.87,-141.45
0.15116,76.373,-101.99,-137.14
0.18288,76.587,-102.07,-132.9
0.11512,84.998,-106.13,-141.72
0.088286,85.05,-106.17,-137.66
0.079687,85.123,-106.26,-133.62
0.13651,80.623,-106.29,-141.61
0.16831,80.722,-106.32,-137.53
0.16001,80.829,-106.4,-133.48
0.047819,76.386,-106.38,-137.34
0.10146,76.509,-106.44,-133.29
0.15147,84.999,-110.45,-141.71
0.14041,85.043,-110.43,-137.7
0.11436,85.099,-110.48,-133.75
0.042996,80.662,-110.6,-141.59
0.090499,80.728,-110.56,-137.58
0.13831,80.802,-110.6,-133.62
0.13442,85.116,-101.8,-153.72
0.11387,85.175,-102,-149.77
0.088895,85.097,-101.79,-145.79
0.079746,80.459,-102.19,-153.64
0.11986,80.406,-102.31,-149.77
0.16311,80.422,-102.01,-145.84
0.02453,75.88,-102.26,-145.68
0.13241,84.971,-106.27,-153.79
0.15043,84.994,-106.3,-149.77
0.14079,84.988,-106.2,-145.75
0.037884,80.531,-106.57,-149.69
0.083193,80.555,-106.4,-145.67
0.048436,84.951,-110.67,-153.78
0.08966,84.964,-110.64,-149.76
0.1314,84.975,-110.54,-145.73
0.088479,84.908,-101.49,-166.01
0.12949,84.926,-101.58,-161.8
0.14608,84.995,-101.62,-157.67
0.042631,80.523,-102.03,-157.56
0.047511,84.908,-106.17,-161.87
0.09234,84.933,-106.2,-157.8
0.032749,84.832,-102,-170.24
0.13579,19.074,-101.9,-20.179
0.11296,15.431,-101.77,-20.137
0.061155,11.882,-101.68,-20.154
0.10747,19.182,-101.79,-23.436
0.066683,15.594,-101.65,-23.454
0.021893,12.075,-101.55,-23.532
0.072185,19.257,-101.69,-26.682
0.029199,15.71,-101.54,-26.747
0.066884,18.97,-105.98,-20.188
0.028892,15.343,-105.83,-20.142
0.037247,19.062,-105.84,-23.446
0.16577,22.793,-102.07,-20.256
0.13295,22.835,-101.97,-23.467
0.10537,22.866,-101.87,-26.674
0.25732,26.587,-102.27,-20.357
0.18725,26.543,-102.18,-23.543
0.14416,26.547,-102.09,-26.727
0.33435,30.504,-102.48,-20.468
0.30789,30.267,-102.4,-23.661
0.24137,30.353,-102.33,-26.864
0.095117,22.678,-106.19,-20.273
0.070519,22.703,-106.06,-23.486
0.044609,22.715,-105.94,-26.691
0.12822,26.47,-106.46,-20.388
0.09826,26.411,-106.34,-23.574
0.073286,26.391,-106.23,-26.755
0.21326,30.376,-106.79,-20.519
0.15022,30.144,-106.69,-23.711
0.11507,30.184,-106.58,-26.905
0.029099,22.494,-110.25,-20.296
0.052639,26.274,-110.6,-20.426
0.03612,26.207,-110.45,-23.614
0.021602,26.155,-110.29,-26.795
0.080877,30.315,-111.11,-20.6
0.057523,30.129,-111,-23.784
0.041337,30.082,-110.82,-26.962
0.32999,22.581,-102.37,-10.727
0.29361,22.628,-102.28,-13.871
0.22253,22.718,-102.18,-17.055
0.28606,26.558,-102.56,-10.882
0.32895,26.52,-102.47,-14.026
0.32003,26.573,-102.37,-17.196
0.168,30.581,-102.74,-10.997
0.2381,30.381,-102.65,-14.165
0.30328,30.535,-102.56,-17.362
0.18225,22.528,-106.55,-10.736
0.14816,22.556,-106.44,-13.883
0.11971,22.624,-106.32,-17.07
0.26835,26.517,-106.81,-10.904
0.21477,26.458,-106.7,-14.051
0.16347,26.48,-106.58,-17.222
0.34315,30.55,-107.1,-11.041
0.3195,30.343,-107.01,-14.212
0.27259,30.436,-106.89,-17.409
0.073779,22.414,-110.7,-10.743
0.060553,22.42,-110.56,-13.895
0.045304,22.461,-110.41,-17.086
0.10626,26.412,-111.02,-10.919
0.086718,26.332,-110.9,-14.072
0.069373,26.311,-110.75,-17.248
0.16909,30.624,-111.49,-11.087
0.13229,30.437,-111.42,-14.262
0.10605,30.413,-111.25,-17.452
0.048984,97.9,-101.19,-129.77
0.047236,97.915,-101.81,-125.56
0.044965,97.925,-102.56,-121.08
0.099792,93.621,-102.05,-129.59
0.10209,93.658,-102.5,-125.39
0.097137,93.68,-103.14,-120.96
0.096254,89.404,-102.09,-129.4
0.10432,89.456,-102.53,-125.2
0.11018,89.463,-103.18,-120.79
0.051454,97.902,-105.69,-129.95
0.053758,97.909,-106.03,-126.04
0.05455,97.915,-106.5,-122.38
0.080012,93.661,-106.12,-129.9
0.088563,93.683,-106.4,-126.05
0.094903,93.7,-106.81,-122.48
0.081824,89.414,-106.3,-129.79
0.09007,89.449,-106.57,-125.97
0.097602,89.466,-107,-122.41
0.043255,97.9,-110.16,-130.03
0.048481,97.908,-110.27,-126.2
0.052563,97.923,-110.27,-122.57
0.063583,93.671,-110.33,-130.04
0.071736,93.695,-110.48,-126.26
0.080335,93.727,-110.63,-122.68
0.069576,89.416,-110.47,-129.97
0.075799,89.452,-110.64,-126.22
0.083178,89.49,-110.84,-122.63
0.043873,97.905,-100.73,-142
0.048408,97.888,-100.98,-137.94
0.049816,97.891,-100.93,-133.86
0.072588,93.616,-101.66,-141.89
0.082,93.584,-101.8,-137.8
0.092571,93.594,-101.83,-133.68
0.070892,89.319,-101.66,-141.8
0.078661,89.307,-101.8,-137.68
0.087544,89.346,-101.85,-133.52
0.037133,97.893,-105.33,-141.99
0.042026,97.889,-105.43,-137.96
0.047323,97.894,-105.49,-133.94
0.054846,93.624,-105.83,-141.9
0.062337,93.62,-105.89,-137.86
0.070828,93.637,-105.96,-133.85
0.062652,89.315,-106,-141.81
0.067509,89.329,-106.05,-137.76
0.074248,89.368,-106.13,-133.74
0.027721,97.882,-109.99,-141.98
0.033195,97.885,-110.03,-137.97
0.038208,97.892,-110.04,-133.98
0.044866,93.616,-110.16,-141.89
0.050021,93.627,-110.18,-137.9
0.056381,93.647,-110.22,-133.93
0.067493,89.315,-110.31,-141.8
0.063238,89.34,-110.31,-137.81
0.064904,89.376,-110.36,-133.85
0.029087,97.935,-100.6,-154.19
0.034647,97.952,-100.83,-150.11
0.039134,97.936,-100.69,-146.03
0.04786,93.698,-101.58,-154.06
0.054694,93.754,-101.75,-149.98
0.064138,93.7,-101.66,-145.91
0.059856,89.454,-101.67,-153.88
0.059497,89.545,-101.84,-149.86
0.063968,89.442,-101.71,-145.83
0.025454,97.907,-105.31,-150.06
0.031858,97.903,-105.29,-146.02
0.040382,93.634,-105.8,-154.02
0.043016,93.66,-105.86,-149.97
0.048109,93.647,-105.83,-145.92
0.082357,89.322,-106.04,-153.9
0.065599,89.356,-106.09,-149.87
0.061312,89.337,-106.04,-145.83
0.021381,97.881,-109.93,-145.99
0.040802,93.597,-110.21,-153.97
0.039844,93.61,-110.22,-149.94
0.041529,93.613,-110.18,-145.91
0.12158,89.285,-110.44,-153.88
0.10794,89.302,-110.43,-149.85
0.085735,89.307,-110.36,-145.82
0.022361,97.894,-100.51,-158.27
0.039401,93.416,-101.07,-166.55
0.04196,93.483,-101.39,-162.29
0.044692,93.582,-101.46,-158.12
0.11309,89.076,-101.25,-166.3
0.087544,89.15,-101.45,-162.04
0.066251,89.274,-101.51,-157.89
0.048003,93.515,-105.6,-166.25
0.039666,93.538,-105.67,-162.16
0.038887,93.583,-105.72,-158.08
0.11838,89.188,-105.89,-166.11
0.12403,89.21,-105.92,-162.02
0.10669,89.259,-105.97,-157.94
0.022039,97.857,-109.93,-166.14
0.073896,93.554,-110.12,-166.09
0.063567,93.559,-110.14,-162.05
0.04834,93.576,-110.16,-158.01
0.051283,89.238,-110.37,-166
0.091472,89.243,-110.37,-161.96
0.11846,89.261,-110.4,-157.92
0.020392,97.902,-101.47,-178.61
0.06919,93.66,-102.02,-178.45
0.052965,93.596,-101.5,-174.49
0.041458,93.432,-101.08,-170.61
0.056716,89.284,-102.48,-178.37
0.10029,89.169,-102.13,-174.43
0.12438,89.043,-101.54,-170.46
0.030813,97.876,-105.82,-178.33
0.023635,97.869,-105.47,-174.37
0.055709,93.604,-106.2,-178.23
0.07298,93.574,-105.91,-174.26
0.064752,93.527,-105.67,-170.28
0.038763,89.239,-106.33,-174.18
0.083645,89.194,-106.05,-170.17
0.023117,97.871,-110.19,-178.15
0.031112,97.867,-110.01,-174.18
0.029292,97.86,-109.9,-170.18
0.040736,93.582,-110.28,-174.1
0.065531,93.562,-110.16,-170.11
0.020729,97.884,-102.2,-190.04
0.031366,97.879,-102.18,-186.17
0.030123,97.88,-102.04,-182.41
0.036049,93.624,-102.44,-186.21
0.063508,93.608,-102.42,-182.39
0.020074,89.303,-102.66,-182.3
0.028414,97.874,-106.14,-182.22
0.026655,93.607,-106.44,-182.17
0.083487,31.208,-103.05,-1.5672
0.14827,27.089,-102.78,-1.5422
0.25476,22.909,-102.51,-1.5141
0.10261,30.573,-102.94,-4.7737
0.17949,26.729,-102.72,-4.6574
0.27977,22.716,-102.49,-4.5604
0.12552,30.624,-102.84,-7.9391
0.23052,26.613,-102.64,-7.7791
0.3181,22.604,-102.44,-7.6304
0.30165,31.144,-107.42,-1.5801
0.34856,27.074,-107.06,-1.5486
0.28971,22.905,-106.74,-1.5169
0.32492,30.595,-107.32,-4.8051
0.33558,26.729,-106.99,-4.6709
0.26692,22.701,-106.7,-4.5663
0.33957,30.618,-107.2,-7.9786
0.30805,26.594,-106.9,-7.7957
0.22539,22.571,-106.64,-7.6375
0.25405,31.46,-111.86,-1.5823
0.15492,27.068,-111.31,-1.5509
0.10274,22.866,-110.94,-1.5188
0.22649,30.909,-111.74,-4.788
0.14186,26.715,-111.23,-4.6699
0.095826,22.641,-110.89,-4.5688
0.20138,30.765,-111.6,-7.9686
0.12533,26.529,-111.13,-7.7958
0.08566,22.483,-110.81,-7.6403
0.37525,-9.9541,-102.04,-6.3251
0.41625,-10.841,-102.06,-3.8811
0.14263,-10.313,-101.95,-9.7098
0.26237,-1.3379,-102.01,-10.609
0.27719,-3.9494,-102.01,-10.135
0.28075,-6.5124,-102,-9.4257
0.35752,6.4272,-102.02,-9.2857
0.32838,3.9016,-102.01,-10.062
0.28687,1.302,-102.01,-10.586
0.14172,7.6265,-101.89,-13.186
0.091254,4.5267,-101.87,-13.556
0.038514,1.4886,-101.86,-13.874
0.061493,8.1483,-101.75,-16.795
0.021066,4.8571,-101.72,-17.034
0.061032,6.3466,-106.17,-9.2071
0.030981,3.873,-106.16,-10.059
0.022756,7.5975,-106,-13.186
0.29963,10.002,-102.04,-9.3838
0.17603,11.072,-101.93,-13.181
0.11991,11.583,-101.8,-16.719
0.25461,14.453,-102.1,-10.181
0.18791,14.864,-102,-13.464
0.14994,15.195,-101.89,-16.801
0.28722,18.57,-102.21,-10.52
0.21896,18.737,-102.12,-13.691
0.16617,18.922,-102.01,-16.924
0.082449,9.9473,-106.18,-9.3526
0.051925,11.03,-106.03,-13.181
0.022748,11.526,-105.88,-16.72
0.11273,14.414,-106.24,-10.18
0.089635,14.809,-106.11,-13.465
0.05873,15.123,-105.97,-16.804
0.1451,18.519,-106.36,-10.523
0.11987,18.67,-106.25,-13.696
0.095309,18.836,-106.12,-16.931
0.044643,18.429,-110.48,-10.526
0.032326,18.559,-110.34,-13.703
0.38903,14.667,-102.12,-1.4174
0.38155,14.512,-102.17,-4.2503
0.33453,14.307,-102.16,-7.114
0.33721,18.715,-102.26,-1.4791
0.34624,18.628,-102.3,-4.4476
0.33445,18.529,-102.27,-7.4468
0.17817,10.82,-106.26,-1.2744
0.12888,10.38,-106.27,-3.7795
0.10827,9.6028,-106.26,-6.1591
0.15927,14.69,-106.31,-1.416
0.15117,14.505,-106.34,-4.2475
0.132,14.283,-106.32,-7.1117
0.21299,18.739,-106.47,-1.4793
0.19734,18.616,-106.49,-4.4481
0.17243,18.496,-106.44,-7.448
0.023368,10.818,-110.43,-1.2735
0.04325,14.709,-110.5,-1.4147
0.037158,14.484,-110.51,-4.2451
0.028537,14.24,-110.46,-7.1097
0.068364,18.747,-110.68,-1.4799
0.06325,18.574,-110.65,-4.449
0.054848,18.427,-110.59,-7.4491
0.16192,30.331,-89.854,-48.364
0.088905,26.856,-89.647,-48.503
0.041493,23.552,-89.454,-48.815
0.11689,30.106,-89.884,-51.231
0.058831,26.86,-89.691,-51.485
0.022925,23.7,-89.498,-51.961
0.08596,30.148,-89.916,-53.997
0.036984,26.999,-89.746,-54.426
0.08833,30.098,-94.225,-48.329
0.042921,26.662,-93.886,-48.467
0.057593,29.877,-94.265,-51.173
0.023714,26.658,-93.94,-51.436
0.037362,29.898,-94.27,-53.928
0.037122,29.933,-98.693,-48.311
0.086392,19.857,-89.247,-39.552
0.038368,16.463,-89.127,-39.766
0.052658,19.982,-89.245,-42.752
0.028363,20.14,-89.256,-45.958
0.041868,19.744,-93.347,-39.543
0.020025,19.853,-93.345,-42.738
0.33481,30.259,-89.679,-39.262
0.19876,26.726,-89.532,-39.291
0.13558,23.273,-89.384,-39.389
0.27635,30.093,-89.725,-42.382
0.15654,26.719,-89.56,-42.412
0.10169,23.338,-89.395,-42.545
0.21203,30.299,-89.796,-45.465
0.12205,26.806,-89.603,-45.495
0.068701,23.44,-89.419,-45.687
0.22299,30.073,-93.92,-39.26
0.13399,26.591,-93.713,-39.283
0.087016,23.152,-93.518,-39.379
0.15707,29.893,-93.996,-42.37
0.10023,26.563,-93.756,-42.395
0.054706,23.198,-93.534,-42.528
0.12121,30.075,-94.12,-45.441
0.069117,26.629,-93.821,-45.469
0.029919,23.281,-93.567,-45.662
0.12872,29.988,-98.145,-39.242
0.079605,26.45,-97.86,-39.26
0.038838,23.002,-97.611,-39.357
0.090208,29.758,-98.258,-42.333
0.049581,26.385,-97.912,-42.357
0.060882,29.936,-98.499,-45.407
0.027,26.412,-98.001,-45.419
0.031239,72.902,-91.741,-156.87
0.042996,9.0953,-89.093,-30.405
0.18225,19.573,-89.332,-29.904
0.14926,16.053,-89.238,-30.018
0.10277,12.563,-89.158,-30.186
0.15327,19.657,-89.291,-33.132
0.11249,16.176,-89.189,-33.28
0.05688,12.713,-89.103,-33.481
0.12217,19.751,-89.262,-36.347
0.071446,16.309,-89.152,-36.528
0.026254,12.88,-89.059,-36.76
0.1424,19.506,-93.45,-29.908
0.10669,15.988,-93.337,-30.021
0.050902,12.5,-93.245,-30.187
0.1119,19.576,-93.401,-33.133
0.063038,16.098,-93.279,-33.28
0.020117,12.64,-93.181,-33.482
0.075163,19.654,-93.366,-36.344
0.030058,16.218,-93.235,-36.526
0.096892,19.421,-97.54,-29.91
0.04898,15.904,-97.407,-30.02
0.059186,19.473,-97.479,-33.129
0.028915,19.532,-97.433,-36.334
0.1755,30.403,-89.637,-29.861
0.32766,26.719,-89.541,-29.83
0.27337,23.126,-89.435,-29.842
0.27521,30.155,-89.63,-33.034
0.33238,26.67,-89.522,-33.005
0.20557,23.159,-89.404,-33.039
0.33802,30.274,-89.646,-36.208
0.26247,26.709,-89.519,-36.17
0.16778,23.214,-89.387,-36.224
0.30992,30.288,-93.855,-29.882
0.30067,26.648,-93.719,-29.843
0.18341,23.059,-93.579,-29.85
0.33882,30.029,-93.849,-33.048
0.22077,26.581,-93.696,-33.012
0.1502,23.076,-93.542,-33.042
0.29417,30.114,-93.871,-36.213
0.16842,26.597,-93.693,-36.17
0.1199,23.112,-93.521,-36.221
0.30799,30.311,-98.079,-29.911
0.18098,26.593,-97.886,-29.857
0.13075,22.98,-97.702,-29.855
0.22773,30.014,-98.067,-33.064
0.14254,26.503,-97.853,-33.016
0.10107,22.976,-97.652,-33.04
0.16788,30.07,-98.087,-36.217
0.11096,26.489,-97.842,-36.161
0.068569,22.989,-97.621,-36.21
0.057896,85.547,-90.315,-185.76
0.097202,85.765,-90.502,-181.49
0.029723,85.154,-94.722,-182.27
0.021167,-1.5531,-89.235,-20.848
0.20688,8.5501,-89.317,-20.271
0.15718,5.1606,-89.281,-20.476
0.074921,1.8006,-89.255,-20.688
0.15082,8.7654,-89.237,-23.681
0.080931,5.3343,-89.196,-23.889
0.023846,1.924,-89.165,-24.112
0.091109,8.9369,-89.162,-27.055
0.031528,5.4879,-89.116,-27.286
0.16632,8.5193,-93.434,-20.272
0.092778,5.132,-93.397,-20.476
0.028789,1.7751,-93.371,-20.688
0.094889,8.7256,-93.341,-23.683
0.031289,5.2979,-93.298,-23.89
0.039628,8.8882,-93.253,-27.057
0.089078,8.481,-97.535,-20.271
0.028457,5.0984,-97.497,-20.474
0.031068,8.6772,-97.424,-23.682
0.27826,19.21,-89.502,-20.158
0.27614,15.569,-89.428,-20.128
0.22285,12.012,-89.365,-20.151
0.30581,19.359,-89.44,-23.415
0.21062,15.769,-89.36,-23.444
0.18567,12.238,-89.292,-23.529
0.22569,19.478,-89.382,-26.666
0.17757,15.924,-89.295,-26.741
0.15024,12.412,-89.221,-26.87
0.29045,19.181,-93.653,-20.166
0.20691,15.538,-93.562,-20.132
0.19172,11.979,-93.488,-20.154
0.20895,19.318,-93.579,-23.423
0.1726,15.727,-93.481,-23.449
0.15386,12.196,-93.402,-23.531
0.16884,19.425,-93.51,-26.672
0.14521,15.87,-93.405,-26.745
0.10137,12.36,-93.319,-26.873
0.1916,19.14,-97.789,-20.172
0.16732,15.494,-97.678,-20.135
0.15017,11.937,-97.594,-20.154
0.15538,19.263,-97.7,-23.429
0.13702,15.67,-97.581,-23.451
0.090299,12.143,-97.49,-23.532
0.12931,19.355,-97.615,-26.677
0.093788,15.801,-97.49,-26.746
0.039003,12.295,-97.392,-26.872
0.13526,22.906,-89.584,-20.216
0.27738,22.994,-89.528,-23.429
0.33352,23.074,-89.477,-26.642
0.051709,26.649,-89.665,-20.286
0.12176,26.654,-89.615,-23.477
0.23529,26.716,-89.572,-26.669
0.050012,30.294,-89.687,-23.554
0.10101,30.447,-89.656,-26.766
0.28985,22.884,-93.758,-20.229
0.3149,22.958,-93.691,-23.441
0.23964,23.023,-93.63,-26.653
0.15968,26.627,-93.867,-20.307
0.27777,26.618,-93.808,-23.496
0.33815,26.663,-93.757,-26.687
0.073157,30.417,-93.966,-20.384
0.13867,30.229,-93.916,-23.583
0.22342,30.353,-93.878,-26.79
0.28604,22.854,-97.924,-20.242
0.20529,22.913,-97.842,-23.453
0.16039,22.962,-97.766,-26.662
0.31516,26.628,-98.074,-20.331
0.31597,26.602,-98.001,-23.518
0.24371,26.628,-97.936,-26.705
0.19404,30.505,-98.222,-20.424
0.29331,30.287,-98.162,-23.62
0.3372,30.399,-98.111,-26.827
0.048051,22.788,-89.644,-17.017
0.024845,22.582,-93.961,-10.707
0.069896,22.656,-93.898,-13.848
0.16725,22.777,-93.829,-17.029
0.032254,26.486,-94.002,-13.982
0.077924,26.577,-93.933,-17.148
0.032993,30.407,-94.025,-17.278
0.14431,22.592,-98.167,-10.717
0.24817,22.654,-98.092,-13.86
0.31492,22.762,-98.009,-17.042
0.07806,26.541,-98.311,-10.862
0.1414,26.519,-98.233,-14.003
0.23528,26.595,-98.152,-17.171
0.037106,30.512,-98.448,-10.96
0.072666,30.332,-98.371,-14.125
0.11983,30.513,-98.292,-17.319
0.021508,97.882,-89.644,-201.97
0.0288,97.909,-89.658,-197.97
0.026769,97.922,-89.687,-193.97
0.026031,93.669,-89.756,-201.89
0.045753,93.737,-89.791,-197.88
0.051464,93.766,-89.86,-193.9
0.032796,89.591,-89.891,-197.74
0.074432,89.605,-89.969,-193.8
0.023095,97.896,-93.83,-197.98
0.029625,97.906,-93.853,-194
0.025729,93.699,-93.975,-197.91
0.049262,93.716,-94.03,-193.96
0.023363,89.524,-94.155,-193.89
0.022904,97.894,-98.018,-194.01
0.021375,93.678,-98.199,-193.99
0.025939,22.896,-98.282,-1.5122
0.021643,26.685,-98.455,-4.6458
0.040098,22.704,-98.268,-4.5552
0.040292,26.58,-98.386,-7.7627
0.075186,22.602,-98.228,-7.6227
0.21854,-10.302,-89.48,-9.7097
0.20981,-10.306,-93.639,-9.7106
0.19647,-10.31,-97.797,-9.7103
0.37123,-1.3243,-89.535,-10.576
0.41393,-6.5074,-89.52,-9.4313
0.26285,-1.5239,-89.435,-13.949
0.14348,-4.5895,-89.421,-13.776
0.066661,-7.7539,-89.402,-13.575
0.084623,-1.5796,-89.333,-17.388
0.027186,-4.8479,-89.317,-17.389
0.40305,-1.3275,-93.695,-10.576
0.38094,-6.5102,-93.68,-9.4314
0.18076,-1.5335,-93.581,-13.948
0.087264,-4.598,-93.569,-13.775
0.045761,-7.7618,-93.551,-13.576
0.037846,-1.5957,-93.465,-17.388
0.35081,-1.3309,-97.853,-10.575
0.38102,-3.9249,-97.848,-10.088
0.33,-6.514,-97.839,-9.4301
0.08623,-1.5439,-97.721,-13.946
0.041922,-4.6065,-97.711,-13.774
0.028113,-7.7692,-97.695,-13.575
0.051321,6.4474,-89.549,-9.2906
0.10258,3.8936,-89.543,-10.015
0.2147,1.3113,-89.539,-10.553
0.20239,7.679,-89.476,-13.186
0.30189,4.5716,-89.458,-13.559
0.35783,1.5265,-89.446,-13.879
0.27106,8.2337,-89.398,-16.796
0.25864,4.9311,-89.37,-17.038
0.17878,1.6744,-89.35,-17.273
0.084893,6.4432,-93.709,-9.2909
0.14752,3.8897,-93.702,-10.015
0.2689,1.3077,-93.698,-10.553
0.25621,7.6662,-93.622,-13.187
0.33068,4.5596,-93.603,-13.559
0.30263,1.5155,-93.591,-13.879
0.24066,8.2119,-93.529,-16.797
0.19794,4.9108,-93.5,-17.038
0.10625,1.656,-93.48,-17.272
0.16412,6.4388,-97.865,-9.2898
0.20994,3.8859,-97.859,-10.014
0.29904,1.3035,-97.856,-10.552
0.27406,7.6492,-97.759,-13.187
0.26673,4.5448,-97.741,-13.558
0.17829,1.5029,-97.73,-13.877
0.17505,8.1839,-97.648,-16.796
0.1036,4.8863,-97.618,-17.036
0.037865,1.6352,-97.6,-17.27
0.032579,10.03,-89.568,-9.3851
0.1432,11.134,-89.508,-13.181
0.25885,11.679,-89.439,-16.717
0.021126,14.491,-89.611,-10.178
0.081204,14.933,-89.559,-13.46
0.23815,15.298,-89.495,-16.794
0.033662,18.797,-89.626,-13.675
0.12591,19.019,-89.565,-16.905
0.078114,10.025,-93.73,-9.3858
0.22836,11.12,-93.658,-13.182
0.23448,11.657,-93.575,-16.719
0.073829,14.486,-93.78,-10.18
0.21199,14.92,-93.717,-13.463
0.27057,15.276,-93.642,-16.798
0.045539,18.597,-93.86,-10.513
0.13949,18.789,-93.8,-13.682
0.27394,19.001,-93.728,-16.912
0.19481,10.016,-97.887,-9.3851
0.25198,11.101,-97.798,-13.182
0.19839,11.626,-97.698,-16.719
0.25804,14.475,-97.944,-10.181
0.27122,14.899,-97.867,-13.464
0.20621,15.244,-97.775,-16.8
0.22358,18.592,-98.04,-10.517
0.2974,18.773,-97.967,-13.687
0.26753,18.973,-97.88,-16.918
0.020429,10.785,-89.59,-1.2806
0.023595,10.786,-93.758,-1.2805
0.021937,10.421,-93.769,-3.8082
0.025002,9.6128,-93.766,-6.1642
0.021655,14.323,-93.817,-7.1143
0.034229,10.786,-97.926,-1.2805
0.043566,10.42,-97.937,-3.809
0.075891,9.6101,-97.933,-6.1645
0.044127,14.681,-97.958,-1.4177
0.070155,14.519,-97.997,-4.2509
0.14529,14.319,-97.99,-7.1149
0.040466,18.726,-98.076,-1.4789
0.062427,18.631,-98.107,-4.4467
0.11875,18.539,-98.09,-7.4448
0.0214,26.489,-76.967,-70.437
0.033504,21.76,-76.804,-59.274
0.025709,22.941,-76.834,-62.832
0.029362,25.429,-76.883,-66.426
0.10634,20.55,-76.77,-49.15
0.055004,17.353,-76.693,-49.489
0.02141,14.155,-76.62,-49.782
0.074145,20.784,-76.774,-52.434
0.033871,17.66,-76.693,-52.839
0.049532,21.139,-76.785,-55.802
0.068341,20.503,-80.959,-49.178
0.02919,17.305,-80.862,-49.52
0.042864,20.744,-80.974,-52.462
0.025938,21.109,-81,-55.828
0.036011,20.435,-85.133,-49.19
0.28276,30.497,-76.968,-48.386
0.32327,27.061,-76.915,-48.501
0.17434,23.77,-76.846,-48.794
0.33662,30.244,-76.967,-51.288
0.25419,27.043,-76.919,-51.501
0.13571,23.897,-76.852,-51.949
0.34743,30.249,-76.972,-54.094
0.18901,27.139,-76.929,-54.456
0.10159,24.152,-76.864,-55.142
0.34208,30.403,-81.244,-48.396
0.21811,27.007,-81.156,-48.52
0.12686,23.723,-81.059,-48.819
0.31212,30.171,-81.253,-51.296
0.16238,26.999,-81.173,-51.516
0.091471,23.858,-81.077,-51.972
0.24995,30.179,-81.265,-54.117
0.12487,27.105,-81.195,-54.471
0.062418,24.124,-81.105,-55.164
0.26963,30.422,-85.549,-48.387
0.14353,26.962,-85.405,-48.52
0.080849,23.66,-85.265,-48.826
0.19607,30.19,-85.569,-51.271
0.1073,26.961,-85.435,-51.51
0.051842,23.803,-85.297,-51.977
0.14845,30.22,-85.587,-54.058
0.075905,27.085,-85.473,-54.459
0.031855,24.086,-85.343,-55.166
0.04432,61.754,-78.735,-139.5
0.10727,61.606,-78.802,-134.96
0.17705,61.59,-78.82,-130.11
0.025255,56.654,-78.567,-131.13
0.041806,61.527,-83.272,-135.19
0.10382,61.445,-83.291,-130.38
0.038087,61.436,-87.759,-130.71
0.043576,9.861,-76.613,-40.273
0.023021,10.165,-76.586,-43.539
0.021135,9.8152,-80.744,-40.304
0.21846,20.05,-76.797,-39.504
0.15469,16.653,-76.732,-39.715
0.095845,13.261,-76.67,-39.97
0.17879,20.193,-76.781,-42.709
0.11765,16.854,-76.712,-42.953
0.063236,13.517,-76.646,-43.227
0.14225,20.36,-76.772,-45.919
0.083372,17.087,-76.699,-46.204
0.038381,13.816,-76.63,-46.491
0.17232,20.002,-80.963,-39.532
0.1169,16.606,-80.883,-39.745
0.061403,13.214,-80.809,-40
0.13722,20.143,-80.953,-42.738
0.080522,16.804,-80.867,-42.984
0.034716,13.467,-80.789,-43.259
0.10126,20.31,-80.952,-45.948
0.050356,17.037,-80.86,-46.235
0.13033,19.941,-85.116,-39.548
0.076793,16.544,-85.017,-39.761
0.03085,13.155,-84.93,-40.018
0.094602,20.076,-85.111,-42.752
0.044912,16.738,-85.004,-43
0.061335,20.241,-85.116,-45.961
0.024013,16.968,-85.002,-46.25
0.13416,30.417,-76.975,-39.204
0.24724,26.904,-76.925,-39.241
0.35576,23.462,-76.863,-39.342
0.18255,30.265,-76.968,-42.344
0.32552,26.916,-76.917,-42.375
0.29513,23.546,-76.851,-42.506
0.22751,30.477,-76.968,-45.455
0.35516,27.014,-76.914,-45.475
0.2255,23.66,-76.846,-45.657
0.1952,30.31,-81.212,-39.231
0.34588,26.846,-81.133,-39.269
0.26416,23.414,-81.048,-39.37
0.26718,30.168,-81.219,-42.368
0.34353,26.857,-81.135,-42.401
0.20183,23.496,-81.045,-42.534
0.32298,30.375,-81.232,-45.471
0.28528,26.956,-81.144,-45.497
0.16299,23.609,-81.048,-45.683
0.30506,30.334,-85.459,-39.251
0.31229,26.807,-85.341,-39.286
0.18487,23.357,-85.225,-39.386
0.34947,30.178,-85.484,-42.38
0.23856,26.812,-85.355,-42.413
0.14989,23.433,-85.229,-42.547
0.32992,30.391,-85.519,-45.474
0.18137,26.908,-85.378,-45.504
0.11512,23.544,-85.243,-45.693
0.14151,74.729,-78.427,-164.64
0.17956,74.477,-78.594,-160.14
0.1767,74.336,-78.721,-155.33
0.022529,69.721,-78.395,-160.52
0.057694,69.377,-78.515,-156.43
0.075252,74.574,-82.817,-164.85
0.12366,74.346,-83.048,-160.41
0.16325,74.141,-83.173,-155.68
0.048185,74.294,-87.552,-160.65
0.096007,74.066,-87.617,-156.13
0.059797,74.158,-78.24,-169.09
0.027856,73.976,-82.571,-169.26
0.1581,9.2171,-76.734,-30.358
0.09396,5.7586,-76.694,-30.622
0.035736,2.3071,-76.658,-30.916
0.11459,9.4016,-76.688,-33.682
0.053378,5.9467,-76.643,-33.982
0.074669,9.6108,-76.647,-36.987
0.026315,6.1687,-76.599,-37.323
0.12482,9.1834,-80.869,-30.382
0.060206,5.7255,-80.825,-30.646
0.078889,9.3632,-80.82,-33.709
0.028035,5.9094,-80.772,-34.009
0.043316,9.5683,-80.778,-37.016
0.084661,9.1434,-84.99,-30.397
0.030038,5.6872,-84.942,-30.66
0.043494,9.3171,-84.936,-33.725
0.34019,19.692,-76.881,-29.851
0.28885,16.178,-76.829,-29.969
0.21003,12.688,-76.78,-30.138
0.35592,19.802,-76.847,-33.079
0.22942,16.324,-76.791,-33.229
0.17249,12.859,-76.737,-33.431
0.28306,19.921,-76.819,-36.296
0.19175,16.479,-76.758,-36.477
0.13352,13.045,-76.7,-36.707
0.3398,19.661,-81.042,-29.877
0.22412,16.145,-80.979,-29.994
0.17697,12.654,-80.92,-30.163
0.26373,19.765,-81.008,-33.106
0.18904,16.286,-80.939,-33.256
0.13903,12.82,-80.876,-33.457
0.20784,19.878,-80.982,-36.324
0.15411,16.436,-80.907,-36.505
0.098111,13.002,-80.838,-36.735
0.24404,19.623,-85.194,-29.894
0.18372,16.105,-85.117,-30.01
0.14478,12.614,-85.048,-30.178
0.19569,19.719,-85.158,-33.123
0.15222,16.238,-85.074,-33.272
0.10072,12.772,-84.999,-33.474
0.16356,19.824,-85.132,-36.341
0.11538,16.381,-85.04,-36.522
0.059605,12.948,-84.96,-36.752
0.04662,26.809,-76.98,-29.759
0.1325,23.233,-76.932,-29.782
0.042523,30.254,-76.995,-32.952
0.10182,26.791,-76.955,-32.938
0.25157,23.295,-76.903,-32.981
0.084214,30.406,-76.983,-36.136
0.16769,26.86,-76.937,-36.111
0.34457,23.379,-76.88,-36.171
0.037108,30.377,-81.229,-29.802
0.096912,26.769,-81.172,-29.788
0.26555,23.202,-81.108,-29.809
0.085468,30.166,-81.214,-32.982
0.18365,26.745,-81.151,-32.968
0.35116,23.257,-81.08,-33.009
0.13742,30.303,-81.209,-36.163
0.28111,26.807,-81.138,-36.139
0.33683,23.335,-81.06,-36.199
0.084414,30.43,-85.445,-29.834
0.20231,26.757,-85.362,-29.812
0.3469,23.172,-85.278,-29.829
0.15054,30.198,-85.437,-33.011
0.31309,26.723,-85.344,-32.99
0.30732,23.217,-85.25,-33.028
0.22508,30.334,-85.441,-36.191
0.35356,26.776,-85.336,-36.16
0.23301,23.286,-85.232,-36.216
0.13867,85.842,-77.519,-189.44
0.11602,86.089,-77.653,-185.24
0.077992,86.764,-77.83,-180.55
0.043342,81.696,-77.542,-189.47
0.099941,81.809,-77.67,-185.41
0.14519,81.844,-77.828,-181.42
0.12817,85.75,-81.744,-189.51
0.14095,85.973,-81.898,-185.32
0.10265,86.597,-82.087,-180.65
0.040342,81.682,-81.91,-185.51
0.092471,81.697,-82.093,-181.54
0.074897,85.629,-85.957,-189.62
0.12097,85.808,-86.123,-185.46
0.12506,86.37,-86.281,-180.79
0.033978,81.497,-86.334,-181.68
0.03981,85.764,-77.281,-201.21
0.087673,85.656,-77.336,-197.44
0.12775,85.693,-77.415,-193.51
0.033453,85.595,-81.541,-197.5
0.082702,85.619,-81.626,-193.57
0.027731,85.526,-85.834,-193.65
0.11555,-1.4956,-76.823,-20.825
0.043942,-4.8589,-76.802,-20.933
0.057059,-1.4053,-76.754,-24.287
0.022241,-1.2842,-76.688,-27.755
0.083227,-1.5134,-80.968,-20.837
0.024499,-4.8762,-80.948,-20.945
0.032363,-1.4278,-80.893,-24.303
0.049528,-1.5324,-85.106,-20.845
0.29729,8.6135,-76.897,-20.241
0.25627,5.2237,-76.87,-20.449
0.1966,1.8615,-76.846,-20.663
0.24461,8.8484,-76.84,-23.646
0.19547,5.4156,-76.808,-23.855
0.12816,2.0017,-76.779,-24.08
0.20008,9.0395,-76.786,-27.014
0.1439,5.587,-76.749,-27.246
0.073793,2.1476,-76.716,-27.5
0.26847,8.5958,-81.045,-20.256
0.23003,5.2054,-81.015,-20.463
0.16313,1.8433,-80.99,-20.676
0.21419,8.8253,-80.983,-23.664
0.16602,5.3922,-80.948,-23.873
0.094101,1.9785,-80.918,-24.097
0.17132,9.011,-80.924,-27.035
0.10873,5.5586,-80.884,-27.266
0.044762,2.1199,-80.851,-27.52
0.23677,8.5751,-85.186,-20.266
0.20009,5.1847,-85.153,-20.471
0.12339,1.8232,-85.127,-20.684
0.18595,8.7981,-85.117,-23.675
0.12874,5.3654,-85.078,-23.884
0.057408,1.9529,-85.048,-24.108
0.13692,8.9773,-85.05,-27.049
0.069606,5.5259,-85.007,-27.279
0.096051,15.625,-76.966,-20.091
0.26005,12.073,-76.929,-20.118
0.067037,19.426,-76.962,-23.367
0.27139,15.846,-76.918,-23.402
0.30627,12.32,-76.877,-23.49
0.20805,19.57,-76.919,-26.615
0.35185,16.024,-76.872,-26.695
0.2495,12.515,-76.827,-26.827
0.050201,19.241,-81.176,-20.133
0.20209,15.61,-81.127,-20.108
0.28671,12.056,-81.082,-20.135
0.18055,19.407,-81.128,-23.389
0.32157,15.826,-81.074,-23.422
0.25358,12.298,-81.026,-23.509
0.3239,19.546,-81.083,-26.638
0.28097,15.998,-81.024,-26.717
0.21129,12.487,-80.971,-26.849
0.14786,19.228,-85.342,-20.147
0.27855,15.592,-85.281,-20.12
0.26421,12.036,-85.229,-20.145
0.29971,19.387,-85.288,-23.404
0.27645,15.801,-85.223,-23.436
0.2148,12.271,-85.165,-23.522
0.32198,19.517,-85.238,-26.655
0.21734,15.965,-85.167,-26.732
0.18093,12.454,-85.104,-26.863
0.052158,23.152,-76.967,-26.582
0.044026,23.027,-81.183,-23.395
0.12899,23.128,-81.143,-26.608
0.040965,26.741,-81.201,-26.625
0.042485,22.917,-85.408,-20.201
0.12805,23.015,-85.359,-23.414
0.2732,23.107,-85.315,-26.627
0.042006,26.665,-85.429,-23.456
0.1019,26.74,-85.391,-26.649
0.037166,30.459,-85.464,-26.737
0.031232,97.911,-77.123,-201.95
0.023946,97.943,-77.136,-197.94
0.026383,93.757,-77.195,-201.81
0.029931,93.839,-77.23,-197.79
0.031275,93.898,-77.285,-193.79
0.097299,89.688,-77.25,-201.58
0.083077,89.756,-77.298,-197.6
0.069026,89.814,-77.368,-193.62
0.030375,97.903,-81.296,-201.95
0.027478,97.933,-81.311,-197.94
0.03471,93.732,-81.381,-201.83
0.030715,93.81,-81.42,-197.81
0.031761,93.862,-81.486,-193.81
0.081499,89.649,-81.446,-201.62
0.10312,89.709,-81.497,-197.64
0.090696,89.758,-81.576,-193.66
0.02745,97.893,-85.47,-201.96
0.029041,97.921,-85.486,-197.95
0.022998,97.94,-85.517,-193.95
0.039614,93.702,-85.568,-201.86
0.041925,93.775,-85.607,-197.84
0.035778,93.817,-85.681,-193.84
0.038191,89.599,-85.645,-201.66
0.081294,89.653,-85.695,-197.69
0.10696,89.687,-85.778,-193.72
0.022148,97.818,-77.106,-209.98
0.029777,97.858,-77.113,-205.96
0.027455,93.428,-77.147,-209.96
0.030082,93.574,-77.168,-205.88
0.028231,88.941,-77.173,-209.99
0.068909,89.272,-77.212,-205.72
0.024915,97.851,-81.287,-205.97
0.020707,93.409,-81.333,-209.98
0.03344,93.551,-81.354,-205.9
0.034367,89.239,-81.408,-205.75
0.023675,93.522,-85.543,-205.92
0.25027,-10.288,-76.995,-9.7021
0.027747,-11.288,-76.908,-13.765
0.23788,-10.293,-81.158,-9.7058
0.020316,-11.297,-81.067,-13.772
0.22786,-10.298,-85.319,-9.7082
0.27339,-1.3163,-77.047,-10.573
0.37847,-1.4993,-76.973,-13.94
0.27694,-4.5657,-76.958,-13.766
0.14194,-7.7295,-76.937,-13.563
0.21373,-1.5382,-76.897,-17.372
0.11461,-4.8086,-76.878,-17.372
0.034873,-8.1381,-76.856,-17.376
0.30094,-1.3188,-81.211,-10.575
0.35187,-1.5069,-81.13,-13.945
0.24162,-4.5734,-81.115,-13.772
0.11568,-7.7377,-81.095,-13.57
0.17843,-1.5511,-81.048,-17.381
0.083544,-4.8212,-81.029,-17.381
0.021556,-8.1509,-81.008,-17.385
0.33411,-1.3215,-85.373,-10.576
0.3155,-1.515,-85.284,-13.948
0.19699,-4.5813,-85.27,-13.775
0.090112,-7.7458,-85.25,-13.573
0.13521,-1.5647,-85.193,-17.386
0.052712,-4.8342,-85.176,-17.386
0.038212,3.9017,-77.055,-10.011
0.12044,1.3195,-77.051,-10.55
0.067456,7.7039,-77.009,-13.171
0.18199,4.5973,-76.996,-13.546
0.32713,1.552,-76.984,-13.869
0.2226,8.2776,-76.954,-16.773
0.31714,4.9756,-76.933,-17.018
0.28908,1.7178,-76.915,-17.256
0.023791,6.453,-81.224,-9.2877
0.053084,3.8994,-81.219,-10.013
0.14468,1.317,-81.215,-10.551
0.10556,7.697,-81.168,-13.179
0.21337,4.5899,-81.153,-13.553
0.34825,1.5444,-81.142,-13.875
0.26128,8.2653,-81.108,-16.785
0.30848,4.9628,-81.085,-17.028
0.26216,1.7048,-81.065,-17.265
0.034733,6.4505,-85.387,-9.2896
0.072992,3.8967,-85.382,-10.014
0.17451,1.3143,-85.378,-10.553
0.14976,7.6889,-85.324,-13.184
0.25204,4.5815,-85.308,-13.557
0.36423,1.536,-85.296,-13.878
0.278,8.251,-85.257,-16.792
0.2913,4.9482,-85.231,-17.035
0.22877,1.6906,-85.211,-17.271
0.024677,11.157,-77.028,-13.161
0.09981,11.721,-76.98,-16.691
0.024212,15.333,-77.013,-16.763
0.036579,11.151,-81.191,-13.171
0.16377,11.709,-81.139,-16.704
0.052561,15.323,-81.178,-16.777
0.075301,11.143,-85.352,-13.177
0.22942,11.696,-85.292,-16.712
0.027348,14.94,-85.394,-13.454
0.1294,15.312,-85.34,-16.787
0.038444,19.029,-85.397,-16.895
0.030603,36.241,-64.882,-98.284
0.062191,36.144,-64.772,-93.772
0.035492,36.082,-69.03,-93.945
0.020018,36.243,-73.303,-94.025
0.12307,26.351,-64.2,-70.23
0.042385,25.361,-64.313,-74.603
0.079209,26.312,-68.452,-70.332
0.024613,25.352,-68.562,-74.719
0.039754,26.431,-72.711,-70.391
0.11738,21.754,-64.094,-59.069
0.063688,18.535,-64.05,-59.613
0.025635,15.17,-64.002,-59.867
0.10194,22.9,-64.085,-62.626
0.046106,19.201,-64.045,-63.226
0.1462,25.338,-64.107,-66.224
0.032588,20.07,-64.069,-66.87
0.085913,21.754,-68.332,-59.158
0.041951,18.531,-68.276,-59.705
0.071468,22.901,-68.333,-62.716
0.02766,19.202,-68.279,-63.319
0.097691,25.307,-68.362,-66.307
0.057515,21.762,-72.569,-59.227
0.023149,18.528,-72.499,-59.775
0.046158,22.927,-72.584,-62.786
0.052177,25.392,-72.622,-66.381
0.031276,47.945,-65.353,-122.68
0.097757,48.506,-65.371,-117.91
0.061408,48.452,-69.678,-118.07
0.027737,48.446,-73.999,-118.18
0.047751,11.033,-64.042,-49.839
0.028565,11.45,-64.01,-53.12
0.027058,11.008,-68.222,-49.926
0.25449,20.612,-64.166,-48.958
0.14758,17.427,-64.125,-49.29
0.092271,14.238,-64.084,-49.578
0.18751,20.83,-64.14,-52.236
0.11465,17.72,-64.097,-52.634
0.067713,14.588,-64.053,-52.923
0.14643,21.162,-64.115,-55.6
0.086486,18.072,-64.071,-56.074
0.04546,14.916,-64.024,-56.357
0.18502,20.597,-68.371,-49.04
0.1168,17.409,-68.321,-49.374
0.066887,14.217,-68.27,-49.664
0.14533,20.82,-68.354,-52.321
0.086507,17.706,-68.301,-52.722
0.044496,14.57,-68.249,-53.012
0.11175,21.157,-68.34,-55.687
0.061493,18.063,-68.286,-56.164
0.025846,14.902,-68.23,-56.448
0.14474,20.579,-72.573,-49.104
0.085477,17.386,-72.511,-49.44
0.041813,14.191,-72.45,-49.732
0.10943,20.807,-72.566,-52.387
0.058749,17.688,-72.501,-52.79
0.024174,14.547,-72.438,-53.081
0.079277,21.153,-72.564,-55.754
0.038101,18.051,-72.496,-56.233
0.14764,30.512,-64.246,-48.241
0.20916,27.097,-64.232,-48.335
0.34526,23.821,-64.203,-48.613
0.18038,30.237,-64.222,-51.144
0.2518,27.059,-64.209,-51.333
0.35238,23.929,-64.178,-51.762
0.20584,30.218,-64.204,-53.952
0.29979,27.13,-64.188,-54.286
0.3046,24.159,-64.155,-54.952
0.17649,30.443,-68.486,-48.308
0.26837,27.074,-68.457,-48.409
0.34281,23.806,-68.417,-48.691
0.2099,30.183,-68.47,-51.217
0.3267,27.042,-68.443,-51.409
0.27643,23.919,-68.402,-51.844
0.23843,30.16,-68.455,-54.048
0.35636,27.116,-68.43,-54.366
0.20708,24.153,-68.39,-55.035
0.21037,30.507,-72.736,-48.356
0.34436,27.08,-72.688,-48.464
0.25143,23.796,-72.633,-48.751
0.26032,30.245,-72.727,-51.262
0.34705,27.054,-72.682,-51.465
0.18573,23.915,-72.628,-51.906
0.30661,30.24,-72.716,-54.07
0.29741,27.14,-72.68,-54.42
0.14414,24.16,-72.628,-55.099
0.20596,61.805,-65.607,-139.07
0.20456,61.588,-65.618,-134.53
0.17101,61.55,-65.619,-129.69
0.050749,57.035,-65.474,-139.19
0.11304,57.013,-65.505,-134.88
0.17996,56.759,-65.518,-130.69
0.035892,52.365,-65.412,-130.93
0.17895,61.765,-69.967,-139.23
0.21362,61.535,-69.992,-134.68
0.20286,61.45,-69.995,-129.86
0.025572,56.994,-69.796,-139.32
0.060279,56.979,-69.837,-135.01
0.11587,56.724,-69.857,-130.83
0.11026,61.783,-74.351,-139.34
0.18169,61.603,-74.4,-134.79
0.21277,61.582,-74.407,-129.94
0.028457,56.951,-74.184,-135.15
0.054866,56.715,-74.212,-130.96
0.039426,60.484,-65.472,-148.09
0.13131,61.282,-65.56,-143.6
0.083617,61.244,-69.898,-143.75
0.04161,61.211,-74.252,-143.86
0.12685,9.9565,-64.147,-40.095
0.070419,6.5409,-64.108,-40.458
0.021107,3.1014,-64.066,-40.899
0.096226,10.261,-64.11,-43.35
0.044096,6.885,-64.068,-43.725
0.070319,10.623,-64.075,-46.593
0.024772,7.3056,-64.033,-46.952
0.10038,9.9294,-68.311,-40.169
0.045767,6.512,-68.268,-40.533
0.070753,10.234,-68.277,-43.429
0.024606,6.8564,-68.232,-43.805
0.046082,10.597,-68.248,-46.677
0.072063,9.8983,-72.467,-40.228
0.025138,6.4801,-72.421,-40.592
0.044542,10.203,-72.437,-43.492
0.024996,10.566,-72.413,-46.743
0.33403,20.128,-64.257,-39.336
0.30138,16.739,-64.222,-39.543
0.19178,13.353,-64.186,-39.795
0.36761,20.271,-64.225,-42.532
0.23077,16.94,-64.188,-42.771
0.15404,13.609,-64.15,-43.041
0.32963,20.433,-64.194,-45.733
0.18482,17.169,-64.156,-46.012
0.12075,13.905,-64.116,-46.295
0.36872,20.108,-68.441,-39.406
0.23182,16.717,-68.398,-39.615
0.16058,13.328,-68.355,-39.868
0.31607,20.251,-68.414,-42.606
0.18907,16.918,-68.369,-42.848
0.12442,13.584,-68.323,-43.119
0.24391,20.415,-68.391,-45.812
0.15128,17.149,-68.343,-46.093
0.093231,13.882,-68.295,-46.377
0.30001,20.084,-72.622,-39.462
0.19158,16.689,-72.569,-39.673
0.12861,13.298,-72.517,-39.926
0.2299,20.227,-72.601,-42.665
0.15371,16.891,-72.545,-42.908
0.094249,13.554,-72.489,-43.181
0.18286,20.394,-72.585,-45.874
0.11773,17.123,-72.525,-46.157
0.065184,13.854,-72.467,-46.442
0.037282,30.463,-64.326,-39.054
0.092833,26.963,-64.312,-39.085
0.16598,23.532,-64.287,-39.179
0.076407,30.306,-64.295,-42.193
0.13737,26.972,-64.282,-42.214
0.22212,23.615,-64.257,-42.336
0.11181,30.507,-64.27,-45.307
0.17596,27.063,-64.256,-45.311
0.28731,23.722,-64.229,-45.481
0.061015,30.38,-68.547,-39.116
0.12418,26.932,-68.517,-39.15
0.23021,23.511,-68.481,-39.247
0.10499,30.235,-68.524,-42.258
0.17151,26.943,-68.494,-42.283
0.30946,23.595,-68.457,-42.408
0.14121,30.433,-68.504,-45.373
0.21357,27.036,-68.474,-45.383
0.35741,23.704,-68.436,-45.556
0.091421,30.438,-72.773,-39.165
0.16595,26.931,-72.725,-39.202
0.33006,23.493,-72.675,-39.301
0.13817,30.285,-72.759,-42.308
0.22875,26.943,-72.709,-42.336
0.36211,23.578,-72.656,-42.465
0.17476,30.493,-72.746,-45.422
0.29336,27.039,-72.696,-45.437
0.32341,23.69,-72.643,-45.615
0.1492,74.92,-65.38,-164.26
0.12536,74.595,-65.469,-159.69
0.11417,74.409,-65.551,-154.78
0.1272,70.083,-65.327,-164.36
0.17717,69.971,-65.411,-160.08
0.18988,69.586,-65.481,-155.94
0.029023,65.512,-65.338,-160.23
0.065213,65.134,-65.409,-156.24
0.17685,74.84,-69.71,-164.39
0.15258,74.505,-69.823,-159.84
0.12167,74.283,-69.917,-154.97
0.068608,70.012,-69.626,-164.47
0.13396,69.906,-69.728,-160.21
0.18176,69.526,-69.812,-156.08
0.026335,65.07,-69.714,-156.37
0.17632,74.81,-74.068,-164.48
0.18186,74.526,-74.211,-159.95
0.14974,74.374,-74.318,-155.09
0.02371,69.924,-73.939,-164.6
0.070395,69.839,-74.061,-160.35
0.12674,69.481,-74.162,-156.23
0.053972,73.354,-65.094,-177.34
0.13318,73.515,-65.184,-173.21
0.17077,74.415,-65.284,-168.77
0.053406,69.721,-65.232,-168.71
0.066844,73.444,-69.461,-173.3
0.14811,74.343,-69.586,-168.89
0.021812,73.357,-73.751,-173.39
0.10398,74.27,-73.908,-168.96
0.047915,-1.0545,-64.181,-31.097
0.022033,-0.87625,-64.125,-34.551
0.029749,-1.0827,-68.336,-31.152
0.24856,9.2942,-64.278,-30.224
0.18074,5.8394,-64.246,-30.489
0.1137,2.3905,-64.214,-30.785
0.20533,9.487,-64.232,-33.533
0.13798,6.0355,-64.197,-33.833
0.074547,2.5814,-64.161,-34.176
0.1636,9.7026,-64.188,-36.823
0.10178,6.2632,-64.151,-37.158
0.042584,2.8107,-64.112,-37.551
0.21873,9.271,-68.436,-30.28
0.15386,5.8142,-68.402,-30.544
0.087264,2.3636,-68.368,-30.84
0.17559,9.4619,-68.391,-33.595
0.1122,6.0083,-68.353,-33.896
0.049995,2.5524,-68.317,-34.238
0.13526,9.6761,-68.349,-36.892
0.07573,6.2347,-68.308,-37.227
0.024532,2.7806,-68.269,-37.62
0.18802,9.2458,-72.589,-30.325
0.12608,5.7877,-72.552,-30.589
0.059907,2.3362,-72.517,-30.884
0.14579,9.4339,-72.544,-33.645
0.083308,5.9792,-72.503,-33.945
0.029267,2.5225,-72.465,-34.287
0.10641,9.6461,-72.503,-36.946
0.048754,6.2038,-72.459,-37.282
0.071564,19.751,-64.365,-29.718
0.24995,16.244,-64.338,-29.835
0.36478,12.76,-64.308,-30.004
0.14309,19.871,-64.327,-32.933
0.36214,16.399,-64.297,-33.082
0.29151,12.94,-64.265,-33.282
0.24021,19.996,-64.291,-36.139
0.3725,16.561,-64.259,-36.316
0.23306,13.133,-64.224,-36.544
0.11625,19.734,-68.54,-29.773
0.35075,16.225,-68.506,-29.891
0.29891,12.739,-68.471,-30.06
0.23484,19.852,-68.504,-32.993
0.37236,16.379,-68.467,-33.143
0.24143,12.917,-68.429,-33.344
0.34304,19.976,-68.471,-36.205
0.30012,16.539,-68.431,-36.383
0.20017,13.109,-68.39,-36.612
0.22546,19.716,-72.713,-29.817
0.36658,16.204,-72.671,-29.935
0.24678,12.716,-72.629,-30.104
0.34598,19.83,-72.678,-33.042
0.29617,16.354,-72.632,-33.192
0.20664,12.89,-72.587,-33.393
0.36644,19.953,-72.648,-36.257
0.23184,16.513,-72.598,-36.437
0.16693,13.08,-72.549,-36.666
0.025064,23.284,-64.389,-29.649
0.061255,23.354,-64.353,-32.837
0.049847,26.917,-64.342,-35.96
0.11308,23.445,-64.319,-36.017
0.039165,23.266,-68.573,-29.703
0.033699,26.811,-68.571,-32.853
0.090043,23.335,-68.539,-32.896
0.02643,30.368,-68.57,-36.045
0.075181,26.886,-68.542,-36.021
0.1528,23.424,-68.509,-36.08
0.021672,26.826,-72.795,-29.722
0.067675,23.254,-72.755,-29.747
0.058882,26.812,-72.768,-32.9
0.14055,23.32,-72.724,-32.944
0.047982,30.426,-72.789,-36.097
0.11193,26.885,-72.744,-36.071
0.23754,23.407,-72.697,-36.131
0.083694,85.994,-64.85,-189.31
0.077445,86.257,-64.923,-185.1
0.061757,86.949,-65.016,-180.41
0.14683,81.885,-64.874,-189.29
0.12112,82.017,-64.95,-185.22
0.10188,82.066,-65.038,-181.22
0.047308,77.837,-64.881,-189.24
0.10716,77.83,-64.953,-185.25
0.15226,77.714,-65.034,-181.34
0.089428,85.958,-69.068,-189.35
0.082512,86.217,-69.159,-185.14
0.06391,86.892,-69.278,-180.44
0.14176,81.841,-69.093,-189.34
0.14688,81.969,-69.185,-185.27
0.12555,82.012,-69.294,-181.27
0.05149,77.774,-69.184,-185.31
0.10751,77.654,-69.281,-181.41
0.11248,85.909,-73.292,-189.39
0.090591,86.167,-73.404,-185.18
0.068677,86.854,-73.552,-180.48
0.10248,81.778,-73.317,-189.4
0.14392,81.902,-73.426,-185.33
0.15217,81.945,-73.559,-181.34
0.047405,77.574,-73.537,-181.49
0.12829,85.869,-64.704,-201.1
0.10563,85.775,-64.74,-197.32
0.087181,85.827,-64.789,-193.38
0.041755,81.851,-64.705,-201.3
0.083067,81.57,-64.749,-197.46
0.13162,81.668,-64.807,-193.4
0.13239,85.848,-68.893,-201.13
0.12965,85.748,-68.936,-197.36
0.10871,85.796,-68.994,-193.41
0.037751,81.539,-68.945,-197.5
0.094094,81.63,-69.013,-193.45
0.095872,85.809,-73.086,-201.17
0.12739,85.707,-73.135,-197.4
0.13352,85.751,-73.203,-193.46
0.040937,81.574,-73.223,-193.5
0.19614,-1.4441,-64.36,-20.751
0.11449,-4.8054,-64.336,-20.86
0.037329,-8.194,-64.309,-20.975
0.13675,-1.3411,-64.298,-24.194
0.061306,-4.7458,-64.271,-24.38
0.086938,-1.2087,-64.238,-27.643
0.027299,-4.6342,-64.208,-27.893
0.17262,-1.4618,-68.518,-20.782
0.090193,-4.8244,-68.495,-20.891
0.023915,-8.2142,-68.469,-21.006
0.11069,-1.363,-68.455,-24.233
0.042031,-4.7689,-68.429,-24.418
0.062642,-1.2341,-68.394,-27.69
0.14548,-1.4787,-72.673,-20.806
0.066513,-4.8419,-72.65,-20.915
0.083544,-1.384,-72.607,-24.264
0.025463,-4.7905,-72.582,-24.449
0.04074,-1.2589,-72.544,-27.727
0.25818,8.6575,-64.424,-20.157
0.33608,5.2709,-64.403,-20.369
0.27869,1.9111,-64.382,-20.587
0.35218,8.9044,-64.374,-23.544
0.28163,5.4753,-64.35,-23.757
0.20971,2.064,-64.325,-23.985
0.29952,9.1066,-64.326,-26.896
0.22867,5.6579,-64.297,-27.129
0.15819,2.2213,-64.268,-27.386
0.29511,8.6437,-68.585,-20.192
0.31419,5.2556,-68.562,-20.402
0.25055,1.8946,-68.54,-20.619
0.31569,8.8871,-68.534,-23.586
0.25173,5.4562,-68.507,-23.798
0.18509,2.0434,-68.481,-24.025
0.2628,9.0862,-68.484,-26.945
0.20025,5.6356,-68.453,-27.178
0.13302,2.1973,-68.423,-27.434
0.30772,8.6292,-72.743,-20.22
0.2852,5.2401,-72.718,-20.429
0.22468,1.8783,-72.695,-20.644
0.27837,8.8687,-72.69,-23.62
0.22207,5.4367,-72.66,-23.831
0.15892,2.023,-72.633,-24.056
0.23064,9.0642,-72.638,-26.984
0.17305,5.6123,-72.604,-27.217
0.10418,2.1731,-72.573,-27.471
0.060862,12.113,-64.444,-20.031
0.035478,15.892,-64.422,-23.297
0.2031,12.372,-64.399,-23.387
0.030417,19.619,-64.405,-26.494
0.1051,16.081,-64.38,-26.575
0.35653,12.578,-64.353,-26.708
0.020841,15.649,-68.633,-20.037
0.11727,12.1,-68.608,-20.067
0.065884,15.878,-68.59,-23.34
0.29545,12.356,-68.562,-23.43
0.044056,19.605,-68.579,-26.543
0.20992,16.064,-68.548,-26.624
0.3624,12.559,-68.516,-26.757
0.03852,15.637,-72.801,-20.067
0.19865,12.087,-72.77,-20.096
0.026357,19.44,-72.792,-23.339
0.15091,15.864,-72.756,-23.375
0.33411,12.339,-72.722,-23.464
0.089293,19.59,-72.751,-26.583
0.3224,16.046,-72.712,-26.664
0.30445,12.539,-72.674,-26.797
0.024199,23.168,-72.79,-26.55
0.031586,93.806,-64.649,-201.76
0.031425,93.893,-64.67,-197.74
0.030476,93.96,-64.698,-193.75
0.062257,89.767,-64.683,-201.5
0.063639,89.843,-64.713,-197.52
0.059577,89.913,-64.753,-193.53
0.024067,97.924,-68.778,-201.94
0.029886,93.795,-68.829,-201.78
0.031522,93.881,-68.854,-197.76
0.030514,93.945,-68.889,-193.76
0.062673,89.75,-68.869,-201.52
0.063945,89.823,-68.905,-197.54
0.061835,89.89,-68.954,-193.56
0.028679,97.918,-72.95,-201.94
0.027198,93.778,-73.011,-201.79
0.031126,93.862,-73.041,-197.77
0.030828,93.925,-73.085,-193.78
0.077572,89.722,-73.058,-201.55
0.065471,89.793,-73.1,-197.57
0.064198,89.857,-73.159,-193.58
0.029101,97.833,-64.591,-213.97
0.03244,97.832,-64.595,-209.96
0.027899,97.873,-64.6,-205.95
0.020283,93.469,-64.616,-209.91
0.027764,93.617,-64.632,-205.83
0.072143,88.965,-64.604,-214.07
0.093152,89.007,-64.629,-209.91
0.074468,89.343,-64.657,-205.63
0.024851,97.832,-68.76,-213.97
0.032052,97.83,-68.765,-209.97
0.031302,97.87,-68.77,-205.95
0.021752,93.465,-68.777,-213.95
0.021137,93.464,-68.791,-209.92
0.024218,93.609,-68.808,-205.84
0.048493,88.996,-68.787,-214.05
0.083157,89.008,-68.811,-209.92
0.081816,89.332,-68.839,-205.65
0.028241,97.824,-72.935,-209.97
0.032471,97.865,-72.941,-205.96
0.021929,93.443,-72.954,-213.97
0.02591,93.446,-72.969,-209.94
0.023703,93.593,-72.987,-205.86
0.023681,88.933,-72.974,-214.12
0.058069,88.97,-72.996,-209.96
0.085406,89.303,-73.025,-205.68
0.020468,97.877,-64.587,-217.94
0.041507,89.234,-64.586,-218.01
0.021917,89.287,-68.771,-217.98
0.29646,-10.27,-64.5,-9.6813
0.064398,-11.254,-64.421,-13.724
0.2799,-10.277,-68.666,-9.6904
0.049964,-11.267,-68.585,-13.742
0.26459,-10.283,-72.831,-9.6971
0.037676,-11.278,-72.747,-13.755
0.21432,-1.3088,-64.552,-10.563
0.40436,-3.9022,-64.547,-10.076
0.34618,-4.5414,-64.474,-13.734
0.216,-7.7016,-64.452,-13.528
0.28664,-1.5005,-64.424,-17.32
0.19579,-4.7689,-64.403,-17.319
0.092975,-8.0955,-64.378,-17.321
0.23247,-1.3114,-68.718,-10.567
0.41131,-3.9051,-68.712,-10.08
0.41517,-1.4844,-68.651,-13.922
0.32783,-4.5502,-68.637,-13.748
0.19246,-7.7119,-68.616,-13.543
0.26535,-1.5136,-68.584,-17.342
0.17086,-4.7831,-68.564,-17.342
0.071673,-8.1111,-68.54,-17.344
0.25167,-1.3139,-72.883,-10.571
0.39817,-1.4919,-72.813,-13.932
0.30524,-4.5581,-72.798,-13.758
0.16777,-7.721,-72.777,-13.555
0.24248,-1.5259,-72.742,-17.359
0.14354,-4.796,-72.722,-17.359
0.051955,-8.1251,-72.699,-17.362
0.06325,1.3267,-64.556,-10.538
0.025044,7.7223,-64.518,-13.127
0.087729,4.6175,-64.509,-13.508
0.25901,1.5738,-64.5,-13.836
0.087599,8.3091,-64.472,-16.708
0.26229,5.0098,-64.457,-16.958
0.36388,1.754,-64.441,-17.201
0.080702,1.3243,-68.722,-10.543
0.030018,7.7163,-68.683,-13.145
0.11768,4.6109,-68.673,-13.524
0.28488,1.5664,-68.663,-13.85
0.13217,8.299,-68.635,-16.735
0.29233,4.9986,-68.618,-16.983
0.34131,1.7419,-68.601,-17.224
0.026967,3.9039,-72.89,-10.007
0.10012,1.3219,-72.887,-10.547
0.043721,7.7102,-72.847,-13.16
0.15015,4.6042,-72.835,-13.537
0.30628,1.5593,-72.824,-13.861
0.17798,8.2886,-72.796,-16.756
0.31234,4.9874,-72.777,-17.003
0.31443,1.73,-72.76,-17.242
0.020654,11.175,-64.528,-13.111
0.029439,11.749,-64.488,-16.621
0.020307,11.169,-68.696,-13.132
0.036406,11.74,-68.654,-16.65
0.021328,11.163,-72.862,-13.149
0.05805,11.731,-72.818,-16.673
0.027024,10.785,-64.585,-1.2781
0.025296,10.421,-64.587,-3.8005
0.022091,9.6179,-64.584,-6.15
0.062044,36.516,-52.227,-102.12
0.11693,36.227,-52.149,-97.82
0.20209,36.107,-52.069,-93.295
0.027429,31.795,-52.046,-98.211
0.045327,31.479,-51.981,-94.336
0.042165,36.477,-56.476,-102.31
0.072849,36.166,-56.395,-98.017
0.14399,36.003,-56.302,-93.511
0.029515,31.46,-56.217,-94.52
0.026542,36.503,-60.733,-102.42
0.049157,36.226,-60.651,-98.14
0.093843,36.116,-60.546,-93.625
0.029563,36.057,-52.266,-106.44
0.029304,23.915,-51.799,-82.476
0.067872,20.491,-51.425,-70.176
0.038611,20.306,-51.52,-74.106
0.23826,26.291,-51.473,-69.797
0.12948,25.302,-51.616,-74.154
0.065742,24.859,-51.732,-78.319
0.049859,20.488,-55.661,-70.355
0.024402,20.303,-55.751,-74.289
0.19254,26.23,-55.717,-69.977
0.089008,25.265,-55.852,-74.347
0.045562,24.839,-55.96,-78.516
0.03262,20.506,-59.898,-70.503
0.15695,26.323,-59.964,-70.111
0.063497,25.332,-60.092,-74.479
0.029796,24.885,-60.191,-78.649
0.29337,21.736,-51.389,-58.658
0.13295,18.535,-51.368,-59.191
0.082486,15.19,-51.341,-59.438
0.26589,22.867,-51.349,-62.209
0.10856,19.189,-51.337,-62.795
0.05805,15.386,-51.311,-62.972
0.26807,25.285,-51.356,-65.803
0.090537,20.047,-51.351,-66.43
0.034435,15.574,-51.317,-66.532
0.2142,21.738,-55.624,-58.82
0.10923,18.534,-55.596,-59.358
0.063543,15.183,-55.562,-59.608
0.19209,22.865,-55.595,-62.373
0.08744,19.19,-55.573,-62.965
0.039868,15.381,-55.54,-63.145
0.22384,25.245,-55.608,-65.962
0.071011,20.047,-55.59,-66.603
0.020395,15.571,-55.55,-66.709
0.15379,21.749,-59.86,-58.957
0.086251,18.536,-59.824,-59.498
0.043825,15.177,-59.783,-59.75
0.13863,22.888,-59.841,-62.512
0.066479,19.197,-59.81,-63.108
0.023626,15.379,-59.768,-63.291
0.18405,25.316,-59.86,-66.108
0.050906,20.06,-59.83,-66.75
0.061231,48.012,-52.488,-126.54
0.12574,47.981,-52.507,-122.31
0.2102,48.538,-52.523,-117.53
0.029961,43.888,-52.414,-122.51
0.054513,43.82,-52.412,-118.49
0.041241,48.003,-56.759,-126.67
0.080749,47.966,-56.78,-122.44
0.17083,48.498,-56.793,-117.69
0.036569,43.803,-56.675,-118.63
0.025358,47.993,-61.039,-126.79
0.051941,47.963,-61.063,-122.55
0.13104,48.52,-61.077,-117.78
0.022209,43.796,-60.947,-118.75
0.033863,48.154,-52.472,-130.64
0.021146,48.147,-56.739,-130.76
0.038755,11.835,-51.306,-59.462
0.022814,11.821,-55.522,-59.634
0.11094,11.092,-51.482,-49.445
0.063683,7.8713,-51.45,-49.736
0.08848,11.503,-51.424,-52.709
0.044065,8.3868,-51.395,-52.874
0.065692,11.818,-51.363,-56.056
0.024942,8.7853,-51.332,-56.053
0.091195,11.073,-55.67,-49.6
0.043883,7.8463,-55.635,-49.893
0.069235,11.486,-55.621,-52.871
0.026446,8.3638,-55.588,-53.037
0.046376,11.802,-55.57,-56.223
0.070182,11.054,-59.857,-49.73
0.025583,7.8223,-59.82,-50.025
0.048522,11.469,-59.817,-53.007
0.027835,11.787,-59.776,-56.364
0.30195,20.628,-51.552,-48.588
0.29675,17.457,-51.532,-48.91
0.16482,14.283,-51.508,-49.19
0.34828,20.836,-51.499,-51.85
0.22129,17.741,-51.476,-52.238
0.13409,14.625,-51.451,-52.518
0.34056,21.157,-51.443,-55.2
0.16621,18.083,-51.419,-55.664
0.10705,14.945,-51.393,-55.939
0.35468,20.626,-55.756,-48.733
0.22735,17.45,-55.729,-49.059
0.1411,14.27,-55.701,-49.342
0.33837,20.835,-55.712,-52.002
0.17314,17.736,-55.683,-52.394
0.11263,14.614,-55.652,-52.678
0.274,21.158,-55.666,-55.357
0.1376,18.08,-55.636,-55.826
0.087451,14.936,-55.604,-56.104
0.33678,20.622,-59.961,-48.856
0.17945,17.44,-59.928,-49.185
0.11702,14.256,-59.893,-49.471
0.26264,20.835,-59.926,-52.13
0.1428,17.729,-59.89,-52.525
0.090578,14.602,-59.854,-52.812
0.19381,21.162,-59.891,-55.49
0.11169,18.077,-59.854,-55.962
0.066809,14.926,-59.815,-56.243
0.087996,30.497,-51.573,-47.914
0.13968,27.09,-51.578,-47.993
0.19433,23.825,-51.568,-48.256
0.12021,30.214,-51.532,-50.801
0.16883,27.043,-51.533,-50.974
0.22085,23.923,-51.519,-51.389
0.14521,30.183,-51.495,-53.596
0.19331,27.103,-51.487,-53.913
0.25099,24.141,-51.467,-54.565
0.10497,30.437,-55.806,-48.043
0.15856,27.079,-55.797,-48.128
0.21908,23.823,-55.779,-48.396
0.13746,30.165,-55.771,-50.942
0.18852,27.035,-55.76,-51.117
0.26417,23.922,-55.738,-51.537
0.16366,30.127,-55.736,-53.765
0.2125,27.094,-55.722,-54.064
0.31302,24.141,-55.696,-54.718
0.12346,30.51,-60.039,-48.153
0.18119,27.098,-60.017,-48.242
0.27351,23.826,-59.992,-48.515
0.15677,30.231,-60.011,-51.053
0.21116,27.056,-59.988,-51.236
0.33129,23.93,-59.959,-51.661
0.18181,30.207,-59.978,-53.857
0.23718,27.122,-59.958,-54.185
0.35738,24.154,-59.927,-54.847
0.16208,61.791,-52.662,-138.77
0.14715,61.554,-52.659,-134.22
0.14646,61.503,-52.66,-129.37
0.18901,57.059,-52.589,-138.87
0.21793,57.019,-52.6,-134.54
0.199,56.753,-52.604,-130.35
0.041785,52.661,-52.514,-138.82
0.085205,52.618,-52.533,-134.66
0.15161,52.392,-52.544,-130.58
0.18331,61.767,-56.965,-138.89
0.15476,61.505,-56.972,-134.34
0.14659,61.4,-56.97,-129.52
0.14654,57.053,-56.873,-138.97
0.20748,57.01,-56.89,-134.65
0.22156,56.738,-56.897,-130.47
0.026411,52.657,-56.784,-138.92
0.053402,52.613,-56.808,-134.77
0.10027,52.386,-56.823,-130.7
0.20744,61.804,-61.286,-138.96
0.1766,61.577,-61.303,-134.42
0.1518,61.533,-61.301,-129.57
0.095844,57.053,-61.169,-139.07
0.17107,57.022,-61.195,-134.76
0.21833,56.762,-61.205,-130.57
0.033118,52.604,-61.094,-134.88
0.059715,52.384,-61.114,-130.81
0.10216,60.547,-52.565,-151.98
0.18254,60.526,-52.604,-147.79
0.19629,61.297,-52.646,-143.29
0.03574,56.267,-52.536,-147.71
0.10559,56.691,-52.566,-143.27
0.05751,60.541,-56.832,-152.07
0.13581,60.519,-56.883,-147.88
0.19661,61.289,-56.937,-143.41
0.021019,56.264,-56.801,-147.8
0.066842,56.687,-56.841,-143.37
0.030455,60.522,-61.11,-152.17
0.082775,60.511,-61.173,-147.98
0.17508,61.296,-61.242,-143.49
0.03536,56.675,-61.127,-143.47
0.024578,61.303,-52.496,-159.97
0.048057,60.886,-52.53,-156.02
0.027556,60.878,-56.787,-156.11
0.022176,-0.25188,-51.517,-41.088
0.2015,10.028,-51.639,-39.766
0.13655,6.6264,-51.606,-40.125
0.077416,3.1999,-51.566,-40.564
0.16634,10.331,-51.588,-42.997
0.1084,6.969,-51.554,-43.368
0.051459,3.5724,-51.512,-43.845
0.13632,10.689,-51.536,-46.218
0.084743,7.3855,-51.503,-46.572
0.030941,4.0409,-51.46,-47.065
0.17801,10.005,-55.809,-39.895
0.11575,6.5967,-55.774,-40.256
0.057,3.1642,-55.734,-40.696
0.14394,10.309,-55.763,-43.135
0.088551,6.9401,-55.727,-43.508
0.033209,3.5376,-55.685,-43.987
0.11532,10.668,-55.716,-46.365
0.064778,7.3583,-55.681,-46.722
0.15294,9.9811,-59.979,-40.004
0.094077,6.5686,-59.942,-40.366
0.037062,3.1319,-59.902,-40.807
0.12037,10.285,-59.937,-43.252
0.066868,6.9123,-59.899,-43.627
0.093427,10.646,-59.897,-46.489
0.043562,7.3319,-59.858,-46.848
0.15565,20.16,-51.699,-39.028
0.28492,16.784,-51.685,-39.227
0.33433,13.411,-51.665,-39.471
0.19433,20.3,-51.651,-42.202
0.3532,16.982,-51.636,-42.431
0.25902,13.665,-51.615,-42.693
0.24167,20.457,-51.603,-45.383
0.35656,17.207,-51.585,-45.652
0.201,13.957,-51.563,-45.926
0.18241,20.152,-55.885,-39.148
0.35838,16.772,-55.864,-39.35
0.2712,13.393,-55.839,-39.597
0.24251,20.293,-55.842,-42.33
0.36285,16.971,-55.82,-42.564
0.21188,13.648,-55.793,-42.829
0.31011,20.452,-55.799,-45.52
0.3007,17.197,-55.775,-45.793
0.17382,13.942,-55.747,-46.07
0.24283,20.143,-60.071,-39.25
0.36845,16.757,-60.044,-39.455
0.22276,13.374,-60.013,-39.705
0.32189,20.285,-60.034,-42.44
0.30162,16.957,-60.005,-42.677
0.18275,13.63,-59.972,-42.945
0.36239,20.445,-59.997,-45.637
0.22986,17.185,-59.966,-45.913
0.1476,13.925,-59.932,-46.193
0.04028,26.974,-51.708,-38.799
0.094967,23.552,-51.707,-38.882
0.026281,30.306,-51.654,-41.9
0.076304,26.98,-51.664,-41.907
0.13183,23.632,-51.661,-42.017
0.054238,30.5,-51.612,-44.997
0.1097,27.065,-51.62,-44.986
0.1645,23.734,-51.615,-45.142
0.053299,26.957,-55.912,-38.91
0.11133,23.546,-55.901,-38.997
0.039033,30.247,-55.878,-42.015
0.091849,26.964,-55.872,-42.028
0.15149,23.626,-55.86,-42.142
0.070478,30.436,-55.84,-45.119
0.12711,27.051,-55.833,-45.114
0.18667,23.73,-55.819,-45.275
0.02196,30.469,-60.136,-38.978
0.070134,26.971,-60.116,-39.005
0.13399,23.543,-60.095,-39.096
0.054843,30.31,-60.103,-42.112
0.11136,26.979,-60.081,-42.129
0.17771,23.625,-60.059,-42.248
0.087938,30.508,-60.068,-45.222
0.14879,27.068,-60.048,-45.222
0.21789,23.73,-60.025,-45.387
0.11085,74.983,-52.527,-164.05
0.1079,74.628,-52.57,-159.43
0.11031,74.409,-52.614,-154.49
0.16852,70.164,-52.512,-164.11
0.13919,70.03,-52.556,-159.8
0.12561,69.621,-52.592,-155.64
0.096925,65.754,-52.487,-164.05
0.16314,65.594,-52.529,-159.94
0.19542,65.197,-52.566,-155.95
0.11581,74.941,-56.801,-164.14
0.11128,74.566,-56.864,-159.53
0.1081,74.303,-56.917,-154.62
0.18068,70.147,-56.773,-164.19
0.16259,70.012,-56.829,-159.89
0.13736,69.601,-56.876,-155.74
0.056271,65.741,-56.736,-164.13
0.11827,65.583,-56.789,-160.03
0.1743,65.187,-56.837,-156.04
0.12549,74.954,-61.093,-164.18
0.11615,74.616,-61.176,-159.59
0.11016,74.416,-61.239,-154.67
0.16739,70.127,-61.046,-164.26
0.18387,70.005,-61.116,-159.97
0.1657,69.61,-61.175,-155.83
0.025269,65.709,-60.994,-164.22
0.06786,65.558,-61.06,-160.12
0.12392,65.172,-61.119,-156.13
0.17225,73.442,-52.386,-177.16
0.15775,73.604,-52.432,-173.02
0.1183,74.501,-52.481,-168.58
0.032777,69.157,-52.37,-177.14
0.099839,69.322,-52.415,-172.87
0.16622,69.817,-52.464,-168.48
0.029112,65.315,-52.434,-168.38
0.15413,73.429,-56.614,-177.22
0.17492,73.587,-56.673,-173.08
0.13655,74.477,-56.736,-168.67
0.062093,69.311,-56.648,-172.93
0.14176,69.802,-56.71,-168.55
0.11053,73.4,-60.851,-177.28
0.16779,73.562,-60.924,-173.14
0.1558,74.46,-61.005,-168.7
0.027405,69.275,-60.889,-173.01
0.096902,69.772,-60.967,-168.63
0.028442,74.02,-52.266,-188.84
0.076621,73.782,-52.303,-185.05
0.13601,73.564,-52.343,-181.15
0.038275,73.776,-56.509,-185.1
0.092332,73.554,-56.559,-181.2
0.046352,73.524,-60.783,-181.26
0.11157,-0.95363,-51.697,-30.851
0.044214,-4.3823,-51.656,-31.168
0.075235,-0.76946,-51.637,-34.274
0.044143,-0.54656,-51.576,-37.69
0.09125,-0.99144,-55.859,-30.948
0.029454,-4.4253,-55.822,-31.265
0.055393,-0.80938,-55.801,-34.383
0.028416,-0.58771,-55.743,-37.811
0.069341,-1.0246,-60.021,-31.03
0.036879,-0.8444,-59.964,-34.475
0.39066,9.3591,-51.79,-29.977
0.25464,5.9168,-51.764,-30.241
0.18221,2.4799,-51.733,-30.537
0.31303,9.5561,-51.74,-33.257
0.21051,6.1176,-51.712,-33.555
0.1412,2.6761,-51.677,-33.898
0.24331,9.7739,-51.69,-36.52
0.17069,6.348,-51.659,-36.852
0.10703,2.9085,-51.621,-37.244
0.33644,9.3375,-55.953,-30.074
0.23221,5.8897,-55.926,-30.338
0.15991,2.4474,-55.894,-30.635
0.26236,9.5333,-55.905,-33.365
0.18789,6.0891,-55.874,-33.664
0.1205,2.6419,-55.839,-34.007
0.21708,9.7505,-55.856,-36.639
0.14846,6.3186,-55.824,-36.972
0.086767,2.8731,-55.786,-37.365
0.28118,9.3161,-60.116,-30.155
0.20766,5.8643,-60.087,-30.42
0.13724,2.418,-60.055,-30.717
0.23326,9.5105,-60.069,-33.456
0.1632,6.0621,-60.037,-33.756
0.09868,2.6108,-60.002,-34.1
0.19123,9.7269,-60.023,-36.739
0.12544,6.2907,-59.988,-37.074
0.064635,2.841,-59.95,-37.467
0.038365,19.78,-51.834,-29.485
0.082573,16.284,-51.825,-29.596
0.21948,12.813,-51.81,-29.76
0.071738,19.902,-51.79,-32.674
0.13621,16.442,-51.779,-32.816
0.34167,12.996,-51.763,-33.01
0.11408,20.028,-51.745,-35.855
0.20263,16.606,-51.732,-36.024
0.38006,13.191,-51.714,-36.246
0.043976,19.772,-56.011,-29.575
0.099068,16.273,-55.996,-29.689
0.32296,12.796,-55.977,-29.855
0.083859,19.894,-55.969,-32.774
0.18102,16.43,-55.952,-32.919
0.3861,12.978,-55.931,-33.116
0.13371,20.02,-55.927,-35.965
0.28037,16.594,-55.908,-36.138
0.34696,13.173,-55.885,-36.362
0.052963,19.764,-60.189,-29.652
0.14809,16.26,-60.167,-29.768
0.38274,12.779,-60.143,-29.936
0.10456,19.885,-60.149,-32.86
0.27076,16.416,-60.125,-33.007
0.35771,12.96,-60.099,-33.206
0.16562,20.011,-60.109,-36.06
0.36255,16.579,-60.084,-36.235
0.2822,13.154,-60.055,-36.461
0.025465,23.375,-51.795,-32.587
0.056765,23.466,-51.751,-35.742
0.033243,23.368,-55.982,-32.683
0.02179,26.912,-55.951,-35.798
0.069355,23.459,-55.941,-35.848
0.044194,23.366,-60.169,-32.766
0.033041,26.926,-60.15,-35.886
0.086853,23.457,-60.131,-35.94
0.076195,86.036,-52.232,-189.23
0.070745,86.304,-52.266,-185.02
0.06071,86.996,-52.31,-180.33
0.092324,81.938,-52.252,-189.19
0.09061,82.076,-52.291,-185.11
0.090062,82.127,-52.335,-181.1
0.15727,77.899,-52.263,-189.11
0.14443,77.9,-52.302,-185.11
0.11368,77.789,-52.345,-181.2
0.077961,86.03,-56.432,-189.26
0.07208,86.295,-56.478,-185.05
0.059913,86.97,-56.535,-180.36
0.10341,81.932,-56.455,-189.22
0.093071,82.068,-56.504,-185.14
0.091762,82.114,-56.561,-181.14
0.13778,77.894,-56.464,-189.14
0.15877,77.892,-56.513,-185.15
0.1377,77.777,-56.567,-181.24
0.080402,86.017,-60.638,-189.28
0.074134,86.282,-60.696,-185.07
0.060611,86.974,-60.771,-180.38
0.12527,81.915,-60.662,-189.25
0.099213,82.05,-60.724,-185.18
0.095013,82.099,-60.795,-181.17
0.095573,77.872,-60.671,-189.19
0.14718,77.868,-60.731,-185.2
0.15923,77.754,-60.797,-181.29
0.080149,85.893,-52.159,-201.03
0.078294,85.805,-52.178,-197.25
0.077189,85.864,-52.202,-193.3
0.13168,81.878,-52.166,-201.21
0.13646,81.607,-52.189,-197.36
0.11501,81.714,-52.218,-193.29
0.033484,77.244,-52.185,-197.91
0.10131,77.508,-52.224,-193.34
0.083152,85.896,-56.339,-201.04
0.080192,85.804,-56.363,-197.27
0.079142,85.861,-56.394,-193.32
0.11679,81.889,-56.345,-201.22
0.13756,81.609,-56.373,-197.39
0.13305,81.711,-56.411,-193.32
0.063459,77.511,-56.417,-193.37
0.1007,85.885,-60.521,-201.07
0.085242,85.793,-60.55,-197.29
0.081743,85.848,-60.59,-193.35
0.083565,81.87,-60.526,-201.26
0.12046,81.593,-60.561,-197.42
0.14461,81.695,-60.607,-193.36
0.029081,77.487,-60.613,-193.42
0.26457,-1.3778,-51.877,-20.609
0.17895,-4.7308,-51.85,-20.717
0.091232,-8.1103,-51.817,-20.83
0.20417,-1.2606,-51.817,-24.015
0.12403,-4.6559,-51.785,-24.201
0.046325,-8.0616,-51.749,-24.389
0.15328,-1.1167,-51.757,-27.43
0.080148,-4.5318,-51.721,-27.681
0.24219,-1.4031,-56.039,-20.666
0.15913,-4.7599,-56.012,-20.774
0.072,-8.1435,-55.982,-20.887
0.18201,-1.2912,-55.979,-24.086
0.10406,-4.6909,-55.948,-24.272
0.031949,-8.101,-55.915,-24.46
0.13273,-1.1514,-55.919,-27.514
0.06078,-4.5714,-55.885,-27.765
0.21864,-1.4248,-60.2,-20.713
0.13796,-4.7843,-60.175,-20.822
0.053611,-8.1709,-60.146,-20.936
0.15994,-1.3175,-60.139,-24.145
0.082554,-4.7203,-60.11,-24.331
0.020307,-8.1335,-60.079,-24.519
0.11097,-1.1816,-60.08,-27.585
0.042633,-4.6049,-60.048,-27.835
0.061077,8.6994,-51.934,-20.006
0.33591,5.3212,-51.919,-20.222
0.35101,1.9695,-51.9,-20.444
0.21483,8.9556,-51.888,-23.36
0.3883,5.5365,-51.868,-23.575
0.28106,2.135,-51.845,-23.805
0.36849,9.1656,-51.839,-26.68
0.31316,5.7284,-51.817,-26.914
0.22923,2.3027,-51.789,-27.171
0.11155,8.685,-56.098,-20.065
0.35983,5.3031,-56.081,-20.28
0.32798,1.9478,-56.061,-20.501
0.31103,8.9383,-56.05,-23.432
0.34651,5.5148,-56.029,-23.646
0.25984,2.1088,-56.005,-23.876
0.39757,9.1459,-56.002,-26.764
0.28044,5.7036,-55.977,-26.998
0.2068,2.273,-55.95,-27.256
0.19407,8.6712,-60.261,-20.115
0.35344,5.2866,-60.242,-20.328
0.30567,1.9286,-60.222,-20.548
0.35998,8.9213,-60.213,-23.493
0.30926,5.4946,-60.19,-23.707
0.23558,2.0855,-60.166,-23.936
0.35397,9.1263,-60.164,-26.836
0.25537,5.6804,-60.138,-27.07
0.18241,2.2462,-60.11,-27.327
0.037822,12.146,-51.946,-19.877
0.030107,15.924,-51.913,-23.113
0.046912,12.413,-51.902,-23.202
0.04758,16.117,-51.87,-26.363
0.10038,12.625,-51.857,-26.493
0.035402,12.136,-56.112,-19.936
0.030749,15.914,-56.083,-23.184
0.054242,12.4,-56.068,-23.273
0.020626,19.638,-56.053,-26.367
0.050128,16.107,-56.04,-26.445
0.16747,12.61,-56.022,-26.576
0.036159,12.124,-60.278,-19.988
0.031261,15.904,-60.253,-23.245
0.10402,12.386,-60.234,-23.335
0.024674,19.631,-60.229,-26.436
0.059989,16.095,-60.21,-26.515
0.2815,12.595,-60.188,-26.647
0.032581,93.816,-52.121,-201.73
0.032165,93.907,-52.132,-197.72
0.031969,93.976,-52.144,-193.73
0.063243,89.784,-52.143,-201.45
0.060046,89.865,-52.158,-197.47
0.055469,89.939,-52.177,-193.48
0.032449,93.817,-56.296,-201.74
0.031652,93.906,-56.309,-197.72
0.031273,93.974,-56.326,-193.73
0.063773,89.786,-56.321,-201.46
0.061396,89.864,-56.341,-197.48
0.056229,89.936,-56.365,-193.5
0.032281,93.813,-60.472,-201.75
0.03142,93.902,-60.489,-197.73
0.030752,93.969,-60.51,-193.74
0.063456,89.779,-60.501,-201.48
0.062718,89.857,-60.526,-197.5
0.057619,89.928,-60.557,-193.52
0.027469,97.834,-52.089,-213.96
0.023343,97.833,-52.091,-209.96
0.02148,93.466,-52.1,-213.92
0.029974,93.473,-52.106,-209.88
0.033951,93.624,-52.113,-205.8
0.08643,88.968,-52.103,-214.03
0.068076,89.013,-52.116,-209.86
0.064361,89.355,-52.13,-205.58
0.029744,97.837,-56.257,-213.96
0.027164,97.835,-56.259,-209.96
0.026826,93.479,-56.276,-209.89
0.032849,93.627,-56.285,-205.8
0.090119,89.015,-56.279,-214
0.076078,89.032,-56.291,-209.86
0.063553,89.362,-56.305,-205.59
0.030417,97.835,-60.424,-213.96
0.03046,97.834,-60.427,-209.96
0.023694,97.875,-60.431,-205.94
0.023272,93.473,-60.447,-209.9
0.030741,93.623,-60.458,-205.81
0.086602,88.972,-60.457,-214.05
0.086907,89.014,-60.466,-209.89
0.065665,89.353,-60.482,-205.61
0.021288,97.947,-52.084,-221.88
0.026398,97.877,-52.087,-217.94
0.034779,89.758,-52.081,-226.1
0.072745,89.697,-52.089,-221.98
0.091514,89.235,-52.095,-217.98
0.026614,97.88,-56.255,-217.93
0.023625,89.897,-56.263,-225.91
0.056642,89.772,-56.267,-221.92
0.083723,89.303,-56.272,-217.94
0.024807,97.878,-60.422,-217.94
0.034768,89.703,-60.446,-221.99
0.064913,89.239,-60.451,-217.99
0.030721,-15.124,-52.002,-7.4454
0.032302,-15.811,-52.039,-4.4254
0.022734,-16.907,-52.069,-1.4658
0.022144,-15.138,-56.169,-7.4602
0.025026,-15.818,-56.206,-4.4339
0.33909,-10.238,-52.001,-9.6386
0.11547,-11.197,-51.922,-13.642
0.046045,-11.491,-51.85,-17.382
0.32613,-10.251,-56.168,-9.6558
0.097736,-11.22,-56.089,-13.675
0.033355,-11.522,-56.017,-17.428
0.31178,-10.261,-60.334,-9.6699
0.080405,-11.239,-60.255,-13.702
0.022956,-11.547,-60.184,-17.466
0.16001,-1.2989,-52.055,-10.543
0.3702,-3.8902,-52.049,-10.054
0.40298,-4.5064,-51.981,-13.67
0.27325,-7.6575,-51.957,-13.455
0.35035,-1.4511,-51.937,-17.217
0.25978,-4.7128,-51.914,-17.215
0.15568,-8.0303,-51.886,-17.211
0.17738,-1.3027,-56.221,-10.551
0.38377,-3.895,-56.215,-10.063
0.38444,-4.5202,-56.145,-13.696
0.25582,-7.6753,-56.123,-13.484
0.33215,-1.47,-56.099,-17.258
0.23838,-4.7347,-56.078,-17.256
0.13632,-8.0564,-56.05,-17.255
0.19554,-1.3059,-60.387,-10.557
0.39568,-3.8988,-60.381,-10.07
0.36478,-4.5316,-60.31,-13.717
0.23696,-7.6896,-60.288,-13.508
0.31003,-1.4861,-60.262,-17.292
0.21761,-4.753,-60.241,-17.291
0.11506,-8.0776,-60.215,-17.291
0.028898,6.4666,-52.063,-9.2398
0.023398,1.3353,-52.059,-10.517
0.035453,7.7405,-52.023,-13.049
0.023086,4.64,-52.016,-13.439
0.16956,1.6002,-52.008,-13.772
0.031299,8.3401,-51.98,-16.591
0.12694,5.0471,-51.968,-16.848
0.38024,1.7975,-51.954,-17.096
0.025479,6.4647,-56.23,-9.2509
0.035101,1.3322,-56.225,-10.526
0.031132,7.7343,-56.188,-13.079
0.039298,4.6319,-56.181,-13.466
0.20093,1.5904,-56.172,-13.797
0.032838,8.3294,-56.144,-16.637
0.18397,5.0337,-56.131,-16.891
0.38128,1.7813,-56.117,-17.137
0.021307,6.4628,-60.396,-9.2605
0.047738,1.3293,-60.39,-10.533
0.026725,7.7282,-60.353,-13.105
0.061347,4.6244,-60.345,-13.489
0.22999,1.5817,-60.336,-13.818
0.052205,8.3191,-60.308,-16.675
0.22803,5.0213,-60.294,-16.928
0.37626,1.767,-60.279,-17.172
0.031454,10.057,-52.061,-9.3033
0.024822,11.192,-52.026,-13.023
0.030543,11.775,-51.988,-16.499
0.026534,10.054,-56.228,-9.3207
0.022085,11.187,-56.193,-13.057
0.0298,11.767,-56.154,-16.546
0.022228,10.051,-60.396,-9.3358
0.020965,11.181,-60.361,-13.086
0.029017,11.758,-60.321,-16.587
0.052046,10.787,-52.084,-1.2754
0.046594,10.425,-52.083,-3.7919
0.038112,9.6238,-52.08,-6.1336
0.043071,10.787,-56.251,-1.2762
0.038718,10.424,-56.251,-3.795
0.03189,9.6221,-56.248,-6.1398
0.034701,10.786,-60.418,-1.2771
0.031658,10.423,-60.419,-3.7979
0.026591,9.6201,-60.416,-6.1452
0.15226,36.577,-39.542,-101.55
0.23118,36.289,-39.481,-97.216
0.2763,36.168,-39.423,-92.653
0.04461,31.933,-39.413,-101.66
0.073128,31.847,-39.374,-97.579
0.10139,31.532,-39.318,-93.676
0.035832,27.216,-39.253,-93.851
0.11305,36.519,-43.77,-101.78
0.1918,36.203,-43.708,-97.464
0.26171,36.033,-43.638,-92.929
0.031948,31.906,-43.634,-101.89
0.056444,31.812,-43.593,-97.817
0.08228,31.488,-43.534,-93.928
0.024144,27.189,-43.468,-94.105
0.086588,36.53,-48.004,-101.94
0.15739,36.238,-47.943,-97.635
0.24101,36.114,-47.864,-93.099
0.021161,31.896,-47.863,-102.08
0.041109,31.806,-47.82,-98.021
0.063144,31.488,-47.759,-94.138
0.034217,35.314,-39.55,-110.24
0.081046,36.111,-39.571,-105.9
0.023725,35.296,-43.777,-110.43
0.060187,36.08,-43.797,-106.12
0.044079,36.071,-48.03,-106.27
0.020659,19.255,-38.999,-81.504
0.073695,23.955,-39.167,-81.759
0.033259,22.923,-39.155,-85.944
0.058192,23.92,-43.372,-82.05
0.022111,22.893,-43.365,-86.218
0.043481,23.919,-47.583,-82.267
0.055851,15.668,-38.691,-69.418
0.028325,15.561,-38.769,-73.179
0.12594,20.495,-38.736,-69.439
0.086542,20.327,-38.855,-73.363
0.052242,19.942,-38.945,-77.389
0.28587,26.264,-38.756,-69.083
0.23853,25.305,-38.952,-73.429
0.13523,24.883,-39.094,-77.597
0.040971,15.652,-42.91,-69.708
0.10351,20.483,-42.963,-69.724
0.070813,20.307,-43.072,-73.65
0.038138,19.919,-43.156,-77.675
0.27447,26.197,-42.998,-69.365
0.1985,25.251,-43.176,-73.722
0.10599,24.84,-43.305,-77.889
0.026928,15.643,-47.136,-69.957
0.085614,20.49,-47.193,-69.966
0.054679,20.308,-47.295,-73.893
0.025267,19.912,-47.375,-77.918
0.26057,26.279,-47.242,-69.592
0.16529,25.298,-47.406,-73.945
0.086025,24.859,-47.521,-78.11
0.28949,21.693,-38.701,-57.982
0.26221,18.52,-38.704,-58.499
0.13124,15.206,-38.697,-58.731
0.30576,22.819,-38.622,-61.516
0.20314,19.172,-38.643,-62.083
0.10599,15.402,-38.641,-62.245
0.2818,25.238,-38.604,-65.1
0.16531,20.037,-38.646,-65.704
0.082532,15.595,-38.637,-65.789
0.33113,21.708,-42.927,-58.241
0.20393,18.527,-42.921,-58.764
0.11616,15.201,-42.906,-59.003
0.32778,22.828,-42.863,-61.781
0.15768,19.178,-42.871,-62.356
0.091921,15.396,-42.859,-62.524
0.29232,25.202,-42.857,-65.363
0.13113,20.035,-42.878,-65.982
0.067425,15.585,-42.859,-66.075
0.34426,21.727,-47.158,-58.466
0.15991,18.533,-47.143,-58.995
0.099935,15.196,-47.122,-59.237
0.31989,22.855,-47.107,-62.012
0.13039,19.185,-47.103,-62.593
0.075868,15.391,-47.083,-62.765
0.29016,25.271,-47.109,-65.602
0.10964,20.044,-47.113,-66.224
0.050792,15.579,-47.086,-66.321
0.16371,47.998,-39.733,-126.17
0.2389,47.982,-39.748,-121.93
0.22804,48.558,-39.765,-117.14
0.044576,43.928,-39.668,-126.22
0.078407,43.89,-39.679,-122.1
0.14509,43.835,-39.676,-118.05
0.020339,39.786,-39.612,-122.17
0.037796,39.584,-39.612,-118.25
0.12542,48.003,-43.976,-126.3
0.21551,47.975,-43.993,-122.06
0.23976,48.519,-44.009,-117.3
0.032871,43.936,-43.904,-126.36
0.060399,43.891,-43.916,-122.24
0.10834,43.824,-43.914,-118.21
0.026893,39.58,-43.843,-118.41
0.087324,48.012,-48.228,-126.42
0.17239,47.984,-48.247,-122.18
0.23134,48.544,-48.262,-117.4
0.022377,43.94,-48.149,-126.49
0.044137,43.892,-48.161,-122.38
0.076766,43.826,-48.16,-118.35
0.028625,48.49,-39.723,-138.23
0.05058,48.289,-39.723,-134.32
0.086286,48.129,-39.723,-130.29
0.021823,43.893,-39.657,-130.39
0.020133,48.515,-43.959,-138.34
0.038201,48.307,-43.962,-134.43
0.066275,48.142,-43.965,-130.41
0.026677,48.318,-48.209,-134.55
0.049065,48.152,-48.215,-130.52
0.044016,8.6604,-38.641,-58.525
0.088968,11.883,-38.675,-58.745
0.05791,11.612,-38.61,-62.135
0.027051,11.273,-38.595,-65.571
0.029259,8.6299,-42.844,-58.803
0.073793,11.865,-42.879,-59.021
0.041935,11.593,-42.824,-62.419
0.056598,11.849,-47.09,-59.259
0.027048,11.576,-47.044,-62.663
0.16298,11.152,-38.943,-48.812
0.11376,7.9629,-38.919,-49.092
0.062614,4.7314,-38.877,-49.535
0.13774,11.557,-38.86,-52.045
0.094785,8.4719,-38.839,-52.2
0.046286,5.3699,-38.803,-52.495
0.1142,11.868,-38.766,-55.364
0.074332,8.8652,-38.743,-55.353
0.031996,6.0075,-38.716,-55.309
0.14693,11.132,-43.116,-49.053
0.098624,7.9289,-43.089,-49.338
0.046298,4.6838,-43.048,-49.786
0.12271,11.539,-43.041,-52.299
0.079525,8.4401,-43.017,-52.458
0.031066,5.3255,-42.982,-52.757
0.099713,11.85,-42.959,-55.629
0.058257,8.8349,-42.933,-55.622
0.12955,11.112,-47.297,-49.263
0.082073,7.8986,-47.267,-49.552
0.030262,4.6432,-47.227,-50.003
0.10626,11.521,-47.23,-52.52
0.062548,8.412,-47.204,-52.681
0.083601,11.833,-47.159,-55.859
0.041081,8.8086,-47.131,-55.854
0.19154,20.597,-38.962,-47.999
0.30247,17.453,-38.963,-48.305
0.28258,14.31,-38.957,-48.57
0.21403,20.802,-38.882,-51.227
0.34677,17.734,-38.879,-51.6
0.20818,14.648,-38.873,-51.866
0.24713,21.119,-38.793,-54.548
0.32807,18.072,-38.79,-54.996
0.162,14.964,-38.782,-55.257
0.20917,20.615,-43.153,-48.223
0.3473,17.46,-43.146,-48.535
0.22914,14.304,-43.134,-48.806
0.24477,20.82,-43.082,-51.465
0.34079,17.741,-43.072,-51.843
0.17694,14.643,-43.059,-52.115
0.29655,21.136,-43.006,-54.797
0.27561,18.079,-42.994,-55.252
0.14401,14.959,-42.98,-55.519
0.24241,20.625,-47.351,-48.419
0.34947,17.461,-47.337,-48.736
0.18966,14.295,-47.319,-49.012
0.29836,20.832,-47.289,-51.672
0.28834,17.743,-47.272,-52.055
0.15514,14.635,-47.253,-52.332
0.3421,21.151,-47.223,-55.014
0.21228,18.083,-47.205,-55.473
0.12589,14.953,-47.184,-55.745
0.056934,30.421,-38.898,-47.374
0.10668,27.021,-38.935,-47.436
0.15014,23.771,-38.954,-47.683
0.090053,30.137,-38.842,-50.223
0.13144,26.972,-38.871,-50.383
0.1719,23.867,-38.88,-50.783
0.11369,30.102,-38.784,-52.987
0.15316,27.029,-38.799,-53.294
0.1899,24.081,-38.797,-53.93
0.065335,30.39,-43.135,-47.578
0.11475,27.039,-43.151,-47.647
0.16096,23.795,-43.156,-47.9
0.098677,30.116,-43.085,-50.447
0.14054,26.991,-43.093,-50.609
0.18438,23.89,-43.09,-51.014
0.12167,30.072,-43.03,-53.245
0.16355,27.044,-43.03,-53.533
0.20352,24.103,-43.018,-54.173
0.074653,30.483,-47.369,-47.759
0.12535,27.078,-47.368,-47.832
0.17543,23.816,-47.362,-48.091
0.1076,30.199,-47.324,-50.636
0.1528,27.029,-47.317,-50.805
0.20038,23.913,-47.305,-51.216
0.13067,30.167,-47.272,-53.422
0.17694,27.088,-47.262,-53.737
0.22048,24.129,-47.243,-54.384
0.14265,61.74,-39.843,-138.52
0.14259,61.505,-39.832,-133.96
0.14756,61.462,-39.831,-129.1
0.20786,57.012,-39.805,-138.58
0.1716,56.976,-39.805,-134.25
0.1547,56.717,-39.803,-130.05
0.12106,52.62,-39.76,-138.51
0.19852,52.581,-39.767,-134.34
0.23544,52.363,-39.769,-130.25
0.14522,61.728,-44.112,-138.63
0.1431,61.463,-44.109,-134.07
0.14542,61.36,-44.108,-129.23
0.21611,57.027,-44.058,-138.68
0.18849,56.982,-44.062,-134.35
0.16044,56.711,-44.063,-130.15
0.089811,52.641,-44.004,-138.61
0.16582,52.597,-44.014,-134.44
0.22553,52.372,-44.019,-130.36
0.14976,61.778,-48.391,-138.68
0.14432,61.54,-48.397,-134.12
0.14607,61.489,-48.395,-129.27
0.20905,57.049,-48.32,-138.77
0.20642,57.009,-48.33,-134.44
0.17513,56.744,-48.333,-130.24
0.061451,52.656,-48.256,-138.71
0.12634,52.612,-48.27,-134.55
0.19849,52.387,-48.278,-130.47
0.2036,60.494,-39.824,-151.74
0.20093,60.474,-39.836,-147.54
0.1528,61.246,-39.848,-143.05
0.048483,56.189,-39.795,-151.78
0.11577,56.217,-39.798,-147.44
0.19881,56.642,-39.802,-142.99
0.04824,52.136,-39.743,-142.9
0.18541,60.521,-44.063,-151.82
0.20954,60.494,-44.084,-147.62
0.16748,61.259,-44.105,-143.15
0.035373,56.226,-44.028,-151.85
0.087726,56.246,-44.037,-147.52
0.17745,56.665,-44.048,-143.08
0.035914,52.166,-43.982,-142.99
0.1502,60.54,-48.311,-151.89
0.20461,60.517,-48.341,-147.7
0.18178,61.287,-48.373,-143.21
0.02346,56.236,-48.267,-151.95
0.057341,56.261,-48.285,-147.62
0.14304,56.683,-48.304,-143.17
0.024632,52.177,-48.228,-143.1
0.045607,61.606,-39.789,-163.58
0.090652,61.249,-39.803,-159.74
0.15196,60.832,-39.813,-155.79
0.025477,56.498,-39.791,-155.96
0.032095,61.644,-44.008,-163.65
0.062382,61.284,-44.028,-159.81
0.11939,60.864,-44.045,-155.86
0.020171,61.657,-48.233,-163.72
0.040479,61.299,-48.26,-159.89
0.081641,60.88,-48.285,-155.94
0.067628,-0.078058,-39.021,-40.541
0.043232,0.31815,-38.951,-43.865
0.02526,0.84119,-38.88,-47.143
0.051229,-0.14637,-43.182,-40.75
0.029202,0.25111,-43.116,-44.091
0.035439,-0.20356,-47.348,-40.932
0.31309,10.099,-39.149,-39.247
0.19079,6.7315,-39.121,-39.595
0.12975,3.3396,-39.079,-40.025
0.23912,10.399,-39.086,-42.437
0.16051,7.0711,-39.058,-42.796
0.10395,3.7089,-39.013,-43.263
0.19272,10.752,-39.018,-45.62
0.13512,7.4827,-38.991,-45.962
0.081837,4.1715,-38.946,-46.444
0.26359,10.075,-43.307,-39.444
0.17447,6.6929,-43.277,-39.796
0.11365,3.2861,-43.236,-40.23
0.20818,10.376,-43.248,-42.649
0.1446,7.0336,-43.217,-43.013
0.087978,3.6564,-43.174,-43.485
0.17466,10.731,-43.185,-45.847
0.11967,7.4468,-43.155,-46.195
0.065482,4.1211,-43.111,-46.681
0.22503,10.052,-47.471,-39.616
0.15633,6.6581,-47.44,-39.972
0.096311,3.24,-47.399,-40.409
0.18735,10.354,-47.416,-42.835
0.1271,6.9998,-47.384,-43.203
0.070373,3.6115,-47.341,-43.678
0.15612,10.71,-47.358,-46.046
0.10287,7.4146,-47.327,-46.397
0.047912,4.078,-47.284,-46.887
0.11769,20.139,-39.158,-38.556
0.16476,16.79,-39.166,-38.737
0.29499,13.448,-39.163,-38.966
0.14516,20.276,-39.098,-41.688
0.19549,16.985,-39.105,-41.901
0.35427,13.699,-39.101,-42.148
0.16907,20.429,-39.033,-44.83
0.23868,17.206,-39.038,-45.083
0.34877,13.988,-39.033,-45.342
0.12624,20.154,-43.334,-38.733
0.18196,16.794,-43.334,-38.921
0.35284,13.439,-43.325,-39.156
0.1558,20.291,-43.278,-41.881
0.22818,16.99,-43.277,-42.101
0.36071,13.691,-43.267,-42.354
0.18297,20.446,-43.218,-45.039
0.29328,17.212,-43.214,-45.298
0.3037,13.98,-43.203,-45.563
0.13807,20.161,-47.515,-38.89
0.21709,16.791,-47.508,-39.084
0.37098,13.426,-47.493,-39.324
0.17142,20.3,-47.463,-42.052
0.28836,16.989,-47.454,-42.277
0.32018,13.679,-47.439,-42.535
0.20292,20.456,-47.409,-45.223
0.34906,17.212,-47.397,-45.487
0.24543,13.97,-47.381,-45.757
0.022799,26.916,-39.109,-38.363
0.067306,23.509,-39.139,-38.427
0.049822,26.918,-39.053,-41.429
0.098161,23.586,-39.081,-41.521
0.029505,30.426,-38.95,-44.495
0.079439,26.998,-38.994,-44.467
0.12585,23.683,-39.02,-44.606
0.025987,26.93,-43.311,-38.525
0.073741,23.53,-43.326,-38.597
0.055874,26.934,-43.258,-41.609
0.10647,23.608,-43.272,-41.708
0.035106,30.394,-43.183,-44.683
0.086942,27.015,-43.204,-44.663
0.13522,23.706,-43.216,-44.809
0.031403,26.966,-47.513,-38.671
0.08281,23.548,-47.517,-38.748
0.064429,26.971,-47.465,-41.768
0.11738,23.627,-47.467,-41.873
0.042356,30.487,-47.412,-44.851
0.096611,27.054,-47.416,-44.836
0.1477,23.727,-47.415,-44.987
0.10732,74.937,-39.789,-163.89
0.10879,74.572,-39.796,-159.26
0.11605,74.343,-39.809,-154.3
0.12578,70.113,-39.793,-163.93
0.11956,69.973,-39.807,-159.61
0.11801,69.559,-39.818,-155.44
0.18591,65.7,-39.79,-163.85
0.18848,65.539,-39.807,-159.73
0.16021,65.14,-39.82,-155.73
0.10707,74.93,-44.033,-163.97
0.10814,74.54,-44.057,-159.34
0.11189,74.26,-44.077,-154.4
0.13538,70.136,-44.026,-163.99
0.12187,69.991,-44.05,-159.67
0.11893,69.57,-44.069,-155.5
0.16906,65.733,-44.015,-163.91
0.19417,65.568,-44.04,-159.8
0.17695,65.166,-44.061,-155.8
0.10817,74.979,-48.286,-163.99
0.10749,74.619,-48.327,-159.36
0.11149,74.395,-48.355,-154.41
0.15165,70.16,-48.267,-164.04
0.12631,70.022,-48.302,-159.73
0.1211,69.61,-48.329,-155.56
0.13711,65.75,-48.249,-163.98
0.1865,65.589,-48.282,-159.87
0.19281,65.189,-48.311,-155.87
0.14211,73.401,-39.748,-177.03
0.11622,73.566,-39.766,-172.88
0.10765,74.462,-39.781,-168.44
0.12203,69.11,-39.748,-176.99
0.17439,69.276,-39.763,-172.71
0.16181,69.769,-39.778,-168.31
0.034169,64.766,-39.748,-172.72
0.11014,65.261,-39.767,-168.18
0.15503,73.427,-43.956,-177.07
0.12298,73.586,-43.982,-172.93
0.10882,74.476,-44.009,-168.51
0.095298,69.148,-43.953,-177.03
0.1617,69.308,-43.976,-172.75
0.16964,69.797,-44.001,-168.37
0.022464,64.816,-43.96,-172.77
0.084992,65.3,-43.985,-168.24
0.16901,73.441,-48.169,-177.12
0.13996,73.604,-48.206,-172.97
0.11176,74.5,-48.244,-168.53
0.063119,69.155,-48.163,-177.09
0.13705,69.32,-48.195,-172.81
0.17628,69.814,-48.23,-168.42
0.055098,65.312,-48.209,-168.31
0.12091,73.972,-39.693,-188.73
0.16261,73.738,-39.711,-184.93
0.16725,73.521,-39.729,-181.03
0.024088,69.582,-39.715,-185.13
0.057844,69.25,-39.732,-181.12
0.093166,74.005,-43.883,-188.76
0.14717,73.768,-43.906,-184.97
0.16992,73.55,-43.93,-181.07
0.0366,69.294,-43.93,-181.15
0.059709,74.016,-48.075,-188.8
0.11639,73.78,-48.104,-185.01
0.16045,73.562,-48.135,-181.11
0.021063,69.297,-48.132,-181.21
0.16629,-0.79363,-39.223,-30.451
0.09485,-4.1916,-39.173,-30.764
0.027611,-7.5825,-39.115,-31.07
0.12867,-0.60054,-39.158,-33.822
0.060466,-4.0175,-39.101,-34.211
0.096357,-0.37294,-39.09,-37.189
0.032417,-3.8148,-39.026,-37.665
0.14885,-0.85653,-43.377,-30.604
0.078231,-4.2679,-43.331,-30.919
0.11199,-0.66679,-43.313,-33.995
0.045113,-4.0977,-43.26,-34.386
0.079663,-0.44101,-43.248,-37.38
0.021423,-3.8971,-43.188,-37.859
0.13055,-0.9093,-47.536,-30.737
0.061025,-4.3306,-47.492,-31.054
0.094251,-0.72253,-47.473,-34.145
0.031176,-4.1639,-47.424,-34.537
0.06193,-0.49824,-47.41,-37.547
0.25766,9.426,-39.314,-29.595
0.37182,6.0144,-39.294,-29.851
0.23724,2.6087,-39.264,-30.142
0.35769,9.6262,-39.262,-32.828
0.28699,6.2204,-39.239,-33.116
0.19656,2.8121,-39.204,-33.452
0.37344,9.8453,-39.207,-36.045
0.22709,6.4534,-39.181,-36.366
0.1605,3.0482,-39.142,-36.75
0.33763,9.4033,-43.469,-29.739
0.32434,5.9785,-43.447,-29.998
0.22117,2.5593,-43.417,-30.292
0.38532,9.6024,-43.417,-32.99
0.25175,6.1827,-43.392,-33.282
0.17986,2.7601,-43.358,-33.621
0.34159,9.8212,-43.363,-36.224
0.20959,6.4147,-43.336,-36.55
0.14385,2.9947,-43.297,-36.938
0.38714,9.381,-47.628,-29.866
0.28004,5.9462,-47.604,-30.128
0.20286,2.5167,-47.574,-30.424
0.36836,9.5791,-47.577,-33.132
0.23103,6.1486,-47.55,-33.428
0.16122,2.7152,-47.516,-33.77
0.2883,9.7973,-47.525,-36.382
0.19113,6.3798,-47.496,-36.712
0.12592,2.9486,-47.457,-37.102
0.030058,19.765,-39.313,-29.14
0.068032,16.294,-39.323,-29.236
0.11357,12.85,-39.324,-29.388
0.05365,19.885,-39.265,-32.286
0.10233,16.452,-39.274,-32.412
0.15749,13.034,-39.274,-32.592
0.085284,20.01,-39.213,-35.425
0.13492,16.614,-39.222,-35.577
0.21578,13.229,-39.22,-35.784
0.031233,19.776,-43.485,-29.267
0.071236,16.296,-43.488,-29.37
0.12363,12.84,-43.483,-29.527
0.057851,19.897,-43.437,-32.43
0.10802,16.454,-43.439,-32.562
0.18788,13.024,-43.433,-32.749
0.092354,20.023,-43.387,-35.585
0.14513,16.617,-43.388,-35.745
0.27664,13.219,-43.381,-35.957
0.03406,19.782,-47.659,-29.382
0.075233,16.292,-47.655,-29.49
0.15039,12.827,-47.645,-29.651
0.063744,19.903,-47.613,-32.559
0.11776,16.45,-47.608,-32.697
0.25357,13.011,-47.596,-32.888
0.10143,20.03,-47.565,-35.728
0.16326,16.614,-47.559,-35.894
0.34953,13.206,-47.546,-36.111
0.037854,23.426,-39.193,-35.33
0.041414,23.445,-43.378,-35.482
0.02029,23.372,-47.612,-32.476
0.047593,23.462,-47.565,-35.62
0.074162,86.011,-39.656,-189.18
0.070928,86.281,-39.668,-184.96
0.063291,86.973,-39.682,-180.27
0.086767,81.904,-39.67,-189.11
0.087806,82.045,-39.686,-185.02
0.08888,82.095,-39.703,-181.01
0.12896,77.858,-39.682,-189.01
0.099008,77.862,-39.7,-185.01
0.094804,77.752,-39.719,-181.09
0.07437,86.025,-43.844,-189.19
0.070602,86.293,-43.863,-184.98
0.061859,86.968,-43.887,-180.29
0.087672,81.924,-43.861,-189.13
0.088198,82.064,-43.883,-185.05
0.088478,82.11,-43.908,-181.04
0.14155,77.884,-43.873,-189.04
0.10544,77.886,-43.897,-185.04
0.096062,77.773,-43.922,-181.12
0.075009,86.034,-48.036,-189.21
0.070239,86.303,-48.063,-185
0.061631,86.995,-48.096,-180.31
0.089281,81.935,-48.055,-189.16
0.089167,82.075,-48.085,-185.08
0.088772,82.125,-48.119,-181.07
0.15554,77.895,-48.067,-189.07
0.12246,77.898,-48.098,-185.07
0.10004,77.787,-48.131,-181.16
0.07715,85.858,-39.631,-200.98
0.074913,85.774,-39.637,-197.2
0.073898,85.836,-39.645,-193.25
0.11534,81.835,-39.643,-201.15
0.096795,81.565,-39.648,-197.3
0.087547,81.676,-39.657,-193.22
0.063316,77.675,-39.642,-202.73
0.11281,77.19,-39.649,-197.83
0.15027,77.46,-39.664,-193.25
0.078033,85.879,-43.807,-200.99
0.07584,85.791,-43.816,-197.21
0.074623,85.851,-43.829,-193.27
0.12882,81.867,-43.819,-201.16
0.10871,81.591,-43.828,-197.31
0.090054,81.698,-43.842,-193.24
0.040766,77.769,-43.823,-202.67
0.090024,77.235,-43.833,-197.82
0.14507,77.492,-43.85,-193.27
0.079001,85.887,-47.984,-201.01
0.076962,85.8,-47.997,-197.23
0.075707,85.86,-48.014,-193.28
0.13494,81.871,-47.995,-201.19
0.12375,81.6,-48.009,-197.34
0.098138,81.709,-48.03,-193.27
0.061626,77.235,-48.017,-197.88
0.12969,77.502,-48.038,-193.31
0.045319,-11.367,-39.284,-20.776
0.033381,-11.442,-43.447,-20.874
0.023215,-11.502,-47.612,-20.957
0.32005,-1.2689,-39.401,-20.378
0.23615,-4.5991,-39.37,-20.481
0.14349,-7.9535,-39.331,-20.586
0.26036,-1.1303,-39.345,-23.725
0.17866,-4.4996,-39.308,-23.906
0.095727,-7.8787,-39.263,-24.089
0.21036,-0.96949,-39.285,-27.083
0.13323,-4.356,-39.242,-27.33
0.056753,-7.7421,-39.191,-27.574
0.30226,-1.3122,-43.557,-20.467
0.21795,-4.6524,-43.527,-20.572
0.12691,-8.0177,-43.491,-20.68
0.24388,-1.1818,-43.499,-23.836
0.16087,-4.5625,-43.464,-24.02
0.079328,-7.9532,-43.422,-24.205
0.19279,-1.0275,-43.44,-27.216
0.11639,-4.4265,-43.399,-27.465
0.042337,-7.825,-43.351,-27.711
0.2843,-1.3479,-47.716,-20.543
0.19869,-4.6956,-47.688,-20.65
0.10966,-8.0691,-47.653,-20.761
0.22512,-1.2246,-47.657,-23.932
0.14268,-4.6138,-47.624,-24.118
0.062546,-8.0132,-47.584,-24.305
0.17351,-1.076,-47.597,-27.331
0.098831,-4.4842,-47.559,-27.582
0.029528,-7.8919,-47.515,-27.828
0.04647,8.7448,-39.454,-19.774
0.13029,5.3874,-39.443,-19.991
0.076009,9.0104,-39.41,-23.076
0.30039,5.6162,-39.396,-23.288
0.37253,2.2398,-39.374,-23.517
0.147,9.2275,-39.364,-26.346
0.39644,5.8184,-39.347,-26.574
0.28699,2.4213,-39.32,-26.828
0.042261,8.7294,-43.612,-19.861
0.19487,5.3629,-43.6,-20.078
0.41317,2.0231,-43.581,-20.302
0.08663,8.9918,-43.567,-23.182
0.36937,5.5868,-43.551,-23.397
0.3317,2.1994,-43.528,-23.626
0.20493,9.2065,-43.519,-26.471
0.40387,5.7852,-43.5,-26.703
0.26674,2.3757,-43.474,-26.958
0.041778,8.7142,-47.772,-19.938
0.2802,5.341,-47.758,-20.155
0.38236,1.9943,-47.74,-20.378
0.13216,8.9735,-47.726,-23.277
0.40317,5.5604,-47.709,-23.492
0.30201,2.1649,-47.686,-23.722
0.29439,9.1858,-47.678,-26.582
0.36094,5.7553,-47.657,-26.815
0.24883,2.3366,-47.63,-27.072
0.040637,12.172,-39.457,-19.645
0.029829,15.932,-39.412,-22.842
0.052541,12.444,-39.416,-22.922
0.04358,16.126,-39.369,-26.047
0.075936,12.66,-39.371,-26.166
0.040102,12.165,-43.618,-19.731
0.02914,15.933,-43.577,-22.942
0.050619,12.435,-43.576,-23.026
0.044949,16.128,-43.534,-26.164
0.076221,12.65,-43.53,-26.288
0.039459,12.157,-47.781,-19.809
0.029349,15.93,-47.744,-23.033
0.048162,12.425,-47.738,-23.12
0.046364,16.124,-47.701,-26.269
0.081327,12.639,-47.693,-26.397
0.034192,93.8,-39.604,-201.72
0.03479,93.893,-39.607,-197.7
0.035006,93.965,-39.611,-193.71
0.060284,89.758,-39.617,-201.42
0.057916,89.843,-39.623,-197.43
0.056232,89.92,-39.629,-193.45
0.033466,93.809,-43.776,-201.72
0.033783,93.901,-43.781,-197.7
0.033841,93.971,-43.787,-193.71
0.0612,89.773,-43.792,-201.43
0.058213,89.855,-43.8,-197.44
0.055612,89.931,-43.81,-193.46
0.032909,93.814,-47.948,-201.73
0.032899,93.905,-47.956,-197.71
0.032802,93.975,-47.965,-193.72
0.062265,89.78,-47.968,-201.44
0.058915,89.862,-47.979,-197.45
0.055322,89.937,-47.992,-193.47
0.030607,93.444,-39.6,-213.92
0.034229,93.452,-39.6,-209.88
0.034744,93.606,-39.601,-205.78
0.065212,88.932,-39.609,-214.02
0.065345,88.978,-39.61,-209.84
0.063902,89.324,-39.614,-205.55
0.021292,97.832,-43.756,-213.96
0.02806,93.464,-43.769,-213.91
0.033483,93.466,-43.77,-209.87
0.034507,93.616,-43.772,-205.79
0.068419,88.992,-43.784,-213.98
0.065256,89.011,-43.784,-209.83
0.064466,89.344,-43.787,-205.56
0.024345,97.832,-47.923,-213.96
0.024999,93.462,-47.938,-213.92
0.032236,93.469,-47.939,-209.88
0.034364,93.621,-47.943,-205.79
0.079564,88.961,-47.96,-214.03
0.06655,89.006,-47.957,-209.85
0.064726,89.349,-47.96,-205.57
0.021431,97.939,-39.587,-221.89
0.021744,97.869,-39.588,-217.94
0.023152,93.577,-39.6,-217.9
0.073192,89.713,-39.621,-226.14
0.080249,89.658,-39.614,-222
0.063042,89.197,-39.61,-217.99
0.021833,97.944,-43.756,-221.87
0.023614,97.875,-43.756,-217.94
0.02013,93.602,-43.77,-217.88
0.067067,89.868,-43.799,-225.94
0.083091,89.746,-43.791,-221.93
0.073163,89.279,-43.786,-217.94
0.02208,97.945,-47.925,-221.88
0.02518,97.875,-47.923,-217.94
0.04935,89.749,-47.982,-226.11
0.081522,89.689,-47.968,-221.98
0.087919,89.227,-47.964,-217.98
0.055321,-15.05,-39.502,-7.3803
0.051457,-15.764,-39.541,-4.3894
0.034337,-16.889,-39.57,-1.454
0.047091,-15.082,-43.668,-7.4064
0.045145,-15.784,-43.706,-4.4042
0.03053,-16.89,-43.736,-1.459
0.038829,-15.106,-47.835,-7.4276
0.038752,-15.8,-47.873,-4.4157
0.026641,-16.903,-47.902,-1.4626
0.37626,-10.171,-39.504,-9.5642
0.039175,-14.877,-39.447,-10.569
0.16657,-11.08,-39.428,-13.5
0.090955,-11.338,-39.356,-17.184
0.36401,-10.199,-43.669,-9.5935
0.03158,-14.924,-43.612,-10.611
0.14964,-11.129,-43.591,-13.556
0.07549,-11.402,-43.519,-17.261
0.35148,-10.221,-47.835,-9.618
0.024633,-14.96,-47.78,-10.646
0.13301,-11.167,-47.756,-13.602
0.060323,-11.452,-47.684,-17.327
0.1111,-1.2815,-39.558,-10.509
0.31825,-3.8678,-39.552,-10.017
0.37671,-1.395,-39.507,-13.746
0.32704,-7.5715,-39.466,-13.333
0.4096,-1.3686,-39.455,-17.049
0.31823,-4.6112,-39.43,-17.041
0.2082,-7.9052,-39.398,-17.025
0.12671,-1.2885,-43.724,-10.522
0.33659,-3.877,-43.718,-10.031
0.39837,-1.4157,-43.669,-13.784
0.30934,-7.607,-43.629,-13.381
0.38461,-1.4016,-43.614,-17.113
0.30028,-4.6525,-43.59,-17.107
0.19077,-7.9566,-43.559,-17.097
0.14324,-1.2942,-47.889,-10.533
0.3541,-3.8843,-47.883,-10.043
0.41724,-1.4326,-47.832,-13.818
0.29129,-7.6351,-47.793,-13.421
0.36673,-1.4287,-47.774,-17.169
0.28075,-4.6858,-47.751,-17.165
0.17344,-7.9976,-47.722,-17.159
0.036258,6.4716,-39.567,-9.1964
0.044493,7.7588,-39.532,-12.931
0.07321,1.6407,-39.519,-13.67
0.044527,8.3734,-39.495,-16.413
0.032971,5.0967,-39.487,-16.676
0.28688,1.8633,-39.473,-16.928
0.033998,6.4701,-43.732,-9.2128
0.042089,7.7528,-43.695,-12.975
0.102,1.6248,-43.681,-13.709
0.04032,8.3622,-43.655,-16.48
0.044746,5.0783,-43.646,-16.742
0.33893,1.8377,-43.632,-16.992
0.031652,6.4683,-47.898,-9.2272
0.039153,7.7467,-47.858,-13.015
0.13421,1.6115,-47.844,-13.743
0.035362,8.3511,-47.817,-16.54
0.078117,5.0619,-47.806,-16.799
0.36776,1.816,-47.792,-17.048
0.045602,10.06,-39.561,-9.2365
0.033639,11.202,-39.531,-12.893
0.034343,11.794,-39.496,-16.316
0.041536,10.06,-43.727,-9.2614
0.031098,11.2,-43.695,-12.942
0.032693,11.789,-43.658,-16.384
0.0367,10.059,-47.893,-9.2836
0.028143,11.197,-47.86,-12.985
0.031486,11.783,-47.822,-16.445
0.080967,10.787,-39.583,-1.2713
0.072254,10.426,-39.582,-3.7793
0.05706,9.6258,-39.578,-6.1096
0.071593,10.788,-43.75,-1.2727
0.064074,10.427,-43.749,-3.7838
0.051207,9.6259,-43.745,-6.1184
0.061573,10.787,-47.917,-1.274
0.055177,10.426,-47.916,-3.788
0.044724,9.6253,-47.912,-6.1264
0.24331,36.682,-26.917,-100.85
0.27188,36.412,-26.868,-96.457
0.25838,36.306,-26.822,-91.825
0.080959,32.015,-26.808,-100.88
0.1161,31.947,-26.778,-96.753
0.16998,31.644,-26.726,-92.8
0.027532,27.707,-26.722,-100.74
0.051141,27.614,-26.712,-96.772
0.072493,27.317,-26.677,-92.929
0.22594,36.614,-31.124,-101.12
0.27172,36.31,-31.076,-96.754
0.27643,36.15,-31.022,-92.161
0.070615,31.98,-31,-101.17
0.10338,31.9,-30.968,-97.055
0.14474,31.584,-30.915,-93.124
0.040212,27.581,-30.892,-97.094
0.061536,27.276,-30.857,-93.268
0.19056,36.608,-35.339,-101.33
0.26075,36.324,-35.293,-96.977
0.28402,36.205,-35.234,-92.395
0.058065,31.958,-35.204,-101.42
0.089019,31.877,-35.17,-97.324
0.12087,31.564,-35.116,-93.407
0.02938,27.553,-35.087,-97.388
0.048784,27.246,-35.051,-93.572
0.038963,35.244,-26.925,-113.7
0.068176,35.358,-26.928,-109.6
0.14867,36.19,-26.943,-105.24
0.047933,31.644,-26.82,-105.12
0.030196,35.239,-31.12,-113.92
0.057203,35.34,-31.126,-109.83
0.13174,36.153,-31.146,-105.49
0.038061,31.623,-31.013,-105.39
0.022047,35.234,-35.328,-114.12
0.045566,35.329,-35.335,-110.04
0.10377,36.136,-35.356,-105.69
0.028352,31.604,-35.218,-105.64
0.021786,23.077,-26.629,-92.828
0.054392,19.369,-26.446,-80.413
0.021028,18.749,-26.477,-84.623
0.12974,24.064,-26.617,-80.724
0.071163,23.038,-26.602,-84.922
0.042388,22.874,-26.605,-88.929
0.04254,19.323,-30.615,-80.823
0.10701,24.009,-30.789,-81.128
0.059135,22.988,-30.774,-85.305
0.031409,22.831,-30.777,-89.299
0.030925,19.286,-34.801,-81.183
0.089753,23.985,-34.973,-81.45
0.045901,22.955,-34.96,-85.64
0.021429,22.795,-34.964,-89.63
0.092646,15.728,-26.105,-68.262
0.06593,15.654,-26.206,-72.022
0.034421,15.413,-26.275,-75.925
0.20718,20.499,-26.11,-68.312
0.13242,20.379,-26.267,-72.242
0.089379,20.032,-26.382,-76.283
0.24571,26.198,-26.053,-67.983
0.27859,25.322,-26.338,-72.345
0.231,24.958,-26.523,-76.542
0.082738,15.705,-30.285,-68.701
0.053815,15.617,-30.377,-72.459
0.024138,15.367,-30.441,-76.358
0.18534,20.493,-30.308,-68.741
0.11608,20.353,-30.451,-72.667
0.079066,19.992,-30.556,-76.701
0.26038,26.157,-30.288,-68.41
0.27674,25.271,-30.541,-72.768
0.19952,24.901,-30.708,-76.952
0.070182,15.686,-34.482,-69.084
0.040781,15.587,-34.566,-72.843
0.15606,20.499,-34.519,-69.113
0.10106,20.343,-34.649,-73.036
0.066353,19.967,-34.745,-77.065
0.2787,26.25,-34.528,-68.762
0.26474,25.312,-34.755,-73.11
0.16867,24.905,-34.902,-77.284
0.20582,21.538,-26.081,-56.95
0.32832,18.435,-26.12,-57.444
0.1756,15.194,-26.142,-57.655
0.21535,22.67,-25.94,-60.445
0.30453,19.099,-26.017,-60.99
0.13798,15.403,-26.053,-61.129
0.21582,25.107,-25.862,-64.006
0.26464,19.993,-25.998,-64.586
0.11411,15.621,-26.038,-64.646
0.2199,21.605,-30.275,-57.341
0.33007,18.474,-30.3,-57.843
0.15941,15.203,-30.311,-58.062
0.23328,22.727,-30.159,-60.852
0.28779,19.131,-30.213,-61.405
0.12908,15.406,-30.234,-61.552
0.23064,25.114,-30.108,-64.417
0.24587,20.01,-30.203,-65.01
0.10604,15.613,-30.223,-65.08
0.24548,21.66,-34.484,-57.684
0.30973,18.503,-34.496,-58.193
0.14534,15.207,-34.498,-58.419
0.26668,22.787,-34.388,-61.208
0.25397,19.158,-34.423,-61.768
0.11831,15.406,-34.431,-61.922
0.258,25.209,-34.357,-64.784
0.21053,20.029,-34.42,-65.381
0.095466,15.605,-34.424,-65.459
0.22829,47.939,-27.067,-125.81
0.24531,47.949,-27.074,-121.55
0.19363,48.564,-27.075,-116.75
0.077868,43.872,-27.023,-125.79
0.13339,43.857,-27.029,-121.65
0.21004,43.828,-27.022,-117.59
0.023909,39.847,-26.967,-125.71
0.046499,39.756,-26.982,-121.67
0.07142,39.576,-26.98,-117.72
0.21619,47.962,-31.279,-125.93
0.25075,47.957,-31.29,-121.68
0.2033,48.534,-31.298,-116.91
0.068202,43.895,-31.227,-125.94
0.1174,43.871,-31.235,-121.81
0.19619,43.827,-31.231,-117.75
0.037496,39.77,-31.181,-121.84
0.061212,39.58,-31.18,-117.91
0.19412,47.985,-35.502,-126.05
0.24931,47.976,-35.516,-121.8
0.2141,48.564,-35.529,-117.01
0.056668,43.914,-35.443,-126.08
0.09818,43.883,-35.453,-121.95
0.17524,43.836,-35.45,-117.9
0.028493,39.78,-35.392,-122.01
0.049613,39.584,-35.392,-118.08
0.055031,48.388,-27.074,-137.88
0.084762,48.199,-27.069,-133.97
0.14912,48.052,-27.064,-129.93
0.023541,43.85,-27.019,-134.14
0.046736,43.818,-27.013,-129.97
0.04683,48.431,-31.281,-138
0.074989,48.235,-31.276,-134.08
0.13277,48.083,-31.273,-130.05
0.038418,43.85,-31.217,-130.11
0.037731,48.462,-35.499,-138.12
0.063135,48.265,-35.495,-134.2
0.10963,48.11,-35.494,-130.17
0.029861,43.873,-35.433,-130.25
0.035051,11.125,-26.066,-67.958
0.024433,11.079,-30.236,-68.407
0.046193,5.8442,-26.081,-56.81
0.085823,8.7885,-26.106,-57.416
0.047547,7.9812,-25.997,-60.52
0.12128,11.943,-26.135,-57.651
0.096345,11.686,-26.042,-60.999
0.06674,11.368,-26.018,-64.405
0.033378,5.7702,-30.243,-57.232
0.073712,8.7386,-30.268,-57.835
0.034778,7.9247,-30.169,-60.957
0.11274,11.922,-30.299,-58.065
0.086167,11.658,-30.215,-61.43
0.053749,11.331,-30.194,-64.848
0.02189,5.709,-34.422,-57.602
0.059424,8.6964,-34.448,-58.203
0.023235,7.8773,-34.358,-61.339
0.10193,11.902,-34.48,-58.428
0.073148,11.634,-34.406,-61.807
0.040007,11.3,-34.387,-65.235
0.048231,1.7859,-26.351,-49.333
0.03592,2.6252,-26.251,-52.333
0.030469,3.7689,-26.136,-55.088
0.035333,1.6767,-30.488,-49.711
0.024491,2.5241,-30.395,-52.731
0.023559,1.5871,-34.641,-50.045
0.21751,11.21,-26.497,-47.88
0.14876,8.0958,-26.479,-48.137
0.10306,4.936,-26.435,-48.557
0.17419,11.613,-26.39,-51.054
0.12988,8.5985,-26.378,-51.189
0.087864,5.5625,-26.341,-51.465
0.14668,11.923,-26.264,-54.318
0.11147,8.9881,-26.249,-54.291
0.073726,6.1885,-26.222,-54.235
0.19444,11.19,-30.631,-48.227
0.13912,8.0448,-30.611,-48.494
0.091261,4.855,-30.567,-48.924
0.16324,11.594,-30.531,-51.425
0.12032,8.5498,-30.516,-51.568
0.075485,5.4861,-30.479,-51.852
0.1378,11.904,-30.415,-54.712
0.10134,8.9405,-30.398,-54.691
0.060622,6.1166,-30.371,-54.64
0.17807,11.171,-34.781,-48.537
0.12737,8.0011,-34.759,-48.811
0.077743,4.7878,-34.715,-49.249
0.15122,11.576,-34.689,-51.755
0.1085,8.5082,-34.67,-51.904
0.061447,5.4228,-34.634,-52.194
0.12693,11.886,-34.584,-55.059
0.088827,8.9001,-34.563,-55.044
0.046347,6.0571,-34.537,-54.997
0.16878,20.437,-26.452,-47.144
0.2001,17.362,-26.482,-47.423
0.33969,14.293,-26.497,-47.662
0.18127,20.643,-26.348,-50.307
0.2338,17.643,-26.374,-50.654
0.3312,14.63,-26.388,-50.896
0.19319,20.962,-26.223,-53.567
0.29694,17.982,-26.249,-53.991
0.25361,14.947,-26.264,-54.231
0.17122,20.511,-30.608,-47.461
0.21688,17.407,-30.627,-47.75
0.34856,14.306,-30.635,-48
0.18709,20.716,-30.511,-50.651
0.27152,17.687,-30.527,-51.007
0.30162,14.643,-30.534,-51.259
0.20277,21.033,-30.399,-53.936
0.33031,18.025,-30.414,-54.369
0.21675,14.959,-30.421,-54.617
0.17926,20.565,-34.779,-47.746
0.25199,17.437,-34.789,-48.044
0.33185,14.311,-34.79,-48.302
0.19804,20.769,-34.691,-50.957
0.31689,17.717,-34.697,-51.322
0.25444,14.649,-34.697,-51.582
0.21788,21.086,-34.591,-54.262
0.34275,18.055,-34.596,-54.703
0.18357,14.964,-34.595,-54.958
0.050234,30.121,-26.22,-46.589
0.097158,26.749,-26.334,-46.63
0.14093,23.548,-26.406,-46.854
0.080318,29.845,-26.156,-49.36
0.12249,26.705,-26.253,-49.506
0.16039,23.647,-26.311,-49.887
0.10308,29.813,-26.076,-52.056
0.14548,26.767,-26.153,-52.356
0.17393,23.866,-26.193,-52.973
0.051135,30.197,-30.454,-46.877
0.098503,26.861,-30.527,-46.928
0.13999,23.648,-30.576,-47.161
0.082516,29.928,-30.392,-49.686
0.12307,26.815,-30.451,-49.834
0.159,23.745,-30.488,-50.221
0.10487,29.884,-30.316,-52.432
0.14494,26.871,-30.361,-52.711
0.17356,23.96,-30.382,-53.333
0.05234,30.36,-34.688,-47.14
0.10141,26.965,-34.732,-47.196
0.14295,23.725,-34.761,-47.437
0.084651,30.079,-34.63,-49.97
0.12573,26.916,-34.662,-50.125
0.16315,23.821,-34.68,-50.52
0.10753,30.044,-34.557,-52.716
0.14707,26.974,-34.58,-53.02
0.17957,24.036,-34.586,-53.651
0.14558,61.641,-27.109,-138.34
0.14829,61.416,-27.087,-133.77
0.1522,61.39,-27.071,-128.9
0.18808,56.908,-27.108,-138.35
0.15344,56.882,-27.098,-134.01
0.15206,56.636,-27.088,-129.79
0.17452,52.514,-27.091,-138.21
0.23109,52.488,-27.09,-134.04
0.21742,52.283,-27.087,-129.95
0.14351,61.648,-31.352,-138.42
0.14579,61.393,-31.339,-133.85
0.14905,61.306,-31.329,-129
0.19342,56.943,-31.331,-138.42
0.15538,56.908,-31.326,-134.09
0.15121,56.651,-31.32,-129.88
0.16318,52.556,-31.304,-138.31
0.22795,52.523,-31.306,-134.14
0.22669,52.311,-31.304,-130.05
0.14254,61.714,-35.603,-138.45
0.14365,61.483,-35.6,-133.88
0.14868,61.445,-35.594,-129.02
0.19933,56.984,-35.566,-138.5
0.16028,56.952,-35.564,-134.16
0.15205,56.698,-35.561,-129.95
0.14565,52.591,-35.529,-138.41
0.21847,52.557,-35.532,-134.23
0.23486,52.343,-35.533,-130.14
0.21508,60.355,-27.162,-151.54
0.18384,60.351,-27.151,-147.35
0.14395,61.139,-27.134,-142.87
0.08698,56.048,-27.152,-151.54
0.16466,56.091,-27.135,-147.2
0.21861,56.529,-27.119,-142.75
0.039099,51.557,-27.088,-147.21
0.08424,52.016,-27.082,-142.6
0.21572,60.409,-31.375,-151.6
0.18863,60.395,-31.372,-147.41
0.14389,61.171,-31.365,-142.95
0.075974,56.111,-31.361,-151.61
0.15378,56.142,-31.348,-147.27
0.21743,56.572,-31.338,-142.83
0.032553,51.625,-31.302,-147.29
0.073697,52.068,-31.294,-142.69
0.2125,60.456,-35.597,-151.67
0.19403,60.44,-35.602,-147.47
0.14582,61.217,-35.605,-142.98
0.062328,56.15,-35.578,-151.7
0.1372,56.182,-35.571,-147.36
0.21116,56.611,-35.566,-142.91
0.025192,51.654,-35.523,-147.41
0.061064,52.103,-35.516,-142.8
0.090126,61.431,-27.169,-163.39
0.14953,61.085,-27.172,-159.55
0.19861,60.68,-27.169,-155.59
0.030613,56.818,-27.173,-159.78
0.049871,56.342,-27.165,-155.72
0.076996,61.506,-31.371,-163.45
0.13638,61.154,-31.376,-159.61
0.19076,60.742,-31.376,-155.65
0.025038,56.9,-31.375,-159.86
0.042757,56.417,-31.37,-155.79
0.060959,61.559,-35.579,-163.52
0.11685,61.206,-35.587,-159.68
0.17591,60.791,-35.592,-155.72
0.03416,56.455,-35.582,-155.88
0.11089,0.22098,-26.596,-39.73
0.046489,-3.155,-26.512,-40.286
0.086523,0.6143,-26.521,-42.985
0.026372,-2.7333,-26.429,-43.668
0.065469,1.1284,-26.44,-46.197
0.097796,0.10243,-30.727,-40.032
0.03408,-3.3044,-30.645,-40.598
0.072983,0.49644,-30.652,-43.314
0.051808,1.0137,-30.573,-46.552
0.083315,0.0039616,-34.869,-40.302
0.02329,-3.4276,-34.792,-40.876
0.058308,0.39897,-34.796,-43.607
0.037925,0.91917,-34.72,-46.866
0.34522,10.167,-26.726,-38.51
0.24517,6.877,-26.703,-38.832
0.16917,3.5623,-26.66,-39.237
0.34929,10.465,-26.661,-41.633
0.19767,7.2145,-26.638,-41.966
0.14312,3.9294,-26.592,-42.408
0.29109,10.815,-26.586,-44.75
0.17072,7.6218,-26.564,-45.068
0.12119,4.3859,-26.517,-45.525
0.36183,10.145,-30.857,-38.781
0.22122,6.8222,-30.832,-39.113
0.15789,3.4754,-30.789,-39.529
0.32799,10.443,-30.791,-41.929
0.18693,7.1602,-30.766,-42.273
0.13166,3.8429,-30.72,-42.726
0.25257,10.794,-30.717,-45.072
0.16089,7.5687,-30.693,-45.401
0.10968,4.3014,-30.647,-45.868
0.35471,10.122,-34.998,-39.027
0.20557,6.7743,-34.972,-39.368
0.1446,3.4022,-34.929,-39.791
0.28376,10.421,-34.933,-42.197
0.17465,7.1129,-34.906,-42.55
0.11849,3.7703,-34.861,-43.01
0.21565,10.773,-34.862,-45.362
0.14892,7.523,-34.836,-45.698
0.09654,4.2308,-34.79,-46.174
0.10757,19.991,-26.677,-37.911
0.14687,16.71,-26.712,-38.059
0.1871,13.441,-26.729,-38.257
0.13456,20.121,-26.613,-40.973
0.16462,16.9,-26.648,-41.154
0.22162,13.688,-26.664,-41.371
0.15412,20.27,-26.54,-44.044
0.18168,17.117,-26.572,-44.268
0.28425,13.973,-26.588,-44.499
0.10806,20.061,-30.827,-38.143
0.14868,16.75,-30.853,-38.305
0.20262,13.45,-30.863,-38.516
0.13416,20.194,-30.763,-41.233
0.16958,16.943,-30.788,-41.427
0.26021,13.699,-30.798,-41.656
0.15419,20.344,-30.691,-44.333
0.19082,17.161,-30.714,-44.568
0.32787,13.985,-30.723,-44.81
0.11148,20.11,-34.989,-38.359
0.1546,16.777,-35.005,-38.532
0.23876,13.452,-35.009,-38.753
0.13795,20.245,-34.926,-41.472
0.17938,16.971,-34.942,-41.676
0.31184,13.702,-34.944,-41.915
0.15965,20.397,-34.857,-44.595
0.20622,17.19,-34.87,-44.84
0.35371,13.99,-34.872,-45.091
0.023876,26.664,-26.537,-37.788
0.062648,23.303,-26.62,-37.817
0.04714,26.657,-26.475,-40.776
0.088739,23.371,-26.557,-40.837
0.026648,30.127,-26.285,-43.789
0.072064,26.729,-26.405,-43.736
0.11623,23.462,-26.486,-43.849
0.022202,26.765,-30.724,-37.992
0.062293,23.395,-30.784,-38.035
0.046198,26.764,-30.662,-41.011
0.089702,23.468,-30.722,-41.085
0.026515,30.202,-30.514,-44.044
0.072752,26.839,-30.596,-44.003
0.11667,23.562,-30.653,-44.126
0.021672,26.863,-34.918,-38.185
0.063622,23.466,-34.959,-38.24
0.046752,26.865,-34.859,-41.229
0.092645,23.541,-34.899,-41.313
0.026809,30.366,-34.744,-44.281
0.074858,26.943,-34.796,-44.246
0.11961,23.637,-34.833,-44.379
0.11476,74.789,-27.118,-163.8
0.1178,74.422,-27.099,-159.16
0.12415,74.196,-27.082,-154.2
0.12315,69.952,-27.141,-163.8
0.12229,69.816,-27.135,-159.49
0.12406,69.408,-27.128,-155.31
0.19425,65.531,-27.153,-163.69
0.16402,65.378,-27.157,-159.58
0.13858,64.988,-27.155,-155.57
0.11106,74.817,-31.344,-163.85
0.11501,74.423,-31.337,-159.21
0.12002,74.143,-31.328,-154.26
0.1224,70.011,-31.353,-163.84
0.11998,69.867,-31.354,-159.52
0.12083,69.45,-31.352,-155.35
0.19616,65.6,-31.36,-163.74
0.1704,65.441,-31.366,-159.62
0.1409,65.045,-31.369,-155.62
0.10863,74.899,-35.574,-163.85
0.11154,74.533,-35.583,-159.21
0.11887,74.304,-35.579,-154.25
0.12285,70.071,-35.572,-163.88
0.11894,69.932,-35.58,-159.56
0.11875,69.519,-35.585,-155.38
0.19408,65.656,-35.573,-163.79
0.17859,65.497,-35.584,-159.68
0.14703,65.1,-35.592,-155.67
0.12167,73.258,-27.155,-176.92
0.11548,73.423,-27.152,-172.77
0.1114,74.319,-27.139,-168.34
0.16795,68.949,-27.162,-176.85
0.17798,69.115,-27.156,-172.57
0.14441,69.608,-27.148,-168.18
0.027064,64.415,-27.157,-177.01
0.077532,64.586,-27.147,-172.55
0.15816,65.084,-27.146,-168.01
0.12355,73.316,-31.349,-176.96
0.11454,73.478,-31.353,-172.81
0.10884,74.368,-31.351,-168.39
0.15972,69.023,-31.356,-176.89
0.18015,69.184,-31.356,-172.61
0.14938,69.673,-31.354,-168.22
0.02219,64.532,-31.358,-177.03
0.064923,64.676,-31.349,-172.6
0.14725,65.162,-31.35,-168.07
0.13036,73.364,-35.547,-176.99
0.11447,73.529,-35.559,-172.84
0.10779,74.426,-35.566,-168.4
0.14431,69.068,-35.554,-176.94
0.18003,69.234,-35.559,-172.66
0.15549,69.728,-35.565,-168.26
0.048705,64.719,-35.555,-172.67
0.13046,65.215,-35.558,-168.13
0.1709,73.829,-27.136,-188.62
0.17319,73.596,-27.147,-184.83
0.15053,73.378,-27.153,-180.92
0.029676,69.855,-27.153,-188.83
0.055603,69.422,-27.158,-185.01
0.11097,69.09,-27.162,-180.98
0.16152,73.892,-31.322,-188.66
0.17218,73.657,-31.333,-184.86
0.15364,73.439,-31.342,-180.95
0.023857,69.939,-31.339,-188.87
0.046323,69.502,-31.345,-185.05
0.099509,69.168,-31.352,-181.02
0.1446,73.934,-35.508,-188.69
0.16984,73.701,-35.522,-184.9
0.16006,73.484,-35.535,-180.99
0.034761,69.54,-35.535,-185.09
0.080829,69.208,-35.546,-181.07
0.20901,-0.52131,-26.798,-29.861
0.14019,-3.8502,-26.743,-30.157
0.066316,-7.1731,-26.677,-30.447
0.17223,-0.31349,-26.735,-33.157
0.10527,-3.6581,-26.671,-33.527
0.036112,-7.0077,-26.591,-33.893
0.13925,-0.076957,-26.667,-36.45
0.073696,-3.4446,-26.592,-36.905
0.19688,-0.62838,-30.932,-30.08
0.12577,-3.9861,-30.878,-30.384
0.052347,-7.3373,-30.813,-30.681
0.15905,-0.42658,-30.868,-33.404
0.091017,-3.8013,-30.804,-33.783
0.025541,-7.1802,-30.728,-34.158
0.12611,-0.19387,-30.799,-36.725
0.059594,-3.5923,-30.726,-37.19
0.18242,-0.71837,-35.074,-30.276
0.11068,-4.0988,-35.022,-30.586
0.039175,-7.4724,-34.96,-30.889
0.1444,-0.52134,-35.009,-33.626
0.075991,-3.9199,-34.948,-34.011
0.11182,-0.29146,-34.94,-36.971
0.045493,-3.7144,-34.871,-37.443
0.15546,9.4921,-26.881,-29.065
0.3387,6.1483,-26.867,-29.299
0.3063,2.8116,-26.839,-29.571
0.20204,9.695,-26.834,-32.228
0.37392,6.3614,-26.817,-32.493
0.23544,3.0261,-26.784,-32.807
0.27681,9.9148,-26.783,-35.376
0.32484,6.5981,-26.763,-35.672
0.19905,3.2687,-26.724,-36.032
0.16807,9.4709,-31.019,-29.258
0.37682,6.0989,-31.003,-29.502
0.27404,2.7334,-30.974,-29.781
0.24078,9.6728,-30.97,-32.447
0.36717,6.3092,-30.951,-32.722
0.22362,2.9434,-30.916,-33.045
0.32699,9.8922,-30.916,-35.621
0.28773,6.5441,-30.894,-35.927
0.18855,3.1832,-30.855,-36.297
0.19875,9.4487,-35.164,-29.435
0.39152,6.0544,-35.146,-29.686
0.25243,2.6663,-35.116,-29.972
0.29701,9.6498,-35.113,-32.647
0.32989,6.2624,-35.091,-32.93
0.21116,2.8727,-35.057,-33.26
0.36475,9.8691,-35.057,-35.844
0.251,6.4963,-35.033,-36.159
0.17552,3.1104,-34.994,-36.536
0.035584,19.646,-26.827,-28.696
0.064759,16.232,-26.861,-28.759
0.10795,12.85,-26.879,-28.882
0.052347,19.756,-26.782,-31.778
0.09554,16.384,-26.817,-31.869
0.13549,13.033,-26.834,-32.019
0.077123,19.871,-26.732,-34.849
0.12508,16.54,-26.768,-34.968
0.16095,13.225,-26.785,-35.143
0.032446,19.702,-30.983,-28.852
0.063993,16.264,-31.009,-28.929
0.10784,12.856,-31.022,-29.064
0.051089,19.817,-30.936,-31.958
0.095691,16.419,-30.962,-32.064
0.13834,13.04,-30.974,-32.227
0.077533,19.936,-30.884,-35.055
0.12542,16.578,-30.911,-35.188
0.16844,13.234,-30.921,-35.376
0.030524,19.741,-35.146,-29.001
0.065242,16.284,-35.164,-29.089
0.10976,12.856,-35.17,-29.233
0.051411,19.859,-35.097,-32.129
0.098203,16.441,-35.115,-32.245
0.14479,13.04,-35.12,-32.418
0.080234,19.982,-35.045,-35.247
0.12892,16.602,-35.063,-35.391
0.18262,13.235,-35.067,-35.59
0.020811,23.154,-26.727,-31.746
0.039892,23.23,-26.676,-34.791
0.037545,23.318,-30.841,-34.981
0.03671,23.385,-35.015,-35.162
0.07451,85.931,-27.106,-189.13
0.073947,86.2,-27.104,-184.91
0.06862,86.886,-27.096,-180.21
0.087272,81.801,-27.114,-189.04
0.088716,81.941,-27.117,-184.96
0.091165,81.986,-27.116,-180.94
0.10649,77.733,-27.123,-188.93
0.097743,77.738,-27.131,-184.92
0.096652,77.625,-27.136,-181
0.074038,85.963,-31.287,-189.14
0.072631,86.231,-31.29,-184.93
0.06661,86.903,-31.289,-180.23
0.08667,81.844,-31.298,-189.06
0.088001,81.984,-31.304,-184.98
0.089294,82.027,-31.308,-180.96
0.10895,77.786,-31.307,-188.96
0.09694,77.79,-31.318,-184.95
0.095298,77.676,-31.327,-181.03
0.074024,85.99,-35.47,-189.16
0.071367,86.261,-35.478,-184.94
0.06537,86.951,-35.485,-180.25
0.086492,81.878,-35.483,-189.09
0.087875,82.019,-35.493,-185
0.088682,82.068,-35.504,-180.98
0.11696,77.825,-35.494,-188.98
0.097065,77.83,-35.508,-184.98
0.094781,77.719,-35.521,-181.06
0.075369,85.774,-27.107,-200.95
0.073389,85.693,-27.106,-197.16
0.073056,85.756,-27.106,-193.2
0.09654,81.732,-27.119,-201.1
0.08923,81.462,-27.114,-197.24
0.086845,81.573,-27.112,-193.16
0.10887,77.548,-27.118,-202.67
0.14559,77.061,-27.108,-197.75
0.14083,77.332,-27.112,-193.17
0.075609,85.811,-31.282,-200.96
0.073563,85.726,-31.283,-197.17
0.073071,85.789,-31.284,-193.22
0.098031,81.783,-31.296,-201.11
0.089106,81.507,-31.293,-197.26
0.08634,81.616,-31.293,-193.18
0.10159,77.666,-31.305,-202.62
0.13971,77.13,-31.295,-197.75
0.14323,77.39,-31.297,-193.19
0.076301,85.835,-35.458,-200.97
0.074127,85.752,-35.46,-197.19
0.073398,85.815,-35.464,-193.23
0.10433,81.806,-35.473,-201.14
0.090987,81.537,-35.472,-197.28
0.08654,81.649,-35.475,-193.2
0.083055,77.64,-35.49,-202.71
0.12903,77.155,-35.481,-197.8
0.14785,77.425,-35.483,-193.22
0.088619,-11.009,-26.828,-20.381
0.051091,-10.883,-26.757,-23.835
0.025162,-10.694,-26.682,-27.264
0.073209,-11.154,-30.973,-20.53
0.038336,-11.046,-30.9,-24.016
0.058699,-11.272,-35.126,-20.662
0.027483,-11.18,-35.051,-24.175
0.41129,-1.0801,-26.951,-20.037
0.27994,-4.3585,-26.92,-20.125
0.19235,-7.6566,-26.88,-20.21
0.31238,-0.90638,-26.906,-23.296
0.22578,-4.2167,-26.868,-23.463
0.14249,-7.5353,-26.819,-23.628
0.24976,-0.71798,-26.855,-26.573
0.1801,-4.0398,-26.809,-26.804
0.10185,-7.3614,-26.752,-27.03
0.37885,-1.1542,-31.097,-20.164
0.26747,-4.4543,-31.066,-20.259
0.1762,-7.776,-31.025,-20.352
0.28979,-0.99417,-31.047,-23.455
0.21162,-4.3292,-31.009,-23.629
0.12716,-7.6731,-30.96,-23.802
0.23907,-0.81669,-30.992,-26.762
0.16525,-4.1655,-30.946,-27.001
0.086961,-7.514,-30.89,-27.235
0.34469,-1.2167,-35.247,-20.278
0.25279,-4.5338,-35.216,-20.377
0.15985,-7.874,-35.176,-20.477
0.27494,-1.0683,-35.193,-23.598
0.19572,-4.4226,-35.155,-23.776
0.11161,-7.7864,-35.108,-23.955
0.22588,-0.89988,-35.136,-26.932
0.14951,-4.2699,-35.091,-27.176
0.071851,-7.6397,-35.037,-27.416
0.058559,8.7892,-26.996,-19.454
0.078152,5.4791,-26.99,-19.664
0.27417,2.1966,-26.974,-19.882
0.077743,9.0646,-26.961,-22.685
0.1462,5.7259,-26.953,-22.884
0.38919,2.4061,-26.934,-23.101
0.11429,9.2887,-26.923,-25.885
0.23641,5.9419,-26.912,-26.096
0.39116,2.6084,-26.889,-26.333
0.055229,8.7755,-31.145,-19.57
0.082412,5.4457,-31.138,-19.784
0.33758,2.143,-31.121,-20.005
0.076315,9.0476,-31.107,-22.827
0.17038,5.6858,-31.097,-23.032
0.41178,2.3424,-31.077,-23.255
0.1184,9.2693,-31.065,-26.052
0.2905,5.8966,-31.052,-26.271
0.36166,2.5366,-31.028,-26.516
0.051486,8.7603,-35.298,-19.677
0.093286,5.415,-35.289,-19.893
0.39127,2.0966,-35.271,-20.116
0.075104,9.0292,-35.257,-22.957
0.22291,5.6491,-35.245,-23.167
0.41056,2.2872,-35.223,-23.393
0.12624,9.2486,-35.212,-26.206
0.35619,5.8554,-35.197,-26.431
0.32278,2.4745,-35.171,-26.681
0.030279,15.648,-26.973,-19.326
0.046677,12.171,-26.99,-19.336
0.036735,15.882,-26.939,-22.489
0.056292,12.444,-26.957,-22.548
0.022419,19.523,-26.868,-25.602
0.045347,16.07,-26.902,-25.633
0.078232,12.661,-26.92,-25.727
0.026021,15.672,-31.13,-19.429
0.043497,12.176,-31.143,-19.447
0.03355,15.908,-31.093,-22.614
0.054023,12.449,-31.106,-22.682
0.043356,16.1,-31.053,-25.78
0.076513,12.666,-31.065,-25.885
0.02231,15.686,-35.29,-19.527
0.041657,12.176,-35.299,-19.55
0.031219,15.924,-35.251,-22.732
0.053257,12.449,-35.259,-22.808
0.042799,16.118,-35.209,-25.919
0.076279,12.665,-35.216,-26.032
0.036685,93.761,-27.09,-201.71
0.037878,93.858,-27.09,-197.68
0.038996,93.93,-27.09,-193.69
0.058751,89.695,-27.097,-201.4
0.058372,89.784,-27.097,-197.41
0.058858,89.863,-27.098,-193.42
0.035884,93.777,-31.261,-201.71
0.036871,93.872,-31.262,-197.69
0.037595,93.944,-31.263,-193.69
0.059133,89.722,-31.27,-201.4
0.058134,89.808,-31.272,-197.41
0.057955,89.886,-31.274,-193.43
0.035026,93.789,-35.432,-201.71
0.03583,93.884,-35.434,-197.69
0.036224,93.956,-35.437,-193.7
0.059616,89.741,-35.444,-201.41
0.057947,89.827,-35.447,-197.42
0.057073,89.905,-35.451,-193.44
0.03471,93.39,-27.095,-213.94
0.035743,93.403,-27.092,-209.88
0.03602,93.562,-27.09,-205.78
0.066041,88.844,-27.106,-214.04
0.064104,88.898,-27.099,-209.84
0.061575,89.252,-27.096,-205.54
0.033664,93.421,-31.267,-213.93
0.035276,93.427,-31.263,-209.87
0.035598,93.581,-31.261,-205.78
0.064623,88.924,-31.285,-213.99
0.06472,88.947,-31.275,-209.82
0.062301,89.286,-31.27,-205.54
0.032455,93.43,-35.438,-213.93
0.034786,93.439,-35.433,-209.88
0.035136,93.594,-35.431,-205.78
0.065373,88.91,-35.464,-214.03
0.065091,88.957,-35.451,-209.84
0.063152,89.304,-35.444,-205.55
0.023243,93.72,-27.104,-221.91
0.030428,93.518,-27.099,-217.94
0.087411,89.599,-27.159,-226.27
0.085344,89.556,-27.131,-222.08
0.06438,89.103,-27.115,-218.03
0.020107,97.929,-31.257,-221.9
0.020862,93.762,-31.279,-221.85
0.028375,93.557,-31.272,-217.91
0.086922,89.786,-31.338,-226.03
0.081368,89.671,-31.311,-221.99
0.061073,89.207,-31.296,-217.97
0.020901,97.934,-35.427,-221.9
0.026055,93.562,-35.443,-217.91
0.078209,89.688,-35.523,-226.17
0.080718,89.634,-35.492,-222.02
0.061908,89.174,-35.477,-218
0.085258,-14.869,-27.015,-7.2697
0.07376,-15.64,-27.051,-4.3274
0.047579,-16.834,-27.074,-1.4334
0.074071,-14.947,-31.175,-7.3129
0.065744,-15.695,-31.213,-4.3522
0.043078,-16.853,-31.239,-1.4418
0.063959,-15.006,-35.338,-7.3494
0.057962,-15.736,-35.376,-4.3722
0.03839,-16.878,-35.404,-1.4483
0.4128,-10.029,-27.019,-9.4433
0.069071,-14.632,-26.964,-10.392
0.21807,-10.845,-26.956,-13.275
0.041517,-14.633,-26.903,-13.742
0.13993,-11.036,-26.894,-16.873
0.020294,-14.552,-26.835,-17.191
0.40105,-10.088,-31.179,-9.4896
0.057465,-14.735,-31.122,-10.46
0.2008,-10.941,-31.109,-13.36
0.031633,-14.762,-31.056,-13.839
0.12309,-11.16,-31.043,-16.991
0.38884,-10.134,-35.34,-9.5297
0.047565,-14.816,-35.283,-10.519
0.18337,-11.019,-35.267,-13.435
0.024059,-14.864,-35.215,-13.923
0.10679,-11.259,-35.197,-17.094
0.061097,-1.2501,-27.066,-10.459
0.26052,-3.8252,-27.06,-9.9619
0.25119,-1.3033,-27.03,-13.594
0.37222,-7.4046,-26.992,-13.145
0.36718,-4.4235,-26.969,-16.778
0.25829,-7.6655,-26.937,-16.74
0.076076,-1.2625,-31.23,-10.478
0.28058,-3.8423,-31.224,-9.9827
0.3032,-1.3395,-31.188,-13.651
0.35874,-7.4722,-31.148,-13.216
0.35001,-4.4985,-31.12,-16.876
0.24249,-7.7623,-31.087,-16.847
0.093684,-1.273,-35.394,-10.494
0.2994,-3.8564,-35.388,-10.001
0.3477,-1.3699,-35.347,-13.701
0.34355,-7.5272,-35.306,-13.278
0.33459,-4.5604,-35.274,-16.964
0.22553,-7.8413,-35.241,-16.942
0.045422,6.4746,-27.074,-9.136
0.053521,7.7739,-27.052,-12.766
0.028495,4.7112,-27.049,-13.175
0.034515,1.7073,-27.041,-13.52
0.054215,8.4049,-27.026,-16.168
0.037771,5.1657,-27.021,-16.432
0.12684,1.9699,-27.01,-16.684
0.042009,6.4741,-31.238,-9.1579
0.050333,7.7699,-31.211,-12.826
0.023776,4.696,-31.207,-13.233
0.037779,1.6817,-31.199,-13.576
0.051296,8.3955,-31.18,-16.257
0.034324,5.1406,-31.174,-16.522
0.16178,1.929,-31.162,-16.774
0.038839,6.473,-35.402,-9.178
0.047129,7.7646,-35.371,-12.881
0.048926,1.6595,-35.359,-13.626
0.048149,8.3847,-35.336,-16.339
0.031999,5.1174,-35.329,-16.603
0.21674,1.8936,-35.316,-16.856
0.058763,10.049,-27.067,-9.1473
0.04429,11.191,-27.047,-12.719
0.043246,11.788,-27.02,-16.073
0.021059,14.954,-27.03,-12.968
0.024776,15.345,-27.003,-16.146
0.05416,10.055,-31.231,-9.1792
0.04032,11.198,-31.207,-12.782
0.039619,11.794,-31.177,-16.16
0.049598,10.059,-35.396,-9.2091
0.036601,11.202,-35.368,-12.84
0.036707,11.796,-35.335,-16.242
0.10471,10.784,-27.083,-1.2662
0.093602,10.42,-27.081,-3.7631
0.0734,9.6181,-27.078,-6.0782
0.096984,10.786,-31.25,-1.2678
0.086692,10.424,-31.248,-3.7686
0.068057,9.6223,-31.244,-6.0893
0.089069,10.787,-35.416,-1.2696
0.079495,10.426,-35.415,-3.774
0.062491,9.6248,-35.411,-6.0998
0.23746,36.746,-14.38,-100.14
0.2509,36.485,-14.343,-95.655
0.23062,36.407,-14.287,-90.906
0.083019,32.062,-14.324,-99.973
0.12743,32.009,-14.299,-95.781
0.19396,31.727,-14.247,-91.75
0.047624,27.744,-14.277,-99.66
0.065488,27.674,-14.274,-95.653
0.078045,27.405,-14.241,-91.76
0.24434,36.708,-18.55,-100.39
0.26036,36.423,-18.512,-95.938
0.23344,36.288,-18.46,-91.246
0.08858,32.051,-18.47,-100.29
0.12969,31.991,-18.444,-96.119
0.1946,31.694,-18.392,-92.119
0.043443,27.743,-18.408,-100.05
0.065744,27.663,-18.403,-96.051
0.081711,27.38,-18.37,-92.177
0.24634,36.716,-22.737,-100.6
0.26757,36.452,-22.702,-96.181
0.24371,36.354,-22.651,-91.514
0.087465,32.04,-22.634,-100.59
0.1253,31.979,-22.607,-96.439
0.18695,31.683,-22.556,-92.463
0.036013,27.728,-22.558,-100.41
0.060341,27.643,-22.55,-96.423
0.079621,27.354,-22.517,-92.564
0.055477,35.245,-14.43,-113.02
0.074139,35.386,-14.42,-108.91
0.14304,36.247,-14.408,-104.56
0.036069,31.19,-14.347,-108.55
0.062912,31.683,-14.332,-104.24
0.053642,35.244,-18.581,-113.25
0.078217,35.374,-18.576,-109.14
0.15074,36.225,-18.575,-104.8
0.031219,31.184,-18.491,-108.86
0.062759,31.675,-18.479,-104.55
0.047322,35.245,-22.747,-113.48
0.07575,35.37,-22.747,-109.37
0.15301,36.216,-22.755,-105
0.024943,31.172,-22.653,-109.15
0.057026,31.662,-22.643,-104.84
0.036375,35.392,-14.438,-117.01
0.031698,35.4,-18.589,-117.24
0.025622,35.404,-22.753,-117.47
0.044345,23.175,-14.234,-91.544
0.02573,23.464,-14.262,-95.411
0.038665,23.15,-18.347,-92.007
0.03028,23.114,-22.479,-92.435
0.02612,14.895,-13.939,-78.424
0.072618,19.535,-14.071,-78.909
0.044739,18.921,-14.113,-83.146
0.14792,24.214,-14.2,-79.354
0.079255,23.194,-14.201,-83.571
0.062219,23.004,-14.209,-87.608
0.071764,19.473,-18.173,-79.457
0.038138,18.861,-18.211,-83.682
0.15098,24.147,-18.323,-79.863
0.082113,23.133,-18.317,-84.059
0.060304,22.961,-18.322,-88.084
0.065045,19.419,-22.299,-79.957
0.029434,18.802,-22.334,-84.177
0.14369,24.111,-22.462,-80.3
0.079261,23.087,-22.452,-84.506
0.052778,22.918,-22.455,-88.524
0.097234,15.803,-13.728,-66.551
0.08166,15.785,-13.855,-70.342
0.059869,15.587,-13.941,-74.276
0.22907,20.451,-13.666,-66.633
0.15775,20.423,-13.86,-70.635
0.09433,20.152,-13.996,-74.74
0.23844,25.952,-13.476,-66.297
0.2517,25.27,-13.87,-70.813
0.24651,25.034,-14.084,-75.117
0.10157,15.774,-17.818,-67.195
0.081662,15.737,-17.94,-70.967
0.0544,15.525,-18.022,-74.884
0.22968,20.466,-17.778,-67.269
0.15706,20.403,-17.966,-71.233
0.098233,20.105,-18.098,-75.306
0.23058,25.994,-17.638,-66.952
0.26161,25.252,-18.002,-71.39
0.25229,24.983,-18.214,-75.645
0.099257,15.751,-21.947,-67.762
0.075739,15.694,-22.059,-71.526
0.045063,15.466,-22.135,-75.434
0.22212,20.49,-21.932,-67.823
0.14724,20.397,-22.105,-71.765
0.096217,20.07,-22.229,-75.818
0.23621,26.144,-21.842,-67.495
0.27292,25.317,-22.171,-71.884
0.24647,24.987,-22.364,-76.103
0.22223,21.151,-13.681,-55.396
0.26843,18.222,-13.75,-55.874
0.22081,15.144,-13.796,-56.067
0.22355,22.29,-13.458,-58.777
0.28763,18.912,-13.597,-59.326
0.14544,15.379,-13.678,-59.456
0.23105,24.733,-13.263,-62.256
0.26682,19.858,-13.541,-62.878
0.11388,15.64,-13.648,-62.931
0.20418,21.301,-17.775,-55.986
0.28811,18.302,-17.837,-56.468
0.21226,15.16,-17.877,-56.667
0.20853,22.433,-17.578,-59.421
0.29895,18.981,-17.698,-59.963
0.14793,15.385,-17.767,-60.092
0.21504,24.843,-17.427,-62.934
0.2729,19.907,-17.655,-63.531
0.12016,15.631,-17.741,-63.582
0.19936,21.438,-21.912,-56.501
0.31269,18.377,-21.964,-56.988
0.1955,15.179,-21.995,-57.193
0.20667,22.573,-21.745,-59.972
0.30695,19.048,-21.843,-60.513
0.14474,15.395,-21.895,-60.645
0.21094,25.017,-21.634,-63.512
0.27291,19.958,-21.812,-64.096
0.11923,15.627,-21.875,-64.15
0.2189,47.798,-14.517,-125.52
0.23147,47.815,-14.509,-121.28
0.19194,48.451,-14.465,-116.52
0.077308,43.766,-14.491,-125.38
0.12925,43.764,-14.491,-121.25
0.20402,43.748,-14.476,-117.2
0.040243,39.771,-14.454,-125.16
0.059761,39.695,-14.468,-121.13
0.074506,39.531,-14.465,-117.19
0.22724,47.853,-18.688,-125.6
0.23298,47.868,-18.685,-121.35
0.18741,48.483,-18.656,-116.59
0.084385,43.806,-18.656,-125.51
0.14009,43.801,-18.659,-121.38
0.21255,43.781,-18.645,-117.32
0.036199,39.799,-18.612,-125.34
0.059787,39.718,-18.627,-121.31
0.08009,39.549,-18.624,-117.37
0.23106,47.904,-22.872,-125.7
0.23774,47.921,-22.874,-121.44
0.18796,48.55,-22.861,-116.64
0.083933,43.842,-22.833,-125.65
0.14159,43.835,-22.838,-121.51
0.21523,43.814,-22.828,-117.45
0.030231,39.823,-22.783,-125.53
0.054477,39.739,-22.799,-121.49
0.078435,39.566,-22.796,-117.54
0.061322,48.254,-14.526,-137.52
0.082308,48.064,-14.522,-133.63
0.14223,47.912,-14.517,-129.62
0.022094,44.099,-14.504,-137.63
0.037312,43.74,-14.486,-133.67
0.058168,43.706,-14.483,-129.53
0.064401,48.303,-18.698,-137.64
0.090422,48.113,-18.692,-133.74
0.15344,47.964,-18.687,-129.71
0.034097,43.78,-18.651,-133.83
0.05854,43.747,-18.647,-129.68
0.061433,48.345,-22.881,-137.76
0.090656,48.158,-22.875,-133.85
0.15596,48.013,-22.87,-129.81
0.02901,43.812,-22.83,-133.99
0.053927,43.783,-22.824,-129.82
0.063085,11.315,-13.731,-66.205
0.037144,11.257,-13.846,-69.905
0.056482,11.243,-17.807,-66.863
0.028971,11.176,-17.913,-70.554
0.046257,11.18,-21.921,-67.445
0.020561,11.1,-22.016,-71.134
0.076504,6.191,-13.743,-55.173
0.038056,4.7763,-13.605,-57.646
0.10055,9.0212,-13.775,-55.784
0.076115,8.2402,-13.645,-58.806
0.040989,7.3462,-13.615,-62
0.12381,12.042,-13.803,-56.04
0.10376,11.808,-13.688,-59.305
0.086032,11.523,-13.662,-62.665
0.070107,6.0477,-17.826,-55.788
0.028244,4.6187,-17.692,-58.292
0.10033,8.9243,-17.854,-56.398
0.070589,8.1342,-17.729,-59.454
0.031705,7.2322,-17.693,-62.668
0.12956,11.999,-17.881,-56.647
0.10647,11.756,-17.771,-59.947
0.08471,11.461,-17.745,-63.323
0.059006,5.9348,-21.94,-56.331
0.095035,8.8489,-21.966,-56.939
0.060137,8.0497,-21.849,-60.021
0.022518,7.1367,-21.81,-63.256
0.12723,11.968,-21.994,-57.18
0.1033,11.717,-21.892,-60.507
0.077613,11.41,-21.866,-63.9
0.080307,2.2912,-14.063,-47.927
0.028668,-0.70329,-13.95,-48.957
0.069032,3.0975,-13.953,-50.823
0.021255,0.39137,-13.821,-52.197
0.063489,4.194,-13.812,-53.491
0.020633,2.0631,-13.672,-55.326
0.072222,2.0843,-18.137,-48.44
0.02009,-0.9537,-18.021,-49.494
0.05982,2.9034,-18.027,-51.381
0.053831,4.0187,-17.892,-54.087
0.06089,1.9194,-22.234,-48.91
0.048101,2.7494,-22.127,-51.883
0.042156,3.8803,-22.002,-54.618
0.28511,11.296,-14.207,-46.613
0.15225,8.3322,-14.196,-46.828
0.11969,5.313,-14.153,-47.203
0.20129,11.698,-14.1,-49.668
0.13607,8.8271,-14.095,-49.768
0.10663,5.9217,-14.058,-50.006
0.14847,12.01,-13.958,-52.814
0.12045,9.2111,-13.949,-52.761
0.095478,6.5271,-13.92,-52.682
0.26985,11.258,-18.284,-47.071
0.15827,8.2334,-18.271,-47.303
0.11894,5.1573,-18.227,-47.696
0.19447,11.66,-18.172,-50.177
0.14043,8.7311,-18.165,-50.29
0.10492,5.7728,-18.128,-50.543
0.15511,11.971,-18.031,-53.374
0.12243,9.1176,-18.021,-53.331
0.093002,6.3866,-17.993,-53.261
0.24609,11.231,-22.381,-47.494
0.15582,8.1571,-22.365,-47.74
0.11266,5.0347,-22.321,-48.148
0.18485,11.634,-22.27,-50.639
0.13684,8.6573,-22.26,-50.764
0.098133,5.6561,-22.223,-51.029
0.15332,11.944,-22.135,-53.874
0.11858,9.0455,-22.122,-53.84
0.085075,6.2766,-22.095,-53.776
0.20405,20.027,-14.129,-46.015
0.21513,17.124,-14.172,-46.246
0.2543,14.22,-14.198,-46.44
0.21775,20.238,-14.021,-49.034
0.21441,17.409,-14.061,-49.342
0.30963,14.56,-14.087,-49.547
0.22206,20.565,-13.873,-52.149
0.22516,17.756,-13.917,-52.545
0.30279,14.883,-13.947,-52.756
0.18714,20.191,-18.21,-46.416
0.19588,17.218,-18.252,-46.667
0.27727,14.247,-18.277,-46.88
0.19698,20.399,-18.098,-49.497
0.20356,17.499,-18.137,-49.821
0.32603,14.584,-18.162,-50.041
0.20097,20.722,-17.954,-52.677
0.23463,17.843,-17.995,-53.083
0.30024,14.904,-18.023,-53.305
0.17449,20.331,-22.319,-46.795
0.19211,17.299,-22.356,-47.061
0.31142,14.273,-22.376,-47.289
0.18399,20.537,-22.209,-49.922
0.21055,17.58,-22.242,-50.259
0.33623,14.61,-22.263,-50.491
0.19128,20.859,-22.073,-53.148
0.26174,17.921,-22.108,-53.564
0.28388,14.928,-22.13,-53.795
0.05957,29.181,-13.719,-45.58
0.10612,25.984,-13.935,-45.591
0.16133,22.963,-14.058,-45.772
0.085269,28.923,-13.666,-48.173
0.13757,25.948,-13.855,-48.306
0.18923,23.066,-13.96,-48.653
0.11013,28.908,-13.566,-50.695
0.1672,26.024,-13.737,-50.996
0.21028,23.295,-13.82,-51.586
0.056069,29.536,-17.853,-45.927
0.10119,26.297,-18.03,-45.953
0.1511,23.202,-18.141,-46.153
0.083294,29.285,-17.792,-48.602
0.12955,26.259,-17.946,-48.738
0.17569,23.302,-18.04,-49.099
0.10646,29.252,-17.695,-51.22
0.15619,26.325,-17.832,-51.501
0.1934,23.525,-17.904,-52.101
0.051978,29.908,-22.03,-46.27
0.09806,26.566,-22.169,-46.303
0.14463,23.402,-22.26,-46.517
0.080713,29.639,-21.967,-48.997
0.12449,26.524,-22.085,-49.14
0.16639,23.501,-22.16,-49.512
0.10358,29.611,-21.873,-51.651
0.14896,26.59,-21.976,-51.952
0.18121,23.723,-22.032,-52.563
0.16158,61.463,-14.474,-138.36
0.16407,61.207,-14.451,-133.78
0.16866,61.15,-14.4,-128.91
0.1907,56.739,-14.514,-138.23
0.16445,56.696,-14.503,-133.91
0.16629,56.43,-14.488,-129.7
0.1658,52.359,-14.523,-137.96
0.2223,52.327,-14.523,-133.82
0.21025,52.11,-14.52,-129.75
0.15537,61.5,-18.676,-138.34
0.15778,61.237,-18.657,-133.77
0.16033,61.148,-18.619,-128.91
0.18582,56.795,-18.7,-138.25
0.15783,56.758,-18.689,-133.92
0.15965,56.498,-18.675,-129.71
0.17548,52.415,-18.702,-138.04
0.22636,52.386,-18.7,-133.88
0.20859,52.175,-18.696,-129.8
0.15007,61.592,-22.896,-138.31
0.15232,61.366,-22.882,-133.73
0.15606,61.34,-22.854,-128.87
0.18516,56.859,-22.9,-138.29
0.15426,56.833,-22.89,-133.95
0.15498,56.587,-22.879,-129.74
0.1787,52.467,-22.891,-138.12
0.22989,52.443,-22.89,-133.95
0.21119,52.238,-22.886,-129.87
0.21172,60.161,-14.583,-151.41
0.18785,60.185,-14.553,-147.26
0.15816,60.982,-14.504,-142.85
0.086947,55.863,-14.587,-151.28
0.15804,55.927,-14.555,-146.98
0.21265,56.371,-14.527,-142.59
0.027023,51.311,-14.566,-151.35
0.049578,51.39,-14.526,-146.84
0.083544,51.858,-14.512,-142.29
0.21173,60.226,-18.769,-151.45
0.18243,60.234,-18.745,-147.28
0.15151,61.025,-18.705,-142.85
0.09437,55.932,-18.769,-151.36
0.16696,55.983,-18.741,-147.05
0.21458,56.423,-18.715,-142.63
0.024699,51.413,-18.747,-151.46
0.049246,51.46,-18.708,-146.96
0.091134,51.917,-18.693,-142.39
0.21323,60.293,-22.963,-151.49
0.18129,60.297,-22.945,-147.3
0.14656,61.09,-22.916,-142.83
0.093775,55.987,-22.959,-151.45
0.1692,56.036,-22.935,-147.12
0.21711,56.478,-22.912,-142.69
0.020514,51.43,-22.942,-151.63
0.044922,51.501,-22.9,-147.1
0.090767,51.965,-22.884,-142.5
0.087033,61.149,-14.6,-163.15
0.1441,60.83,-14.605,-159.34
0.19417,60.454,-14.599,-155.42
0.026605,57.078,-14.625,-163.31
0.039229,56.572,-14.618,-159.48
0.055282,56.128,-14.609,-155.43
0.096463,61.261,-18.786,-163.24
0.15406,60.927,-18.789,-159.41
0.2,60.536,-18.783,-155.47
0.025062,57.198,-18.808,-163.43
0.038905,56.675,-18.8,-159.59
0.05786,56.215,-18.79,-155.53
0.097317,61.349,-22.976,-163.32
0.15577,61.009,-22.978,-159.48
0.20148,60.61,-22.973,-155.53
0.021776,57.27,-22.996,-163.55
0.035432,56.742,-22.988,-159.7
0.055269,56.274,-22.978,-155.63
0.13508,0.74704,-14.282,-38.643
0.082176,-2.4899,-14.205,-39.144
0.023784,-5.7958,-14.113,-39.653
0.11329,1.1468,-14.22,-41.794
0.059537,-2.0653,-14.135,-42.42
0.095167,1.6539,-14.149,-44.9
0.041404,-1.487,-14.052,-45.694
0.13151,0.53697,-18.374,-39.032
0.071798,-2.7545,-18.292,-39.556
0.10804,0.93183,-18.305,-42.222
0.04878,-2.3331,-18.214,-42.871
0.088492,1.44,-18.228,-45.369
0.031384,-1.7498,-18.126,-46.187
0.12242,0.3641,-22.479,-39.396
0.059427,-2.9736,-22.394,-39.938
0.098459,0.75736,-22.405,-42.621
0.037166,-2.5526,-22.312,-43.289
0.077992,1.2682,-22.325,-45.803
0.021853,-1.9642,-22.222,-46.64
0.25137,10.245,-14.394,-37.578
0.31541,7.1074,-14.377,-37.848
0.17652,3.9429,-14.34,-38.202
0.31344,10.548,-14.347,-40.595
0.23278,7.4527,-14.329,-40.878
0.154,4.318,-14.287,-41.27
0.33152,10.901,-14.287,-43.601
0.17624,7.8619,-14.271,-43.871
0.13542,4.7732,-14.226,-44.28
0.2748,10.215,-18.496,-37.904
0.29823,7.0156,-18.478,-38.195
0.18083,3.7908,-18.437,-38.57
0.33417,10.514,-18.44,-40.961
0.21985,7.3557,-18.42,-41.264
0.15723,4.1604,-18.376,-41.676
0.33245,10.864,-18.371,-44.011
0.17934,7.7626,-18.353,-44.3
0.13642,4.6144,-18.307,-44.728
0.3105,10.19,-22.606,-38.217
0.27373,6.9403,-22.585,-38.525
0.17755,3.666,-22.543,-38.917
0.34809,10.487,-22.544,-41.309
0.20785,7.2783,-22.523,-41.629
0.15221,4.0335,-22.477,-42.057
0.32078,10.837,-22.47,-44.396
0.17745,7.6849,-22.451,-44.701
0.13049,4.4882,-22.404,-45.145
0.1199,19.603,-14.318,-37.162
0.17044,16.477,-14.366,-37.244
0.20138,13.363,-14.39,-37.381
0.15167,19.719,-14.271,-40.107
0.19587,16.662,-14.318,-40.227
0.20871,13.612,-14.343,-40.387
0.18101,19.861,-14.21,-43.051
0.21053,16.878,-14.256,-43.22
0.21656,13.899,-14.281,-43.399
0.11331,19.763,-18.421,-37.412
0.16005,16.573,-18.469,-37.522
0.18319,13.396,-18.493,-37.684
0.14352,19.883,-18.366,-40.401
0.17882,16.758,-18.413,-40.548
0.19655,13.642,-18.437,-40.731
0.16907,20.026,-18.297,-43.396
0.18953,16.973,-18.343,-43.588
0.21988,13.927,-18.367,-43.788
0.10935,19.893,-22.541,-37.665
0.15111,16.651,-22.584,-37.796
0.1799,13.422,-22.606,-37.979
0.13814,20.018,-22.48,-40.693
0.16704,16.839,-22.523,-40.86
0.20216,13.669,-22.544,-41.062
0.15992,20.165,-22.407,-43.73
0.17972,17.054,-22.448,-43.94
0.24574,13.953,-22.469,-44.157
0.03829,25.965,-14.117,-37.186
0.072224,22.759,-14.239,-37.139
0.021823,29.065,-13.877,-40.14
0.05787,25.924,-14.068,-40.039
0.099162,22.803,-14.192,-40.035
0.038971,29.198,-13.788,-42.95
0.079294,25.971,-14.003,-42.852
0.1301,22.88,-14.132,-42.911
0.032561,26.247,-18.23,-37.373
0.067765,22.982,-18.344,-37.359
0.053954,26.223,-18.172,-40.278
0.093497,23.036,-18.288,-40.303
0.033842,29.546,-17.922,-43.225
0.075857,26.28,-18.103,-43.149
0.12265,23.118,-18.221,-43.233
0.027334,26.495,-22.374,-37.579
0.064509,23.167,-22.473,-37.589
0.049882,26.481,-22.313,-40.529
0.089957,23.229,-22.412,-40.574
0.029026,29.915,-22.097,-43.512
0.073171,26.546,-22.242,-43.449
0.11808,23.317,-22.342,-43.549
0.13008,74.509,-14.514,-163.87
0.13238,74.132,-14.488,-159.26
0.1357,73.908,-14.441,-154.33
0.13653,69.671,-14.554,-163.77
0.13771,69.54,-14.545,-159.49
0.14045,69.145,-14.533,-155.35
0.19647,65.246,-14.574,-163.55
0.17186,65.112,-14.578,-159.48
0.14815,64.746,-14.575,-155.51
0.12354,74.587,-18.712,-163.84
0.12737,74.191,-18.69,-159.22
0.13034,73.918,-18.653,-154.29
0.13026,69.773,-18.743,-163.77
0.13107,69.635,-18.734,-159.47
0.13398,69.228,-18.723,-155.32
0.19333,65.356,-18.762,-163.6
0.16403,65.211,-18.765,-159.5
0.14173,64.831,-18.761,-155.52
0.11873,74.713,-22.922,-163.79
0.12196,74.346,-22.908,-159.16
0.12789,74.123,-22.876,-154.21
0.12582,69.873,-22.941,-163.78
0.126,69.739,-22.934,-159.47
0.12855,69.335,-22.924,-155.3
0.19255,65.45,-22.956,-163.64
0.16145,65.301,-22.958,-159.54
0.13888,64.917,-22.955,-155.54
0.13355,73.012,-14.604,-176.84
0.12805,73.176,-14.585,-172.74
0.12588,74.058,-14.543,-168.36
0.1673,68.686,-14.612,-176.68
0.18387,68.848,-14.59,-172.44
0.15728,69.333,-14.566,-168.1
0.034961,64.13,-14.609,-176.74
0.076842,64.29,-14.577,-172.31
0.15132,64.787,-14.564,-167.82
0.12639,73.105,-18.785,-176.86
0.12227,73.264,-18.771,-172.74
0.11981,74.147,-18.739,-168.35
0.17246,68.793,-18.794,-176.74
0.17943,68.951,-18.776,-172.48
0.14766,69.437,-18.756,-168.12
0.035153,64.28,-18.796,-176.81
0.084697,64.418,-18.768,-172.39
0.16053,64.907,-18.756,-167.89
0.12262,73.187,-22.969,-176.89
0.11799,73.352,-22.961,-172.75
0.11541,74.245,-22.939,-168.32
0.17213,68.872,-22.98,-176.8
0.17742,69.038,-22.966,-172.53
0.14329,69.53,-22.95,-168.14
0.031491,64.33,-22.99,-176.94
0.084502,64.5,-22.963,-172.49
0.16272,64.999,-22.951,-167.96
0.1721,73.598,-14.596,-188.48
0.18075,73.358,-14.606,-184.7
0.16214,73.136,-14.61,-180.81
0.037546,69.611,-14.613,-188.63
0.060955,69.169,-14.619,-184.81
0.11166,68.832,-14.622,-180.79
0.17668,73.692,-18.776,-188.53
0.17739,73.453,-18.786,-184.74
0.15439,73.23,-18.789,-180.85
0.03765,69.721,-18.795,-188.7
0.064202,69.279,-18.8,-184.88
0.11835,68.942,-18.802,-180.86
0.17562,73.762,-22.957,-188.58
0.17479,73.528,-22.966,-184.79
0.15062,73.309,-22.97,-180.88
0.034443,69.782,-22.978,-188.78
0.061847,69.347,-22.983,-184.95
0.11734,69.014,-22.985,-180.93
0.035037,-9.6517,-14.271,-29.798
0.0248,-9.9756,-18.364,-30.134
0.22414,-0.075559,-14.434,-29.074
0.17073,-3.2723,-14.391,-29.328
0.10618,-6.4662,-14.336,-29.575
0.18924,0.16683,-14.389,-32.27
0.13774,-3.0416,-14.334,-32.594
0.073282,-6.2597,-14.266,-32.914
0.1604,0.43081,-14.337,-35.464
0.1084,-2.7982,-14.271,-35.868
0.044189,-6.0697,-14.189,-36.274
0.22318,-0.24702,-18.55,-29.357
0.16491,-3.4963,-18.501,-29.629
0.094044,-6.7409,-18.439,-29.893
0.18981,-0.020077,-18.497,-32.588
0.13011,-3.2823,-18.436,-32.932
0.061014,-6.5516,-18.361,-33.27
0.15915,0.23059,-18.438,-35.817
0.099213,-3.0529,-18.365,-36.243
0.033592,-6.3759,-18.275,-36.671
0.218,-0.39487,-22.671,-29.62
0.15362,-3.688,-22.618,-29.906
0.080408,-6.9756,-22.552,-30.184
0.18306,-0.17898,-22.612,-32.885
0.11849,-3.4864,-22.548,-33.243
0.048252,-6.7998,-22.469,-33.598
0.15076,0.063168,-22.547,-36.147
0.087104,-3.2664,-22.472,-36.589
0.023897,-6.6339,-22.379,-37.035
0.16667,9.5375,-14.494,-28.412
0.2287,6.3258,-14.488,-28.598
0.36571,3.1232,-14.467,-28.825
0.19231,9.7535,-14.466,-31.487
0.30313,6.5606,-14.455,-31.701
0.29218,3.3667,-14.429,-31.966
0.21036,9.9841,-14.433,-34.543
0.34921,6.8154,-14.419,-34.786
0.21215,3.6328,-14.387,-35.096
0.15306,9.527,-18.62,-28.639
0.24947,6.2622,-18.611,-28.845
0.36086,3.0056,-18.587,-29.091
0.18082,9.7355,-18.584,-31.745
0.33278,6.4861,-18.572,-31.979
0.27355,3.2355,-18.542,-32.265
0.21206,9.9595,-18.543,-34.833
0.35438,6.7312,-18.527,-35.098
0.21024,3.4898,-18.492,-35.428
0.14972,9.5112,-22.748,-28.858
0.28905,6.2028,-22.737,-29.08
0.33851,2.902,-22.711,-29.34
0.18508,9.716,-22.706,-31.993
0.36061,6.4201,-22.691,-32.245
0.25225,3.1228,-22.66,-32.546
0.23664,9.937,-22.659,-35.113
0.34975,6.6598,-22.641,-35.395
0.20636,3.3699,-22.604,-35.742
0.049614,19.324,-14.414,-28.234
0.079987,16.027,-14.46,-28.225
0.12119,12.768,-14.486,-28.285
0.065389,19.41,-14.387,-31.231
0.10719,16.169,-14.434,-31.25
0.15507,12.953,-14.459,-31.336
0.089622,19.502,-14.356,-34.207
0.13884,16.316,-14.403,-34.255
0.18411,13.147,-14.428,-34.367
0.044437,19.459,-18.542,-28.38
0.072867,16.116,-18.587,-28.401
0.11608,12.808,-18.613,-28.488
0.059554,19.554,-18.507,-31.407
0.1012,16.26,-18.554,-31.456
0.14539,12.991,-18.579,-31.569
0.083284,19.654,-18.468,-34.417
0.13284,16.409,-18.515,-34.495
0.16764,13.182,-18.54,-34.633
0.039719,19.566,-22.68,-28.537
0.067703,16.184,-22.721,-28.582
0.11109,12.835,-22.743,-28.689
0.055149,19.669,-22.639,-31.592
0.097462,16.332,-22.681,-31.665
0.13759,13.017,-22.703,-31.799
0.079018,19.778,-22.593,-34.634
0.12816,16.484,-22.636,-34.735
0.15952,13.208,-22.658,-34.894
0.022148,22.662,-14.345,-28.309
0.037192,22.68,-14.315,-31.279
0.020641,25.979,-14.164,-34.32
0.052591,22.718,-14.28,-34.225
0.031027,22.874,-18.436,-31.421
0.048039,22.928,-18.393,-34.403
0.025269,23.036,-22.575,-31.58
0.043567,23.102,-22.526,-34.595
0.078902,85.784,-14.577,-189.12
0.081002,86.038,-14.567,-184.92
0.077308,86.699,-14.538,-180.23
0.09458,81.62,-14.579,-189.01
0.095938,81.747,-14.577,-184.94
0.099697,81.774,-14.571,-180.95
0.11844,77.522,-14.582,-188.84
0.10735,77.519,-14.59,-184.86
0.10676,77.396,-14.593,-180.96
0.076591,85.843,-18.751,-189.11
0.077552,86.103,-18.743,-184.9
0.073613,86.761,-18.721,-180.2
0.091215,81.692,-18.755,-189.01
0.092828,81.825,-18.754,-184.93
0.095532,81.856,-18.749,-180.93
0.11064,77.606,-18.761,-188.87
0.10249,77.606,-18.769,-184.87
0.10217,77.485,-18.771,-180.97
0.075338,85.892,-22.927,-189.12
0.075287,86.158,-22.923,-184.9
0.071126,86.84,-22.908,-180.2
0.088723,81.751,-22.934,-189.03
0.090463,81.889,-22.934,-184.94
0.09299,81.93,-22.931,-180.93
0.10715,77.673,-22.942,-188.9
0.099447,77.677,-22.949,-184.9
0.098922,77.562,-22.953,-180.98
0.079359,85.664,-14.586,-200.9
0.077433,85.577,-14.584,-197.12
0.076809,85.625,-14.581,-193.18
0.10905,81.598,-14.59,-201.01
0.09813,81.315,-14.582,-197.16
0.094535,81.407,-14.579,-193.1
0.11476,77.381,-14.57,-202.52
0.15399,76.878,-14.558,-197.61
0.15272,77.129,-14.566,-193.05
0.076954,85.704,-18.76,-200.91
0.075156,85.619,-18.758,-197.13
0.074854,85.675,-18.755,-193.18
0.10151,81.651,-18.769,-201.04
0.093188,81.371,-18.76,-197.19
0.090525,81.472,-18.755,-193.12
0.12009,77.503,-18.765,-202.52
0.15449,76.96,-18.747,-197.64
0.14582,77.212,-18.749,-193.09
0.075721,85.738,-22.935,-200.93
0.07385,85.657,-22.932,-197.14
0.073624,85.719,-22.929,-193.19
0.098058,81.687,-22.948,-201.08
0.090553,81.416,-22.938,-197.22
0.088116,81.525,-22.934,-193.14
0.11412,77.492,-22.958,-202.63
0.15038,77.003,-22.936,-197.72
0.14183,77.272,-22.932,-193.13
0.13546,-10.371,-14.435,-19.816
0.033211,-13.679,-14.375,-20.067
0.095163,-10.17,-14.388,-23.151
0.061968,-9.9154,-14.336,-26.463
0.12081,-10.622,-18.559,-20.023
0.021513,-13.975,-18.493,-20.287
0.080352,-10.448,-18.502,-23.401
0.048405,-10.218,-18.439,-26.756
0.10472,-10.833,-22.69,-20.211
0.065299,-10.685,-22.625,-23.63
0.035793,-10.477,-22.554,-27.024
0.40052,-0.77637,-14.53,-19.566
0.31409,-3.9482,-14.507,-19.629
0.23012,-7.1346,-14.476,-19.682
0.38365,-0.54773,-14.505,-22.713
0.24942,-3.7402,-14.476,-22.849
0.1815,-6.9402,-14.438,-22.981
0.29204,-0.31275,-14.473,-25.885
0.20738,-3.5084,-14.438,-26.08
0.14119,-6.7054,-14.393,-26.269
0.30056,-4.1084,-18.642,-19.812
0.22106,-7.3398,-18.607,-19.876
0.36807,-0.68421,-18.636,-22.926
0.24535,-3.9248,-18.603,-23.074
0.17136,-7.1723,-18.559,-23.218
0.27479,-0.46744,-18.597,-26.134
0.20321,-3.7138,-18.556,-26.343
0.13005,-6.9602,-18.504,-26.547
0.29023,-4.244,-22.78,-19.977
0.2078,-7.5123,-22.741,-20.052
0.34096,-0.80346,-22.769,-23.12
0.23729,-4.0828,-22.733,-23.278
0.15754,-7.3695,-22.686,-23.434
0.25983,-0.60208,-22.723,-26.363
0.19324,-3.8901,-22.679,-26.585
0.11641,-7.1779,-22.623,-26.801
0.074786,8.7928,-14.558,-19.057
0.086507,5.5791,-14.557,-19.24
0.18677,2.397,-14.547,-19.433
0.094036,9.0812,-14.54,-22.203
0.14116,5.853,-14.539,-22.364
0.26446,2.6479,-14.526,-22.548
0.12939,9.3197,-14.519,-25.318
0.1862,6.095,-14.515,-25.484
0.3507,2.887,-14.499,-25.682
0.069462,8.8026,-18.703,-19.196
0.078603,5.549,-18.7,-19.392
0.19505,2.3246,-18.688,-19.597
0.087969,9.0855,-18.679,-22.371
0.13236,5.8121,-18.675,-22.55
0.29909,2.5597,-18.66,-22.748
0.12008,9.317,-18.652,-25.515
0.18274,6.0429,-18.646,-25.701
0.37756,2.7838,-18.627,-25.916
0.063625,8.7994,-22.848,-19.329
0.076097,5.5143,-22.844,-19.534
0.2263,2.2573,-22.83,-19.746
0.081622,9.0782,-22.819,-22.532
0.13516,5.7686,-22.813,-22.723
0.34703,2.4786,-22.796,-22.932
0.11402,9.3054,-22.785,-25.705
0.1985,5.9911,-22.777,-25.905
0.39323,2.6908,-22.756,-26.133
0.020217,18.959,-14.484,-19.116
0.045128,15.476,-14.522,-19.007
0.062564,12.083,-14.547,-18.974
0.029542,19.102,-14.462,-22.174
0.050982,15.696,-14.504,-22.105
0.072356,12.356,-14.53,-22.11
0.039302,19.224,-14.439,-25.216
0.061136,15.874,-14.483,-25.178
0.091952,12.575,-14.509,-25.211
0.040006,15.557,-18.669,-19.111
0.056179,12.13,-18.693,-19.097
0.022259,19.222,-18.604,-22.273
0.045379,15.781,-18.645,-22.231
0.065392,12.402,-18.669,-22.259
0.033353,19.351,-18.574,-25.336
0.054451,15.962,-18.617,-25.327
0.086092,12.619,-18.643,-25.386
0.035015,15.612,-22.819,-19.219
0.050929,12.157,-22.84,-19.219
0.040686,15.841,-22.79,-22.36
0.059979,12.43,-22.811,-22.406
0.027562,19.451,-22.717,-25.467
0.049065,16.026,-22.757,-25.481
0.08157,12.646,-22.779,-25.56
0.020283,97.895,-14.583,-201.91
0.021003,97.932,-14.583,-197.9
0.02167,97.961,-14.583,-193.91
0.038334,93.709,-14.582,-201.7
0.04073,93.805,-14.582,-197.68
0.043108,93.872,-14.582,-193.69
0.058714,89.61,-14.582,-201.38
0.059329,89.698,-14.582,-197.39
0.061904,89.767,-14.581,-193.42
0.02009,97.939,-18.75,-197.9
0.020936,97.969,-18.75,-193.91
0.03795,93.727,-18.75,-201.7
0.03979,93.824,-18.75,-197.68
0.041731,93.895,-18.75,-193.69
0.058431,89.64,-18.753,-201.38
0.058797,89.73,-18.753,-197.39
0.060545,89.804,-18.752,-193.41
0.020133,97.975,-22.917,-193.91
0.037407,93.744,-22.92,-201.7
0.038866,93.842,-22.92,-197.68
0.040345,93.914,-22.92,-193.68
0.058494,89.667,-22.925,-201.39
0.058576,89.758,-22.925,-197.4
0.05967,89.836,-22.924,-193.41
0.02063,97.835,-14.582,-205.93
0.035809,93.294,-14.581,-213.97
0.036125,93.328,-14.58,-209.88
0.036702,93.502,-14.58,-205.77
0.069955,88.688,-14.589,-214.04
0.065122,88.772,-14.579,-209.81
0.061758,89.151,-14.578,-205.51
0.020484,97.841,-18.75,-205.93
0.035529,93.339,-18.756,-213.95
0.036147,93.359,-18.752,-209.88
0.03654,93.523,-18.75,-205.77
0.066219,88.791,-18.772,-214.01
0.064039,88.833,-18.757,-209.81
0.06115,89.191,-18.752,-205.52
0.035316,93.362,-22.93,-213.95
0.036044,93.38,-22.923,-209.88
0.036344,93.543,-22.92,-205.78
0.066637,88.8,-22.956,-214.05
0.063661,88.86,-22.936,-209.84
0.061145,89.22,-22.926,-205.53
0.025186,93.686,-14.597,-226.1
0.028796,93.579,-14.588,-222.06
0.033896,93.398,-14.584,-218.01
0.09846,89.327,-14.668,-226.52
0.1015,89.329,-14.62,-222.23
0.073807,88.912,-14.601,-218.09
0.022506,93.782,-18.79,-225.89
0.027044,93.657,-18.771,-221.98
0.032741,93.461,-18.762,-217.98
0.098594,89.585,-18.858,-226.24
0.093364,89.496,-18.811,-222.12
0.067298,89.054,-18.788,-218.03
0.020569,93.808,-22.983,-225.91
0.025179,93.686,-22.951,-221.96
0.031853,93.487,-22.938,-217.97
0.090432,89.535,-23.056,-226.34
0.089239,89.499,-23.002,-222.13
0.066538,89.052,-22.976,-218.05
0.13736,-14.435,-14.546,-7.1038
0.11504,-15.285,-14.572,-4.2304
0.071742,-16.607,-14.583,-1.3996
0.11656,-14.622,-18.7,-7.1648
0.097483,-15.447,-18.731,-4.2673
0.061247,-16.715,-18.746,-1.4129
0.099857,-14.764,-22.856,-7.2202
0.084921,-15.561,-22.89,-4.2992
0.053807,-16.792,-22.91,-1.4238
0.12054,-14.115,-14.511,-10.132
0.26671,-10.4,-14.514,-12.955
0.087146,-14.032,-14.472,-13.374
0.18787,-10.485,-14.477,-16.43
0.057507,-13.873,-14.428,-16.711
0.1007,-14.328,-18.659,-10.226
0.25226,-10.578,-18.659,-13.071
0.069452,-14.273,-18.612,-13.507
0.17342,-10.703,-18.612,-16.591
0.042146,-14.141,-18.557,-16.886
0.083523,-14.498,-22.81,-10.313
0.23573,-10.725,-22.806,-13.178
0.053942,-14.472,-22.755,-13.631
0.15688,-10.886,-22.75,-16.739
0.029618,-14.367,-22.692,-17.047
0.054614,-1.1972,-14.577,-10.386
0.22123,-3.7482,-14.573,-9.8835
0.17517,-1.1508,-14.565,-13.38
0.40238,-7.0987,-14.538,-12.879
0.31432,-0.9872,-14.549,-16.451
0.29264,-7.2356,-14.509,-16.338
0.051272,-1.2178,-18.74,-10.414
0.22826,-3.779,-18.736,-9.9128
0.18813,-1.2099,-18.719,-13.461
0.39319,-7.2211,-18.688,-12.977
0.35327,-1.0781,-18.696,-16.581
0.40667,-4.2258,-18.676,-16.546
0.28403,-7.4062,-18.649,-16.486
0.053757,-1.2354,-22.903,-10.437
0.24144,-3.8043,-22.898,-9.9387
0.21387,-1.2604,-22.874,-13.531
0.38381,-7.3217,-22.839,-13.065
0.39406,-1.1564,-22.843,-16.696
0.38654,-4.3334,-22.821,-16.668
0.27254,-7.5479,-22.792,-16.62
0.055458,6.465,-14.583,-9.0586
0.028546,3.9507,-14.582,-9.8085
0.06507,7.7581,-14.579,-12.558
0.040832,4.7519,-14.578,-12.968
0.042035,1.8032,-14.573,-13.311
0.068084,8.3974,-14.571,-15.86
0.053112,5.2371,-14.57,-16.11
0.1082,2.1223,-14.562,-16.349
0.052149,6.4716,-18.747,-9.0864
0.024531,3.9478,-18.746,-9.8356
0.061127,7.7718,-18.737,-12.632
0.037246,4.7414,-18.735,-13.044
0.035996,1.7688,-18.729,-13.389
0.063196,8.4106,-18.722,-15.969
0.046829,5.2171,-18.72,-16.226
0.10543,2.0676,-18.711,-16.473
0.048822,6.4742,-22.91,-9.1121
0.020642,3.9432,-22.909,-9.8598
0.057015,7.7755,-22.895,-12.702
0.033023,4.7267,-22.892,-13.113
0.03412,1.7364,-22.885,-13.458
0.058233,8.4111,-22.874,-16.071
0.04131,5.1919,-22.87,-16.333
0.11242,2.0162,-22.86,-16.584
0.075048,9.9968,-14.577,-9.0399
0.060312,11.116,-14.571,-12.511
0.058886,11.705,-14.561,-15.786
0.039206,14.392,-14.562,-9.7122
0.039435,14.822,-14.551,-12.774
0.041298,15.191,-14.538,-15.89
0.068897,10.023,-18.741,-9.0775
0.054092,11.155,-18.73,-12.584
0.052712,11.75,-18.713,-15.884
0.033189,14.442,-18.724,-9.7565
0.03355,14.884,-18.71,-12.839
0.035928,15.264,-18.691,-15.975
0.063482,10.039,-22.904,-9.1133
0.048822,11.178,-22.888,-12.653
0.047654,11.775,-22.866,-15.981
0.026546,14.476,-22.887,-9.8006
0.027262,14.926,-22.869,-12.904
0.030333,15.313,-22.846,-16.061
0.12645,10.777,-14.583,-1.2601
0.11376,10.401,-14.582,-3.7441
0.090074,9.5883,-14.58,-6.0411
0.037544,14.641,-14.581,-1.3678
0.038066,14.454,-14.576,-4.096
0.039326,14.243,-14.57,-6.8305
0.11864,10.781,-18.75,-1.2621
0.10641,10.41,-18.748,-3.7505
0.083995,9.6027,-18.746,-6.054
0.031396,14.664,-18.748,-1.3718
0.031933,14.482,-18.742,-4.1093
0.033202,14.281,-18.735,-6.8566
0.11166,10.783,-22.916,-1.2641
0.099958,10.416,-22.915,-3.7568
0.078588,9.612,-22.912,-6.0663
0.024237,14.67,-22.915,-1.3761
0.024779,14.5,-22.909,-4.1228
0.02626,14.306,-22.9,-6.8825
0.19907,36.974,-2.0244,-99.858
0.27429,36.482,-2.0181,-95.096
0.30147,36.166,-1.9911,-90.054
0.021275,32.029,-2.0201,-99.08
0.04569,31.92,-2.0122,-94.726
0.12505,31.674,-1.9936,-90.435
0.020964,27.402,-2.0032,-90.286
0.21701,36.737,-6.1238,-99.902
0.25466,36.354,-6.1134,-95.283
0.2594,36.171,-6.0479,-90.383
0.049631,32.029,-6.0919,-99.374
0.087247,31.948,-6.0754,-95.111
0.1608,31.676,-6.0326,-90.972
0.034763,27.652,-6.0705,-98.824
0.040963,27.612,-6.0711,-94.795
0.047036,27.404,-6.0458,-90.847
0.2301,36.741,-10.254,-99.973
0.24929,36.454,-10.237,-95.433
0.23968,36.367,-10.166,-90.618
0.069801,32.052,-10.2,-99.666
0.11318,31.994,-10.18,-95.447
0.18299,31.718,-10.131,-91.374
0.045761,27.721,-10.166,-99.25
0.057643,27.662,-10.165,-95.234
0.066594,27.412,-10.134,-91.321
0.087129,36.63,-2.0274,-104.24
0.035088,35.308,-6.1588,-112.52
0.042651,35.485,-6.148,-108.47
0.11101,36.348,-6.1241,-104.29
0.029315,31.256,-6.1119,-107.88
0.038984,31.704,-6.0961,-103.63
0.020231,27.169,-6.0313,-102.98
0.049873,35.256,-10.292,-112.78
0.061943,35.408,-10.281,-108.69
0.13022,36.27,-10.261,-104.38
0.036813,31.208,-10.223,-108.23
0.055369,31.689,-10.205,-103.93
0.022315,27.23,-10.122,-103.44
0.028375,35.408,-6.162,-116.52
0.021645,35.636,-10.301,-120.69
0.036736,35.392,-10.299,-116.77
0.034395,23.185,-6.0626,-90.523
0.025313,23.4,-6.0864,-94.42
0.043994,23.188,-10.142,-91.047
0.029159,23.453,-10.17,-94.925
0.02429,19.878,-1.9769,-77.083
0.099378,24.826,-1.9939,-77.989
0.025531,23.704,-1.999,-82.01
0.028132,15.026,-5.8926,-77.054
0.048606,19.712,-5.9638,-77.719
0.037173,19.09,-5.9944,-81.954
0.022544,18.812,-6.0269,-86.165
0.11837,24.444,-6.0243,-78.399
0.050353,23.399,-6.0329,-82.542
0.041924,23.113,-6.0415,-86.564
0.030314,14.965,-9.8969,-77.761
0.065206,19.61,-10.001,-78.325
0.045753,18.992,-10.043,-82.567
0.023954,18.77,-10.085,-86.778
0.13609,24.295,-10.102,-78.855
0.068691,23.268,-10.109,-83.062
0.056479,23.049,-10.117,-87.101
0.03842,15.937,-1.8844,-63.96
0.030294,15.893,-1.9243,-68.041
0.022703,15.665,-1.9527,-72.21
0.2164,20.495,-1.8562,-64.008
0.10623,20.533,-1.9161,-68.42
0.036776,20.333,-1.9551,-72.812
0.35761,25.627,-1.7763,-63.601
0.31158,25.376,-1.9071,-68.822
0.23399,25.455,-1.9637,-73.611
0.063239,15.879,-5.7274,-64.968
0.053941,15.875,-5.8265,-68.883
0.04607,15.692,-5.8955,-72.908
0.21531,20.423,-5.6625,-65.048
0.1329,20.458,-5.8131,-69.25
0.064768,20.258,-5.9103,-73.497
0.29605,25.598,-5.4847,-64.649
0.26858,25.169,-5.8131,-69.566
0.23184,25.133,-5.954,-74.097
0.083402,15.836,-9.6895,-65.816
0.072587,15.833,-9.8132,-69.647
0.058294,15.648,-9.8976,-73.611
0.22278,20.428,-9.6173,-65.9
0.14856,20.437,-9.8069,-69.975
0.082839,20.201,-9.932,-74.134
0.2609,25.802,-9.416,-65.531
0.2536,25.227,-9.8194,-70.202
0.23931,25.069,-10.006,-74.59
0.36374,21.072,-1.8724,-52.974
0.36945,18.219,-1.8984,-53.429
0.21425,15.206,-1.9158,-53.622
0.36231,22.249,-1.7831,-55.881
0.35631,18.967,-1.8394,-56.528
0.10653,15.51,-1.8741,-56.73
0.36115,24.4,-1.7052,-59.105
0.30482,19.903,-1.8153,-59.982
0.05493,15.792,-1.8603,-60.154
0.29848,20.924,-5.6983,-53.918
0.29197,18.134,-5.7564,-54.387
0.22337,15.165,-5.7967,-54.574
0.29642,22.052,-5.4944,-57.07
0.29493,18.846,-5.62,-57.669
0.13214,15.427,-5.6979,-57.827
0.30061,24.343,-5.3098,-60.381
0.26676,19.8,-5.5636,-61.169
0.083431,15.705,-5.6671,-61.271
0.25288,21.001,-9.6496,-54.713
0.26537,18.153,-9.7172,-55.188
0.22459,15.142,-9.7641,-55.377
0.25178,22.136,-9.4183,-58.006
0.28197,18.852,-9.5602,-58.576
0.13975,15.388,-9.6467,-58.714
0.25916,24.543,-9.2037,-61.415
0.2618,19.81,-9.4968,-62.104
0.10004,15.66,-9.6135,-62.173
0.15342,47.752,-2.0617,-125.49
0.25474,47.756,-2.0561,-121.24
0.25767,48.117,-2.0381,-116.57
0.043617,43.691,-2.0532,-121.03
0.13548,43.653,-2.0489,-116.84
0.18641,47.697,-6.2016,-125.45
0.24158,47.684,-6.1923,-121.24
0.22427,48.199,-6.1496,-116.58
0.042238,43.697,-6.1874,-125.2
0.08204,43.686,-6.1818,-121.07
0.16848,43.651,-6.1726,-117.02
0.02915,39.709,-6.1665,-124.84
0.034371,39.643,-6.1727,-120.81
0.040842,39.505,-6.1719,-116.86
0.2061,47.737,-10.358,-125.47
0.23465,47.742,-10.35,-121.25
0.20419,48.349,-10.299,-116.52
0.062441,43.725,-10.336,-125.27
0.10903,43.72,-10.334,-121.15
0.18934,43.698,-10.322,-117.11
0.039291,39.744,-10.307,-124.98
0.051459,39.67,-10.318,-120.96
0.060846,39.511,-10.316,-117.03
0.02011,47.858,-2.0638,-133.5
0.053701,47.794,-2.0642,-129.53
0.033285,48.127,-6.2029,-137.3
0.046672,47.953,-6.2054,-133.47
0.095822,47.811,-6.2042,-129.51
0.026284,43.681,-6.1905,-133.38
0.033231,43.637,-6.1873,-129.3
0.05046,48.203,-10.364,-137.39
0.067016,48.012,-10.362,-133.54
0.12318,47.857,-10.358,-129.55
0.023802,44.073,-10.354,-137.44
0.036014,43.709,-10.336,-133.52
0.049919,43.668,-10.331,-129.4
0.025855,11.577,-1.8913,-63.609
0.020684,6.9934,-5.7119,-63.973
0.049696,11.486,-5.7425,-64.605
0.037008,11.418,-5.841,-68.397
0.022427,11.457,-5.9235,-72.177
0.06231,11.397,-9.7028,-65.458
0.041752,11.342,-9.821,-69.183
0.021735,11.39,-9.9143,-72.917
0.033428,6.9168,-1.8742,-52.661
0.023289,5.6407,-1.8262,-54.894
0.042208,9.3909,-1.8998,-53.26
0.032398,8.743,-1.8551,-56.02
0.021857,7.8633,-1.8502,-59.199
0.060021,12.213,-1.9165,-53.565
0.044821,12.073,-1.8774,-56.572
0.03504,11.82,-1.868,-59.9
0.059713,6.6238,-5.7202,-53.644
0.042872,5.2503,-5.6061,-56.018
0.068814,9.2938,-5.7677,-54.252
0.057552,8.5463,-5.661,-57.157
0.041941,7.6535,-5.6468,-60.324
0.087675,12.176,-5.8003,-54.53
0.068911,11.972,-5.7069,-57.673
0.058586,11.699,-5.6853,-61.006
0.07507,6.3779,-9.7013,-54.469
0.045046,4.9785,-9.5654,-56.902
0.090675,9.1461,-9.7404,-55.079
0.073293,8.3754,-9.6129,-58.055
0.046407,7.4847,-9.5902,-61.231
0.10776,12.103,-9.7708,-55.343
0.090693,11.879,-9.6582,-58.56
0.078001,11.6,-9.6333,-61.904
0.03659,3.4448,-1.9904,-46.323
0.021053,0.64158,-1.9573,-47.16
0.033018,4.2386,-1.9549,-48.968
0.031312,5.2336,-1.8969,-51.25
0.065426,2.9217,-5.9872,-46.819
0.038428,0.035917,-5.9055,-47.769
0.059599,3.7048,-5.9029,-49.563
0.031977,1.0894,-5.7984,-50.858
0.0563,4.747,-5.7748,-52.062
0.031135,2.6797,-5.6601,-53.814
0.080432,2.5588,-10.013,-47.378
0.036851,-0.38604,-9.909,-48.378
0.071024,3.3518,-9.9098,-50.212
0.029079,0.68642,-9.7831,-51.556
0.066381,4.4248,-9.7676,-52.82
0.028408,2.3215,-9.6312,-54.622
0.3008,11.525,-2.0342,-45.174
0.097744,8.835,-2.0322,-45.368
0.053506,6.142,-2.019,-45.722
0.17091,11.87,-2.0083,-47.964
0.069798,9.2508,-2.0083,-48.061
0.045205,6.7028,-1.9945,-48.3
0.092531,12.131,-1.967,-50.746
0.053055,9.5334,-1.9621,-50.675
0.039813,7.2016,-1.9447,-50.6
0.29584,11.431,-6.0939,-45.64
0.12344,8.632,-6.0884,-45.819
0.086031,5.7854,-6.0563,-46.157
0.20616,11.822,-6.0257,-48.535
0.098647,9.1086,-6.0251,-48.604
0.076587,6.3754,-5.9939,-48.81
0.12649,12.127,-5.9227,-51.491
0.082322,9.4705,-5.9138,-51.411
0.069176,6.9472,-5.8799,-51.312
0.29286,11.352,-10.146,-46.13
0.13808,8.4627,-10.138,-46.325
0.10926,5.5159,-10.098,-46.68
0.2064,11.753,-10.052,-49.116
0.11966,8.9532,-10.05,-49.199
0.098813,6.1169,-10.014,-49.42
0.13769,12.065,-9.9208,-52.187
0.10562,9.332,-9.9125,-52.121
0.089541,6.7105,-9.8807,-52.032
0.30255,19.587,-2.0155,-44.858
0.36462,16.894,-2.0244,-44.969
0.3995,14.207,-2.0306,-45.072
0.33928,19.899,-1.9873,-47.545
0.37323,17.231,-1.996,-47.754
0.39883,14.538,-2.0033,-47.895
0.35852,20.358,-1.9416,-50.231
0.36811,17.658,-1.954,-50.549
0.33276,14.877,-1.9636,-50.721
0.25904,19.689,-6.0444,-45.209
0.29355,16.949,-6.0691,-45.375
0.29777,14.198,-6.0855,-45.513
0.28482,19.934,-5.9718,-48.038
0.29443,17.255,-5.9954,-48.291
0.31716,14.543,-6.0139,-48.452
0.29697,20.304,-5.8602,-50.923
0.28643,17.634,-5.8902,-51.279
0.30158,14.877,-5.9137,-51.462
0.22686,19.849,-10.077,-45.605
0.24769,17.029,-10.114,-45.809
0.25589,14.202,-10.137,-45.979
0.24561,20.069,-9.9802,-48.542
0.24495,17.32,-10.014,-48.828
0.29937,14.544,-10.039,-49.013
0.25303,20.407,-9.8406,-51.564
0.24144,17.677,-9.8798,-51.944
0.29979,14.872,-9.9092,-52.142
0.069835,27.525,-1.919,-44.953
0.1274,24.906,-1.9727,-44.802
0.21539,22.264,-2.0007,-44.787
0.10088,27.341,-1.9097,-47.293
0.17623,24.979,-1.9523,-47.227
0.2658,22.489,-1.9749,-47.344
0.13912,27.436,-1.8683,-49.488
0.22252,25.215,-1.9106,-49.522
0.30271,22.879,-1.9292,-49.845
0.06927,27.966,-5.7918,-45.01
0.12263,25.179,-5.929,-44.954
0.19503,22.427,-6.0035,-45.048
0.097095,27.753,-5.7644,-47.415
0.1643,25.177,-5.877,-47.475
0.23515,22.569,-5.938,-47.733
0.13125,27.769,-5.6706,-49.721
0.20421,25.296,-5.7815,-49.927
0.26623,22.843,-5.8295,-50.426
0.064561,28.638,-9.7107,-45.256
0.11365,25.592,-9.9076,-45.242
0.17615,22.689,-10.016,-45.393
0.089784,28.392,-9.6695,-47.755
0.14951,25.563,-9.8378,-47.868
0.20898,22.801,-9.9291,-48.188
0.11815,28.389,-9.5642,-50.169
0.18363,25.65,-9.7247,-50.456
0.23416,23.041,-9.7964,-51.022
0.19095,61.631,-2.0299,-138.95
0.18954,61.103,-2.0319,-134.23
0.19807,60.687,-2.0128,-129.21
0.2378,56.637,-2.0507,-138.39
0.21777,56.521,-2.0498,-134.03
0.2088,56.185,-2.0465,-129.7
0.091465,52.057,-2.0561,-137.89
0.18995,52.096,-2.0594,-133.78
0.25167,51.937,-2.0597,-129.68
0.18072,61.372,-6.1507,-138.69
0.18134,60.959,-6.1579,-134.07
0.18798,60.695,-6.1083,-129.16
0.21396,56.629,-6.182,-138.3
0.18989,56.533,-6.1805,-133.99
0.18932,56.205,-6.1735,-129.76
0.13096,52.215,-6.1926,-137.87
0.21057,52.185,-6.198,-133.77
0.22874,51.962,-6.199,-129.72
0.17042,61.401,-10.314,-138.47
0.17217,61.101,-10.313,-133.88
0.17855,60.99,-10.251,-129
0.19982,56.678,-10.344,-138.24
0.17412,56.615,-10.339,-133.93
0.17575,56.323,-10.329,-129.73
0.15166,52.297,-10.355,-137.9
0.21828,52.26,-10.358,-133.78
0.2168,52.032,-10.358,-129.73
0.22409,60.211,-2.0673,-151.39
0.23284,60.411,-2.0522,-147.41
0.1978,61.295,-2.0296,-143.34
0.028357,55.733,-2.0711,-151.05
0.10216,55.87,-2.0599,-146.87
0.20522,56.319,-2.0517,-142.66
0.021381,51.504,-2.0487,-141.99
0.21693,60.099,-6.2251,-151.38
0.21137,60.19,-6.1937,-147.33
0.1801,61.003,-6.1457,-143.1
0.053936,55.77,-6.2367,-151.08
0.12825,55.866,-6.2068,-146.87
0.21084,56.304,-6.1844,-142.59
0.020873,51.211,-6.2526,-150.87
0.029041,51.264,-6.1992,-146.49
0.048403,51.715,-6.1794,-142.08
0.2138,60.108,-10.405,-151.39
0.19738,60.153,-10.372,-147.28
0.16749,60.954,-10.32,-142.92
0.072915,55.808,-10.416,-151.18
0.14487,55.885,-10.38,-146.92
0.2122,56.327,-10.351,-142.57
0.027218,51.256,-10.43,-151.15
0.043569,51.334,-10.369,-146.69
0.068614,51.799,-10.344,-142.18
0.02287,60.494,-2.0685,-163.01
0.060592,60.375,-2.074,-159.25
0.14165,60.254,-2.0736,-155.34
0.051028,60.835,-6.2324,-162.97
0.10258,60.585,-6.2414,-159.22
0.16972,60.301,-6.239,-155.34
0.023492,56.355,-6.264,-159.21
0.031247,55.976,-6.2576,-155.19
0.071417,61.017,-10.419,-163.05
0.12765,60.72,-10.425,-159.27
0.18472,60.373,-10.42,-155.37
0.025307,56.959,-10.453,-163.16
0.034744,56.472,-10.449,-159.34
0.046397,56.052,-10.441,-155.31
0.06679,1.7376,-2.0417,-37.403
0.037831,-1.2526,-2.0246,-37.776
0.020475,-4.3687,-2.0045,-38.165
0.050626,2.2178,-2.029,-40.46
0.030741,-0.75663,-2.0086,-40.944
0.042082,2.7814,-2.0128,-43.456
0.025298,-0.14743,-1.9874,-44.087
0.10102,1.3289,-6.1214,-37.817
0.074645,-1.7658,-6.0757,-38.249
0.03579,-4.9516,-6.0218,-38.687
0.084396,1.7629,-6.0869,-40.894
0.061538,-1.3121,-6.0335,-41.445
0.021412,-4.4942,-5.9773,-42.016
0.07336,2.2865,-6.0443,-43.909
0.048766,-0.73044,-5.9795,-44.625
0.12614,1.0056,-10.199,-38.235
0.086509,-2.1668,-10.134,-38.706
0.03176,-5.4156,-10.057,-39.184
0.10788,1.4165,-10.149,-41.346
0.066486,-1.7335,-10.075,-41.941
0.092837,1.9266,-10.089,-44.406
0.049554,-1.1576,-10.003,-45.169
0.40478,10.42,-2.0673,-36.646
0.38723,7.5568,-2.0633,-36.827
0.1499,4.6671,-2.0548,-37.081
0.24846,7.9521,-2.0558,-39.746
0.098315,5.1079,-2.0455,-40.054
0.40921,11.138,-2.0499,-42.374
0.14783,8.3817,-2.0462,-42.599
0.068928,5.601,-2.0341,-42.95
0.30176,10.341,-6.1896,-36.932
0.33996,7.3685,-6.1794,-37.146
0.15969,4.3678,-6.1566,-37.442
0.33248,10.667,-6.1678,-39.861
0.25436,7.7403,-6.1567,-40.095
0.12267,4.7743,-6.1299,-40.434
0.34112,11.033,-6.1379,-42.76
0.16895,8.1631,-6.1282,-42.988
0.10011,5.246,-6.0979,-43.351
0.25507,10.285,-10.294,-37.249
0.3255,7.2222,-10.28,-37.493
0.16629,4.1312,-10.249,-37.822
0.30333,10.597,-10.259,-40.223
0.24445,7.5775,-10.244,-40.482
0.14029,4.5174,-10.207,-40.849
0.3289,10.955,-10.212,-43.178
0.17162,7.9921,-10.198,-43.426
0.1224,4.9776,-10.159,-43.812
0.15137,18.95,-2.0513,-36.581
0.22946,16.102,-2.0619,-36.52
0.30011,13.266,-2.0669,-36.543
0.19818,19.136,-2.044,-39.387
0.28089,16.337,-2.0541,-39.364
0.35294,13.559,-2.0593,-39.409
0.25189,19.343,-2.0329,-42.144
0.33197,16.601,-2.0425,-42.178
0.38272,13.875,-2.0481,-42.248
0.1395,19.203,-6.1453,-36.732
0.20327,16.243,-6.1738,-36.73
0.26114,13.294,-6.1879,-36.796
0.17997,19.334,-6.1235,-39.577
0.24392,16.447,-6.1512,-39.618
0.28661,13.564,-6.1655,-39.71
0.22218,19.496,-6.0917,-42.399
0.27627,16.682,-6.1183,-42.493
0.29315,13.867,-6.1334,-42.609
0.12882,19.415,-10.229,-36.929
0.18388,16.366,-10.27,-36.975
0.22933,13.328,-10.291,-37.08
0.16386,19.531,-10.194,-39.825
0.21625,16.556,-10.234,-39.912
0.24037,13.584,-10.255,-40.041
0.19829,19.677,-10.145,-42.711
0.23855,16.777,-10.184,-42.849
0.24048,13.877,-10.206,-43
0.051426,24.879,-2.0063,-36.985
0.088382,21.889,-2.0337,-36.741
0.037384,27.54,-1.9597,-39.905
0.068508,24.812,-2.0008,-39.66
0.11947,21.979,-2.0273,-39.484
0.050843,27.578,-1.9371,-42.502
0.091937,24.853,-1.9881,-42.279
0.16257,22.105,-2.0166,-42.169
0.048454,25.197,-6.0266,-36.955
0.084216,22.193,-6.0985,-36.806
0.035415,27.925,-5.9013,-39.871
0.066313,25.123,-6.0071,-39.691
0.11423,22.234,-6.078,-39.596
0.050619,27.999,-5.8399,-42.538
0.090066,25.157,-5.9707,-42.372
0.15224,22.321,-6.0469,-42.344
0.043915,25.601,-10.057,-37.037
0.077992,22.49,-10.162,-36.948
0.028596,28.554,-9.86,-39.969
0.062061,25.542,-10.021,-39.832
0.10651,22.526,-10.127,-39.791
0.045414,28.663,-9.775,-42.708
0.084348,25.579,-9.9667,-42.58
0.14033,22.602,-10.079,-42.605
0.14693,74.483,-2.0418,-164.48
0.14477,73.902,-2.0401,-159.78
0.14818,73.413,-2.0221,-154.77
0.17895,69.348,-2.0577,-163.96
0.17075,69.218,-2.0561,-159.66
0.16783,68.86,-2.0534,-155.41
0.1862,64.674,-2.0604,-163.5
0.22423,64.699,-2.0652,-159.48
0.20813,64.528,-2.0657,-155.48
0.14312,74.304,-6.1816,-164.22
0.14312,73.816,-6.1808,-159.6
0.14489,73.462,-6.1328,-154.67
0.15889,69.431,-6.2024,-163.87
0.15665,69.294,-6.2,-159.61
0.15717,68.908,-6.1939,-155.47
0.20035,64.945,-6.2101,-163.49
0.20068,64.866,-6.2191,-159.47
0.1771,64.572,-6.2203,-155.52
0.13708,74.395,-10.354,-163.99
0.13776,73.994,-10.345,-159.39
0.14147,73.751,-10.287,-154.47
0.1458,69.553,-10.376,-163.81
0.14616,69.421,-10.372,-159.54
0.14817,69.032,-10.363,-155.41
0.20015,65.115,-10.39,-163.52
0.184,64.999,-10.397,-159.47
0.15879,64.654,-10.397,-155.52
0.19527,72.821,-2.0763,-176.78
0.16005,73.129,-2.0662,-172.85
0.14843,74.123,-2.0448,-168.84
0.11655,68.3,-2.0778,-176.44
0.1936,68.493,-2.0694,-172.31
0.20547,69.01,-2.0606,-168.16
0.020948,63.604,-2.0583,-171.8
0.086173,64.114,-2.0526,-167.55
0.16702,72.837,-6.2451,-176.81
0.14724,73.044,-6.2245,-172.8
0.14108,73.941,-6.1816,-168.61
0.14093,68.459,-6.2531,-176.52
0.19331,68.627,-6.2301,-172.35
0.18543,69.11,-6.2077,-168.12
0.023038,63.876,-6.27,-176.33
0.045273,63.98,-6.2186,-172
0.11848,64.459,-6.1965,-167.65
0.14626,72.916,-10.427,-176.83
0.13614,73.09,-10.406,-172.76
0.1337,73.97,-10.362,-168.44
0.15687,68.577,-10.438,-176.61
0.18918,68.74,-10.411,-172.39
0.16989,69.222,-10.384,-168.1
0.031738,64.009,-10.461,-176.58
0.063718,64.155,-10.406,-172.18
0.13769,64.647,-10.38,-167.74
0.10938,73.099,-2.0717,-188.52
0.17632,72.902,-2.0758,-184.67
0.21237,72.797,-2.078,-180.73
0.020097,68.701,-2.0795,-184.61
0.047225,68.393,-2.0811,-180.55
0.14291,73.353,-6.2372,-188.39
0.18525,73.113,-6.2453,-184.63
0.19006,72.917,-6.2491,-180.75
0.025039,69.398,-6.2561,-188.42
0.039792,68.933,-6.2606,-184.62
0.075743,68.597,-6.2637,-180.6
0.16066,73.492,-10.419,-188.42
0.18417,73.249,-10.429,-184.66
0.1738,73.031,-10.432,-180.78
0.033952,69.507,-10.442,-188.53
0.053066,69.06,-10.448,-184.72
0.097433,68.721,-10.451,-180.71
0.025541,-8.4483,-2.0379,-28.673
0.052775,-8.8749,-6.1134,-29.059
0.029537,-8.6505,-6.0605,-32.355
0.046314,-9.2818,-10.19,-29.437
0.023596,-9.0886,-10.115,-32.788
0.25451,0.60402,-2.0695,-28.089
0.10802,-2.38,-2.0608,-28.279
0.043586,-5.3983,-2.0502,-28.479
0.16544,0.94662,-2.0616,-31.204
0.067196,-2.0451,-2.0504,-31.436
0.033891,-5.084,-2.0362,-31.682
0.10164,1.3194,-2.0523,-34.312
0.048093,-1.6771,-2.038,-34.603
0.02703,-4.758,-2.0198,-34.91
0.23319,0.34663,-6.2004,-28.443
0.1397,-2.718,-6.1765,-28.656
0.094196,-5.7945,-6.1475,-28.868
0.1706,0.64389,-6.1775,-31.577
0.10799,-2.4308,-6.147,-31.848
0.076069,-5.5312,-6.1086,-32.119
0.12819,0.9636,-6.151,-34.706
0.088402,-2.1265,-6.1126,-35.048
0.05561,-5.2774,-6.0639,-35.392
0.22316,0.12162,-10.319,-28.769
0.16362,-3.0137,-10.284,-29.005
0.11173,-6.1505,-10.241,-29.233
0.17984,0.38635,-10.284,-31.933
0.13358,-2.7598,-10.239,-32.233
0.082294,-5.9206,-10.184,-32.529
0.1494,0.67169,-10.243,-35.092
0.10863,-2.4935,-10.188,-35.469
0.054019,-5.7072,-10.119,-35.847
0.2092,9.485,-2.0816,-27.7
0.34651,6.516,-2.0804,-27.775
0.26912,9.794,-2.0774,-30.729
0.36446,3.9075,-2.0699,-30.998
0.337,10.1,-2.0729,-33.712
0.23234,4.2709,-2.0628,-34.057
0.19787,9.5252,-6.2332,-27.947
0.28146,6.4574,-6.2299,-28.069
0.38781,3.4024,-6.2186,-28.242
0.24499,9.7831,-6.2207,-30.972
0.33161,6.741,-6.215,-31.121
0.32868,3.6983,-6.2004,-31.329
0.27841,10.05,-6.2067,-33.968
0.36941,7.0399,-6.1984,-34.151
0.2269,4.0146,-6.1798,-34.401
0.18316,9.5389,-10.367,-28.181
0.23999,6.3919,-10.363,-28.339
0.36661,3.2555,-10.346,-28.542
0.21759,9.7696,-10.347,-31.227
0.29466,6.6451,-10.339,-31.413
0.30828,3.5197,-10.317,-31.653
0.23416,10.013,-10.323,-34.251
0.34609,6.9165,-10.312,-34.467
0.21559,3.8051,-10.285,-34.751
0.068165,18.715,-2.0608,-28.002
0.10044,15.554,-2.0724,-27.8
0.15953,12.484,-2.0791,-27.704
0.084019,18.803,-2.0588,-30.914
0.13599,15.748,-2.0698,-30.761
0.20316,12.752,-2.0758,-30.702
0.11125,18.847,-2.0561,-33.761
0.1831,15.912,-2.0669,-33.657
0.24576,13.003,-2.0721,-33.644
0.062326,18.955,-6.1797,-28.027
0.095915,15.761,-6.2094,-27.918
0.14018,12.62,-6.2268,-27.893
0.079282,19.034,-6.1713,-30.964
0.12545,15.917,-6.2003,-30.887
0.17937,12.837,-6.2162,-30.891
0.10499,19.107,-6.1607,-33.863
0.16242,16.07,-6.1895,-33.822
0.22212,13.056,-6.2041,-33.858
0.055627,19.156,-10.296,-28.112
0.088155,15.911,-10.336,-28.061
0.1284,12.708,-10.359,-28.085
0.072298,19.236,-10.278,-31.078
0.1155,16.055,-10.318,-31.056
0.16512,12.903,-10.341,-31.107
0.097203,19.319,-10.257,-34.017
0.14834,16.203,-10.297,-34.026
0.20243,13.105,-10.319,-34.104
0.041121,21.947,-2.0435,-28.278
0.020657,25.084,-2.017,-31.479
0.053052,21.926,-2.0417,-31.157
0.036184,24.973,-2.0124,-34.266
0.067598,21.877,-2.0385,-33.969
0.035691,22.199,-6.1355,-28.211
0.048286,22.184,-6.1269,-31.12
0.032973,25.267,-6.0467,-34.189
0.063012,22.179,-6.1146,-33.985
0.029253,22.445,-10.235,-28.232
0.043024,22.445,-10.216,-31.172
0.027266,25.642,-10.093,-34.22
0.057581,22.464,-10.191,-34.079
0.089939,85.48,-2.0773,-189.34
0.092722,85.689,-2.0717,-185.13
0.091765,86.218,-2.0542,-180.49
0.1142,81.266,-2.0749,-189.18
0.11027,81.348,-2.0701,-185.07
0.11247,81.416,-2.0663,-180.97
0.19105,77.104,-2.0711,-188.96
0.15163,77.09,-2.0723,-184.91
0.13302,77.055,-2.0731,-180.94
0.086209,85.612,-6.2379,-189.21
0.088866,85.83,-6.227,-185.03
0.085939,86.403,-6.1934,-180.38
0.1059,81.419,-6.234,-189.06
0.10544,81.522,-6.2267,-185
0.10845,81.54,-6.2219,-181.02
0.15676,77.294,-6.2298,-188.83
0.12853,77.282,-6.2338,-184.86
0.12223,77.179,-6.2369,-180.98
0.082326,85.709,-10.406,-189.15
0.08518,85.949,-10.396,-184.96
0.081247,86.581,-10.363,-180.29
0.099256,81.532,-10.405,-189.02
0.10032,81.648,-10.401,-184.96
0.1046,81.667,-10.398,-180.98
0.13303,77.423,-10.405,-188.82
0.11511,77.414,-10.412,-184.85
0.11317,77.293,-10.416,-180.97
0.097595,85.566,-2.0718,-201.14
0.090794,85.445,-2.0746,-197.31
0.088062,85.415,-2.0778,-193.37
0.1761,81.574,-2.067,-201.08
0.14918,81.182,-2.0704,-197.21
0.12585,81.154,-2.075,-193.21
0.071805,77.383,-2.0544,-202.15
0.12414,76.637,-2.0558,-197.3
0.1865,76.744,-2.0638,-192.98
0.088876,85.608,-6.2345,-200.92
0.085647,85.494,-6.2367,-197.17
0.084267,85.498,-6.2398,-193.25
0.14178,81.559,-6.2303,-200.94
0.12311,81.222,-6.2304,-197.13
0.1107,81.252,-6.2345,-193.12
0.095484,77.402,-6.2198,-202.21
0.14123,76.758,-6.2083,-197.4
0.17576,76.929,-6.2155,-192.96
0.08318,85.632,-10.413,-200.89
0.080788,85.535,-10.411,-197.12
0.079837,85.567,-10.41,-193.2
0.12157,81.563,-10.415,-200.96
0.10713,81.264,-10.407,-197.14
0.10085,81.335,-10.405,-193.09
0.10685,77.342,-10.409,-202.41
0.15003,76.811,-10.388,-197.53
0.16342,77.039,-10.39,-193
0.060286,-9.2314,-2.0641,-19.07
0.024992,-12.485,-2.0521,-19.372
0.039703,-9.0156,-2.0578,-22.289
0.020652,-12.185,-2.0435,-22.548
0.031235,-8.7486,-2.05,-25.487
0.12465,-9.7127,-6.19,-19.35
0.05923,-12.945,-6.157,-19.598
0.097246,-9.4688,-6.1703,-22.594
0.038514,-12.663,-6.1309,-22.822
0.075591,-9.178,-6.147,-25.818
0.021171,-12.32,-6.1065,-26.007
0.14371,-10.074,-10.313,-19.593
0.047898,-13.337,-10.264,-19.835
0.10602,-9.8459,-10.279,-22.88
0.027028,-13.084,-10.221,-23.109
0.074433,-9.5678,-10.24,-26.147
0.40412,-3.2161,-2.0792,-18.888
0.19455,-6.1503,-2.0727,-18.925
0.27654,-2.9709,-2.0749,-22
0.11119,-5.9546,-2.0674,-22.121
0.37389,0.28258,-2.0761,-24.979
0.17993,-2.688,-2.0689,-25.132
0.064534,-5.6952,-2.0603,-25.3
0.40366,-0.49196,-6.2434,-19.139
0.34597,-3.5218,-6.2303,-19.185
0.20886,-6.5791,-6.2132,-19.224
0.40795,-0.22023,-6.2336,-22.212
0.25124,-3.2733,-6.2175,-22.324
0.15298,-6.3472,-6.197,-22.438
0.33013,0.059717,-6.2192,-25.317
0.18714,-3.0011,-6.1998,-25.481
0.1169,-6.0769,-6.1762,-25.646
0.38222,-0.64388,-10.39,-19.37
0.32485,-3.7572,-10.371,-19.424
0.22892,-6.8881,-10.346,-19.468
0.38725,-0.39336,-10.372,-22.478
0.24699,-3.5253,-10.349,-22.601
0.18067,-6.6685,-10.319,-22.722
0.3063,-0.13735,-10.349,-25.614
0.20062,-3.2719,-10.321,-25.793
0.14295,-6.4117,-10.285,-25.968
0.084728,8.5353,-2.0887,-18.639
0.12685,5.5212,-2.0892,-18.699
0.24675,2.5817,-2.0876,-18.783
0.11488,8.8848,-2.0879,-21.679
0.20173,5.8714,-2.088,-21.72
0.35083,2.9101,-2.0855,-21.802
0.16335,9.1858,-2.0855,-24.682
0.26468,6.1926,-2.085,-24.735
0.084714,8.6828,-6.2565,-18.769
0.10575,5.5866,-6.2576,-18.896
0.2275,2.5379,-6.2527,-19.04
0.10804,8.9975,-6.2522,-21.853
0.17355,5.8968,-6.2522,-21.953
0.29434,2.831,-6.2455,-22.086
0.14841,9.2682,-6.2442,-24.907
0.23557,6.1799,-6.2428,-25.01
0.36182,3.1159,-6.2339,-25.156
0.08001,8.759,-10.41,-18.913
0.094576,5.5967,-10.411,-19.075
0.2018,2.4706,-10.403,-19.251
0.10013,9.0566,-10.4,-22.029
0.15607,5.8849,-10.399,-22.166
0.26107,2.7402,-10.389,-22.33
0.13779,9.3071,-10.385,-25.115
0.20753,6.1432,-10.383,-25.255
0.33491,2.9988,-10.37,-25.43
0.044618,18.209,-2.0693,-18.986
0.065077,14.887,-2.0792,-18.778
0.080709,11.658,-2.0854,-18.661
0.050601,18.383,-2.0669,-22.019
0.071922,15.128,-2.0779,-21.814
0.090281,11.967,-2.0847,-21.707
0.057925,18.577,-2.0635,-25.037
0.082176,15.35,-2.0752,-24.817
0.11507,12.226,-2.0824,-24.704
0.036552,18.571,-6.206,-19.006
0.057824,15.169,-6.2317,-18.831
0.076081,11.869,-6.2481,-18.742
0.043378,18.713,-6.1983,-22.041
0.064807,15.394,-6.2263,-21.891
0.086634,12.157,-6.244,-21.826
0.051187,18.85,-6.1887,-25.053
0.076569,15.589,-6.2183,-24.92
0.10773,12.398,-6.2365,-24.872
0.028477,18.803,-10.342,-19.05
0.051043,15.354,-10.377,-18.911
0.069575,12.003,-10.4,-18.853
0.036615,18.94,-10.328,-22.094
0.057555,15.573,-10.366,-21.989
0.079849,12.28,-10.389,-21.964
0.045088,19.06,-10.312,-25.117
0.068767,15.755,-10.352,-25.04
0.099451,12.506,-10.375,-25.039
0.020209,21.726,-2.0505,-22.31
0.03012,21.891,-2.0465,-25.331
0.023453,22.175,-6.1459,-25.261
0.023733,97.906,-2.0834,-201.93
0.025585,97.916,-2.0827,-197.93
0.027121,97.922,-2.0824,-193.93
0.046544,93.726,-2.0827,-201.78
0.050395,93.753,-2.0813,-197.77
0.053095,93.762,-2.0811,-193.78
0.066087,89.579,-2.0785,-201.56
0.066781,89.599,-2.0785,-197.56
0.069799,89.601,-2.0797,-193.57
0.020936,97.893,-6.2498,-201.92
0.022387,97.921,-6.2488,-197.92
0.023392,97.939,-6.2487,-193.93
0.041689,93.694,-6.2482,-201.73
0.044872,93.768,-6.2463,-197.72
0.047559,93.809,-6.2466,-193.74
0.062742,89.57,-6.2421,-201.42
0.063368,89.635,-6.242,-197.46
0.066298,89.669,-6.2436,-193.49
0.020773,97.892,-10.416,-201.92
0.021711,97.926,-10.416,-197.91
0.022426,97.952,-10.416,-193.92
0.039153,93.696,-10.414,-201.71
0.041973,93.786,-10.414,-197.69
0.044522,93.844,-10.415,-193.71
0.059826,89.585,-10.412,-201.38
0.060697,89.667,-10.412,-197.41
0.063892,89.723,-10.412,-193.44
0.021623,97.884,-2.0831,-205.94
0.046663,93.241,-2.0705,-213.93
0.04273,93.344,-2.0758,-209.83
0.043528,93.551,-2.0811,-205.79
0.1164,88.242,-2.0654,-213.9
0.089949,88.497,-2.0664,-209.62
0.073328,89.049,-2.0736,-205.51
0.039784,93.226,-6.2338,-213.95
0.038589,93.297,-6.2389,-209.86
0.039541,93.491,-6.2456,-205.77
0.085423,88.546,-6.2458,-213.91
0.075838,88.668,-6.2323,-209.71
0.067526,89.093,-6.2351,-205.48
0.020105,97.831,-10.415,-205.93
0.036692,93.253,-10.412,-213.97
0.036509,93.303,-10.411,-209.87
0.037307,93.487,-10.413,-205.77
0.075339,88.615,-10.437,-214.01
0.068281,88.722,-10.414,-209.78
0.063476,89.119,-10.408,-205.49
0.062207,93.265,-2.0464,-226.76
0.058077,93.19,-2.0587,-222.4
0.053079,93.18,-2.0649,-218.11
0.088452,88.62,-2.0789,-227.12
0.14364,88.602,-2.0635,-222.53
0.14189,88.292,-2.0642,-218.15
0.039472,93.492,-6.2377,-226.29
0.039975,93.395,-6.2278,-222.2
0.04141,93.273,-6.229,-218.05
0.10978,89.115,-6.3177,-226.61
0.12625,89.083,-6.265,-222.3
0.098357,88.724,-6.2559,-218.04
0.029855,93.595,-10.458,-226.22
0.031882,93.498,-10.423,-222.13
0.036011,93.337,-10.414,-218.04
0.10111,89.18,-10.547,-226.63
0.11078,89.204,-10.478,-222.28
0.081501,88.815,-10.457,-218.09
0.072874,-13.587,-2.0804,-6.8322
0.065817,-14.383,-2.0843,-4.1024
0.04617,-15.551,-2.0826,-1.3752
0.15579,-13.899,-6.2384,-6.9645
0.13874,-14.743,-6.2509,-4.149
0.092992,-16.065,-6.2499,-1.3721
0.029845,-17.849,-6.2043,-7.5018
0.022056,-18.831,-6.2347,-4.5606
0.15676,-14.193,-10.393,-7.039
0.13286,-15.054,-10.413,-4.1908
0.084501,-16.408,-10.418,-1.3851
0.059918,-13.22,-2.0688,-9.7953
0.20662,-9.5301,-2.0699,-12.58
0.040693,-13.053,-2.0624,-12.997
0.10612,-9.4419,-2.0683,-15.864
0.030196,-12.794,-2.0587,-16.201
0.13582,-13.552,-6.2128,-9.9309
0.027644,-17.476,-6.1585,-10.434
0.25163,-9.913,-6.2164,-12.701
0.10431,-13.421,-6.1946,-13.104
0.023208,-17.027,-6.1487,-13.501
0.1691,-9.8953,-6.2056,-16.068
0.080724,-13.204,-6.1791,-16.349
0.13893,-13.856,-10.362,-10.034
0.2726,-10.185,-10.367,-12.83
0.10418,-13.748,-10.334,-13.236
0.19421,-10.222,-10.342,-16.255
0.073931,-13.561,-10.303,-16.528
0.084601,-1.0814,-2.0839,-10.213
0.30857,-3.5249,-2.0828,-9.729
0.22506,-0.85945,-2.0847,-12.939
0.39597,-0.59553,-2.085,-15.851
0.31604,-6.3236,-2.0754,-15.744
0.077285,-1.1382,-6.2502,-10.304
0.25992,-3.6483,-6.2476,-9.8036
0.2091,-0.99044,-6.25,-13.153
0.32807,-0.75426,-6.2483,-16.113
0.29075,-6.7476,-6.2239,-15.983
0.064769,-1.1721,-10.414,-10.352
0.22743,-3.7084,-10.411,-9.8489
0.18464,-1.0803,-10.409,-13.283
0.40857,-6.945,-10.386,-12.771
0.30071,-0.88126,-10.401,-16.301
0.29356,-7.0254,-10.368,-16.173
0.069816,6.2989,-2.0825,-8.9755
0.046135,3.8565,-2.0844,-9.6883
0.037911,1.4074,-2.0844,-10.199
0.071647,7.4246,-2.0839,-12.341
0.05525,4.576,-2.0867,-12.657
0.062587,1.8435,-2.0864,-12.905
0.075034,8.0867,-2.0874,-15.543
0.073699,5.108,-2.0887,-15.674
0.1458,2.2334,-2.0877,-15.804
0.064659,6.4109,-6.2496,-8.9977
0.037859,3.9301,-6.2521,-9.7401
0.030062,1.4215,-6.2517,-10.282
0.071786,7.6391,-6.2522,-12.4
0.048167,4.7135,-6.2561,-12.783
0.057253,1.8595,-6.2545,-13.097
0.075329,8.272,-6.2565,-15.635
0.063361,5.2146,-6.2586,-15.838
0.13667,2.2215,-6.2554,-16.035
0.059532,6.4495,-10.417,-9.0287
0.032568,3.9484,-10.418,-9.7776
0.023186,1.4151,-10.417,-10.328
0.068931,7.7231,-10.418,-12.48
0.044007,4.7499,-10.419,-12.882
0.050034,1.8365,-10.415,-13.218
0.072234,8.3593,-10.416,-15.747
0.057844,5.2428,-10.417,-15.981
0.12115,2.1766,-10.412,-16.207
0.095667,9.7099,-2.0781,-8.8934
0.077095,10.688,-2.0793,-12.33
0.076824,11.264,-2.0837,-15.553
0.058425,13.996,-2.0745,-9.5276
0.059273,14.331,-2.0754,-12.62
0.061127,14.634,-2.0783,-15.719
0.031936,18.016,-2.0707,-9.9265
0.035224,18.035,-2.07,-12.931
0.039408,18.099,-2.0702,-15.961
0.088463,9.8714,-6.2419,-8.9547
0.072366,10.925,-6.2433,-12.369
0.071905,11.492,-6.248,-15.601
0.051234,14.192,-6.2324,-9.614
0.051461,14.57,-6.2317,-12.655
0.053536,14.901,-6.2333,-15.747
0.023776,18.205,-6.2199,-9.9629
0.026486,18.298,-6.2149,-12.939
0.030697,18.43,-6.2113,-15.966
0.081529,9.9522,-10.411,-9
0.066572,11.048,-10.41,-12.438
0.065647,11.627,-10.406,-15.689
0.045063,14.315,-10.398,-9.6667
0.045113,14.724,-10.392,-12.711
0.046906,15.078,-10.386,-15.812
0.022071,18.644,-10.355,-16.002
0.16487,10.743,-2.0841,-1.2313
0.15031,10.315,-2.0841,-3.6633
0.11871,9.4553,-2.0815,-5.9249
0.05504,14.555,-2.0842,-1.3181
0.056408,14.248,-2.0833,-3.9572
0.057877,13.951,-2.0785,-6.6358
0.025275,18.41,-2.0826,-1.3901
0.026934,18.245,-2.0795,-4.1798
0.029205,18.082,-2.0746,-7.0084
0.14831,10.762,-6.2509,-1.2511
0.13442,10.362,-6.2505,-3.7186
0.1067,9.5256,-6.2466,-6.0005
0.049673,14.601,-6.2506,-1.3522
0.050345,14.353,-6.2478,-4.0501
0.051534,14.096,-6.2394,-6.7567
0.020118,18.364,-6.2395,-4.2322
0.021874,18.225,-6.229,-7.0689
0.13599,10.772,-10.417,-1.2573
0.12275,10.386,-10.416,-3.7357
0.097395,9.565,-10.413,-6.0259
0.043669,14.625,-10.415,-1.3627
0.044297,14.414,-10.411,-4.0801
0.045433,14.186,-10.405,-6.8016
0.035324,89.495,-2.1384,-232.38
0.058209,93.576,-2.0499,-231.11
0.058686,90,-6.4402,-231.15
0.044377,93.798,-6.2969,-230.03
0.049187,90.042,-10.675,-231.64
0.042121,93.883,-10.542,-230.09
0.031343,94.449,-6.3839,-233.12
0.025631,94.157,-2.1132,-235.2
0.025258,94.488,-10.611,-234.01
0.06773,93.739,-2.0356,-173.82
0.066925,93.795,-6.1628,-174.24
0.058531,94.315,-10.297,-173.16
0.060509,93.137,-6.1285,-169.18
0.021579,84.36,-2.0765,-222.35
0.057754,85.145,-6.3278,-222.18
0.06154,85.081,-10.554,-222.35
0.14126,78.453,-2.0106,-160.16
0.16126,79.067,-1.9522,-155.47
0.13556,78.149,-6.1519,-159.81
0.15268,78.655,-6.0314,-155.12
0.13188,78.607,-10.302,-159.37
0.13761,79.628,-10.167,-154.69
0.15157,78.903,-1.9161,-148.29
0.15079,77.968,-5.9331,-148.43
0.11958,79.775,-10.011,-147.27
0.11954,78.332,-5.9281,-142.83
0.097102,84.286,-5.8979,-149.43
0.1983,65.528,-2.0037,-134.67
0.2196,66.202,-1.9485,-130.06
0.18234,65.179,-6.129,-134.35
0.19383,65.766,-6.0169,-129.78
0.17214,65.595,-10.27,-133.95
0.16914,66.721,-10.147,-129.42
0.15417,66.341,-1.8962,-123.05
0.16381,65.506,-5.8886,-123.32
0.11513,67.402,-9.9634,-122.23
0.098584,66.25,-5.8698,-117.81
0.080313,71.522,-5.8863,-124.33
0.020098,30.367,-1.8326,-42.861
0.17749,53.646,-5.959,-104.36
0.060869,29.41,-1.833,-47.642
0.034622,30.213,-1.8062,-45.297
0.059029,30.099,-5.5668,-47.781
0.030783,30.876,-5.503,-45.331
0.048824,31.222,-9.3644,-48.125
0.28329,40.856,-2.0127,-95.707
0.31099,41.582,-1.9626,-91.051
0.24614,40.541,-6.1475,-95.638
0.2665,41.182,-6.0594,-91.027
0.22626,40.923,-10.288,-95.514
0.22859,42.057,-10.223,-90.981
0.24358,41.74,-1.9407,-83.922
0.24261,40.807,-6.0099,-84.449
0.1845,42.522,-10.175,-83.847
0.17315,41.396,-6.062,-79.025
0.14378,46.778,-6.0571,-85.683
0.10293,33.618,-1.6179,-58.716
0.13135,33.208,-5.131,-59.967
0.089214,35.3,-8.9256,-60.539
0.026424,35.969,-5.1062,-55.523
0.0534,37.782,-5.474,-61.938
0.35527,29.892,-1.9023,-69.611
0.30349,31.254,-1.7651,-65.024
0.29683,29.521,-5.8425,-70.198
0.27416,30.848,-5.5277,-65.822
0.25783,29.864,-9.8688,-70.681
0.23076,31.729,-9.5009,-66.627
0.050811,90.205,-14.771,-231.45
0.036663,93.975,-14.618,-229.91
0.065049,90.508,-18.932,-230.56
0.026834,94.096,-18.824,-229.4
0.050291,90.449,-23.131,-231.15
0.031144,94.117,-23.042,-229.6
0.026349,94.76,-18.873,-232.32
0.023864,94.587,-14.709,-233.77
0.021756,94.746,-23.071,-233.31
0.056261,94.422,-14.453,-173.08
0.058132,94.151,-18.683,-173.94
0.056038,94.502,-22.886,-173.18
0.055819,93.715,-18.623,-169.05
0.088213,83.64,-14.615,-218.55
0.066275,85.225,-14.652,-222.34
0.10382,84.224,-18.828,-218.19
0.077853,85.615,-18.857,-222.16
0.08452,83.849,-23.044,-218.55
0.069042,85.454,-23.067,-222.28
0.12518,78.782,-14.387,-159.17
0.13091,79.828,-14.27,-154.47
0.12019,78.649,-18.631,-159.19
0.12977,79.265,-18.559,-154.47
0.1189,79.019,-22.882,-159.04
0.12168,80.078,-22.827,-154.29
0.11288,79.996,-14.131,-146.99
0.12377,78.655,-18.482,-147.59
0.1065,80.197,-22.768,-146.8
0.097981,79.038,-18.413,-141.8
0.074755,84.979,-18.381,-148.57
0.1619,65.74,-14.358,-133.78
0.15674,66.911,-14.253,-129.25
0.15362,65.583,-18.605,-133.8
0.1534,66.335,-18.545,-129.27
0.15004,65.916,-22.868,-133.68
0.14417,67.109,-22.83,-129.14
0.10582,67.667,-14.098,-122.03
0.12548,66.323,-18.475,-122.7
0.097573,67.857,-22.793,-121.93
0.073858,67.249,-18.403,-117.04
0.061245,72.268,-18.402,-123.71
0.13474,54.385,-18.532,-103.56
0.042474,31.903,-13.337,-48.553
0.040756,32.145,-17.556,-48.997
0.034022,32.726,-21.788,-49.393
0.20999,40.99,-14.36,-95.626
0.20908,42.124,-14.32,-91.137
0.19716,40.729,-18.575,-95.921
0.19939,41.414,-18.563,-91.458
0.19289,40.945,-22.812,-96.037
0.18789,42.031,-22.826,-91.588
0.1711,42.594,-14.295,-84.048
0.18629,41.082,-18.555,-84.995
0.16254,42.442,-22.843,-84.625
0.14312,41.741,-18.577,-79.557
0.11993,47.096,-18.658,-85.903
0.085812,35.793,-12.967,-61.373
0.11226,34.683,-17.299,-62.329
0.083466,36.274,-21.62,-62.603
0.020079,38.243,-17.076,-57.847
0.053387,38.964,-17.586,-64.171
0.23092,29.965,-13.893,-71.247
0.212,31.936,-13.522,-67.352
0.21553,29.787,-18.054,-71.849
0.20255,31.437,-17.724,-67.933
0.20786,30.048,-22.258,-72.287
0.19272,32.151,-21.98,-68.51
0.048357,90.524,-27.217,-231.04
0.029663,94.158,-27.108,-229.48
0.057624,90.738,-31.374,-230.23
0.022538,94.229,-31.308,-229.03
0.040548,90.632,-35.556,-230.89
0.026272,94.221,-35.515,-229.3
0.022073,94.908,-31.331,-231.84
0.02102,94.795,-27.166,-233.15
0.05496,94.529,-27.064,-173.22
0.058245,94.233,-31.269,-174.05
0.056531,94.566,-35.47,-173.28
0.054902,93.814,-31.267,-169.22
0.084381,83.92,-27.142,-218.54
0.068499,85.53,-27.157,-222.25
0.094654,84.439,-31.332,-218.16
0.07365,85.851,-31.347,-222.06
0.072498,84.022,-35.531,-218.52
0.058841,85.636,-35.541,-222.2
0.11592,79.092,-27.038,-159.04
0.12028,80.154,-26.996,-154.28
0.11224,78.88,-31.315,-159.15
0.1223,79.503,-31.296,-154.41
0.11203,79.198,-35.592,-159.08
0.11738,80.258,-35.585,-154.31
0.10632,80.262,-26.961,-146.78
0.12002,78.859,-31.285,-147.51
0.10944,80.348,-35.583,-146.8
0.09704,79.202,-31.274,-141.69
0.077172,85.218,-31.234,-148.43
0.14658,65.965,-27.048,-133.69
0.14241,67.156,-27.021,-129.15
0.14307,65.739,-31.339,-133.83
0.14544,66.489,-31.329,-129.3
0.14336,66.027,-35.634,-133.77
0.14212,67.204,-35.633,-129.23
0.096891,67.894,-27.009,-121.95
0.12192,66.449,-31.338,-122.73
0.102,67.908,-35.649,-122.03
0.072601,67.357,-31.343,-117.06
0.060687,72.419,-31.307,-123.66
0.13042,54.278,-31.39,-103.8
0.032925,32.943,-25.997,-49.754
0.036677,32.834,-30.295,-50.08
0.035827,33.177,-34.573,-50.355
0.19388,40.894,-26.953,-96.279
0.18648,41.965,-26.967,-91.86
0.1998,40.583,-31.186,-96.628
0.19122,41.219,-31.185,-92.242
0.21049,40.78,-35.435,-96.746
0.1904,41.819,-35.44,-92.357
0.16203,42.363,-26.989,-84.947
0.18214,40.848,-31.174,-85.921
0.17208,42.205,-35.432,-85.499
0.14784,41.493,-31.206,-80.56
0.12706,46.813,-31.355,-86.622
0.083823,36.41,-25.873,-63.115
0.11406,35.096,-30.182,-63.797
0.092326,36.532,-34.501,-63.844
0.02212,38.845,-30.095,-59.315
0.059141,39.258,-30.403,-65.626
0.2092,30.059,-26.414,-72.741
0.19196,32.209,-26.163,-69.003
0.2219,29.828,-30.635,-73.199
0.19456,31.612,-30.416,-69.374
0.23988,30.054,-34.868,-73.492
0.19725,32.257,-34.691,-69.767
0.033961,90.661,-39.642,-230.84
0.026002,94.235,-39.579,-229.26
0.034962,90.83,-43.811,-230.09
0.021061,94.281,-43.78,-228.87
0.02181,94.26,-47.985,-229.19
0.054413,94.578,-39.65,-173.3
0.057203,94.269,-43.859,-174.12
0.055021,94.589,-48.074,-173.33
0.05393,93.857,-43.891,-169.3
0.06654,84.053,-39.619,-218.51
0.050524,85.668,-39.623,-222.18
0.059771,84.537,-43.807,-218.13
0.039009,85.951,-43.81,-222.01
0.028621,84.096,-47.999,-218.51
0.1104,79.234,-39.764,-159.12
0.1172,80.294,-39.767,-154.35
0.10535,78.988,-44.056,-159.26
0.11871,79.612,-44.075,-154.53
0.10422,79.278,-48.357,-159.21
0.11371,80.339,-48.387,-154.45
0.11091,80.38,-39.782,-146.84
0.1229,78.956,-44.102,-147.63
0.11678,80.423,-48.417,-146.95
0.10678,79.285,-44.12,-141.8
0.090178,85.309,-44.074,-148.52
0.14208,66.049,-39.834,-133.84
0.14401,67.219,-39.833,-129.3
0.13843,65.806,-44.141,-134.01
0.14771,66.538,-44.144,-129.49
0.1381,66.085,-48.459,-133.99
0.14622,67.246,-48.463,-129.44
0.10567,67.908,-39.854,-122.1
0.13439,66.458,-44.162,-122.93
0.12105,67.912,-48.472,-122.24
0.08802,67.333,-44.18,-117.25
0.075891,72.437,-44.156,-123.8
0.14465,54.139,-44.121,-104.17
0.040458,33.233,-38.777,-50.604
0.051982,33.017,-43.053,-50.828
0.058641,33.292,-47.319,-51.007
0.02032,34.465,-47.359,-48.061
0.23301,40.738,-39.584,-96.968
0.19765,41.771,-39.58,-92.598
0.25883,40.452,-43.823,-97.285
0.21573,41.064,-43.797,-92.946
0.26491,40.674,-48.08,-97.36
0.22139,41.695,-48.052,-93.006
0.17796,42.155,-39.569,-85.766
0.20151,40.688,-43.75,-86.695
0.19958,42.08,-47.995,-86.197
0.17239,41.335,-43.754,-81.368
0.15467,46.596,-43.926,-87.301
0.09749,36.57,-38.726,-64.159
0.13643,35.212,-42.99,-64.703
0.1214,36.61,-47.279,-64.611
0.035422,39,-42.964,-60.172
0.079454,39.326,-43.157,-66.529
0.26602,30.049,-39.043,-73.808
0.20666,32.272,-38.877,-70.09
0.29469,29.816,-43.274,-74.14
0.22273,31.654,-43.125,-70.321
0.29839,30.046,-47.514,-74.316
0.23626,32.291,-47.392,-70.587
0.020837,94.266,-52.05,-229.17
0.052063,94.588,-52.271,-173.34
0.053808,94.269,-56.503,-174.14
0.051169,94.578,-60.755,-173.33
0.0517,93.857,-56.577,-169.33
0.10262,79.287,-52.557,-159.27
0.11224,80.351,-52.597,-154.52
0.09703,79.017,-56.882,-159.44
0.1115,79.648,-56.936,-154.72
0.095351,79.283,-61.229,-159.41
0.10616,80.357,-61.294,-154.68
0.11686,80.438,-52.643,-147.02
0.12196,79.005,-56.993,-147.84
0.11777,80.47,-61.349,-147.19
0.11736,79.348,-57.027,-142.01
0.1038,85.346,-56.967,-148.71
0.13613,66.103,-52.687,-134.07
0.14654,67.263,-52.686,-129.53
0.13241,65.861,-57.029,-134.27
0.14521,66.59,-57.03,-129.74
0.13191,66.148,-61.395,-134.26
0.14243,67.315,-61.391,-129.71
0.12604,67.919,-52.693,-122.32
0.14941,66.487,-57.031,-123.17
0.14291,67.964,-61.37,-122.47
0.11594,67.34,-57.033,-117.46
0.10757,72.481,-57.026,-124
0.022838,34.085,-55.837,-45.332
0.031664,34.516,-60.084,-45.438
0.16431,54.07,-56.868,-104.53
0.073399,33.307,-51.503,-51.167
0.02813,34.481,-51.55,-48.211
0.095257,33.067,-55.765,-51.309
0.044851,34.061,-55.802,-48.292
0.10969,33.327,-60.026,-51.408
0.056984,34.496,-60.055,-48.433
0.27383,40.661,-52.245,-97.539
0.24003,41.684,-52.204,-93.195
0.2616,40.408,-56.504,-97.817
0.28169,41.018,-56.441,-93.501
0.20475,40.661,-60.78,-97.852
0.27136,41.689,-60.708,-93.514
0.20765,42.072,-52.144,-86.398
0.2463,40.652,-56.349,-87.277
0.25921,42.091,-60.59,-86.715
0.2076,41.309,-56.308,-81.958
0.19489,46.533,-56.492,-87.842
0.13233,36.632,-51.482,-64.806
0.17904,35.276,-55.732,-65.261
0.17393,36.68,-60.003,-65.062
0.074324,39.067,-55.721,-60.676
0.12412,39.385,-55.844,-67.071
0.29698,30.055,-51.696,-74.524
0.25975,32.307,-51.574,-70.793
0.2744,29.841,-55.936,-74.759
0.29521,31.7,-55.824,-70.926
0.21165,30.096,-60.184,-74.844
0.29347,32.357,-60.088,-71.095
0.04757,94.567,-65.001,-173.32
0.047351,94.239,-69.297,-174.11
0.043458,94.54,-73.652,-173.27
0.046951,93.832,-69.454,-169.29
0.095133,79.273,-65.488,-159.51
0.10354,80.355,-65.563,-154.79
0.093806,78.993,-69.885,-159.73
0.10108,79.647,-69.975,-155.05
0.095767,79.265,-74.334,-159.76
0.096316,80.37,-74.426,-155.1
0.11484,80.484,-65.636,-147.31
0.11386,79.059,-70.064,-148.2
0.10964,80.571,-74.508,-147.63
0.11824,79.469,-70.123,-142.37
0.1067,85.394,-70.019,-149.08
0.13297,66.177,-65.686,-134.37
0.13993,67.351,-65.676,-129.81
0.13829,65.955,-70.108,-134.59
0.13822,66.707,-70.102,-130.05
0.16144,66.285,-74.582,-134.62
0.13826,67.492,-74.564,-130.04
0.14381,67.995,-65.653,-122.57
0.14912,66.592,-70.082,-123.44
0.14762,68.131,-74.521,-122.71
0.1397,67.431,-70.08,-117.66
0.14239,72.658,-70.073,-124.2
0.048632,34.519,-64.272,-45.516
0.03024,33.563,-64.294,-42.274
0.081194,34.092,-68.522,-45.568
0.054675,33.321,-68.544,-42.33
0.10464,34.516,-72.788,-45.616
0.08015,33.552,-72.805,-42.379
0.033211,34.475,-72.818,-39.236
0.023212,36.002,-68.554,-42.471
0.036134,36.755,-72.822,-42.538
0.20944,54.088,-69.768,-104.92
0.13321,33.337,-64.211,-51.495
0.078246,34.502,-64.244,-48.515
0.16379,33.097,-68.481,-51.569
0.11259,34.078,-68.502,-48.537
0.18874,33.36,-72.764,-51.598
0.1364,34.511,-72.777,-48.613
0.13705,40.68,-64.972,-97.999
0.23354,41.72,-64.884,-93.666
0.07763,40.464,-69.264,-98.254
0.17268,41.104,-69.154,-93.944
0.049154,40.761,-73.578,-98.274
0.14242,41.837,-73.449,-93.938
0.26319,42.132,-64.759,-86.866
0.27077,40.773,-69.002,-87.707
0.2646,42.293,-73.246,-87.107
0.26968,41.463,-68.902,-82.366
0.23861,46.657,-69.107,-88.278
0.19512,36.72,-64.202,-65.163
0.25868,35.392,-68.465,-65.55
0.26184,36.839,-72.737,-65.241
0.14071,39.172,-68.451,-60.894
0.18766,39.534,-68.518,-67.318
0.15074,30.136,-64.378,-74.967
0.27499,32.398,-64.274,-71.211
0.085779,29.96,-68.636,-75.124
0.24403,31.825,-68.539,-71.267
0.05644,30.267,-72.905,-75.131
0.18995,32.533,-72.815,-71.349
0.039591,94.509,-78.028,-173.27
0.037719,94.137,-82.483,-174.17
0.034984,94.343,-87.051,-173.47
0.038504,93.779,-82.763,-169.44
0.10504,79.302,-78.734,-159.98
0.097171,80.42,-78.827,-155.36
0.13814,79.234,-83.365,-160.43
0.10903,79.869,-83.425,-155.84
0.15182,80.752,-88.605,-160.76
0.12369,81.243,-88.29,-156.2
0.10447,80.63,-78.914,-147.94
0.10406,79.267,-83.473,-149.16
0.10236,80.865,-87.98,-149.02
0.10628,79.771,-83.533,-143.51
0.098747,85.769,-83.364,-149.92
0.029768,34.48,-77.022,-36.21
0.068649,34.012,-81.269,-36.242
0.038245,33.376,-81.262,-33.056
0.11351,34.426,-85.542,-36.272
0.078006,33.602,-85.518,-33.111
0.029177,34.775,-85.51,-30.007
0.035333,36.983,-85.563,-33.237
0.19813,66.386,-79.017,-134.82
0.1571,67.613,-78.994,-130.21
0.20439,66.383,-83.685,-135.22
0.19456,67.137,-83.635,-130.56
0.17037,67.973,-88.966,-135.51
0.1906,68.608,-88.565,-130.74
0.14471,68.202,-78.943,-122.85
0.15969,66.812,-83.557,-123.84
0.16554,68.369,-88.227,-123.12
0.14652,67.499,-83.644,-117.87
0.15408,73.244,-83.68,-124.34
0.13948,34.51,-77.009,-45.641
0.11723,33.54,-76.999,-42.412
0.060276,34.46,-77.015,-39.272
0.19271,34.066,-81.308,-45.647
0.16831,33.28,-81.284,-42.431
0.11035,33.991,-81.279,-39.279
0.26129,34.463,-85.668,-45.651
0.22769,33.479,-85.603,-42.447
0.15782,34.4,-85.574,-39.323
0.11747,35.978,-81.326,-42.558
0.07451,38.333,-81.385,-42.675
0.062852,36.749,-77.031,-42.566
0.15971,36.715,-85.688,-42.594
0.19094,54.176,-83.02,-105.64
0.22291,33.373,-76.986,-51.617
0.17094,34.513,-77.003,-48.633
0.31377,33.129,-81.312,-51.623
0.23235,34.075,-81.317,-48.599
0.33703,33.372,-85.691,-51.573
0.30648,34.485,-85.701,-48.617
0.026588,40.831,-77.819,-98.418
0.093982,41.941,-77.671,-94.085
0.034476,41.417,-82.008,-94.373
0.022969,42.29,-86.379,-94.414
0.20303,42.43,-77.455,-87.234
0.095744,41.185,-81.776,-88.06
0.093652,42.892,-86.071,-87.46
0.20041,41.962,-81.616,-82.636
0.26077,47.127,-81.853,-88.706
0.25768,36.932,-76.971,-65.246
0.23778,35.673,-81.309,-65.559
0.20515,37.242,-85.671,-65.047
0.23129,39.432,-81.334,-60.745
0.26612,39.949,-81.312,-67.188
0.033378,30.371,-77.134,-75.176
0.12513,32.635,-77.033,-71.382
0.052602,32.141,-81.354,-71.36
0.034514,32.984,-85.702,-71.326
0.020226,97.831,-95.39,-166.97
0.051611,93.461,-96.625,-167.01
0.024413,97.838,-96.562,-162.53
0.05593,93.454,-97.624,-162.34
0.029149,97.865,-95.944,-158.3
0.060503,93.623,-97.55,-158.05
0.034305,97.93,-96.061,-154.24
0.068841,93.869,-97.74,-154.06
0.062276,90.163,-96.74,-153.68
0.037351,97.983,-96.923,-150.13
0.079041,93.985,-98.186,-149.98
0.066413,90.382,-97.511,-149.83
0.038657,97.926,-96.173,-146.03
0.09198,93.841,-97.829,-145.87
0.076993,90.009,-96.762,-145.86
0.082913,94.531,-95.226,-149.97
0.066906,94.557,-91.891,-149.89
0.075446,94.337,-93.906,-153.88
0.087269,94.196,-93.954,-145.97
0.044429,97.867,-96.205,-142.02
0.10246,93.636,-97.798,-141.9
0.08556,89.52,-96.603,-141.83
0.046474,97.861,-97.052,-137.92
0.1077,93.562,-98.186,-137.73
0.094925,89.381,-97.26,-137.56
0.040484,97.836,-96.362,-133.79
0.11113,93.557,-97.963,-133.49
0.10572,89.431,-96.808,-133.22
0.096666,93.653,-95.06,-137.71
0.070218,93.817,-91.798,-137.7
0.095709,93.77,-93.841,-141.94
0.083109,93.658,-93.989,-133.42
0.039234,97.846,-96.596,-129.67
0.11013,93.582,-98.216,-129.33
0.10963,89.489,-97.106,-128.94
0.038517,97.898,-97.742,-125.29
0.096993,93.638,-98.92,-124.83
0.10934,89.522,-98.122,-124.5
0.028649,97.914,-97.399,-120.55
0.072265,93.663,-99.089,-119.82
0.094516,89.506,-98.096,-119.57
0.067329,93.728,-95.738,-124.81
0.039575,93.79,-92.245,-124.94
0.076009,93.688,-94.251,-129.2
0.034718,93.714,-94.546,-120.26
0.063133,89.439,-98.272,-113.09
0.043654,93.65,-99.717,-114.01
0.055044,35.142,-98.386,-17.454
0.034694,34.063,-98.465,-14.205
0.085341,85.247,-96.387,-142.02
0.1259,80.692,-97.412,-142.14
0.090659,85.212,-97.259,-137.47
0.10128,80.809,-98.204,-137.32
0.10019,85.306,-96.904,-133.02
0.10094,81.067,-98.216,-132.83
0.10847,85.453,-97.261,-128.71
0.10541,81.379,-98.606,-128.58
0.11299,77.625,-97.435,-128.11
0.1146,85.562,-98.306,-124.27
0.11132,81.533,-99.368,-124.13
0.11344,77.859,-98.552,-123.9
0.11606,85.496,-98.321,-119.37
0.12249,81.404,-99.683,-119.21
0.1203,77.518,-98.424,-119.18
0.11821,82.122,-96.074,-123.83
0.12106,82.134,-92.656,-123.6
0.11636,81.898,-94.523,-128.09
0.12107,81.812,-95.151,-119.21
0.13026,77.097,-98.534,-112.83
0.13062,81.223,-100.41,-113.59
0.092745,85.368,-98.514,-112.95
0.10694,81.167,-98.956,-109.04
0.099664,81.359,-94.331,-113.18
0.035826,34.852,-89.73,-26.938
0.10893,34.336,-93.976,-26.958
0.07118,33.627,-93.993,-23.694
0.028291,34.504,-94.031,-20.49
0.21436,34.867,-98.265,-27.048
0.16295,33.926,-98.291,-23.768
0.091092,35.104,-98.328,-20.596
0.035543,36.571,-94.034,-23.808
0.020598,39.342,-94.084,-23.969
0.097171,37.571,-98.347,-23.954
0.18336,34.376,-89.771,-36.304
0.14685,33.57,-89.715,-33.145
0.073012,34.76,-89.726,-30.05
0.31384,33.851,-94.047,-36.328
0.26877,33.27,-93.977,-33.156
0.16647,34.226,-93.973,-30.032
0.32721,34.203,-98.363,-36.376
0.34241,33.462,-98.263,-33.217
0.28775,34.723,-98.256,-30.15
0.17203,36.074,-94.079,-33.274
0.11299,38.624,-94.175,-33.422
0.078961,36.956,-89.802,-33.285
0.27685,36.879,-98.424,-33.414
0.17694,63.758,-97.732,-112.46
0.19159,68.237,-99.395,-114
0.14113,72.835,-98.096,-113.08
0.17291,68.27,-98.585,-108.77
0.15606,68.741,-93.283,-113.19
0.32282,34.387,-89.997,-45.64
0.32438,33.408,-89.866,-42.454
0.24392,34.336,-89.823,-39.347
0.23343,33.793,-94.43,-45.613
0.27824,33.035,-94.214,-42.447
0.32089,33.783,-94.129,-39.338
0.12014,33.992,-99.103,-45.597
0.15437,33.07,-98.607,-42.429
0.25721,34.085,-98.474,-39.385
0.32023,35.749,-94.407,-42.577
0.26628,38.081,-94.679,-42.719
0.2265,36.651,-89.999,-42.604
0.28909,36.302,-99.029,-42.624
0.086936,55.101,-91.878,-111.06
0.056639,53.997,-96.107,-106.95
0.12067,59.549,-96.201,-112.16
0.21302,33.322,-90.051,-51.529
0.28985,34.415,-90.065,-48.588
0.10529,32.962,-94.604,-51.504
0.18268,33.833,-94.592,-48.518
0.040768,33.345,-99.762,-51.563
0.082256,34.225,-99.653,-48.629
0.069298,43.24,-90.402,-87.671
0.063842,43.139,-94.809,-83.059
0.10799,48.263,-95.077,-89.318
0.16016,37.436,-90.039,-64.883
0.051093,36.204,-94.59,-65.073
0.02923,37.858,-99.368,-64.035
0.19031,39.69,-94.963,-59.749
0.15691,40.866,-94.803,-66.099
0.059323,35.277,-102.97,-7.9812
0.057212,34.142,-103.08,-4.8354
0.045177,35.249,-103.27,-1.6039
0.22393,34.916,-107.42,-8.0891
0.22926,34.072,-107.58,-4.9031
0.19328,34.768,-107.7,-1.603
0.14483,36.799,-107.64,-4.853
0.1059,39.516,-107.73,-4.8205
0.035102,37.583,-103.18,-4.7826
0.032804,97.915,-109.05,-101.94
0.078969,93.684,-109.95,-102.09
0.0959,89.561,-109,-101.98
0.023135,97.897,-108.44,-97.85
0.055835,93.72,-109.86,-97.861
0.07405,89.655,-108.59,-97.802
0.042079,93.754,-106.92,-101.92
0.040128,93.761,-109.97,-93.9
0.059133,89.729,-108.72,-93.784
0.029531,93.806,-110.41,-89.833
0.04841,89.786,-109.42,-89.737
0.027765,89.893,-108.88,-85.672
0.15318,35.219,-102.72,-17.53
0.12956,34.171,-102.79,-14.267
0.079459,35.287,-102.87,-11.061
0.33438,34.73,-107.18,-17.621
0.32712,34.05,-107.29,-14.347
0.25733,34.899,-107.34,-11.114
0.23506,35.525,-111.99,-17.763
0.24667,35.084,-112.37,-14.514
0.30341,35.84,-112.17,-11.289
0.2181,37.113,-107.36,-14.428
0.15243,39.771,-107.44,-14.54
0.074386,37.921,-102.85,-14.343
0.36407,38.673,-112.51,-14.681
0.1194,85.517,-108.99,-101.94
0.12791,81.277,-109.89,-101.98
0.12734,77.035,-108.98,-101.8
0.10304,85.583,-108.58,-97.756
0.13474,81.395,-109.83,-97.722
0.13585,77.215,-108.53,-97.602
0.12421,81.292,-106.53,-101.85
0.10777,81.308,-103.44,-101.55
0.1098,81.427,-105.65,-97.622
0.087881,85.681,-108.7,-93.718
0.13217,81.525,-109.94,-93.691
0.14574,77.389,-108.63,-93.557
0.07769,85.81,-109.39,-89.66
0.12522,81.667,-110.3,-89.59
0.1476,77.549,-109.29,-89.483
0.0531,85.912,-108.85,-85.581
0.1103,81.821,-110.04,-85.487
0.13319,77.763,-108.71,-85.387
0.085455,81.721,-106.92,-89.541
0.04964,81.762,-103.65,-89.471
0.093667,81.572,-105.76,-93.587
0.053709,81.891,-105.91,-85.451
0.037371,86.034,-108.88,-81.566
0.091139,81.975,-110.05,-81.49
0.12344,77.96,-108.7,-81.359
0.027237,86.172,-109.49,-77.492
0.075078,82.127,-110.34,-77.384
0.1107,78.128,-109.29,-77.261
0.052121,82.281,-110.05,-73.244
0.076729,78.339,-108.7,-73.112
0.027982,82.213,-107,-77.347
0.034121,82.059,-105.92,-81.429
0.033257,82.416,-110.08,-69.182
0.057654,78.514,-108.75,-69.014
0.044621,78.653,-109.44,-64.847
0.02082,78.817,-109.02,-60.577
0.31585,34.869,-102.55,-27.114
0.31016,33.954,-102.57,-23.83
0.21331,35.155,-102.65,-20.668
0.22793,34.334,-106.92,-27.155
0.26651,33.737,-107.01,-23.89
0.3172,34.635,-107.09,-20.701
0.085212,35.041,-111.63,-27.288
0.10407,34.606,-112.02,-24.077
0.18865,35.368,-111.88,-20.905
0.32459,36.728,-107.15,-24.06
0.26166,39.332,-107.25,-24.25
0.20262,37.624,-102.69,-24.041
0.26019,38.12,-112.23,-24.307
0.1976,34.095,-102.58,-36.409
0.21836,33.407,-102.48,-33.255
0.29061,34.699,-102.52,-30.205
0.074436,33.56,-106.82,-36.445
0.099543,33.155,-106.82,-33.287
0.17488,34.157,-106.86,-30.186
0.020288,34.263,-111.48,-36.65
0.028426,34.119,-111.77,-33.537
0.060148,34.929,-111.56,-30.4
0.1797,35.98,-107.03,-33.474
0.25874,38.411,-107.24,-33.688
0.30771,36.833,-102.7,-33.483
0.061769,37.424,-112.12,-33.79
0.14393,72.891,-108.99,-101.72
0.20456,68.604,-109.95,-101.71
0.083641,64.291,-109.1,-101.48
0.13866,73.061,-108.53,-97.514
0.20435,68.854,-109.83,-97.437
0.16908,64.64,-108.6,-97.277
0.19144,68.553,-106.59,-101.61
0.18401,68.501,-103.51,-101.34
0.17256,68.838,-105.67,-97.356
0.14135,73.27,-108.61,-93.469
0.1668,69.103,-109.88,-93.403
0.22481,64.945,-108.63,-93.238
0.14705,73.506,-109.25,-89.394
0.13972,69.357,-110.18,-89.296
0.21284,65.214,-109.2,-89.168
0.14805,73.721,-108.64,-85.296
0.14053,69.62,-109.85,-85.188
0.16332,65.531,-108.53,-85.083
0.14484,69.376,-106.81,-89.265
0.15088,69.396,-103.53,-89.203
0.15032,69.112,-105.72,-93.321
0.15194,69.655,-105.71,-85.168
0.14169,73.955,-108.61,-81.266
0.14773,69.886,-109.79,-81.187
0.15025,65.841,-108.45,-81.057
0.13439,74.199,-109.19,-77.165
0.15137,70.151,-110.04,-77.069
0.15459,66.132,-108.99,-76.947
0.10875,74.414,-108.59,-73.008
0.14936,70.424,-109.73,-72.908
0.15832,66.471,-108.38,-72.761
0.13877,70.206,-106.7,-77.017
0.11212,70.243,-103.48,-76.92
0.14652,69.938,-105.66,-81.134
0.11228,70.491,-105.63,-72.799
0.08797,74.632,-108.64,-68.91
0.13735,70.686,-109.76,-68.837
0.16181,66.785,-108.42,-68.62
0.074557,74.86,-109.36,-64.76
0.12383,70.944,-110.18,-64.674
0.15463,67.06,-109.14,-64.392
0.047171,75.065,-109,-60.537
0.10468,71.245,-110.12,-60.494
0.12361,67.383,-108.72,-59.945
0.07851,71.022,-106.92,-64.437
0.042764,71.104,-103.84,-64.161
0.089042,70.76,-105.69,-68.644
0.045438,71.365,-106.19,-60.075
0.052104,33.551,-103.36,-45.322
0.076047,32.801,-102.79,-42.31
0.15042,33.907,-102.67,-39.369
0.022686,32.372,-106.87,-42.199
0.049268,33.313,-106.83,-39.316
0.044083,35.045,-107.19,-42.246
0.10753,37.409,-107.4,-42.601
0.16124,36.006,-103.3,-42.45
0.023146,60.124,-109.17,-101.31
0.072555,60.479,-108.64,-97.124
0.1194,60.823,-108.65,-93.1
0.16294,61.153,-109.19,-89.048
0.030447,56.996,-110.13,-88.9
0.20073,61.458,-108.49,-84.977
0.077556,57.326,-109.7,-84.837
0.020493,53.185,-108.38,-84.734
0.1165,57.076,-106.77,-88.895
0.16322,57.185,-103.52,-88.829
0.095387,56.853,-105.82,-92.874
0.18314,57.378,-105.56,-84.851
0.20307,61.806,-108.38,-80.964
0.14686,57.699,-109.57,-80.872
0.04571,53.581,-108.23,-80.754
0.18179,62.185,-108.91,-76.861
0.2112,58.119,-109.79,-76.77
0.088675,54.054,-108.77,-76.654
0.16445,62.547,-108.29,-72.668
0.22581,58.57,-109.47,-72.597
0.18858,54.629,-108.2,-72.472
0.21834,58.159,-106.46,-76.71
0.2067,58.209,-103.27,-76.605
0.22445,57.739,-105.44,-80.844
0.19446,58.633,-105.41,-72.452
0.16284,62.919,-108.33,-68.501
0.19086,59.011,-109.52,-68.477
0.25222,55.18,-108.29,-68.339
0.16375,63.267,-109.05,-64.175
0.16549,59.383,-109.94,-64.12
0.23779,55.624,-109.05,-64.058
0.14942,63.498,-108.54,-59.367
0.16645,59.619,-109.73,-59.257
0.19141,55.975,-108.71,-59.339
0.16254,59.513,-106.73,-63.927
0.15601,59.62,-103.71,-63.731
0.17036,59.102,-105.5,-68.253
0.15434,59.892,-105.87,-59.213
0.176,56,-109.04,-53.191
0.16838,59.536,-110.3,-53.516
0.11889,63.234,-108.79,-52.506
0.14223,59.385,-109.72,-48.865
0.11982,59.885,-105.46,-53.047
0.22069,52.696,-109.22,-53.489
0.21394,49.549,-110.69,-54.364
0.16683,46.598,-109.33,-53.957
0.22968,49.728,-105.63,-53.942
0.22138,49.748,-110.08,-50.204
0.11386,41.371,-105.11,-53.982
0.027091,50.017,-108.66,-76.575
0.083605,50.704,-108.13,-72.405
0.14235,51.405,-108.26,-68.307
0.022158,47.597,-109.4,-68.278
0.19399,52.036,-109.06,-64.092
0.055735,48.385,-109.91,-64.109
0.22413,52.535,-108.81,-59.482
0.14386,49.105,-109.95,-59.566
0.067416,45.84,-108.81,-59.68
0.15746,48.589,-106.71,-63.918
0.19089,48.726,-103.7,-63.779
0.11765,47.863,-105.45,-68.037
0.21517,49.309,-105.96,-59.578
0.032258,75.199,-122.96,-5.789
0.021596,75.182,-121.63,-9.4743
0.061675,71.274,-122.46,-1.9181
0.08135,71.246,-123.27,-5.7779
0.064925,71.21,-122.17,-9.4957
0.079744,67.324,-121.71,-1.9166
0.10593,67.284,-122.92,-5.726
0.089289,67.246,-121.57,-9.3914
0.026058,71.235,-120.33,-5.6163
0.044747,67.253,-119.2,-5.5531
0.11905,63.462,-121.68,-1.8968
0.16288,63.448,-122.88,-5.6695
0.12782,63.349,-121.53,-9.3037
0.21509,59.54,-122.36,-1.8592
0.2119,59.492,-123.14,-5.6112
0.20128,59.408,-122.05,-9.2378
0.21789,55.546,-121.51,-1.8437
0.20524,55.508,-122.71,-5.5168
0.20782,55.451,-121.4,-9.0629
0.16746,59.443,-120.23,-5.4694
0.047872,59.368,-117.15,-5.3391
0.061063,63.375,-119.17,-5.5033
0.22777,55.45,-119.02,-5.372
0.23542,51.632,-121.36,-1.8088
0.24346,51.626,-122.53,-5.4199
0.24138,51.536,-121.23,-8.9034
0.26809,47.624,-121.86,-1.7538
0.25176,47.567,-122.52,-5.3378
0.25696,47.533,-121.51,-8.789
0.22132,43.314,-120.33,-1.727
0.15952,43.082,-120.98,-5.2038
0.1971,43.28,-120.3,-8.5817
0.26802,47.531,-119.63,-5.2111
0.2417,47.476,-116.68,-5.1109
0.21751,51.541,-118.85,-5.2793
0.37437,43.036,-117.44,-5.1086
0.022784,75.179,-121.4,-13.263
0.037203,75.195,-122.26,-17.249
0.025065,75.342,-120.59,-21.077
0.069228,71.169,-121.91,-13.255
0.094974,71.133,-122.48,-17.26
0.078386,71.149,-121.13,-21.165
0.095838,67.173,-121.31,-13.161
0.12505,67.077,-122.17,-17.124
0.11299,66.99,-120.58,-20.932
0.026614,71.207,-119.16,-17.005
0.05495,67.09,-118.16,-16.815
0.13083,63.245,-121.29,-13.032
0.16588,63.128,-122.16,-16.94
0.14456,62.944,-120.63,-20.68
0.19716,59.281,-121.82,-12.876
0.19701,59.107,-122.42,-16.728
0.18974,58.899,-121.23,-20.458
0.20498,55.31,-121.17,-12.667
0.1999,55.088,-122.06,-16.432
0.20284,54.852,-120.61,-20.07
0.16098,59.086,-119.24,-16.482
0.067527,59.045,-116.15,-16.26
0.07983,63.085,-118.2,-16.628
0.21044,55.072,-118.18,-16.177
0.24174,51.378,-121.01,-12.422
0.24599,51.154,-121.92,-16.086
0.23938,50.877,-120.52,-19.618
0.24999,47.357,-121.32,-12.15
0.22166,47.067,-121.92,-15.709
0.22534,46.842,-120.93,-19.152
0.27293,47.078,-118.8,-15.5
0.24595,47.094,-115.99,-15.383
0.21631,51.112,-118.05,-15.839
0.0239,75.734,-119.9,-25.174
0.038804,75.967,-120.54,-29.687
0.041398,75.645,-119.24,-34.223
0.085107,71.206,-120.73,-25.153
0.12267,71.18,-121.33,-29.475
0.11704,71.026,-120.1,-33.849
0.12485,66.904,-120.24,-24.866
0.15437,66.751,-121.14,-29.014
0.14947,66.454,-119.58,-32.942
0.043536,71.136,-118.04,-29.332
0.09422,66.627,-117.08,-28.611
0.15107,62.783,-120.32,-24.528
0.17454,62.607,-121.2,-28.532
0.16928,62.264,-119.68,-32.162
0.18632,58.671,-120.95,-24.203
0.18256,58.411,-121.54,-28.123
0.18317,58.14,-120.39,-31.68
0.20828,54.561,-120.33,-23.791
0.22573,54.19,-121.2,-27.728
0.22835,53.755,-119.67,-31.614
0.18202,58.369,-118.47,-27.431
0.1309,58.159,-115.26,-27.31
0.12383,62.453,-117.25,-27.892
0.2082,54.09,-117.36,-27.287
0.23634,50.561,-120.26,-23.194
0.22517,50.151,-121.14,-26.938
0.20903,49.525,-119.7,-30.567
0.18822,46.521,-120.74,-22.475
0.10158,46.055,-121.32,-25.891
0.089777,45.562,-120.42,-28.916
0.24629,46.085,-118.41,-25.287
0.27007,46.102,-115.53,-25.425
0.23813,50.003,-117.36,-26.503
0.055654,44.485,-120.19,-32.054
0.14764,47.871,-119.27,-33.84
0.041673,45.642,-120.23,-36.653
0.1745,61.752,-119.67,-41.113
0.19244,58.504,-120.3,-41.4
0.25244,55.065,-119.47,-41.737
0.17206,61.839,-119.07,-36.329
0.18624,58.141,-119.95,-36.092
0.23744,54.119,-118.95,-36.413
0.17847,58.026,-117.23,-41.215
0.17775,57.933,-114.37,-40.753
0.18079,57.679,-116.12,-35.798
0.020568,45.679,-119.39,-40.985
0.058192,47.842,-119.97,-39.413
0.17863,50.563,-118.93,-37.62
0.041823,49.196,-120.16,-43.518
0.15919,52.039,-119.41,-42.464
0.15264,49.2,-117.34,-43.192
0.23029,48.931,-114.9,-42.868
0.19064,47.889,-116.61,-38.882
0.027098,97.902,-139.56,-101.97
0.024876,97.908,-140.61,-97.954
0.028113,97.915,-140.65,-93.95
0.038067,97.908,-139.86,-89.825
0.030963,97.926,-141.3,-85.576
0.030047,93.665,-139.47,-89.861
0.027718,93.715,-140.96,-85.592
0.087065,89.737,-138.27,-73.33
0.14076,93.863,-138.54,-73.466
0.030826,93.799,-142.28,-73.559
0.062628,97.964,-138.98,-73.735
0.042041,97.947,-142.6,-73.929
0.062584,89.677,-138.13,-76.997
0.13412,93.839,-138.36,-77.093
0.02741,93.77,-141.63,-76.812
0.057304,97.963,-138.87,-77.316
0.044368,97.942,-142.02,-77.178
0.025953,89.609,-138.76,-80.712
0.10034,93.805,-138.95,-80.684
0.055515,97.954,-139.49,-80.689
0.03884,97.929,-142.06,-79.971
0.028403,97.937,-142.43,-82.32
0.023985,97.894,-127.01,-144.94
0.08455,41.648,-109.57,-49.805
0.091503,43.69,-109.16,-53.959
0.023345,46.431,-114.01,-54.231
0.085299,49.537,-114.33,-54.478
0.23587,52.756,-113.89,-54.014
0.02596,52.775,-121.04,-51.995
0.069103,52.866,-118.71,-52.927
0.13559,52.745,-117.97,-50.552
0.15788,52.546,-118.39,-47.075
0.044096,49.62,-118.21,-51.179
0.21427,49.606,-115.55,-47.573
0.050959,49.573,-118.95,-47.926
0.060034,49.626,-116.35,-52.861
0.18106,52.815,-116,-52.301
0.038222,52.828,-118.82,-55.585
0.033125,49.535,-116.31,-55.332
0.12458,52.868,-116.16,-55.13
0.027527,52.638,-118.26,-58.45
0.035532,49.349,-115.05,-57.473
0.13518,52.741,-114.88,-57.37
0.20759,56.081,-113.75,-53.737
0.16911,59.629,-113.88,-53.671
0.16348,63.381,-112.88,-52.82
0.089445,56.13,-121.08,-51.668
0.21254,59.621,-121.13,-51.351
0.17715,63.232,-121.11,-50.882
0.19784,56.217,-118.68,-52.618
0.20536,59.771,-118.65,-52.308
0.16129,63.47,-118.38,-51.657
0.16879,62.933,-117.76,-49.004
0.17102,62.234,-118.43,-45.566
0.19215,59.47,-118.1,-50.024
0.22259,56.019,-117.93,-50.168
0.18143,58.674,-115.25,-46.004
0.23469,55.653,-118.4,-46.581
0.19764,59.015,-118.97,-46.452
0.23729,56.113,-115.9,-51.968
0.17014,59.669,-116.02,-51.829
0.17303,63.358,-115.25,-50.661
0.038889,56.182,-121.77,-55.06
0.15478,59.768,-121.79,-54.8
0.1977,63.465,-121.74,-54.458
0.14177,56.279,-118.8,-55.363
0.22067,59.903,-118.73,-55.089
0.15612,63.685,-118.44,-54.633
0.24809,56.261,-116.07,-54.886
0.17315,59.901,-115.98,-54.613
0.16511,63.898,-115.22,-53.982
0.022091,56.052,-121.67,-58.427
0.10218,59.7,-121.7,-58.249
0.19856,63.429,-121.68,-58.017
0.11293,56.171,-118.24,-58.312
0.21773,59.823,-118.21,-58.124
0.15959,63.591,-118.02,-57.858
0.23409,56.185,-114.78,-57.197
0.17492,59.795,-114.74,-57.026
0.16101,63.627,-114.14,-56.814
0.034266,70.154,-113.89,-39.943
0.044544,76.083,-118.27,-38.868
0.10286,73.757,-119.77,-39.883
0.13446,72.798,-120.82,-42.145
0.142,75.331,-123.03,-42.639
0.1134,75.99,-121.86,-40.132
0.12946,70.477,-120,-37.779
0.1588,69.807,-120.94,-41.389
0.1496,69.885,-119.81,-44.708
0.1022,69.833,-117.27,-40.807
0.15932,65.896,-119.06,-36.922
0.17478,65.509,-119.83,-41.09
0.17208,65.872,-118.72,-44.932
0.13959,65.456,-115.72,-40.455
0.15983,67.004,-121.2,-50.414
0.16771,67.293,-118.24,-50.895
0.14298,67.149,-115.03,-49.559
0.16842,66.666,-117.96,-48.053
0.15984,71.108,-121.47,-49.697
0.1356,71.572,-118.34,-49.65
0.10031,71.158,-115.43,-48.586
0.13328,70.924,-118.59,-46.938
0.087233,72.835,-117.81,-41.934
0.02903,75.173,-115.22,-41.59
0.1095,76.309,-121.07,-43.553
0.14194,75.197,-122.57,-45.565
0.10438,74.33,-119.46,-43.264
0.12792,72.819,-119.78,-44.769
0.069579,76.349,-118.41,-43.715
0.14322,75.21,-121.97,-49.151
0.097821,75.628,-118.3,-48.546
0.050413,74.928,-114.61,-47.419
0.14354,67.797,-114.63,-53.409
0.16244,67.515,-118.2,-54.11
0.14879,67.249,-121.72,-54.09
0.10963,71.553,-114.66,-52.982
0.14626,71.42,-118.18,-53.523
0.157,71.139,-121.81,-53.683
0.072311,75.304,-114.35,-52.484
0.11771,75.273,-118.17,-53.003
0.14992,75.033,-121.98,-53.354
0.15068,67.527,-113.92,-56.853
0.15588,67.406,-117.92,-57.589
0.15478,67.214,-121.69,-57.772
0.12443,71.423,-114.2,-56.938
0.15225,71.255,-117.98,-57.341
0.14848,71.048,-121.78,-57.541
0.091426,75.226,-114.03,-56.772
0.13119,75.082,-118,-57.113
0.15186,74.895,-121.9,-57.364
0.1716,44.374,-116.56,-32.062
0.15701,42.872,-115.32,-35.35
0.041945,42.579,-117.91,-35.304
0.020037,40.978,-119.32,-31.319
0.027305,35.141,-115.13,-27.391
0.037182,35.032,-115.6,-24.218
0.091322,35.515,-115.45,-21.044
0.022072,32.393,-116.48,-20.861
0.021933,34.542,-117.67,-21.044
0.031226,41.524,-119.44,-28.151
0.022676,38.353,-119.39,-24.69
0.070504,38.972,-119.31,-21.501
0.2174,41.778,-116.67,-24.677
0.038456,41.595,-120.14,-25.092
0.1125,42.255,-119.73,-21.856
0.08935,37.22,-117.41,-21.235
0.028744,36.644,-117.56,-24.425
0.021396,36.764,-117.08,-27.618
0.025152,86.748,-121.97,-43.882
0.055937,83.065,-121.86,-43.794
0.083879,79.55,-121.6,-43.637
0.057899,86.615,-123.89,-45.995
0.092981,82.823,-123.73,-45.894
0.12245,79.057,-123.39,-45.76
0.052222,86.659,-124.4,-43.22
0.0872,82.881,-124.23,-43.116
0.11913,79.129,-123.89,-42.933
0.023492,86.769,-122.81,-40.77
0.054277,83.062,-122.7,-40.691
0.082742,79.464,-122.41,-40.444
0.044389,79.548,-118.5,-43.79
0.024138,79.529,-118.27,-39.346
0.11223,35.718,-115.6,-17.846
0.095477,35.639,-116.05,-14.623
0.15911,36.135,-115.81,-11.4
0.029362,32.574,-116.67,-17.668
0.036748,32.732,-116.88,-14.461
0.04745,32.964,-116.94,-11.245
0.0292,34.755,-117.85,-17.863
0.035334,34.902,-118.1,-14.626
0.048518,35.203,-118.1,-11.379
0.023759,37.468,-120.55,-11.571
0.084928,39.243,-119.48,-18.267
0.14032,42.558,-119.9,-18.615
0.060731,39.166,-119.89,-14.986
0.10885,39.748,-119.72,-11.704
0.35532,42.579,-116.99,-15.09
0.11478,42.517,-120.65,-15.278
0.18138,43.071,-120.18,-11.888
0.13841,37.931,-117.78,-11.527
0.077572,37.353,-118.01,-14.786
0.10661,37.455,-117.57,-18.046
0.027267,90.433,-123.98,-46.075
0.024122,90.464,-124.47,-43.303
0.086579,34.277,-117.11,-1.5909
0.069235,33.565,-117.11,-4.8007
0.058326,33.218,-117.02,-8.0286
0.02926,36.074,-120.4,-1.6088
0.10407,36.469,-117.95,-1.6284
0.072488,35.762,-118.21,-4.9068
0.06098,35.469,-118.15,-8.1646
0.22551,37.12,-115.95,-1.6588
0.35583,36.167,-112.5,-1.6381
0.164,36.391,-116.21,-4.946
0.18441,36.376,-115.87,-8.1816
0.32745,38.793,-112.71,-4.9706
0.34598,35.467,-112.63,-4.945
0.3294,35.972,-112.24,-8.1636
0.024502,39.115,-122.36,-1.671
0.066472,38.338,-119.98,-1.6617
0.20833,38.772,-117.5,-1.6823
0.16262,40.202,-119.3,-1.7086
0.039897,37.902,-120.52,-5.0018
0.13898,38.114,-118.07,-5.0293
0.10801,39.848,-119.94,-5.0913
0.030151,37.724,-120.58,-8.3138
0.16067,38.182,-117.8,-8.3048
0.12665,39.986,-119.76,-8.4144
0.070871,46.839,-105.2,-72.065
0.075751,46.282,-103.03,-76.023
0.023505,38.997,-102.95,-63.166
0.025624,42.639,-108.61,-59.717
0.027924,39.952,-105.22,-59.655
0.060687,56.347,-105.77,-96.82
0.065417,55.989,-103.69,-100.76
0.029477,33.782,-104.51,-47.632
0.031472,34.028,-103.28,-49.245
0.028806,35.163,-105.19,-49.243
0.022035,36.31,-107.78,-48.784
0.084765,66.338,-108.56,-52.126
0.062971,67.705,-110.51,-48.648
0.054674,71.112,-111.9,-48.303
0.027407,70.236,-109.93,-45.579
0.089078,68.842,-110.54,-52.654
0.068329,71.869,-111.27,-52.55
0.020737,75.346,-110.2,-52.116
0.10069,68.25,-109.23,-56.104
0.084615,71.689,-110.48,-56.549
0.029672,75.302,-109.3,-56.389
0.023494,72.12,-106.6,-56.047
0.15588,72.712,-107.99,-106.02
0.19944,68.211,-104.9,-106.14
0.046995,63.924,-108.13,-105.85
0.17797,68.344,-108.83,-106.38
0.17406,72.514,-109.38,-113.64
0.17171,72.59,-108.27,-109.99
0.16005,72.519,-104.79,-112.99
0.18915,72.422,-105.36,-117.24
0.1359,72.376,-108.02,-119.09
0.054142,72.41,-111.05,-118.73
0.15501,72.433,-108.87,-116.65
0.050112,68.144,-109.53,-113.61
0.12672,68.201,-108.75,-110.33
0.16258,68.011,-105.2,-113.36
0.085648,67.923,-105.41,-117.23
0.020254,67.969,-108.12,-118.99
0.0271,68.055,-108.97,-116.55
0.029397,63.413,-104.86,-112.7
0.11595,76.799,-104.88,-113.05
0.11655,81.104,-105.42,-113.52
0.11994,85.366,-104.84,-113.21
0.12194,85.428,-107.96,-106.24
0.12997,81.173,-104.85,-106.3
0.12365,76.916,-107.98,-106.1
0.12013,81.178,-108.8,-106.61
0.11601,76.831,-108.28,-110.08
0.11117,81.115,-108.73,-110.58
0.11714,85.373,-108.22,-110.25
0.1323,76.782,-109.38,-113.74
0.10073,81.081,-109.46,-113.93
0.10645,85.348,-109.28,-113.94
0.14899,76.753,-108.86,-116.76
0.096261,81.047,-108.88,-116.89
0.099797,85.306,-108.74,-116.96
0.18254,76.725,-111,-118.85
0.10593,81.02,-110.96,-118.98
0.087558,85.289,-110.84,-119.06
0.15726,76.716,-108.01,-119.19
0.094688,81.013,-108.01,-119.3
0.096644,85.269,-107.87,-119.39
0.11203,76.758,-105.44,-117.31
0.10375,81.061,-105.58,-117.44
0.112,85.311,-105.36,-117.49
0.11159,89.484,-104.67,-113.29
0.088918,93.715,-104.97,-113.78
0.037482,97.947,-104.16,-113.51
0.034506,97.925,-107.72,-106.23
0.041683,93.727,-104.96,-106.38
0.108,89.52,-107.91,-106.29
0.088333,93.693,-108.65,-106.75
0.11295,89.512,-108.09,-110.31
0.097035,93.733,-108.33,-110.77
0.040203,97.947,-107.5,-110.31
0.10829,89.524,-109.12,-114.02
0.10189,93.762,-108.97,-114.19
0.050464,97.958,-108.43,-114.22
0.055637,97.943,-109.97,-119.22
0.055381,97.924,-107.22,-119.52
0.047005,97.927,-104.68,-117.88
0.05445,97.941,-108,-117.32
0.090195,93.766,-110.43,-119.22
0.098502,93.722,-107.5,-119.56
0.096743,93.704,-105.08,-117.76
0.10017,93.756,-108.37,-117.17
0.092433,89.53,-110.67,-119.15
0.10257,89.49,-107.7,-119.48
0.11189,89.474,-105.18,-117.6
0.10484,89.524,-108.57,-117.05
0.021699,38.907,-94.704,-76.19
0.083671,33.096,-90.1,-62.8
0.020225,32.752,-94.622,-62.8
0.062256,30.17,-89.965,-56.472
0.023838,29.957,-94.342,-56.391
0.058797,30.901,-90.048,-58.531
0.020442,30.749,-94.54,-58.44
0.075619,36.35,-100.12,-52.307
0.02652,33.59,-99.406,-54.645
0.045685,32.894,-94.59,-57.35
0.13825,33.378,-90.098,-57.314
0.29401,36.361,-90.175,-52.382
0.2537,37.597,-95.004,-52.729
0.17589,35.485,-94.78,-52.446
0.071862,33.337,-94.595,-55.009
0.18514,33.902,-90.087,-54.928
0.13095,33.356,-90.137,-59.604
0.034667,32.948,-94.719,-59.612
0.02347,27.387,-89.832,-57.313
0.02667,30.558,-90.065,-61.959
0.0483,55.724,-91.842,-117.34
0.060812,58.724,-92.384,-119.85
0.17017,69.3,-92.493,-122.66
0.14342,73.167,-98.025,-119.4
0.15768,73.443,-98.42,-123.72
0.17233,73.27,-97.155,-127.52
0.14457,73.834,-94.387,-123.25
0.17636,68.055,-98.64,-119.58
0.12728,67.956,-98.841,-123.71
0.099856,68.168,-97.914,-127.3
0.20541,68.483,-95.574,-123.23
0.18049,64.221,-93.011,-122.81
0.030726,63.209,-93.996,-127.04
0.02136,64.33,-97.443,-127.54
0.042924,62.325,-94.66,-123.59
0.033571,63.88,-98.065,-123.84
0.1136,62.379,-94.289,-119.52
0.026119,60.686,-97.013,-119.87
0.10324,62.082,-96.924,-117.08
0.081872,63.925,-97.959,-119.97
0.16917,69.301,-92.909,-130.73
0.11375,68.912,-93.457,-135.78
0.091053,69.03,-92.376,-140.32
0.10058,81.102,-93.408,-141.78
0.19868,76.422,-96.509,-141.4
0.11032,81.287,-93.997,-132.36
0.10824,81.369,-91.72,-136.6
0.099831,80.84,-94.734,-136.99
0.13525,76.935,-96.923,-132.28
0.1903,76.382,-97.221,-136.79
0.17377,72.685,-96.57,-131.63
0.13947,72.207,-96.995,-136.34
0.098532,72.283,-96.262,-140.87
0.062428,68.252,-97.412,-131.39
0.06952,71.72,-92.906,-146.21
0.053753,71.772,-95.845,-144.34
0.025426,71.396,-92.504,-149.8
0.038647,72.119,-92.048,-153.13
0.11068,81.771,-92.072,-149.03
0.079777,85.639,-96.584,-146.08
0.075186,85.986,-97.539,-149.72
0.081101,85.819,-96.589,-153.2
0.084086,86.244,-93.623,-149.55
0.15315,80.598,-97.459,-146.32
0.16615,80.554,-98.127,-149.79
0.16167,80.742,-97.442,-153.06
0.14587,80.97,-95.023,-149.59
0.21834,76.838,-92.775,-149.08
0.10115,75.813,-93.735,-152.96
0.06001,76.974,-97.067,-153.38
0.087817,75.063,-94.361,-149.91
0.078993,76.628,-97.531,-150.12
0.15193,75.419,-94.121,-146.57
0.045,74.111,-96.606,-147.28
0.032446,74.813,-98.998,-146.51
0.13483,75.421,-96.144,-144.81
0.14754,76.779,-97.153,-146.92
0.14356,81.872,-92.575,-156.32
0.16336,81.646,-93.081,-161.03
0.15047,81.9,-91.926,-165.39
0.053456,93.728,-92.854,-166.72
0.067578,89.31,-95.853,-166.31
0.06406,93.804,-93.6,-157.82
0.047544,93.909,-91.38,-161.92
0.05642,93.461,-94.461,-162.14
0.061249,89.535,-96.395,-157.59
0.062623,89.103,-96.693,-161.87
0.10801,85.306,-96.14,-157.05
0.14117,84.976,-96.544,-161.5
0.14079,85.212,-95.734,-165.89
0.13759,80.88,-97.051,-156.86
0.087436,80.892,-97.199,-161.37
0.048184,81.058,-96.404,-165.8
0.040535,77.371,-96.73,-157.13
0.076096,76.586,-93.347,-156.67
0.032428,80.644,-92.316,-170.94
0.023243,80.602,-95.642,-168.93
0.061229,84.464,-98.467,-171.21
0.10287,84.249,-95.484,-172.08
0.15414,84.848,-92.233,-171.15
0.13537,84.889,-95.23,-169.34
0.14967,84.672,-91.696,-174.67
0.065285,84.383,-95.408,-175.25
0.12308,85.411,-91.028,-177.8
0.051015,84.823,-95.08,-178.68
0.046093,94.307,-90.609,-173.47
0.043606,93.536,-96.366,-171.11
0.038546,93.74,-96.841,-174.56
0.045633,93.946,-93.133,-174.36
0.03786,93.79,-93.18,-178.31
0.041833,93.313,-95.597,-179.53
0.052129,93.468,-98.532,-179.18
0.040657,93.509,-96.366,-177.21
0.064833,89.98,-91.276,-173.61
0.077348,89.688,-92.041,-177.74
0.129,88.89,-95.383,-178.98
0.11263,89.017,-98.827,-178.84
0.084697,88.733,-93.201,-174.79
0.14246,88.034,-95.826,-175.53
0.14141,88.525,-98.722,-175.09
0.068878,90.655,-96.439,-175.1
0.080378,88.637,-93.224,-171.42
0.13358,87.536,-95.775,-172.3
0.1389,88.171,-98.202,-171.46
0.089439,88.553,-95.372,-169.72
0.070577,90.128,-96.195,-171.76
0.071315,89.248,-98.753,-182.53
0.11796,89.346,-94.82,-182.43
0.089652,90.011,-90.825,-181.38
0.068206,93.562,-98.625,-182.71
0.044055,93.6,-94.884,-182.65
0.035775,93.926,-91.301,-181.74
0.020927,97.875,-98.277,-182.67
0.11051,89.725,-90.353,-185.78
0.09711,89.481,-94.465,-186.15
0.035237,89.377,-98.561,-186.25
0.036017,93.843,-90.378,-185.9
0.05396,93.692,-94.395,-186.24
0.066632,93.632,-98.421,-186.33
0.028274,97.884,-98.158,-186.25
0.10672,89.645,-90.106,-189.83
0.058461,89.518,-94.269,-190
0.042546,93.796,-90.009,-189.92
0.061471,93.716,-94.144,-190.06
0.046315,93.668,-98.277,-190.11
0.025713,97.909,-93.906,-190.04
0.03088,97.893,-98.052,-190.06
0.035902,36.644,-77.375,-86.642
0.033681,35.501,-85.796,-75.91
0.13926,35.04,-77.139,-75.942
0.18397,37.722,-81.448,-76.327
0.046515,34.268,-81.46,-76.167
0.024439,31.175,-77.239,-79.156
0.02511,34.116,-77.333,-84.437
0.27531,32.856,-76.977,-62.965
0.18778,32.517,-81.312,-63.063
0.13855,33.016,-85.693,-62.89
0.3152,30.217,-76.979,-56.582
0.19383,30.154,-81.278,-56.611
0.11658,30.218,-85.609,-56.541
0.30318,30.86,-76.982,-58.652
0.18382,30.781,-81.302,-58.689
0.11404,30.906,-85.66,-58.605
0.22668,33.388,-85.683,-57.416
0.28839,36.388,-85.764,-52.442
0.30775,33.929,-85.693,-55.011
0.30899,32.979,-81.313,-57.675
0.30069,33.324,-76.992,-57.517
0.17804,36.334,-77.004,-52.519
0.1951,37.816,-81.399,-53.026
0.23006,35.598,-81.344,-52.613
0.34133,33.468,-81.316,-55.253
0.25195,33.881,-76.989,-55.106
0.29873,33.217,-76.982,-59.792
0.26063,32.86,-81.323,-59.926
0.20477,33.324,-85.717,-59.701
0.14792,27.452,-76.942,-57.351
0.09528,27.425,-81.227,-57.364
0.05324,27.438,-85.529,-57.351
0.13841,28.448,-76.958,-60.062
0.083683,28.418,-81.268,-60.068
0.045012,28.491,-85.606,-60.055
0.19674,30.4,-76.97,-62.052
0.1108,30.323,-81.303,-62.049
0.059843,30.507,-85.677,-62.024
0.076092,24.717,-76.883,-58.389
0.043602,24.701,-81.145,-58.409
0.020385,24.694,-85.409,-58.409
0.065383,26.008,-76.911,-61.62
0.036286,26,-81.198,-61.636
0.085814,28.902,-76.95,-64.564
0.047082,28.861,-81.261,-64.561
0.022738,29.026,-85.598,-64.554
0.058538,48.942,-78.305,-110.09
0.026592,45.786,-86.692,-98.916
0.030239,43.437,-78.126,-105.93
0.14258,45.5,-77.913,-98.512
0.19961,48.102,-82.345,-98.807
0.042162,44.662,-82.274,-99.109
0.035493,42.448,-78.007,-102.51
0.040774,46.061,-78.175,-107.81
0.19726,61.996,-78.911,-122.05
0.23441,61.47,-83.464,-122.62
0.17852,61.946,-88.302,-122.56
0.046564,52.405,-78.542,-118.71
0.11763,55.585,-78.689,-120.09
0.054848,55.408,-83.125,-120.42
0.022816,55.389,-87.575,-120.51
0.091822,56.284,-87.613,-117.32
0.13953,55.545,-87.619,-110.9
0.12546,56.125,-83.171,-117.48
0.19306,56.607,-78.736,-116.87
0.20067,60.96,-83.475,-111.73
0.15502,54.51,-83.051,-111.58
0.20087,55.689,-78.603,-110.3
0.23114,59.32,-78.842,-119.51
0.17998,58.8,-83.374,-120.12
0.12084,59.161,-88.1,-119.9
0.059829,55.388,-78.636,-123.62
0.026061,55.261,-83.059,-123.86
0.21336,58.876,-78.79,-123.22
0.11006,58.683,-83.325,-123.52
0.050486,58.93,-88.16,-123.63
0.03986,56.021,-78.594,-127.28
0.19745,60.403,-78.792,-126.28
0.11747,60.227,-83.271,-126.55
0.048628,60.29,-87.869,-126.83
0.12638,74.357,-78.968,-147.19
0.1703,73.886,-83.523,-147.94
0.22582,74.504,-88.305,-148.37
0.058886,64.954,-78.817,-144.94
0.18468,68.032,-78.912,-145.88
0.085378,67.909,-83.525,-146.18
0.024621,67.977,-88.69,-145.84
0.098829,68.878,-88.647,-143.07
0.1441,72.99,-89.001,-135.96
0.14112,68.693,-88.442,-140.01
0.15861,68.561,-83.56,-143.46
0.1883,68.916,-78.99,-142.83
0.13491,71.315,-79.069,-135.08
0.13833,74.107,-83.675,-135.66
0.14788,70.638,-83.754,-135.85
0.17791,67.68,-83.553,-139.93
0.1835,67.977,-79,-139.23
0.16998,71.572,-78.999,-144.85
0.21937,71.16,-83.626,-145.55
0.16121,71.76,-88.681,-145.54
0.12342,67.945,-78.769,-149.21
0.036701,67.805,-83.267,-149.46
0.19182,71.386,-78.879,-148.62
0.19606,71.206,-83.449,-149.01
0.093854,71.496,-88.271,-149.3
0.090323,68.644,-78.63,-152.7
0.023294,68.469,-83.031,-152.94
0.17696,73.038,-78.795,-151.57
0.17491,72.833,-83.264,-151.95
0.10704,72.853,-87.819,-152.4
0.069678,87.567,-78.259,-172.39
0.074931,87.068,-82.684,-172.89
0.084407,87.54,-87.314,-173.02
0.15499,78.01,-78.341,-170.03
0.09814,77.853,-82.797,-170.2
0.022319,77.669,-87.535,-169.92
0.14807,81.119,-78.375,-171.01
0.18518,80.957,-82.949,-171.23
0.13278,81.002,-88.123,-170.83
0.15015,81.855,-88.125,-168.11
0.088177,85.769,-88.549,-161.22
0.13759,81.589,-87.985,-165.11
0.14354,81.61,-83.014,-168.55
0.10926,82.042,-78.479,-168.01
0.085782,84.306,-78.734,-160.26
0.0843,87.007,-83.268,-160.9
0.087308,83.528,-83.364,-161.06
0.14019,80.659,-83.104,-165.06
0.10188,81.035,-78.586,-164.41
0.075759,84.727,-78.424,-170.03
0.087395,84.248,-82.991,-170.6
0.12851,84.792,-88.023,-170.48
0.08527,77.207,-78.145,-173.94
0.020053,77.05,-82.517,-174.06
0.16947,80.959,-78.207,-174.28
0.17013,80.815,-82.652,-174.44
0.087382,80.774,-87.173,-174.44
0.075735,84.481,-78.245,-173.74
0.091773,84.287,-82.726,-173.97
0.14151,84.57,-87.465,-174.1
0.030755,77.257,-77.96,-177.76
0.16737,81.473,-78.013,-177.73
0.13615,81.327,-82.343,-177.86
0.062621,81.178,-86.666,-177.97
0.070379,86.068,-78.045,-176.7
0.085574,85.893,-82.374,-176.84
0.12167,85.843,-86.76,-176.99
0.044075,94.948,-77.811,-178.86
0.040206,94.847,-82.269,-178.95
0.041616,94.692,-87.187,-178.4
0.044418,91.014,-77.779,-180.93
0.048236,90.862,-82.101,-180.96
0.0553,90.656,-86.554,-180.76
0.038761,94.472,-77.708,-182.18
0.036139,94.394,-82.151,-182.15
0.035234,94.256,-87.022,-181.59
0.053275,90.178,-77.61,-185.45
0.05973,90.083,-81.888,-185.48
0.07651,89.955,-86.167,-185.52
0.03021,94.155,-77.535,-185.87
0.030085,94.09,-81.851,-185.86
0.031563,93.995,-86.204,-185.77
0.062321,89.937,-77.47,-189.58
0.071668,89.865,-81.702,-189.62
0.099067,89.771,-85.922,-189.68
0.029827,93.994,-77.377,-189.81
0.030743,93.945,-81.611,-189.82
0.032943,93.88,-85.836,-189.83
0.18314,36.368,-64.641,-86.317
0.0825,35.953,-68.887,-86.681
0.054838,36.518,-73.14,-86.543
0.037009,30.477,-64.593,-84.959
0.021082,30.438,-68.852,-85.144
0.029795,31.578,-73.083,-82.384
0.21083,34.911,-72.932,-75.897
0.039175,31.062,-72.991,-79.097
0.044068,31.133,-68.832,-82.551
0.10411,31.436,-64.586,-82.19
0.29867,34.747,-64.421,-75.742
0.31117,37.241,-68.69,-76.236
0.23939,33.868,-68.674,-76.04
0.056451,30.571,-68.745,-79.274
0.12815,30.922,-64.502,-78.915
0.13991,33.843,-64.592,-84.147
0.058898,33.458,-68.851,-84.518
0.041214,33.993,-73.117,-84.354
0.021579,30.282,-64.602,-88.047
0.070001,33.548,-64.615,-87.561
0.038153,33.449,-68.873,-87.741
0.023063,33.682,-73.145,-87.786
0.072139,35.008,-64.669,-90.291
0.041338,34.938,-68.917,-90.461
0.024599,35.131,-73.178,-90.533
0.24257,32.714,-64.137,-62.822
0.28641,32.339,-68.41,-62.994
0.30707,32.795,-72.694,-62.94
0.22768,30.163,-64.187,-56.436
0.2738,30.106,-68.441,-56.541
0.34106,30.197,-72.705,-56.557
0.23358,30.779,-64.161,-58.505
0.28087,30.694,-68.427,-58.618
0.34075,30.828,-72.706,-58.626
0.24455,33.288,-72.706,-57.504
0.14993,36.309,-72.762,-52.507
0.21591,33.852,-72.73,-55.093
0.22124,32.878,-68.435,-57.639
0.18589,33.235,-64.177,-57.402
0.088261,36.272,-64.207,-52.421
0.095735,37.727,-68.48,-53.03
0.13123,35.528,-68.476,-52.577
0.19514,33.387,-68.454,-55.218
0.1595,33.809,-64.191,-54.996
0.20393,33.104,-64.143,-59.666
0.24239,32.726,-68.419,-59.875
0.28059,33.17,-72.707,-59.774
0.33245,27.413,-64.165,-57.177
0.34632,27.397,-68.419,-57.258
0.24098,27.44,-72.681,-57.315
0.33228,28.373,-64.141,-59.887
0.33663,28.34,-68.41,-59.963
0.2307,28.419,-72.688,-60.026
0.28975,30.287,-64.125,-61.886
0.33693,30.188,-68.406,-61.956
0.30096,30.353,-72.698,-62.019
0.25427,24.692,-64.134,-58.196
0.16185,24.689,-68.381,-58.28
0.1146,24.711,-72.633,-58.346
0.2542,25.942,-64.117,-61.427
0.15582,25.932,-68.378,-61.51
0.10304,25.983,-72.646,-61.578
0.31352,28.779,-64.122,-64.379
0.24745,28.713,-68.392,-64.448
0.14331,28.851,-72.67,-64.524
0.24297,48.958,-65.338,-109.63
0.16195,48.559,-69.65,-110.08
0.092263,48.953,-73.994,-109.91
0.050407,42.694,-65.198,-108.52
0.028127,42.608,-69.501,-108.74
0.043486,43.428,-73.834,-105.77
0.19819,45.423,-73.679,-98.343
0.049985,42.411,-73.723,-102.36
0.067295,43.092,-69.51,-105.95
0.1169,43.416,-65.212,-105.49
0.26565,45.333,-65.067,-98.055
0.26963,47.831,-69.422,-98.265
0.21494,44.431,-69.355,-98.617
0.074207,41.995,-69.407,-102.56
0.13153,42.366,-65.118,-102.08
0.17168,46.053,-65.244,-107.36
0.094141,45.646,-69.56,-107.83
0.063356,46.058,-73.907,-107.64
0.029518,42.692,-65.19,-111.78
0.10561,46.059,-65.256,-111.11
0.060198,45.918,-69.566,-111.32
0.035053,46.037,-73.897,-111.39
0.12718,47.772,-65.328,-114.03
0.078788,47.695,-69.63,-114.21
0.038531,47.731,-73.95,-114.31
0.15684,61.962,-65.649,-121.68
0.15877,61.513,-70.043,-122.14
0.16408,62.005,-74.496,-121.89
0.20376,52.499,-65.504,-118.27
0.15343,52.43,-69.835,-118.46
0.086739,52.456,-74.186,-118.54
0.22875,55.654,-65.569,-119.67
0.24792,55.555,-69.938,-119.91
0.20752,55.628,-74.337,-119.92
0.22698,56.655,-74.362,-116.71
0.21789,55.707,-74.255,-110.11
0.21766,56.299,-69.95,-116.98
0.18968,56.669,-65.584,-116.48
0.17431,61.082,-70.026,-111.08
0.21198,54.594,-69.84,-111.02
0.18902,55.686,-65.483,-109.87
0.16054,59.353,-65.621,-119.13
0.17427,58.936,-70.021,-119.64
0.2086,59.358,-74.474,-119.35
0.11031,51.805,-65.466,-122.84
0.062169,51.762,-69.793,-122.99
0.033638,51.748,-74.132,-123.11
0.24706,55.457,-65.543,-123.18
0.20936,55.399,-69.899,-123.35
0.12365,55.43,-74.278,-123.45
0.16006,58.885,-65.598,-122.8
0.19756,58.743,-69.983,-123.01
0.23691,58.895,-74.406,-123.06
0.060593,52.021,-65.436,-126.93
0.034389,51.984,-69.754,-127.06
0.22552,56.104,-65.526,-126.84
0.16153,56.063,-69.87,-126.99
0.081186,56.071,-74.234,-127.11
0.15775,60.382,-65.605,-125.86
0.19665,60.261,-69.976,-126.04
0.22212,60.408,-74.382,-126.11
0.12291,74.26,-65.673,-146.58
0.11928,73.809,-70.075,-147.02
0.11784,74.332,-74.533,-146.9
0.20755,65.024,-65.641,-144.49
0.19335,64.983,-70.007,-144.67
0.13019,64.993,-74.403,-144.76
0.14694,68.047,-65.66,-145.37
0.1879,67.961,-70.051,-145.59
0.22319,68.047,-74.483,-145.67
0.18182,68.896,-74.551,-142.59
0.13512,71.168,-74.63,-134.84
0.17332,67.916,-74.559,-139
0.15766,68.513,-70.102,-142.75
0.13367,68.846,-65.705,-142.31
0.14331,70.988,-65.708,-134.6
0.15298,73.627,-70.163,-134.88
0.13333,70.069,-70.145,-135.1
0.14664,67.447,-70.104,-139.18
0.1303,67.827,-65.704,-138.73
0.12444,71.477,-65.687,-144.27
0.12665,71.064,-70.102,-144.72
0.13324,71.544,-74.574,-144.58
0.18409,64.384,-65.554,-148.48
0.10436,64.337,-69.896,-148.62
0.043611,64.305,-74.259,-148.75
0.17219,68.036,-65.599,-148.71
0.21476,67.976,-69.966,-148.88
0.20571,67.998,-74.365,-149.01
0.11618,71.382,-65.636,-148.05
0.12288,71.233,-70.027,-148.27
0.1414,71.398,-74.461,-148.38
0.11537,64.653,-65.478,-152.36
0.049703,64.598,-69.799,-152.49
0.020428,64.534,-74.134,-152.63
0.18589,68.802,-65.54,-152.2
0.20959,68.746,-69.886,-152.35
0.16613,68.728,-74.255,-152.5
0.11288,73.078,-65.603,-150.99
0.11825,72.947,-69.972,-151.19
0.13803,73.07,-74.377,-151.32
0.076248,87.689,-65.21,-172.19
0.07016,87.241,-69.541,-172.48
0.068874,87.629,-73.917,-172.27
0.10181,78.219,-65.294,-169.75
0.13059,78.138,-69.613,-169.87
0.16914,78.098,-73.966,-169.91
0.094322,81.294,-65.279,-170.74
0.10269,81.164,-69.617,-170.88
0.1149,81.192,-73.997,-170.89
0.093467,82.1,-74.093,-167.86
0.089796,84.248,-74.348,-160.02
0.089884,81.048,-74.193,-164.23
0.089617,81.778,-69.685,-168.08
0.087237,82.183,-65.333,-167.73
0.09661,84.239,-65.473,-159.8
0.094821,86.872,-69.89,-160.11
0.09278,83.219,-69.883,-160.27
0.088071,80.636,-69.769,-164.44
0.087652,81.092,-65.404,-164.05
0.073143,84.844,-65.285,-169.77
0.069642,84.365,-69.647,-170.12
0.070721,84.777,-74.067,-169.89
0.13998,77.446,-65.206,-173.68
0.17551,77.374,-69.499,-173.77
0.1582,77.312,-73.815,-173.84
0.096746,81.156,-65.212,-174.03
0.10533,81.071,-69.521,-174.13
0.12965,81.046,-73.859,-174.18
0.064561,84.633,-65.215,-173.51
0.06523,84.465,-69.541,-173.62
0.068368,84.551,-73.899,-173.63
0.16635,77.507,-65.12,-177.51
0.15875,77.443,-69.388,-177.59
0.097274,77.367,-73.671,-177.66
0.097363,81.688,-65.13,-177.5
0.10792,81.626,-69.41,-177.58
0.14392,81.571,-73.708,-177.64
0.060179,86.246,-65.129,-176.52
0.060482,86.16,-69.416,-176.58
0.063148,86.156,-73.723,-176.61
0.029681,83.54,-64.656,-207.04
0.13097,85.705,-64.675,-204.76
0.09603,85.692,-68.861,-204.78
0.040288,85.651,-73.05,-204.83
0.024071,82.574,-64.677,-204.45
0.021687,84.325,-64.618,-210.34
0.055871,95.035,-64.893,-178.92
0.053314,95.005,-69.157,-179.03
0.049352,94.994,-73.459,-178.88
0.04666,91.152,-64.944,-180.89
0.045084,91.105,-69.201,-180.91
0.043385,91.085,-73.479,-180.91
0.049038,94.552,-64.848,-182.22
0.046025,94.532,-69.099,-182.26
0.042275,94.512,-73.382,-182.2
0.021692,98.2,-64.767,-181.45
0.045656,90.299,-64.867,-185.39
0.046577,90.269,-69.101,-185.41
0.048938,90.235,-73.349,-185.42
0.034966,94.228,-64.791,-185.87
0.033173,94.208,-69.018,-185.88
0.031477,94.19,-73.264,-185.87
0.051897,90.048,-64.804,-189.5
0.054462,90.022,-69.019,-189.52
0.057944,89.987,-73.241,-189.55
0.030887,94.062,-64.736,-189.78
0.030099,94.046,-68.941,-189.79
0.029687,94.025,-73.154,-189.8
0.3045,36.296,-51.991,-85.838
0.31118,35.828,-56.212,-86.258
0.25902,36.324,-60.446,-86.173
0.065869,27.558,-51.892,-83.497
0.044047,27.532,-56.117,-83.718
0.028093,27.583,-60.349,-83.829
0.12472,30.414,-51.913,-84.489
0.083558,30.328,-56.147,-84.739
0.05661,30.441,-60.39,-84.822
0.15039,31.396,-60.384,-82.055
0.31905,34.7,-60.251,-75.618
0.18049,30.881,-60.292,-78.785
0.16953,31.012,-56.154,-82.155
0.21926,31.364,-51.935,-81.726
0.2531,34.651,-51.771,-75.305
0.25235,37.076,-56.048,-75.881
0.28841,33.726,-56.001,-75.675
0.21117,30.449,-56.064,-78.89
0.25704,30.844,-51.845,-78.459
0.27403,33.768,-51.94,-83.674
0.23223,33.331,-56.172,-84.109
0.19676,33.799,-60.416,-84.007
0.031365,26.698,-51.87,-87.19
0.077485,30.229,-51.9,-87.571
0.053761,30.186,-56.135,-87.781
0.035677,30.25,-60.379,-87.908
0.20726,33.484,-51.934,-87.082
0.14674,33.336,-56.169,-87.32
0.10713,33.509,-60.413,-87.419
0.060072,30.824,-51.922,-90.836
0.040861,30.799,-56.157,-91.03
0.026124,30.84,-60.399,-91.173
0.21436,34.953,-51.982,-89.809
0.16263,34.836,-56.206,-90.03
0.10855,34.972,-60.442,-90.146
0.18137,32.641,-51.358,-62.447
0.19981,32.251,-55.624,-62.693
0.20827,32.683,-59.892,-62.719
0.16741,30.117,-51.455,-56.07
0.18517,30.059,-55.699,-56.25
0.20299,30.147,-59.944,-56.338
0.17543,30.724,-51.404,-58.136
0.19178,30.634,-55.661,-58.324
0.20814,30.759,-59.92,-58.405
0.16544,33.214,-59.93,-57.308
0.066865,36.258,-60.008,-52.337
0.14121,33.792,-59.971,-54.905
0.15609,32.815,-55.678,-57.362
0.13031,33.179,-51.43,-57.05
0.034942,36.233,-51.481,-52.109
0.03914,37.675,-55.733,-52.798
0.059529,35.485,-55.743,-52.329
0.13058,33.336,-55.714,-54.95
0.1011,33.762,-51.46,-54.656
0.14855,33.04,-51.371,-59.306
0.17303,32.651,-55.639,-59.589
0.18158,33.079,-59.908,-59.569
0.21119,27.373,-51.435,-56.795
0.2296,27.358,-55.68,-56.948
0.26283,27.4,-59.926,-57.074
0.21863,28.32,-51.379,-59.501
0.23586,28.283,-55.639,-59.65
0.26917,28.354,-59.9,-59.782
0.21078,30.222,-51.341,-61.503
0.22702,30.114,-55.615,-61.647
0.24792,30.261,-59.888,-61.782
0.28472,24.661,-51.411,-57.799
0.34056,24.659,-55.652,-57.955
0.34258,24.682,-59.895,-58.088
0.2903,25.894,-51.36,-61.024
0.34194,25.88,-55.615,-61.181
0.33801,25.925,-59.871,-61.317
0.25917,28.711,-51.343,-63.979
0.29807,28.634,-55.607,-64.122
0.32526,28.752,-59.87,-64.269
0.20188,48.974,-52.518,-109.24
0.25597,48.568,-56.787,-109.68
0.27596,48.958,-61.081,-109.5
0.078845,39.732,-52.366,-107.27
0.050277,39.692,-56.621,-107.47
0.032443,39.707,-60.887,-107.57
0.17737,42.723,-52.404,-108.1
0.11636,42.631,-56.674,-108.33
0.076597,42.7,-60.957,-108.38
0.15906,43.417,-60.971,-105.35
0.27161,45.313,-60.886,-97.904
0.18545,42.357,-60.885,-101.94
0.19819,43.099,-56.69,-105.54
0.23509,43.439,-52.431,-105.07
0.21593,45.319,-52.351,-97.606
0.22151,47.772,-56.675,-97.824
0.24154,44.376,-56.598,-98.177
0.22111,41.973,-56.611,-102.13
0.24919,42.37,-52.359,-101.64
0.2688,46.072,-52.45,-106.94
0.27636,45.653,-56.726,-107.41
0.23969,46.052,-61.028,-107.21
0.03655,39.105,-52.334,-111.14
0.023128,39.078,-56.591,-111.3
0.10675,42.725,-52.388,-111.36
0.072154,42.674,-56.655,-111.54
0.048073,42.703,-60.932,-111.64
0.27549,46.08,-52.443,-110.7
0.22574,45.937,-56.718,-110.91
0.16035,46.063,-61.009,-110.97
0.020507,39.273,-52.326,-114.91
0.078299,43.363,-52.396,-114.79
0.053905,43.335,-56.66,-114.95
0.034633,43.34,-60.933,-115.06
0.24636,47.797,-52.494,-113.64
0.21267,47.726,-56.76,-113.82
0.17017,47.781,-61.038,-113.9
0.16223,61.913,-52.686,-121.39
0.15947,61.455,-57.006,-121.83
0.15878,61.941,-61.353,-121.57
0.19521,52.518,-52.615,-117.92
0.23133,52.458,-56.898,-118.1
0.23139,52.506,-61.198,-118.15
0.16905,55.655,-52.644,-119.34
0.17776,55.561,-56.956,-119.57
0.1967,55.653,-61.288,-119.55
0.17682,56.667,-61.294,-116.37
0.17389,55.682,-61.227,-109.75
0.1715,56.301,-56.967,-116.66
0.16499,56.67,-52.665,-116.17
0.15672,61.056,-57.007,-110.78
0.17071,54.589,-56.906,-110.66
0.16144,55.692,-52.618,-109.54
0.15679,59.332,-52.672,-118.84
0.15811,58.914,-57.001,-119.32
0.1586,59.343,-61.358,-119.03
0.24396,51.823,-52.58,-122.48
0.23201,51.798,-56.867,-122.62
0.17831,51.815,-61.167,-122.72
0.16773,55.451,-52.621,-122.84
0.18879,55.403,-56.925,-122.99
0.22567,55.456,-61.247,-123.06
0.15013,58.853,-52.649,-122.48
0.15053,58.71,-56.97,-122.67
0.15192,58.872,-61.312,-122.69
0.21931,52.042,-52.558,-126.57
0.16482,52.03,-56.841,-126.69
0.10228,52.035,-61.136,-126.8
0.17577,56.094,-52.608,-126.5
0.20858,56.068,-56.904,-126.62
0.2343,56.103,-61.216,-126.72
0.14806,60.335,-52.653,-125.54
0.14726,60.212,-56.96,-125.69
0.15013,60.363,-61.288,-125.74
0.13349,74.196,-52.677,-146.27
0.12791,73.739,-57.004,-146.66
0.12557,74.237,-61.356,-146.46
0.13171,65.017,-52.687,-144.19
0.14045,64.995,-56.991,-144.33
0.1707,65.027,-61.313,-144.38
0.12426,68.02,-52.684,-145.07
0.12705,67.944,-57.006,-145.24
0.13243,68.041,-61.348,-145.26
0.12887,68.831,-61.379,-142.2
0.14727,70.947,-61.421,-134.49
0.12834,67.804,-61.38,-138.62
0.12721,68.466,-57.033,-142.41
0.12918,68.8,-52.711,-142.02
0.15126,70.888,-52.7,-134.32
0.15543,73.45,-57.062,-134.58
0.14507,69.935,-57.05,-134.78
0.12815,67.373,-57.031,-138.85
0.13116,67.765,-52.706,-138.44
0.13052,71.416,-52.687,-143.97
0.12697,70.999,-57.025,-144.37
0.12646,71.455,-61.389,-144.16
0.16194,64.402,-52.641,-148.17
0.19058,64.388,-56.934,-148.28
0.21016,64.4,-61.242,-148.36
0.12448,68.026,-52.653,-148.39
0.12866,67.988,-56.961,-148.52
0.13782,68.039,-61.287,-148.59
0.1155,71.341,-52.66,-147.74
0.11425,71.199,-56.984,-147.9
0.11408,71.37,-61.329,-147.93
0.19338,64.693,-52.602,-152.05
0.20511,64.683,-56.883,-152.15
0.18017,64.68,-61.177,-152.24
0.12367,68.813,-52.623,-151.88
0.12958,68.789,-56.917,-151.99
0.14698,68.815,-61.227,-152.08
0.11292,73.05,-52.646,-150.67
0.1109,72.933,-56.952,-150.81
0.11121,73.073,-61.278,-150.87
0.086059,87.728,-52.397,-172.12
0.079638,87.3,-56.667,-172.39
0.078204,87.711,-60.956,-172.17
0.090109,78.296,-52.475,-169.59
0.091472,78.255,-56.736,-169.69
0.094322,78.258,-61.014,-169.69
0.087865,81.357,-52.45,-170.61
0.088743,81.261,-56.726,-170.73
0.090339,81.327,-61.021,-170.69
0.085809,82.215,-61.065,-167.68
0.10107,84.25,-61.227,-159.72
0.087729,81.113,-61.129,-163.99
0.085709,81.87,-56.76,-167.93
0.089092,82.247,-52.476,-167.6
0.10429,84.259,-52.535,-159.6
0.10349,86.896,-56.866,-159.9
0.10285,83.242,-56.871,-160.03
0.089094,80.695,-56.811,-164.24
0.092649,81.133,-52.515,-163.88
0.079001,84.893,-52.435,-169.66
0.072844,84.436,-56.731,-169.99
0.072795,84.87,-61.048,-169.73
0.096308,77.523,-52.432,-173.52
0.099601,77.496,-56.68,-173.58
0.10933,77.486,-60.942,-173.62
0.08813,81.216,-52.42,-173.9
0.090141,81.169,-56.678,-173.97
0.092222,81.188,-60.951,-173.98
0.065742,84.676,-52.407,-173.4
0.063129,84.536,-56.677,-173.49
0.063405,84.657,-60.963,-173.47
0.10005,77.583,-52.389,-177.36
0.11107,77.566,-56.623,-177.41
0.13724,77.547,-60.868,-177.45
0.087789,81.748,-52.381,-177.38
0.089477,81.725,-56.621,-177.43
0.092191,81.721,-60.874,-177.46
0.061937,86.289,-52.368,-176.44
0.059722,86.232,-56.609,-176.48
0.059812,86.27,-60.862,-176.49
0.12643,83.552,-52.139,-206.96
0.10339,83.592,-56.312,-206.96
0.067339,83.552,-60.487,-207
0.087315,85.721,-52.144,-204.69
0.097721,85.733,-56.321,-204.7
0.12324,85.718,-60.499,-204.73
0.13957,82.594,-52.152,-204.37
0.11412,82.615,-56.326,-204.38
0.068753,82.59,-60.503,-204.42
0.045114,84.335,-60.483,-210.31
0.074005,84.429,-56.297,-210.24
0.094203,84.332,-52.113,-210.27
0.027852,84.048,-56.286,-214.25
0.039809,83.641,-52.092,-214.56
0.063895,95.058,-52.22,-178.94
0.063155,95.039,-56.432,-179.07
0.059802,95.046,-60.656,-178.93
0.052873,91.188,-52.261,-180.87
0.050371,91.16,-56.477,-180.89
0.047882,91.17,-60.703,-180.89
0.056935,94.575,-52.202,-182.23
0.054249,94.565,-56.408,-182.28
0.05137,94.562,-60.625,-182.23
0.026778,98.208,-52.15,-181.49
0.025243,98.207,-56.346,-181.64
0.023258,98.204,-60.554,-181.47
0.046438,90.333,-52.228,-185.35
0.045531,90.323,-56.433,-185.37
0.045288,90.316,-60.646,-185.37
0.040486,94.247,-52.18,-185.86
0.038631,94.238,-56.377,-185.88
0.03687,94.237,-60.582,-185.87
0.020355,98.125,-52.127,-185.77
0.049752,90.078,-52.2,-189.46
0.04975,90.073,-56.396,-189.47
0.050426,90.064,-60.598,-189.49
0.034095,94.08,-52.16,-189.76
0.032979,94.076,-56.348,-189.77
0.031878,94.072,-60.54,-189.78
0.22602,36.343,-39.386,-85.156
0.27091,35.839,-43.588,-85.648
0.29284,36.296,-47.813,-85.631
0.13151,27.599,-39.268,-82.793
0.10594,27.543,-43.473,-83.099
0.086403,27.562,-47.685,-83.289
0.25823,30.456,-39.289,-83.789
0.19449,30.339,-43.504,-84.121
0.15795,30.417,-47.731,-84.28
0.24107,31.364,-47.753,-81.516
0.23905,34.641,-47.61,-75.095
0.2791,30.841,-47.651,-78.249
0.27807,31.016,-43.535,-81.536
0.28614,31.401,-39.336,-81.023
0.21398,34.647,-39.14,-74.596
0.21652,37.044,-43.429,-75.272
0.22115,33.699,-43.359,-75.058
0.2965,30.441,-43.432,-78.269
0.27644,30.863,-39.23,-77.748
0.28259,33.809,-39.335,-82.976
0.32658,33.338,-43.548,-83.49
0.30719,33.768,-47.783,-83.464
0.078654,26.745,-39.224,-86.488
0.061772,26.702,-43.436,-86.765
0.046193,26.704,-47.656,-86.983
0.16311,30.275,-39.254,-86.876
0.12694,30.202,-43.472,-87.164
0.10201,30.234,-47.698,-87.364
0.31545,33.53,-39.303,-86.393
0.3072,33.348,-43.521,-86.706
0.25999,33.486,-47.751,-86.875
0.054337,26.848,-39.222,-90.157
0.039685,26.815,-43.436,-90.422
0.026863,26.808,-47.658,-90.645
0.12547,30.874,-39.266,-90.154
0.10287,30.82,-43.482,-90.421
0.080964,30.831,-47.706,-90.633
0.29337,35.006,-39.345,-89.137
0.28202,34.856,-43.553,-89.426
0.25184,34.957,-47.773,-89.605
0.14814,32.563,-38.545,-61.793
0.16098,32.183,-42.83,-62.139
0.16521,32.617,-47.109,-62.258
0.13353,30.032,-38.72,-55.442
0.14181,29.997,-42.969,-55.715
0.15191,30.098,-47.215,-55.891
0.1419,30.637,-38.635,-57.498
0.14978,30.567,-42.902,-57.782
0.15973,30.702,-47.164,-57.954
0.11665,33.158,-47.181,-56.871
0.024801,36.215,-47.277,-51.95
0.09037,33.744,-47.239,-54.484
0.11519,32.747,-42.92,-56.832
0.097346,33.091,-38.655,-56.426
0.024801,35.429,-43.002,-51.858
0.090777,33.276,-42.974,-54.44
0.067272,33.681,-38.703,-54.055
0.11537,32.955,-38.569,-58.671
0.13239,32.582,-42.854,-59.051
0.13418,33.018,-47.134,-59.123
0.17038,27.295,-38.713,-56.154
0.18158,27.302,-42.957,-56.401
0.19525,27.355,-47.201,-56.613
0.17898,28.238,-38.614,-58.848
0.18995,28.219,-42.879,-59.094
0.20319,28.299,-47.14,-59.315
0.17445,30.142,-38.541,-60.846
0.18398,30.048,-42.826,-61.09
0.19551,30.2,-47.104,-61.315
0.20287,24.596,-38.702,-57.141
0.21683,24.613,-42.939,-57.392
0.23586,24.646,-47.177,-57.612
0.20741,25.824,-38.606,-60.352
0.22107,25.826,-42.861,-60.607
0.24041,25.877,-47.116,-60.833
0.20422,28.639,-38.551,-63.302
0.21616,28.571,-42.823,-63.546
0.2307,28.69,-47.091,-63.785
0.18137,49.035,-39.787,-108.82
0.19481,48.61,-44.03,-109.27
0.19382,48.986,-48.297,-109.1
0.16182,39.791,-39.66,-106.77
0.12848,39.741,-43.892,-107
0.10667,39.747,-48.132,-107.11
0.29048,42.783,-39.689,-107.61
0.27565,42.678,-43.936,-107.87
0.2333,42.738,-48.193,-107.94
0.255,43.457,-48.221,-104.92
0.21079,45.335,-48.2,-97.435
0.25257,42.386,-48.157,-101.48
0.26654,43.156,-43.965,-105.08
0.25336,43.517,-39.729,-104.59
0.19707,45.418,-39.702,-97.078
0.20627,47.843,-44.016,-97.345
0.19962,44.432,-43.926,-97.673
0.25913,42.025,-43.905,-101.64
0.24145,42.449,-39.674,-101.12
0.20001,46.143,-39.737,-106.48
0.22442,45.704,-43.989,-106.97
0.2464,46.087,-48.266,-106.79
0.089113,39.147,-39.621,-110.64
0.070375,39.117,-43.854,-110.83
0.052992,39.118,-48.096,-110.98
0.25286,42.767,-39.664,-110.89
0.20637,42.71,-43.906,-111.09
0.15177,42.736,-48.158,-111.21
0.21095,46.126,-39.713,-110.26
0.24403,45.972,-43.964,-110.48
0.26941,46.089,-48.227,-110.56
0.059366,39.3,-39.61,-114.43
0.044646,39.286,-43.842,-114.61
0.031477,39.283,-48.083,-114.76
0.20293,43.39,-39.665,-114.34
0.15493,43.363,-43.903,-114.51
0.1089,43.371,-48.151,-114.64
0.20936,47.831,-39.748,-113.23
0.2341,47.753,-43.988,-113.41
0.24706,47.805,-48.238,-113.5
0.15923,61.906,-39.856,-121.12
0.16054,61.436,-44.145,-121.55
0.1624,61.906,-48.45,-121.29
0.1605,52.537,-39.83,-117.58
0.1623,52.474,-44.085,-117.75
0.16845,52.523,-48.35,-117.81
0.16181,55.666,-39.836,-119.02
0.1625,55.568,-44.117,-119.25
0.16406,55.656,-48.41,-119.23
0.16187,56.675,-48.426,-116.06
0.1582,55.706,-48.411,-109.42
0.16125,56.318,-44.136,-116.34
0.15837,56.699,-39.862,-115.86
0.12787,61.096,-44.188,-110.51
0.15949,54.632,-44.12,-110.31
0.14691,55.76,-39.858,-109.2
0.15206,59.344,-39.85,-118.55
0.15537,58.914,-44.149,-119.03
0.1561,59.332,-48.465,-118.74
0.17472,51.82,-39.797,-122.13
0.19854,51.8,-44.053,-122.27
0.22356,51.823,-48.319,-122.36
0.15679,55.443,-39.815,-122.52
0.15809,55.395,-44.087,-122.66
0.16149,55.448,-48.37,-122.73
0.14999,58.841,-39.828,-122.19
0.14965,58.693,-44.116,-122.37
0.14925,58.846,-48.416,-122.38
0.21792,52.023,-39.778,-126.23
0.23661,52.021,-44.03,-126.35
0.24023,52.038,-48.293,-126.45
0.15363,56.069,-39.804,-126.18
0.15637,56.047,-44.068,-126.3
0.16164,56.087,-48.342,-126.39
0.14938,60.306,-39.829,-125.25
0.1481,60.179,-44.104,-125.4
0.14832,60.324,-48.389,-125.44
0.1415,74.122,-39.825,-146.08
0.13953,73.674,-44.118,-146.43
0.13768,74.175,-48.422,-146.2
0.1262,64.963,-39.866,-143.97
0.12573,64.958,-44.134,-144.09
0.1283,65.005,-48.412,-144.11
0.12629,67.958,-39.851,-144.85
0.12373,67.896,-44.135,-145
0.12227,68.004,-48.43,-144.99
0.12981,68.783,-48.446,-141.94
0.15184,70.868,-48.478,-134.24
0.13297,67.746,-48.444,-138.36
0.12997,68.415,-44.148,-142.18
0.13435,68.74,-39.861,-141.81
0.14733,70.832,-39.833,-134.11
0.14463,73.381,-44.157,-134.36
0.14894,69.873,-44.151,-134.54
0.13328,67.317,-44.143,-138.6
0.13699,67.705,-39.853,-138.22
0.1375,71.348,-39.834,-143.77
0.13481,70.939,-44.137,-144.13
0.13427,71.397,-48.451,-143.89
0.13014,64.346,-39.848,-147.94
0.13331,64.355,-44.106,-148.03
0.13945,64.391,-48.375,-148.09
0.1229,67.963,-39.84,-148.18
0.12174,67.943,-44.11,-148.27
0.12229,68.012,-48.392,-148.31
0.12189,71.27,-39.826,-147.53
0.11866,71.141,-44.113,-147.66
0.11674,71.322,-48.411,-147.66
0.13761,64.636,-39.833,-151.83
0.14779,64.655,-44.082,-151.9
0.16849,64.683,-48.34,-151.97
0.11954,68.748,-39.828,-151.67
0.11907,68.749,-44.087,-151.75
0.12061,68.799,-48.357,-151.8
0.11974,72.977,-39.822,-150.47
0.1165,72.877,-44.093,-150.58
0.11489,73.032,-48.374,-150.59
0.049095,73.858,-39.674,-192.48
0.028128,73.9,-43.861,-192.5
0.092355,87.702,-39.699,-172.04
0.087373,87.295,-43.944,-172.31
0.086902,87.728,-48.194,-172.09
0.09061,78.264,-39.77,-169.47
0.089252,78.257,-44.002,-169.56
0.088806,78.297,-48.242,-169.55
0.090373,81.327,-39.741,-170.5
0.089771,81.261,-43.988,-170.61
0.088547,81.357,-48.242,-170.57
0.090086,82.248,-48.264,-167.56
0.1068,84.253,-48.351,-159.55
0.094565,81.129,-48.298,-163.83
0.090246,81.871,-44.002,-167.82
0.093603,82.218,-39.748,-167.49
0.10729,84.217,-39.733,-159.46
0.10603,86.886,-44.029,-159.76
0.10717,83.222,-44.04,-159.87
0.095857,80.683,-44.025,-164.1
0.098872,81.093,-39.759,-163.75
0.084069,84.864,-39.712,-169.57
0.078089,84.433,-43.98,-169.89
0.078984,84.893,-48.254,-169.63
0.093897,77.489,-39.755,-173.4
0.093471,77.496,-43.977,-173.45
0.094439,77.522,-48.206,-173.47
0.088746,81.184,-39.734,-173.79
0.08872,81.165,-43.965,-173.85
0.087684,81.215,-48.202,-173.86
0.06976,84.643,-39.712,-173.31
0.066394,84.527,-43.954,-173.39
0.066636,84.674,-48.202,-173.37
0.094438,77.547,-39.737,-177.24
0.094783,77.563,-43.949,-177.28
0.09642,77.581,-48.168,-177.31
0.08739,81.715,-39.72,-177.28
0.087025,81.719,-43.936,-177.32
0.086816,81.746,-48.159,-177.34
0.06607,86.26,-39.704,-176.36
0.063254,86.225,-43.919,-176.4
0.063189,86.286,-48.141,-176.41
0.12255,83.506,-39.631,-206.92
0.1326,83.564,-43.803,-206.91
0.13565,83.543,-47.975,-206.94
0.079535,85.682,-39.626,-204.65
0.081025,85.71,-43.8,-204.65
0.082423,85.714,-47.975,-204.67
0.12831,82.548,-39.638,-204.32
0.13999,82.589,-43.811,-204.32
0.1444,82.585,-47.984,-204.35
0.080586,79.824,-39.639,-206.31
0.054488,79.934,-43.814,-206.26
0.024862,79.867,-47.989,-206.34
0.10815,84.323,-47.982,-210.26
0.11855,84.4,-43.798,-210.2
0.11386,84.285,-39.615,-210.24
0.024538,79.645,-39.623,-211.42
0.055662,83.63,-47.998,-214.55
0.082804,84.015,-43.803,-214.23
0.081951,83.589,-39.612,-214.54
0.068452,95.05,-39.635,-178.92
0.06988,95.041,-43.827,-179.06
0.066954,95.059,-48.023,-178.94
0.059071,91.173,-39.657,-180.83
0.056137,91.162,-43.853,-180.85
0.054058,91.188,-48.054,-180.86
0.062963,94.567,-39.628,-182.21
0.060477,94.568,-43.817,-182.27
0.058086,94.576,-48.011,-182.23
0.028804,98.205,-39.604,-181.49
0.028694,98.208,-43.785,-181.65
0.027688,98.208,-47.97,-181.5
0.049791,90.318,-39.647,-185.31
0.048391,90.323,-43.837,-185.33
0.047426,90.333,-48.03,-185.34
0.045793,94.239,-39.622,-185.84
0.044065,94.239,-43.806,-185.86
0.042503,94.248,-47.993,-185.86
0.023609,98.122,-39.598,-185.76
0.022727,98.121,-43.773,-185.8
0.021454,98.125,-47.95,-185.77
0.052662,90.061,-39.637,-189.42
0.051366,90.07,-43.822,-189.43
0.050358,90.077,-48.01,-189.44
0.037753,94.071,-39.616,-189.74
0.036604,94.076,-43.796,-189.75
0.035303,94.08,-47.977,-189.76
0.20611,36.482,-26.812,-84.235
0.21682,35.949,-31.004,-84.807
0.21896,36.375,-35.222,-84.871
0.2089,27.714,-26.712,-81.801
0.17218,27.637,-30.891,-82.207
0.15359,27.631,-35.081,-82.493
0.31055,30.579,-26.724,-82.817
0.3127,30.438,-30.918,-83.242
0.28959,30.489,-35.125,-83.493
0.29066,31.432,-35.171,-80.722
0.20694,34.656,-34.984,-74.279
0.2701,30.884,-35.049,-77.44
0.29191,31.112,-30.967,-80.647
0.2611,31.522,-26.786,-80.037
0.19874,34.682,-26.514,-73.543
0.19276,37.079,-30.81,-74.347
0.19651,33.725,-30.729,-74.126
0.26113,30.505,-30.841,-77.354
0.23416,30.943,-26.653,-76.723
0.2166,33.937,-26.771,-82.011
0.24211,33.439,-30.969,-82.616
0.25754,33.839,-35.194,-82.68
0.11663,26.861,-26.657,-85.506
0.10705,26.798,-30.838,-85.881
0.094664,26.777,-35.032,-86.192
0.27369,30.396,-26.673,-85.923
0.23744,30.302,-30.865,-86.299
0.20004,30.308,-35.071,-86.586
0.24124,33.656,-26.72,-85.46
0.27596,33.451,-30.921,-85.855
0.30012,33.561,-35.137,-86.106
0.091447,26.959,-26.649,-89.2
0.081865,26.908,-30.829,-89.556
0.069021,26.88,-35.023,-89.868
0.21827,30.991,-26.677,-89.233
0.18256,30.919,-30.867,-89.581
0.15005,30.907,-35.069,-89.873
0.24421,35.14,-26.752,-88.245
0.27145,34.966,-30.945,-88.606
0.28732,35.041,-35.151,-88.86
0.13527,32.332,-25.648,-60.746
0.14313,32.027,-29.972,-61.244
0.14096,32.511,-34.275,-61.489
0.12355,29.746,-25.98,-54.466
0.125,29.809,-30.226,-54.868
0.12742,29.973,-34.474,-55.158
0.13178,30.358,-25.84,-56.498
0.13316,30.381,-30.114,-56.92
0.13555,30.578,-34.384,-57.209
0.09101,33.03,-34.388,-56.137
0.062565,33.622,-34.461,-53.782
0.096256,32.554,-30.107,-55.981
0.08511,32.8,-25.813,-55.437
0.071501,33.087,-30.178,-53.627
0.057057,33.391,-25.875,-53.116
0.10335,32.684,-25.686,-57.657
0.1139,32.399,-30.008,-58.184
0.10896,32.896,-34.31,-58.377
0.16312,27.038,-26.021,-55.168
0.16143,27.13,-30.247,-55.544
0.16357,27.241,-34.482,-55.869
0.172,27.988,-25.852,-57.829
0.17021,28.05,-30.112,-58.215
0.17218,28.185,-34.372,-58.555
0.16553,29.904,-25.701,-59.808
0.16569,29.887,-30,-60.2
0.16776,30.09,-34.29,-60.548
0.18328,24.383,-26.046,-56.133
0.18439,24.469,-30.255,-56.515
0.19182,24.551,-34.478,-56.85
0.18911,25.614,-25.876,-59.307
0.19007,25.683,-30.117,-59.704
0.19686,25.779,-34.365,-60.052
0.19557,28.437,-25.733,-62.233
0.19337,28.435,-30.014,-62.629
0.1958,28.593,-34.29,-62.994
0.18104,49.13,-27.086,-108.4
0.18773,48.692,-31.328,-108.84
0.18347,49.062,-35.585,-108.68
0.24445,39.879,-27.013,-106.18
0.23182,39.823,-31.227,-106.43
0.19775,39.819,-35.448,-106.58
0.2427,42.87,-27.027,-107.08
0.26785,42.759,-31.258,-107.34
0.2883,42.81,-35.498,-107.44
0.24247,43.554,-35.538,-104.41
0.1954,45.467,-35.564,-96.872
0.22751,42.489,-35.489,-100.93
0.22482,43.265,-31.292,-104.54
0.20096,43.645,-27.062,-104.05
0.18921,45.618,-27.054,-96.465
0.19141,48.031,-31.374,-96.794
0.18769,44.59,-31.287,-97.07
0.21196,42.145,-31.246,-101.06
0.19318,42.594,-27.02,-100.52
0.18564,46.258,-27.056,-106
0.1901,45.801,-31.305,-106.48
0.19278,46.175,-35.571,-106.32
0.14099,39.196,-26.982,-110.07
0.12508,39.166,-31.189,-110.28
0.10793,39.164,-35.407,-110.45
0.27917,42.817,-27.006,-110.38
0.28277,42.761,-31.226,-110.58
0.27622,42.784,-35.456,-110.72
0.18068,46.189,-27.035,-109.8
0.1856,46.033,-31.271,-110.02
0.19319,46.145,-35.518,-110.1
0.096784,39.318,-26.975,-113.88
0.086873,39.308,-31.177,-114.08
0.073994,39.308,-35.391,-114.25
0.25707,43.41,-27.008,-113.85
0.24917,43.389,-31.22,-114.03
0.23364,43.399,-35.443,-114.17
0.17909,47.868,-27.059,-112.81
0.18375,47.794,-31.282,-112.99
0.19173,47.845,-35.514,-113.08
0.027725,48.211,-27.059,-141.72
0.022021,48.265,-31.267,-141.83
0.15635,61.888,-27.054,-120.91
0.15737,61.428,-31.347,-121.31
0.1581,61.905,-35.64,-121.03
0.1604,52.545,-27.106,-117.25
0.15802,52.493,-31.344,-117.41
0.15849,52.545,-35.59,-117.46
0.16524,55.659,-27.084,-118.74
0.16269,55.576,-31.353,-118.95
0.16112,55.669,-35.627,-118.92
0.15645,56.711,-35.643,-115.75
0.14407,55.791,-35.667,-109.08
0.15761,56.351,-31.364,-116.04
0.15786,56.727,-27.086,-115.58
0.10881,61.179,-31.385,-110.26
0.15171,54.717,-31.373,-109.96
0.14014,55.861,-27.088,-108.87
0.14987,59.346,-27.057,-118.31
0.15152,58.925,-31.36,-118.76
0.15059,59.348,-35.663,-118.46
0.15836,51.786,-27.094,-121.82
0.16032,51.783,-31.324,-121.93
0.16442,51.816,-35.563,-122.02
0.15987,55.404,-27.084,-122.25
0.15723,55.375,-31.333,-122.37
0.1565,55.437,-35.591,-122.42
0.15286,58.806,-27.063,-121.96
0.15083,58.676,-31.339,-122.1
0.14966,58.835,-35.619,-122.1
0.17594,51.961,-27.088,-125.92
0.18781,51.979,-31.31,-126.02
0.20256,52.009,-35.542,-126.12
0.1549,56.005,-27.084,-125.92
0.15273,56.004,-31.321,-126.02
0.1526,56.056,-35.567,-126.09
0.15301,60.249,-27.067,-125.03
0.1507,60.141,-31.326,-125.15
0.15005,60.294,-35.591,-125.17
0.041563,61.313,-27.155,-167.15
0.034684,61.399,-31.357,-167.21
0.026506,61.45,-35.563,-167.29
0.14652,74,-27.042,-145.99
0.14664,73.571,-31.322,-146.29
0.14485,74.088,-35.6,-146.03
0.1317,64.856,-27.13,-143.83
0.12766,64.869,-31.373,-143.91
0.12724,64.934,-35.623,-143.91
0.1363,67.845,-27.101,-144.74
0.13175,67.802,-31.361,-144.84
0.12788,67.927,-35.628,-144.8
0.13609,68.711,-35.627,-141.76
0.14601,70.811,-35.636,-134.05
0.13888,67.679,-35.621,-138.16
0.13706,68.329,-31.355,-142.02
0.14171,68.638,-27.082,-141.69
0.14459,70.755,-27.008,-133.99
0.13385,73.318,-31.31,-134.22
0.14664,69.807,-31.327,-134.38
0.13945,67.238,-31.345,-138.43
0.1428,67.611,-27.068,-138.09
0.14313,71.236,-27.052,-143.67
0.14092,70.844,-31.341,-143.99
0.14018,71.317,-35.629,-143.72
0.13071,64.223,-27.144,-147.79
0.12923,64.255,-31.374,-147.85
0.12915,64.313,-35.613,-147.88
0.1318,67.836,-27.116,-148.05
0.12769,67.839,-31.359,-148.11
0.12485,67.929,-35.611,-148.12
0.12996,71.142,-27.077,-147.43
0.12617,71.035,-31.34,-147.51
0.12384,71.235,-35.609,-147.48
0.13217,64.496,-27.152,-151.67
0.13214,64.543,-31.371,-151.72
0.13379,64.598,-35.601,-151.77
0.1273,68.607,-27.124,-151.54
0.12326,68.634,-31.354,-151.59
0.12105,68.71,-35.593,-151.61
0.12796,72.838,-27.082,-150.37
0.12463,72.763,-31.328,-150.44
0.12248,72.94,-35.581,-150.42
0.11305,73.711,-27.121,-192.38
0.097679,73.782,-31.308,-192.4
0.074396,73.819,-35.495,-192.45
0.020609,70.59,-27.14,-192.03
0.095994,87.599,-27.046,-171.96
0.092865,87.218,-31.284,-172.23
0.092256,87.676,-35.518,-172.01
0.097271,78.135,-27.124,-169.39
0.093679,78.162,-31.341,-169.46
0.091566,78.233,-35.562,-169.44
0.097591,81.204,-27.089,-170.42
0.095628,81.171,-31.322,-170.52
0.092443,81.297,-35.558,-170.47
0.095465,82.187,-35.56,-167.46
0.10814,84.184,-35.575,-159.43
0.10085,81.06,-35.568,-163.72
0.096198,81.779,-31.317,-167.72
0.098525,82.092,-27.07,-167.41
0.10872,84.084,-26.978,-159.39
0.10445,86.792,-31.254,-159.67
0.10862,83.122,-31.285,-159.77
0.10197,80.583,-31.315,-163.99
0.10404,80.959,-27.059,-163.67
0.08809,84.746,-27.037,-169.49
0.08301,84.346,-31.299,-169.8
0.084245,84.835,-35.555,-169.54
0.097834,77.36,-27.135,-173.31
0.095336,77.399,-31.341,-173.35
0.094444,77.457,-35.551,-173.36
0.094542,81.065,-27.105,-173.71
0.092491,81.076,-31.32,-173.76
0.089837,81.154,-35.539,-173.76
0.076296,84.533,-27.07,-173.24
0.072298,84.443,-31.299,-173.31
0.071866,84.616,-35.53,-173.28
0.09721,77.418,-27.138,-177.15
0.095495,77.466,-31.334,-177.18
0.094714,77.514,-35.536,-177.21
0.091375,81.6,-27.113,-177.21
0.089209,81.632,-31.313,-177.24
0.087677,81.685,-35.519,-177.25
0.072492,86.161,-27.089,-176.29
0.069128,86.15,-31.291,-176.32
0.068334,86.235,-35.497,-176.33
0.10234,83.4,-27.115,-206.89
0.10423,83.478,-31.292,-206.88
0.11248,83.477,-35.467,-206.91
0.076792,85.591,-27.106,-204.62
0.076897,85.636,-31.282,-204.62
0.077812,85.657,-35.457,-204.64
0.099935,82.444,-27.121,-204.28
0.1026,82.504,-31.296,-204.28
0.11374,82.52,-35.47,-204.31
0.13553,79.704,-27.126,-206.27
0.12947,79.836,-31.307,-206.22
0.10543,79.792,-35.486,-206.3
0.11319,84.257,-35.483,-210.24
0.11344,84.313,-31.295,-210.18
0.11005,84.176,-27.107,-210.23
0.052517,79.508,-27.127,-211.39
0.052348,80.004,-31.322,-211.06
0.033095,79.61,-35.523,-211.41
0.086631,83.558,-35.517,-214.54
0.10554,83.921,-31.315,-214.22
0.097027,83.464,-27.12,-214.54
0.068825,95.013,-27.082,-178.86
0.072003,95.014,-31.267,-179.02
0.069951,95.041,-35.452,-178.9
0.064934,91.114,-27.088,-180.78
0.062083,91.118,-31.276,-180.81
0.060439,91.159,-35.465,-180.81
0.068393,94.532,-27.084,-182.17
0.065655,94.542,-31.266,-182.23
0.06343,94.558,-35.45,-182.2
0.02716,98.194,-27.082,-181.44
0.028392,98.199,-31.258,-181.62
0.028587,98.202,-35.435,-181.48
0.055126,90.261,-27.095,-185.27
0.053247,90.28,-31.277,-185.29
0.051512,90.303,-35.461,-185.3
0.051099,94.205,-27.087,-185.81
0.049239,94.214,-31.265,-185.83
0.047754,94.23,-35.445,-185.83
0.02432,98.111,-27.084,-185.74
0.024195,98.112,-31.255,-185.78
0.023757,98.119,-35.428,-185.76
0.057451,90.005,-27.097,-189.38
0.055795,90.027,-31.275,-189.4
0.054168,90.047,-35.456,-189.41
0.041756,94.037,-27.09,-189.72
0.040431,94.05,-31.264,-189.73
0.038985,94.062,-35.44,-189.73
0.021102,98.029,-27.085,-189.93
0.020379,98.033,-31.254,-189.93
0.23052,36.641,-14.25,-83.134
0.21982,36.117,-18.446,-83.746
0.21097,36.536,-22.658,-83.873
0.25669,27.86,-14.265,-80.532
0.25279,27.779,-18.403,-81.018
0.2355,27.764,-22.557,-81.399
0.25475,30.72,-14.256,-81.604
0.27379,30.588,-18.408,-82.091
0.29615,30.631,-22.585,-82.426
0.237,31.575,-22.64,-79.635
0.20023,34.683,-22.363,-73.085
0.22034,30.973,-22.49,-76.3
0.22398,31.27,-18.453,-79.467
0.22149,31.692,-14.276,-78.773
0.21408,34.655,-13.912,-72.059
0.18837,37.119,-18.167,-73.02
0.20416,33.728,-18.117,-72.792
0.21617,30.593,-18.3,-76.101
0.22196,31.028,-14.125,-75.355
0.2232,34.102,-14.243,-80.808
0.2126,33.603,-18.435,-81.478
0.20988,33.99,-22.645,-81.624
0.12511,27.001,-14.222,-84.254
0.12659,26.937,-18.352,-84.709
0.12355,26.909,-22.502,-85.113
0.28603,30.518,-14.209,-84.745
0.29345,30.439,-18.352,-85.18
0.29125,30.443,-22.52,-85.545
0.21366,33.773,-14.224,-84.343
0.21101,33.594,-18.385,-84.775
0.21891,33.704,-22.575,-85.093
0.091281,27.074,-14.215,-87.984
0.09655,27.031,-18.343,-88.42
0.096431,27.001,-22.49,-88.82
0.24666,31.092,-14.205,-88.109
0.24768,31.042,-18.347,-88.511
0.24047,31.034,-22.511,-88.873
0.2174,35.25,-14.233,-87.21
0.21582,35.109,-18.395,-87.595
0.22445,35.189,-22.578,-87.901
0.14408,31.552,-12.767,-58.952
0.14734,31.499,-17.069,-59.77
0.13684,32.159,-21.356,-60.247
0.13552,28.868,-13.435,-52.966
0.12952,29.192,-17.572,-53.564
0.12479,29.548,-21.758,-54.03
0.14464,29.485,-13.209,-54.889
0.13848,29.773,-17.381,-55.552
0.13321,30.163,-21.601,-56.04
0.085136,32.588,-21.538,-54.976
0.056619,33.175,-21.622,-52.691
0.095897,31.89,-17.288,-54.62
0.088878,31.824,-13.032,-53.827
0.071255,32.406,-17.372,-52.366
0.062461,32.375,-13.102,-51.647
0.10949,31.772,-12.851,-55.948
0.11576,31.778,-17.137,-56.765
0.10392,32.484,-21.413,-57.178
0.19118,26.311,-13.557,-53.662
0.17743,26.597,-17.667,-54.236
0.1683,26.865,-21.828,-54.734
0.20292,27.259,-13.29,-56.194
0.18773,27.526,-17.437,-56.828
0.17764,27.818,-21.636,-57.369
0.18778,29.157,-13.002,-58.071
0.17676,29.367,-17.206,-58.754
0.16876,29.735,-21.453,-59.326
0.22345,23.821,-13.619,-54.6
0.20413,24.043,-17.718,-55.183
0.19035,24.243,-21.867,-55.692
0.23093,25.046,-13.347,-57.642
0.2107,25.259,-17.482,-58.289
0.19629,25.476,-21.667,-58.839
0.23773,27.837,-13.042,-60.456
0.21724,28.01,-17.237,-61.149
0.2032,28.297,-21.477,-61.74
0.20075,49.136,-14.371,-108.15
0.19731,48.747,-18.631,-108.49
0.1873,49.151,-22.887,-108.27
0.25283,39.928,-14.445,-105.67
0.25345,39.896,-18.627,-105.86
0.25204,39.906,-22.822,-105.99
0.22618,42.894,-14.439,-106.67
0.2278,42.825,-18.637,-106.85
0.23165,42.894,-22.853,-106.91
0.19516,43.686,-22.876,-103.87
0.19273,45.684,-22.908,-96.253
0.19127,42.64,-22.84,-100.32
0.19624,43.379,-18.634,-104.04
0.20245,43.741,-14.386,-103.62
0.20778,45.788,-14.314,-95.939
0.19128,48.268,-18.615,-96.281
0.19813,44.781,-18.611,-96.459
0.19358,42.276,-18.6,-100.47
0.20262,42.702,-14.358,-99.993
0.2009,46.316,-14.373,-105.66
0.19051,45.892,-18.634,-106.05
0.18602,46.29,-22.895,-105.85
0.14084,39.202,-14.453,-109.53
0.1474,39.194,-18.618,-109.71
0.14869,39.207,-22.799,-109.87
0.2668,42.791,-14.456,-109.97
0.27151,42.779,-18.63,-110.1
0.27511,42.825,-22.825,-110.21
0.18787,46.152,-14.435,-109.49
0.17865,46.057,-18.635,-109.62
0.17735,46.2,-22.857,-109.66
0.090983,39.292,-14.458,-113.35
0.099834,39.301,-18.617,-113.52
0.10161,39.316,-22.791,-113.69
0.2503,43.348,-14.464,-113.45
0.25488,43.368,-18.632,-113.58
0.25774,43.405,-22.817,-113.69
0.1869,47.783,-14.443,-112.55
0.17959,47.778,-18.635,-112.64
0.17773,47.866,-22.843,-112.68
0.04169,48.065,-14.505,-141.3
0.038946,48.122,-18.68,-141.44
0.033603,48.162,-22.866,-141.59
0.17133,61.654,-14.249,-120.93
0.16504,61.302,-18.554,-121.22
0.15929,61.852,-22.838,-120.87
0.17712,52.39,-14.458,-117.14
0.1684,52.424,-18.662,-117.19
0.16401,52.526,-22.883,-117.17
0.18516,55.457,-14.42,-118.7
0.17571,55.477,-18.645,-118.78
0.16892,55.632,-22.891,-118.68
0.16098,56.712,-22.867,-115.52
0.14202,55.878,-22.88,-108.79
0.16909,56.289,-18.592,-115.88
0.17754,56.568,-14.298,-115.53
0.11078,61.153,-18.45,-110.18
0.15976,54.746,-18.562,-109.73
0.15504,55.827,-14.183,-108.77
0.16708,59.137,-14.271,-118.31
0.16082,58.822,-18.58,-118.64
0.15269,59.317,-22.872,-118.27
0.16905,51.608,-14.511,-121.66
0.16293,51.673,-18.692,-121.7
0.15941,51.752,-22.892,-121.73
0.17656,55.185,-14.476,-122.18
0.16891,55.245,-18.67,-122.2
0.16381,55.365,-22.888,-122.19
0.17217,58.558,-14.391,-121.95
0.1627,58.538,-18.621,-121.98
0.15619,58.765,-22.871,-121.91
0.17587,51.78,-14.52,-125.74
0.17092,51.849,-18.696,-125.78
0.17071,51.919,-22.888,-125.84
0.17028,55.783,-14.487,-125.84
0.16331,55.855,-18.673,-125.85
0.1586,55.958,-22.879,-125.86
0.17116,59.991,-14.395,-125.03
0.1621,59.985,-18.613,-125.04
0.15674,60.201,-22.848,-124.99
0.048189,61.009,-14.579,-166.87
0.049819,61.137,-18.769,-166.98
0.046929,61.226,-22.963,-167.07
0.020266,57.832,-14.611,-166.5
0.15725,73.771,-14.312,-146.16
0.15415,73.389,-18.583,-146.34
0.15021,73.941,-22.835,-146
0.14702,64.688,-14.482,-143.9
0.1401,64.72,-18.691,-143.88
0.13663,64.806,-22.912,-143.81
0.15183,67.653,-14.452,-144.86
0.1455,67.642,-18.67,-144.85
0.13984,67.793,-22.904,-144.73
0.14476,68.591,-22.866,-141.69
0.14607,70.709,-22.82,-133.99
0.14611,67.563,-22.854,-138.08
0.1484,68.184,-18.616,-142.03
0.15663,68.472,-14.349,-141.82
0.15735,70.549,-14.201,-134.12
0.13732,73.179,-18.442,-134.28
0.15366,69.66,-18.53,-134.39
0.14991,67.091,-18.604,-138.43
0.1575,67.431,-14.338,-138.19
0.15621,71.043,-14.331,-143.82
0.14984,70.685,-18.606,-144.03
0.14635,71.185,-22.866,-143.67
0.14628,64.038,-14.54,-147.81
0.13968,64.086,-18.734,-147.79
0.13449,64.167,-22.939,-147.77
0.1475,67.622,-14.51,-148.14
0.14151,67.659,-18.705,-148.11
0.13645,67.777,-22.919,-148.05
0.14364,70.905,-14.44,-147.58
0.13707,70.848,-18.655,-147.54
0.133,71.081,-22.887,-147.43
0.14543,64.282,-14.566,-151.65
0.13866,64.35,-18.753,-151.64
0.13434,64.432,-22.95,-151.64
0.14323,68.364,-14.53,-151.61
0.13707,68.43,-18.718,-151.57
0.13214,68.54,-22.92,-151.54
0.14084,72.569,-14.444,-150.51
0.13484,72.553,-18.65,-150.47
0.13132,72.77,-22.868,-150.38
0.023317,71.311,-14.559,-194.48
0.022723,71.438,-18.751,-194.54
0.11187,73.484,-14.571,-192.21
0.12152,73.582,-18.756,-192.27
0.12108,73.644,-22.942,-192.33
0.028705,70.353,-14.594,-191.82
0.027966,70.466,-18.778,-191.89
0.024696,70.518,-22.964,-191.98
0.10149,87.372,-14.384,-171.97
0.098258,87.048,-18.638,-172.19
0.095134,87.543,-22.869,-171.95
0.11022,77.881,-14.526,-169.46
0.10395,77.954,-18.724,-169.45
0.10017,78.066,-22.929,-169.38
0.1101,80.946,-14.493,-170.5
0.10533,80.971,-18.699,-170.51
0.10056,81.139,-22.917,-170.42
0.1011,82.024,-22.888,-167.4
0.10967,84.011,-22.824,-159.39
0.10638,80.888,-22.877,-163.66
0.10462,81.572,-18.65,-167.7
0.10866,81.829,-14.391,-167.45
0.11719,83.773,-14.215,-159.49
0.1039,86.557,-18.444,-159.68
0.11492,82.894,-18.546,-159.79
0.10942,80.367,-18.637,-163.99
0.11354,80.682,-14.375,-163.73
0.096147,84.491,-14.371,-169.52
0.089931,84.153,-18.637,-169.77
0.088403,84.683,-22.886,-169.47
0.10968,77.121,-14.574,-173.34
0.10452,77.199,-18.758,-173.32
0.10092,77.294,-22.949,-173.3
0.10624,80.825,-14.547,-173.77
0.10137,80.886,-18.731,-173.75
0.097518,81.003,-22.927,-173.71
0.087469,84.291,-14.487,-173.3
0.081201,84.263,-18.687,-173.29
0.07872,84.474,-22.9,-173.23
0.10821,77.183,-14.591,-177.14
0.10347,77.269,-18.769,-177.14
0.099837,77.353,-22.953,-177.14
0.10159,81.37,-14.567,-177.24
0.097065,81.45,-18.743,-177.22
0.093809,81.54,-22.928,-177.2
0.082363,85.943,-14.519,-176.33
0.077253,85.988,-18.702,-176.3
0.075004,86.108,-22.894,-176.28
0.11661,83.252,-14.583,-206.8
0.10752,83.337,-18.765,-206.82
0.10432,83.352,-22.946,-206.87
0.081603,85.466,-14.582,-204.56
0.078786,85.517,-18.759,-204.58
0.077387,85.55,-22.935,-204.6
0.11573,82.307,-14.591,-204.18
0.10569,82.37,-18.771,-204.21
0.10161,82.398,-22.95,-204.26
0.13984,79.541,-14.584,-206.14
0.14757,79.678,-18.776,-206.14
0.14029,79.649,-22.965,-206.24
0.11284,84.123,-22.967,-210.22
0.11845,84.158,-18.772,-210.14
0.12233,84.004,-14.579,-210.15
0.055698,79.276,-14.577,-211.28
0.06691,79.808,-18.796,-211
0.053676,79.441,-23.015,-211.37
0.097847,83.401,-23.016,-214.54
0.11608,83.733,-18.8,-214.21
0.10485,83.229,-14.587,-214.49
0.067534,94.917,-14.541,-178.83
0.070468,94.947,-18.721,-178.95
0.06897,94.991,-22.904,-178.83
0.070083,90.972,-14.539,-180.8
0.068309,91.015,-18.719,-180.78
0.066614,91.081,-22.903,-180.77
0.07089,94.445,-14.563,-182.18
0.069712,94.481,-18.735,-182.2
0.068851,94.513,-22.912,-182.15
0.025013,98.163,-14.575,-181.4
0.025508,98.178,-18.744,-181.55
0.025874,98.187,-22.917,-181.42
0.062342,90.14,-14.571,-185.29
0.059516,90.188,-18.742,-185.27
0.057145,90.231,-22.918,-185.26
0.05515,94.132,-14.578,-185.83
0.054679,94.159,-18.745,-185.82
0.053379,94.188,-22.916,-185.8
0.024316,98.086,-14.581,-185.74
0.024107,98.094,-18.748,-185.76
0.023832,98.105,-22.916,-185.73
0.062872,89.896,-14.579,-189.4
0.060621,89.94,-18.749,-189.38
0.058953,89.976,-22.922,-189.38
0.046525,93.971,-14.581,-189.73
0.045215,93.998,-18.748,-189.72
0.043413,94.02,-22.918,-189.71
0.022471,98.007,-14.583,-189.93
0.022047,98.016,-18.749,-189.93
0.021647,98.023,-22.917,-189.93
0.23196,34.529,-9.887,-71.537
0.24384,30.998,-10.047,-74.918
0.31811,33.928,-1.8889,-70.853
0.22913,36.448,-5.8725,-71.774
0.27775,33.315,-5.8453,-71.343
0.2785,30.506,-5.9867,-74.875
0.34597,30.925,-1.9669,-74.487
0.25601,36.579,-10.159,-82.817
0.24538,34.079,-10.192,-80.456
0.25436,30.755,-10.185,-81.203
0.25807,27.932,-10.16,-80.097
0.23496,31.715,-10.187,-78.396
0.22751,33.745,-10.155,-83.973
0.28241,30.539,-10.123,-84.33
0.1153,27.062,-10.123,-83.799
0.23115,35.207,-10.117,-86.863
0.23996,31.096,-10.099,-87.701
0.078191,27.107,-10.112,-87.528
0.29642,35.886,-6.0664,-82.836
0.28539,33.513,-6.1036,-80.472
0.26848,30.743,-6.0887,-80.912
0.25208,28.068,-6.06,-79.747
0.2642,31.348,-6.0925,-78.421
0.25513,33.519,-6.0687,-83.65
0.27948,30.552,-6.0307,-83.914
0.10002,27.178,-6.0306,-83.339
0.25617,34.984,-6.0207,-86.533
0.2275,31.08,-6.0081,-87.256
0.05779,27.162,-6.026,-87.037
0.37085,35.944,-1.9958,-82.388
0.35439,33.803,-2.0056,-79.97
0.32909,31.171,-2.0093,-80.461
0.2556,28.58,-2.0027,-79.411
0.3333,31.785,-2.0088,-78.126
0.30898,33.648,-2.0019,-83.024
0.31182,30.868,-1.9871,-83.268
0.075703,27.573,-1.9915,-82.788
0.30483,34.962,-1.9864,-85.991
0.22167,31.206,-1.9818,-86.589
0.029084,27.341,-1.9931,-86.425
0.064043,31.68,-9.0993,-51.048
0.040565,31.153,-1.6948,-48.251
0.021584,33.639,-5.0594,-49.026
0.034262,31.982,-5.2183,-48.613
0.082409,30.304,-5.363,-50.695
0.089007,29.621,-1.7497,-50.277
0.15895,30.999,-8.7264,-58.061
0.11816,31.14,-8.8455,-55.139
0.159,28.959,-9.1973,-54.157
0.14778,28.362,-9.4164,-52.33
0.094217,31.164,-9.0002,-53.116
0.20875,28.7,-8.9963,-57.217
0.22538,26.867,-9.2805,-55.432
0.21149,25.941,-9.544,-53.011
0.26594,27.493,-8.9895,-59.567
0.25889,24.775,-9.3182,-56.862
0.2501,23.57,-9.5956,-53.927
0.19527,29.857,-5.0055,-57.154
0.14853,29.892,-5.1206,-54.417
0.18143,28.278,-5.3383,-53.398
0.16622,27.769,-5.5223,-51.725
0.11797,29.928,-5.232,-52.607
0.23727,28.073,-5.19,-56.183
0.25224,26.456,-5.3992,-54.532
0.23651,25.6,-5.6195,-52.302
0.29949,27.073,-5.1437,-58.465
0.29608,24.557,-5.416,-55.918
0.28596,23.392,-5.6558,-53.16
0.22231,29.38,-1.5896,-55.907
0.15948,29.378,-1.6341,-53.342
0.19174,28.028,-1.7142,-52.571
0.17723,27.544,-1.7971,-51.255
0.12786,29.358,-1.6817,-51.948
0.25164,27.885,-1.6594,-54.9
0.26647,26.508,-1.74,-53.492
0.25457,25.65,-1.8362,-51.625
0.3287,27.033,-1.637,-57.127
0.33339,24.755,-1.7486,-54.749
0.32481,23.551,-1.853,-52.305
0.22688,45.689,-10.226,-95.932
0.21749,42.636,-10.244,-99.98
0.3292,44.947,-1.9715,-96.712
0.25484,47.6,-6.0458,-96.746
0.26539,44.418,-6.0877,-96.532
0.23662,42.075,-6.1307,-100.51
0.27791,42.389,-2.0166,-100.65
0.21579,48.991,-10.24,-108.25
0.21796,46.216,-10.291,-105.72
0.23348,42.856,-10.33,-106.66
0.25187,39.938,-10.297,-105.59
0.21517,43.696,-10.256,-103.65
0.20127,46.045,-10.333,-109.51
0.26888,42.741,-10.335,-109.91
0.12499,39.201,-10.313,-109.4
0.19976,47.664,-10.285,-112.57
0.245,43.293,-10.322,-113.37
0.075161,39.279,-10.315,-113.19
0.24644,48.262,-6.1329,-108.8
0.2477,45.56,-6.1778,-106.27
0.24984,42.763,-6.1898,-106.8
0.24371,40.002,-6.1459,-105.65
0.23687,43.254,-6.1324,-104.2
0.22234,45.738,-6.2081,-109.62
0.27452,42.676,-6.1921,-109.89
0.10361,39.253,-6.1657,-109.3
0.21913,47.428,-6.1535,-112.66
0.23719,43.233,-6.1785,-113.29
0.054205,39.301,-6.1714,-113.02
0.28812,48.128,-2.0228,-108.84
0.289,45.687,-2.03,-106.23
0.29596,43.06,-2.0457,-106.75
0.23534,40.407,-2.0313,-105.69
0.28282,43.553,-2.0172,-104.35
0.2574,45.722,-2.0584,-109.43
0.30199,42.879,-2.0516,-109.63
0.076064,39.564,-2.0426,-109.08
0.25207,47.267,-2.0447,-112.57
0.23193,43.297,-2.0507,-113.01
0.026315,39.461,-2.0487,-112.74
0.038641,48.012,-10.344,-141.13
0.026669,47.926,-6.1816,-140.96
0.16903,55.604,-10.031,-108.97
0.15344,60.165,-5.8837,-111.08
0.20909,54.013,-5.951,-110.38
0.22898,54.403,-1.9265,-110.12
0.18659,61.393,-10.127,-121.08
0.18336,58.896,-10.19,-118.47
0.19721,55.278,-10.316,-118.81
0.1895,52.244,-10.299,-117.22
0.19298,56.351,-10.161,-115.69
0.18574,58.348,-10.293,-122.05
0.18719,55.029,-10.355,-122.24
0.17858,51.497,-10.363,-121.69
0.18293,59.791,-10.252,-125.11
0.18025,55.65,-10.341,-125.87
0.18687,51.688,-10.364,-125.74
0.2139,60.48,-6.0451,-121.68
0.21475,58.07,-6.1021,-119.16
0.21245,54.975,-6.1884,-119.12
0.20212,52.019,-6.1604,-117.42
0.21928,55.61,-6.0695,-116.4
0.203,57.924,-6.1693,-122.25
0.20024,54.829,-6.2082,-122.35
0.19356,51.391,-6.2074,-121.74
0.19663,59.407,-6.1214,-125.24
0.19327,55.495,-6.1872,-125.91
0.20747,51.612,-6.2041,-125.74
0.26615,60.374,-1.9798,-121.65
0.2571,58.072,-1.9946,-119.13
0.2328,55.042,-2.0456,-119.15
0.21793,51.983,-2.0444,-117.53
0.25588,55.494,-1.9933,-116.54
0.22646,57.897,-2.0357,-122.11
0.21576,54.947,-2.0562,-122.21
0.21555,51.523,-2.0606,-121.69
0.21325,59.328,-2.0226,-125.13
0.209,55.527,-2.0505,-125.74
0.24506,51.673,-2.0601,-125.67
0.020493,57.701,-10.435,-166.32
0.040985,60.863,-10.395,-166.74
0.027929,60.658,-6.2066,-166.58
0.16918,70.368,-10.112,-134.36
0.16671,67.309,-10.209,-138.41
0.23479,69.667,-1.9529,-135.51
0.18648,72.306,-5.9511,-135.31
0.19363,69.071,-6.0248,-135.17
0.17635,66.734,-6.1028,-139.15
0.19388,67.1,-2.0055,-139.48
0.16589,73.588,-10.194,-146.38
0.16649,70.906,-10.243,-144.05
0.15729,67.576,-10.328,-145.03
0.15584,64.651,-10.309,-144.04
0.16488,68.38,-10.207,-142.05
0.15145,70.767,-10.335,-147.74
0.15439,67.536,-10.372,-148.26
0.15468,63.993,-10.37,-147.88
0.14725,72.41,-10.294,-150.65
0.1507,68.262,-10.371,-151.69
0.15475,64.214,-10.393,-151.68
0.17916,72.79,-6.1051,-147.01
0.1832,70.246,-6.1483,-144.73
0.16371,67.474,-6.1818,-145.35
0.16323,64.699,-6.1391,-144.31
0.17479,67.928,-6.0943,-142.77
0.16027,70.441,-6.205,-147.98
0.16142,67.455,-6.2104,-148.41
0.1653,64.02,-6.1929,-147.99
0.1534,72.084,-6.1552,-150.84
0.15866,68.158,-6.2047,-151.76
0.16771,64.189,-6.216,-151.71
0.21245,72.77,-2.0105,-147.1
0.20621,70.445,-2.021,-144.8
0.17076,67.821,-2.041,-145.47
0.16972,65.138,-2.0243,-144.57
0.19518,68.29,-2.0025,-143.08
0.16774,70.484,-2.0543,-147.89
0.16741,67.685,-2.0557,-148.3
0.17759,64.335,-2.049,-148
0.15784,71.995,-2.0389,-150.78
0.16629,68.213,-2.057,-151.6
0.185,64.309,-2.0624,-151.64
0.026772,70.255,-10.423,-191.7
0.094101,73.383,-10.396,-192.12
0.02221,71.219,-10.39,-194.35
0.070168,73.254,-6.2158,-192.02
0.037396,72.977,-2.0612,-192.04
0.12341,83.55,-10.139,-159.74
0.11915,80.507,-10.258,-163.93
0.16717,82.743,-1.9534,-160.97
0.14084,85.525,-5.9612,-160.72
0.13972,82.179,-6.0426,-160.6
0.12701,79.854,-6.1387,-164.68
0.13708,80.152,-2.015,-165.02
0.102,87.174,-10.261,-172.13
0.1006,84.301,-10.295,-169.7
0.11515,80.82,-10.377,-170.65
0.1174,77.79,-10.359,-169.59
0.11395,81.674,-10.263,-167.65
0.093047,84.131,-10.376,-173.43
0.11209,80.707,-10.41,-173.88
0.11604,77.032,-10.409,-173.41
0.086373,85.796,-10.353,-176.42
0.10723,81.256,-10.406,-177.3
0.11429,77.085,-10.42,-177.18
0.1146,86.403,-6.1457,-172.71
0.11474,83.563,-6.1826,-170.38
0.11986,80.652,-6.2227,-170.96
0.12311,77.765,-6.1841,-169.86
0.12346,81.135,-6.1368,-168.37
0.10055,83.781,-6.2338,-173.65
0.11632,80.576,-6.2445,-174.02
0.12233,76.99,-6.2287,-173.51
0.091904,85.544,-6.196,-176.54
0.11155,81.129,-6.2338,-177.36
0.12158,77.005,-6.2399,-177.2
0.14443,86.258,-2.023,-172.86
0.13547,83.66,-2.0279,-170.43
0.12463,80.889,-2.0569,-171.05
0.12496,78.093,-2.0437,-170.1
0.13849,81.405,-2.0146,-168.65
0.11013,83.709,-2.0661,-173.57
0.11885,80.692,-2.0712,-173.9
0.1267,77.183,-2.0654,-173.51
0.099752,85.338,-2.0585,-176.57
0.11469,81.096,-2.0707,-177.22
0.12737,77.014,-2.0732,-177.13
0.084703,83.537,-10.521,-218.47
0.097721,83.901,-6.3072,-217.91
0.054468,83.149,-2.0666,-218.03
0.13179,83.948,-10.441,-210.07
0.10554,83.152,-10.491,-214.38
0.050307,79.224,-10.47,-211.13
0.13097,79.507,-10.419,-206.04
0.13083,82.274,-10.416,-204.12
0.086905,85.429,-10.409,-204.52
0.13002,83.21,-10.41,-206.73
0.14789,83.978,-6.2412,-209.88
0.12484,83.499,-6.2789,-213.83
0.052816,79.683,-6.2586,-210.5
0.11947,79.598,-6.2257,-205.82
0.15344,82.278,-6.2301,-204.05
0.095883,85.395,-6.2283,-204.5
0.1505,83.213,-6.2231,-206.6
0.17178,83.756,-2.055,-209.67
0.10288,82.949,-2.0541,-213.82
0.028468,79.339,-2.0458,-210.37
0.095458,79.624,-2.0573,-205.66
0.1956,82.278,-2.0664,-204.1
0.1131,85.282,-2.0674,-204.59
0.19126,83.148,-2.0618,-206.41
0.079694,94.556,-2.0691,-179.79
0.072734,94.717,-6.2165,-179.29
0.068233,94.842,-10.374,-178.91
0.08253,90.537,-2.0655,-181.28
0.075057,90.703,-6.2087,-181.04
0.07175,90.87,-10.368,-180.88
0.070191,94.198,-2.0926,-182.75
0.069828,94.298,-6.2607,-182.49
0.070264,94.385,-10.409,-182.26
0.028969,98.061,-2.0916,-182.31
0.024591,98.113,-6.2638,-181.87
0.024495,98.142,-10.42,-181.47
0.07333,89.873,-2.0829,-185.51
0.069279,89.966,-6.2464,-185.44
0.065404,90.067,-10.407,-185.35
0.059541,93.916,-2.0929,-186.03
0.05632,94.009,-6.2667,-185.99
0.055344,94.084,-10.423,-185.89
0.02769,97.985,-2.0891,-186.03
0.024862,98.038,-6.2607,-185.92
0.024123,98.069,-10.422,-185.79
0.072234,89.649,-2.0813,-189.55
0.068711,89.757,-6.246,-189.49
0.065681,89.837,-10.412,-189.43
0.055967,93.785,-2.0842,-189.81
0.050478,93.875,-6.2526,-189.81
0.047725,93.933,-10.418,-189.76
0.027596,97.934,-2.084,-189.95
0.024114,97.972,-6.252,-189.97
0.023117,97.994,-10.418,-189.95
