E1_Z05_X,E1_Z05_Y,E1_Z06_X,E1_Z06_Y,E1_Z07_X,E1_Z07_Y,E1_Z08_X,E1_Z08_Y,E1_Z09_X,E1_Z09_Y,MEAN_X,MEAN_Y
4.86509082605648E-06,0.165170734939893,2.45838374097086E-07,0.00729764415719391,2.93957871335187E-07,0.00944945263954119,4.73741600918428E-07,0.0142007531663304,8.70788374554646E-08,0.00239306499058723,0,0
6.11017237140394E-06,0.207441484090908,1.55786578873657E-06,0.0462448151661464,1.80978882231663E-06,0.0581767505880186,2.24884567182965E-06,0.0674108041871586,1.54016151988318E-06,0.0423260888728223,5.43816511681762E-06,0.166666532368593
7.28669210356471E-06,0.247384546981226,2.89096413070592E-06,0.085817470826469,3.04051605471396E-06,0.097739217964411,3.71442270877134E-06,0.111342554549598,3.15476754350524E-06,0.0866980311452183,1.08763302336352E-05,0.333333064737185
8.50142931999896E-06,0.288625100543495,4.2178946529997E-06,0.125207036465214,4.25594210268058E-06,0.136809819561023,5.20121393084784E-06,0.155910215725317,4.65611547404483E-06,0.12795746083274,1.63144953504529E-05,0.499999597105778
7.29455055061376E-06,0.24765134271454,5.57246072306224E-06,0.165416955697844,5.47202661149281E-06,0.175901587777693,6.73366699614554E-06,0.201846624259188,6.09242104721366E-06,0.167429423061146,2.17526604672705E-05,0.666666129474371
8.48011322076475E-06,0.287901415025085,6.89411406809442E-06,0.204649869788795,6.70284105252795E-06,0.215466858528219,8.05174316484534E-06,0.241356927533886,7.56721506253073E-06,0.207959108912635,2.71908255840881E-05,0.833332661842964
9.66013516062985E-06,0.327963378515847,8.34657416708618E-06,0.247765746201069,7.99341174786955E-06,0.256953030026939,9.3661919470982E-06,0.280758497230043,9.01140818778935E-06,0.247647833621101,3.26289907009057E-05,0.999999194211556
8.42530908343275E-06,0.286040804408651,9.6907797356836E-06,0.287668116812537,9.2122946420693E-06,0.296134754025594,8.06094120525508E-06,0.241632645565023,7.38224116338533E-06,0.202875731881521,3.80671558177233E-05,1.16666572658015
9.77041759526993E-06,0.331707487604809,8.29822586395378E-06,0.246330540191591,7.8877723451961E-06,0.253557187868,9.35947362301194E-06,0.2805571105208,5.93578768006985E-06,0.163124888937556,4.3505320934541E-05,1.33333225894874
8.52707778887082E-06,0.289495870813796,6.94195938698477E-06,0.20607014485013,6.66299671977531E-06,0.214186038478768,1.07050389601345E-05,0.320891421851288,7.46480774019459E-06,0.205144792770809,4.89434860513586E-05,1.49999879131733
9.75113398681306E-06,0.331052805524866,5.5328414632073E-06,0.164240868924351,7.90821181102727E-06,0.254214226794945,1.20028736159187E-05,0.359794970878375,8.94763237787811E-06,0.245895172901176,5.43816511681762E-05,1.66666532368593
8.48244550059339E-06,0.287980596357387,6.92634102600772E-06,0.205606518123229,9.21924290870975E-06,0.296358110237311,1.330934107415E-05,0.398957294512646,7.4485830312379E-06,0.204698911956121,5.98198162849938E-05,1.83333185605452
9.65446579200201E-06,0.327770902400521,8.2845480513415E-06,0.24592451810631,1.04516663940632E-05,0.335975104685562,1.46419620286454E-05,0.438903588446684,8.90639310699472E-06,0.244761852128045,6.52579814018114E-05,1.99999838842311
1.08028624383766E-05,0.366759181317803,9.60719226038458E-06,0.285186845721435,1.17259855430185E-05,0.376938860447634,1.59823111666741E-05,0.479081540370156,7.41636359145202E-06,0.20381347049157,7.06961465186291E-05,2.16666492079171
9.56120051377582E-06,0.324604528924719,1.10195892074936E-05,0.327113458548115,1.3008481403079E-05,0.418165461507863,1.72815105484524E-05,0.518025998063368,9.01817355763093E-06,0.247833756747653,7.61343116354467E-05,2.3333314531603
1.07914198208261E-05,0.366370702331895,9.70554146603141E-06,0.288106314696079,1.43268878162356E-05,0.460546428903645,1.86232930009076E-05,0.558246914641708,7.60054565261387E-06,0.208875086555129,8.15724767522643E-05,2.49999798552889
9.48106354238679E-06,0.321883863898428,1.11499839022864E-05,0.330984189007012,1.31052771195938E-05,0.421277018054256,1.99431716545217E-05,0.597811248728361,9.09554919014013E-06,0.249960162229088,8.70106418690819E-05,2.66666451789748
1.0670061278727E-05,0.36225055734254,9.77868995886663E-06,0.290277707479272,1.44424038232744E-05,0.464259760452362,2.12424367137128E-05,0.636757675150362,1.05681075231656E-05,0.290428407974364,9.24488069858995E-05,2.83333105026608
9.47557636624319E-06,0.321697573251698,1.10918158366271E-05,0.329257486062231,1.58046852974676E-05,0.508051118083449,2.26069950170845E-05,0.677661314623192,9.13148541661791E-06,0.250947746905121,9.78869721027171E-05,2.99999758263467
1.06767372758664E-05,0.36247720868234,9.51961603579022E-06,0.282587169710449,1.70404765288848E-05,0.54777637075519,2.39479105338693E-05,0.717856244166739,1.06733883408801E-05,0.29332169234075,0.000103325137219535,3.16666411500326
9.4677003974601E-06,0.321430182652267,1.09742605771979E-05,0.325767890691809,1.83306761176823E-05,0.589250612810766,2.52794222691201E-05,0.757769288437521,1.21713189812389E-05,0.334487209457396,0.000108763302336352,3.33333064737185
1.06312698650663E-05,0.360933581661556,9.63000034692272E-06,0.285863897463553,1.71126329110015E-05,0.550095881072621,2.65844593611429E-05,0.79688873579193,1.07135405267582E-05,0.294425138288448,0.00011420146745317,3.49999717974045
1.18362477915229E-05,0.4018428055209,1.10439052137692E-05,0.327835272470677,1.83499491492766E-05,0.58987015600736,2.78827514070103E-05,0.835805995423403,1.216910411045E-05,0.334426341284389,0.000119639632569988,3.66666371210904
1.06768860863488E-05,0.362482260825786,9.72333429463093E-06,0.28863448989308,1.95702230636363E-05,0.62909659518599,2.9217051053568E-05,0.875802609387545,1.36745924445166E-05,0.375799555847971,0.000125077797686805,3.83333024447763
9.51436372562687E-06,0.323014411289227,1.13129688491942E-05,0.335822352088268,2.07812529846906E-05,0.668025880637991,3.05676449128189E-05,0.916287654369874,1.52463364640626E-05,0.418993582057429,0.000130515962803623,3.99999677684623
1.0962637550585E-05,0.372183575980123,9.99496582737499E-06,0.296697796832527,2.21125808182218E-05,0.710822214866141,3.19184560829311E-05,0.956779213405214,1.66583763933002E-05,0.457798685785392,0.00013595412792044,4.16666330921482
1.21732809048071E-05,0.413285142161786,1.16049807092766E-05,0.344490643409297,2.34130020487025E-05,0.752625037743672,3.33745149815212E-05,1.00042565056512,1.8179238405981E-05,0.499594393495911,0.000141392293037258,4.33332984158341
1.08792893532047E-05,0.369353889236457,1.31173200696963E-05,0.389384019139576,2.46744866124384E-05,0.79317621804169,3.47964450466978E-05,1.04304905082427,1.98201708324515E-05,0.544689827202342,0.000146830458154076,4.499996373952
1.23189029089696E-05,0.418229036183688,1.17779044142221E-05,0.34962383577469,2.61262817669513E-05,0.839845046784303,3.61245450165119E-05,1.08285982491499,2.15573584685745E-05,0.592430507206403,0.000152268623270893,4.6666629063206
1.09931967923549E-05,0.373221067900172,1.3145954117215E-05,0.390234012922437,2.75379167116395E-05,0.88522290141893,3.74460927693765E-05,1.12247419148015,2.30769420970829E-05,0.63419108288603,0.000157706788387711,4.83332943868919
1.22440475445661E-05,0.41568768269312,1.16649248184404E-05,0.346270067714408,2.62415769642351E-05,0.84355128027059,3.87853301418613E-05,1.16261881741317,2.45753456429157E-05,0.675369596197465,0.000163144953504529,4.99999597105778
1.34315198383837E-05,0.45600258708096,1.30471881625329E-05,0.38730217286792,2.76746467411192E-05,0.88961817048284,4.00899833460913E-05,1.20172675744844,2.31339221806891E-05,0.635756986235493,0.000168583118621346,5.16666250342637
1.48737417172872E-05,0.504966287082008,1.43922010384267E-05,0.427228508173248,2.91709957721352E-05,0.937719210392349,4.14246624122025E-05,1.24173474479296,2.49488884420578E-05,0.685635146602523,0.000174021283738164,5.33332903579497
1.60901855819403E-05,0.54626478166751,1.58138104877748E-05,0.469428591581502,3.04055087998826E-05,0.977403374438068,4.28177801967159E-05,1.28349447573309,2.63877178092198E-05,0.725176466705072,0.000179459448854981,5.49999556816356
1.49339019023747E-05,0.507008736512097,1.44617577252858E-05,0.429293279189227,3.16856881688397E-05,1.01855551049802,4.42369078124651E-05,1.32603387050802,2.80816047363052E-05,0.771727174335896,0.000184897613971799,5.66666210053215
1.62113472449994E-05,0.550378242576982,1.57735489591532E-05,0.468233439237268,3.0452296699171E-05,0.978907399611544,4.55971944792089E-05,1.36680946452896,2.97200491805279E-05,0.816754234331922,0.000190335779088617,5.83332863290075
1.74081904718689E-05,0.591011291878162,1.72321676264747E-05,0.511532131047476,3.18432420079312E-05,1.02362017345094,4.69885356586083E-05,1.40851594042319,2.82641626171613E-05,0.776744155340677,0.000195773944205434,5.99999516526934
1.85614026502158E-05,0.630163058998115,1.88498559208982E-05,0.559552760753149,3.32460537276866E-05,1.06871440021144,4.84211623754962E-05,1.45145998069024,2.99360541409183E-05,0.822690394294643,0.000201212109322252,6.16666169763793
1.97531289777761E-05,0.6706223886197,2.01958220260838E-05,0.599507392406422,3.4645807258437E-05,1.11371031964635,4.97619982280502E-05,1.49165252223983,3.13583539920766E-05,0.86177745699992,0.00020665027443907,6.33332823000652
2.09542054775334E-05,0.711399158319752,1.88779149729088E-05,0.560385685953348,3.58686179340249E-05,1.15301830454096,5.12990729510029E-05,1.5377274683635,3.29144068794569E-05,0.904540265933795,0.000212088439555887,6.49999476237512
1.96466052159453E-05,0.667005887169011,2.03667291937621E-05,0.60458072442064,3.72936844109542E-05,1.19882792386082,5.26796881003444E-05,1.57911242361228,3.44260900529615E-05,0.946083724540761,0.000217526604672705,6.66666129474371
2.10564134525609E-05,0.714869138008846,2.1709202541596E-05,0.644431674537726,3.85201387737687E-05,1.23825303727361,5.42607274790475E-05,1.62650524265052,3.58555710066181E-05,0.985368135367402,0.000222964769789522,6.8333278271123
2.23797404024227E-05,0.75979633314029,2.30340574989156E-05,0.683759627604137,3.9899449235377E-05,1.28259180195098,5.55601042782215E-05,1.66545501856075,3.76801538522724E-05,1.03551057477002,0.00022840293490634,6.99999435948089
2.12229961319601E-05,0.720524650838588,2.15917060897162E-05,0.640943824853149,4.11135709526759E-05,1.3216204750535,5.72041526365188E-05,1.71473657813759,3.9091874591241E-05,1.07430690664158,0.000233841100023158,7.16666089184949
1.99854262634945E-05,0.678508924509462,2.02123779672141E-05,0.599998850940917,4.2523442903586E-05,1.36694165719239,5.8592238682578E-05,1.75634547901414,4.06619306105198E-05,1.11745454391819,0.000239279265139975,7.33332742421808
2.13576089740915E-05,0.725094781769773,1.8807239295955E-05,0.558287698025826,4.38641471647285E-05,1.41003940232762,6.00024606440976E-05,1.79861792024889,3.90655494573439E-05,1.07358345008035,0.000244717430256793,7.49999395658667
2.26790956072899E-05,0.769959497809525,2.02175189509114E-05,0.600151459620416,4.50772862432537E-05,1.44903648791554,6.14371569193256E-05,1.84162399705039,4.05981032190333E-05,1.11570046565451,0.00025015559537361,7.66666048895527
2.15177424186219E-05,0.730531341880817,2.1847331118173E-05,0.64853198313886,4.6434754300451E-05,1.49267311536121,6.27981250578989E-05,1.88242001869099,4.20625571692951E-05,1.15594599006784,0.000255593760490428,7.83332702132386
2.02697481116464E-05,0.68816170393286,2.04853531345916E-05,0.608102043302924,4.76548262412616E-05,1.53189306197858,6.42068876269164E-05,1.92464871356136,4.36209163606195E-05,1.1987721799033,0.000261031925607246,7.99999355369245
2.16124381830953E-05,0.733746280629749,2.21855134278227E-05,0.658570831488495,4.88849173582082E-05,1.57143508104108,6.55702003445595E-05,1.96551501568521,4.21832424478355E-05,1.15926261352532,0.000266470090724063,8.16666008606104
2.2926534808835E-05,0.778360104547072,2.35678342475346E-05,0.699604642789876,5.0228021068241E-05,1.61460995790456,6.71105199413799E-05,2.01168722929132,4.39420002923165E-05,1.20759607717199,0.000271908255840881,8.33332661842964
2.40804318101504E-05,0.817535121533691,2.20651466004396E-05,0.654997775500802,5.16201116438187E-05,1.65935954703488,6.87246285189673E-05,2.06007132190539,4.54923087945382E-05,1.25020102126273,0.000277346420957699,8.49999315079823
2.28310013200389E-05,0.775116724902172,2.07040593435723E-05,0.614594276641075,5.28704612733653E-05,1.69955278817383,7.00383878026781E-05,2.09945222337527,4.40217490191385E-05,1.2097876990606,0.000282784586074516,8.66665968316682
2.16450083085512E-05,0.734852042423512,2.24435232846462E-05,0.666229782744831,5.42521355740935E-05,1.74396753988196,7.15133592517386E-05,2.14366557815536,4.54812210054695E-05,1.2498963111791,0.000288222751191334,8.83332621553541
2.32324840666718E-05,0.788747138536359,2.3756652908635E-05,0.705209672533541,5.55431777496193E-05,1.78546886739488,7.29636213347606E-05,2.18713825150209,4.74498532396484E-05,1.30399745695248,0.000293660916308151,8.99999274790401
2.47215171048069E-05,0.839300086066409,2.54612317118018E-05,0.75580962296477,5.6852913902174E-05,1.82757112404698,7.42704596128926E-05,2.22631169073581,4.58762199982222E-05,1.26075151192012,0.000299099081424969,9.1666592802726
2.35572108773976E-05,0.799771673925298,2.69775538153096E-05,0.800821225322333,5.80657318544356E-05,1.86655788683794,7.56051273408336E-05,2.26631933821033,4.73869878150765E-05,1.30226981507005,0.000304537246541787,9.33332581264119
2.21661289522109E-05,0.752544184828054,2.56097598923237E-05,0.760218640933366,5.92822706849613E-05,1.90566425949944,7.72054102889017E-05,2.31428899740375,4.93703230268823E-05,1.3567750220602,0.000309975411658604,9.49999234500978
2.33753138973829E-05,0.793596237752254,2.69895803413327E-05,0.801178229421819,6.06551521458243E-05,1.94979636007972,7.85929979039871E-05,2.35588295744501,5.11194290089394E-05,1.40484323717192,0.000315413576775422,9.66665887737838
2.49717775516136E-05,0.847796474603301,2.8336885158373E-05,0.841172600366328,6.19366282835168E-05,1.99099018155089,7.99754755651697E-05,2.39732374285706,5.26939224727724E-05,1.44811282248458,0.00032085174189224,9.83332540974697
2.64497967596462E-05,0.897975500560748,2.97227525908166E-05,0.882311691885958,6.34510068014441E-05,2.03967079016496,8.14297700538971E-05,2.4409172905327,5.44314502649062E-05,1.49586285051699,0.000326289907009057,9.99999194211556
2.51442216584119E-05,0.853650983979237,2.83914941795574E-05,0.842793654059999,6.48151903881188E-05,2.08352329234621,8.31277791115374E-05,2.49181636178799,5.28012739640877E-05,1.45106301225584,0.000331728072125875,10.1666584744842
2.38695719419254E-05,0.810376389939714,2.99969931127811E-05,0.890452445948989,6.6036091737201E-05,2.12276990079151,8.47926292745364E-05,2.54172147077111,5.45609506054908E-05,1.49942172590368,0.000337166237242692,10.3333250068527
2.54394633758506E-05,0.863674494988135,3.1467762222966E-05,0.934111820295826,6.7273463084595E-05,2.16254594724203,8.65299256113362E-05,2.59379820713506,5.63033457894816E-05,1.54730551760805,0.00034260440235951,10.4999915392213
2.67368486993183E-05,0.907720967097083,3.28502383316538E-05,0.975150241307518,6.8748231934598E-05,2.20995327924874,8.80388625684847E-05,2.63902970301906,5.77798569362885E-05,1.58788239296474,0.000348042567476328,10.6666580715899
2.80364834979474E-05,0.951843809304536,3.41976358745648E-05,1.01514736479385,7.0209474233182E-05,2.25692579212158,8.9356571673676E-05,2.67852900329493,5.94475331710695E-05,1.63371278907137,0.000353480732593145,10.8333246039585
2.64157912041795E-05,0.896821005652163,3.57051542157153E-05,1.05989762990021,7.16989200559168E-05,2.30480492424744,9.0834227225716E-05,2.72282281603735,6.10360833303946E-05,1.67736867473954,0.000358918897709963,10.9999911363271
2.51911477361822E-05,0.855244133013918,3.71736349978658E-05,1.1034890758621,7.32126517994056E-05,2.35346474190804,9.26630939659962E-05,2.7776444426424,6.24844404787058E-05,1.7171718334262,0.000364357062826781,11.1666576686957
2.65614386768683E-05,0.901765764335252,3.57292878275357E-05,1.0606140294938,7.45706233809775E-05,2.39711755544769,9.43041715342092E-05,2.82683695059994,6.39922601808787E-05,1.75860911769441,0.000369795227943598,11.3333242010643
2.81139999378068E-05,0.954475506799871,3.72009853883824E-05,1.10430096464181,7.58911839720798E-05,2.43956777018964,9.28826885967849E-05,2.78422695332425,6.54351533193333E-05,1.7982621166973,0.000375233393060416,11.4999907334329
2.94261700004114E-05,0.999023923541805,3.85926776911031E-05,1.14561296582495,7.73233015234389E-05,2.48560405053946,9.42277225086518E-05,2.82454533479157,6.69728100166559E-05,1.84051936906114,0.000380671558177233,11.6666572658015
3.0818066843758E-05,1.04627907926157,3.72671162724743E-05,1.10626404164992,7.86294375818522E-05,2.52759057999932,9.59621078763502E-05,2.8765348127142,6.85082424355898E-05,1.88271549471615,0.000386109723294051,11.8333237981701
2.94486778788646E-05,0.999788070185512,3.86786859420774E-05,1.14816609697259,8.0064110002874E-05,2.57370898817164,9.75268221802338E-05,2.92343827561929,7.02131022979066E-05,1.92956775606443,0.000391547888410869,11.9999903305387
2.80097982297793E-05,0.950937839506033,4.00143955739415E-05,1.18781626805138,8.12996867406488E-05,2.61342734581619,9.88501507758465E-05,2.96310602425655,7.1636237212925E-05,1.96867776765312,0.000396986053527686,12.1666568629073
2.65160864780403E-05,0.900226048782266,3.8636329448575E-05,1.14690875617516,8.27267087883303E-05,2.65929982813449,0.000100155366185914,3.00223081682558,7.31835696498431E-05,2.01120092473457,0.000402424218644504,12.3333233952759
2.79116351641368E-05,0.947605185239994,3.71778419468542E-05,1.10361395797954,8.44062804801854E-05,2.71329067071615,9.86831939102695E-05,2.95810136932887,7.53115210377713E-05,2.06968041432039,0.000407862383761321,12.4999899276445
2.94934905610055E-05,1.00130946904701,3.90371966910172E-05,1.15880838942145,8.57988696416552E-05,2.75805628718995,0.000100512994183975,3.01295097928544,7.68331643843003E-05,2.11149759432812,0.000413300548878139,12.666656460013
3.12827986273919E-05,1.0620568094206,4.0374452890059E-05,1.19850446991926,8.73263675003293E-05,2.80715862490584,0.000102138819650997,3.06168629428407,7.85709334004635E-05,2.15925425158062,0.000418738713994957,12.8333229923816
3.25794047990898E-05,1.10607682918261,4.21420469036421E-05,1.25097500944707,8.87132173976554E-05,2.8517397492806,0.000103692977361701,3.10827331553884,8.01414756259052E-05,2.20241525057611,0.000424176879111774,12.9999895247502
3.10782843944263E-05,1.05511351331939,4.06483764853566E-05,1.20663581610182,9.00441250976782E-05,2.89452257806434,0.000105104009256359,3.15057003511551,8.17711212755891E-05,2.24720050569985,0.000429615044228592,13.1666560571188
2.99076948726756E-05,1.01537178217124,3.92400197425635E-05,1.16482913562308,9.13458403890374E-05,2.93636699930741,0.000106453240352805,3.19101423027978,8.3188411721813E-05,2.28614990198786,0.00043505320934541,13.3333225894874
2.8506741228233E-05,0.967809146376241,4.07958051016908E-05,1.21101219381155,9.26994992950613E-05,2.97988117929676,0.000107865071275567,3.23333490131195,8.46939578000917E-05,2.32752470345426,0.000440491374462227,13.499989121856
2.9770909711781E-05,1.01072790061556,4.22580568744541E-05,1.25441873335219,9.41570586238215E-05,3.02673530088868,0.000109205654274765,3.27351986339611,8.65304072558886E-05,2.37799325618267,0.000445929539579045,13.6666556542246
3.13917373099938E-05,1.0657552978789,4.37427120643376E-05,1.29849031213517,9.53913755177852E-05,3.06641316009591,0.000110575488310067,3.31458164681655,8.79914055705329E-05,2.41814381423153,0.000451367704695862,13.8333221865932
3.28061577703248E-05,1.11377513456842,4.51112843434376E-05,1.33911600181016,9.67300254493806E-05,3.10944486757182,0.00011242814809607,3.37011648747907,8.96730503163195E-05,2.46435808724367,0.00045680586981268,13.9999887189618
3.39570765983748E-05,1.15284904202089,4.6665715532519E-05,1.38525886183526,9.80727042163747E-05,3.15260608438565,0.00011385524369673,3.41289472846624,9.11802241073078E-05,2.50577762084492,0.000462244034929498,14.1666552513304
3.25192369072354E-05,1.10403411810635,4.81126566045176E-05,1.42821090745734,9.93574654312888E-05,3.19390550664064,0.000112348948225575,3.36774241306905,9.29320463863241E-05,2.55392048411855,0.000467682200046315,14.333321783699
3.11066658787596E-05,1.05607706997098,4.6794271125642E-05,1.38907499906963,0.000100630131487772,3.23481612275057,0.000113755180734562,3.40989526752784,9.44153947535839E-05,2.59468525717089,0.000473120365163133,14.4999883160676
3.2958783793983E-05,1.11895681634989,4.84350060308738E-05,1.43777976104442,0.000102222938232093,3.28601785388995,0.000115212889956932,3.45359117435772,9.59073139955394E-05,2.63568557149564,0.000478558530279951,14.6666548484362
3.42134890343094E-05,1.1615542917285,4.9773689908908E-05,1.47751822179835,0.000103674441252384,3.33267729180223,0.000113775677629421,3.41050967703718,9.74639309503968E-05,2.67846388190118,0.000483996695396768,14.8333213808048
3.26846928326884E-05,1.10965137743086,5.1258195713929E-05,1.521585366133,0.000102357112687489,3.2903309724873,0.000115385100197668,3.4587533030723,9.90645022427424E-05,2.72245012742967,0.000489434860513586,14.9999879131733
3.14032289382841E-05,1.06614544078851,5.26288697190397E-05,1.56227344496346,0.000104113437063668,3.34678907628631,0.000116783056400987,3.50065806917728,0.000100675502493226,2.76672297731964,0.000494873025630403,15.1666544455419
3.29373309710989E-05,1.11822848903823,5.42703914059587E-05,1.61100156233508,0.000105366317927344,3.38706368546934,0.000118416364476978,3.54961768088701,0.000102683712199503,2.82191177499171,0.000500311190747221,15.3333209779105
3.44430709230876E-05,1.16934863938904,5.58584127037507E-05,1.6581415354491,0.000106712696050288,3.43034382030595,0.000120312868297542,3.60646677875517,0.000104356297322118,2.86787707514576,0.000505749355864039,15.4999875102791
3.60030339396398E-05,1.22230967282813,5.72525760120436E-05,1.69952688774939,0.000108258817484308,3.48004482405657,0.000121803771505916,3.65115769974665,0.000102645126138198,2.82085136863889,0.000511187520980856,15.6666540426477
3.43829455586301E-05,1.16730737212579,5.86691865378725E-05,1.74157857949525,0.000109586322758607,3.52271827981827,0.000123514279506034,3.70243143600206,0.000101189760874911,2.78085561580319,0.000516625686097674,15.8333205750163
3.29639933428168E-05,1.11913368149801,6.01352579438731E-05,1.78509850379236,0.000110980058225151,3.56752074495838,0.000125148593899074,3.75142121280601,0.000102669861060912,2.82153112366689,0.000522063851214491,15.9999871073849
3.43293648858236E-05,1.16548829835668,6.14717533960516E-05,1.82477200172989,0.000112211880491434,3.60711841285787,0.000123544752543243,3.70334488772087,0.000104421930621127,2.86968078262126,0.000527502016331309,16.1666536397535
3.5654595310555E-05,1.21048011681262,6.28764274612296E-05,1.86646936294194,0.000113845948392618,3.65964650871017,0.000125769528090522,3.77003417220876,0.000106554023849354,2.92827409656792,0.000532940181448127,16.3333201721221
3.71284999726124E-05,1.26051945317187,6.426338046613E-05,1.90764067937977,0.00011518248843331,3.70261039247355,0.000127437537474076,3.82003398115322,0.000108305473082285,2.97640670794163,0.000538378346564944,16.4999867044907
3.5351189242568E-05,1.20017942458993,6.58056206331209E-05,1.95342165228511,0.000116470151130281,3.74400308461499,0.000129374870658225,3.87810696924569,0.000109732552276185,3.01562511458911,0.000561044626249049,17.0216688874994
3.41503417736262E-05,1.1594104305285,6.73480012930878E-05,1.99920679568559,0.000117847716049393,3.78828573777856,0.000130949295123287,3.92530150137889,0.000111204527031061,3.0560773226784,0.000612165668684391,18.242436178906
3.55461976990363E-05,1.20679999781784,6.8804946646366E-05,2.04245581563112,0.000119059586350259,3.82724203774525,0.000132640599320352,3.97599958950358,0.000112844271096196,3.10114009832471,0.000692539946965651,20.3597439898202
3.71064731352171E-05,1.25977163796121,7.01355951848163E-05,2.08195574955138,0.000120402431956209,3.87040861769769,0.000134057596889859,4.01847513457467,0.000114645348909125,3.15063658203292,0.000754897824736479,21.9248929503988
3.82939575607298E-05,1.30008695422234,7.15110658369956E-05,2.12278621552373,0.000121632848488672,3.90996109743776,0.000135363456154146,4.05761922714782,0.000116284635384684,3.19568678238969,0.000783100147868833,22.4432572454812
3.66673249889126E-05,1.24486247702959,7.32149759721716E-05,2.17336631673055,0.000120362964714906,3.86913991947976,0.000137520479765681,4.12227759749565,0.000117757243630896,3.23615639982874,0.000805294207576383,22.7774828818326
3.52719897798944E-05,1.19749058815823,7.45412222917323E-05,2.21273557200036,0.000121846858655243,3.91684058300555,0.000139250202331472,4.17412730449923,0.00011615821285522,3.19221249014921,0.000850902273490952,23.8292908533198
3.64896305110153E-05,1.23882971658206,7.58678337816109E-05,2.25211566725007,0.000123281377453385,3.96295405287797,0.000137845466621068,4.13201931767963,0.000117633749501241,3.2327625846739,0.000910321411018257,25.3043745739877
3.77792414579428E-05,1.28261224716705,7.73965115205388E-05,2.29749404322857,0.00012473420689685,4.00965612946124,0.000139900800428468,4.19362946130372,0.000119476651009018,3.28340845005558,0.000939608479244565,25.8559836675325
3.90174228634003E-05,1.32464873529035,7.89525816100857E-05,2.34368555356081,0.000126359198705462,4.06189246885703,0.000142443773553345,4.26985695237689,0.000121573807947345,3.3410416591742,0.000976535508578143,26.6417389846337
3.75497021041643E-05,1.27481934357763,8.02783468945729E-05,2.38304052943747,0.000127696930310274,4.10489465616593,0.000143905742288066,4.31368054122451,0.000123434622265844,3.39217979709274,0.00100400411016556,27.1376164991583
3.91484647488421E-05,1.32909763158031,8.20186486044484E-05,2.43470090447645,0.000128992451607699,4.14653996774727,0.000145305448350697,4.35563776065027,0.000121796873766938,3.34717186278122,0.00102778927992673,27.5206057882413
4.03460333953165E-05,1.36975530901148,8.34139299115905E-05,2.47611944426343,0.000130312215865634,4.18896458388043,0.000147119171904375,4.41000545909136,0.000120368277889905,3.30791177526831,0.00104497743669365,27.7014126764365
3.85869372058789E-05,1.31003366745789,8.47681747301896E-05,2.5163198272352,0.000131833649148482,4.23787197215751,0.00014499916200873,4.34645660211982,0.000122363821764908,3.36275249574638,0.00106601646178774,28.0002393115338
3.73465884043558E-05,1.26792359583659,8.67521035971743E-05,2.57521220706652,0.000133435536271714,4.28936559754035,0.000143566930125802,4.30352439729133,0.000124169465446733,3.41237445679586,0.00108803289006085,28.3290209765121
3.8676539646196E-05,1.31307568690804,8.83627979878073E-05,2.62302522467208,0.000134758092115285,4.33187995087339,0.000145137458766819,4.35060214923143,0.000125667486667875,3.45354246321655,0.00111032443092936,28.6662341733217
3.99351615719606E-05,1.35580613448295,8.67950680778188E-05,2.57648759579414,0.000133486141523064,4.29099233379262,0.000147285074313732,4.41497850591778,0.000124002633837236,3.40778965874762,0.00113198502082192,28.9841102575212
4.12359225906172E-05,1.39996721206901,8.53626426985806E-05,2.53396644449786,0.000134951557841432,4.3380990230428,0.000149607250162042,4.48458743611671,0.00012254611518297,3.36776220889283,0.00115595569900796,29.3727849285727
3.96355963527629E-05,1.34563583978829,8.69355778501103E-05,2.58065858953163,0.00013671455784523,4.39477171890813,0.000151281275334112,4.53476757274963,0.000124496288530849,3.4213560751037,0.00117217439326055,29.5238801489438
3.83251778590577E-05,1.30114688913501,8.87438624252396E-05,2.63433701712741,0.000138224845375297,4.44332082025601,0.00014930525217976,4.47553482432411,0.000126743069916093,3.4831012020673,0.00118842962607573,29.676095187377
3.95009594512154E-05,1.34106489203547,9.04926100445282E-05,2.6862481066519,0.000139545337089835,4.48576882091936,0.000147642204111641,4.42568373446138,0.000128457418211831,3.53021422066154,0.00121178693091972,30.0459714575398
4.07001679017025E-05,1.38177824111669,8.87526120412217E-05,2.63459674705845,0.000140831991892151,4.5271291136807,0.000149881047813567,4.4927947222391,0.000126974329703336,3.48945658894147,0.00122990591604552,30.2553059706732
4.19436390213261E-05,1.423994316016,8.71639999953103E-05,2.58743923774985,0.000142101032823084,4.5679231979487,0.000152398353990629,4.56825282766036,0.00012513117228622,3.43880369076403,0.0012471093926202,30.4365823737106
4.01473017779839E-05,1.3630083337824,8.89923732189248E-05,2.64171399132112,0.000143341760305891,4.60780712939137,0.000154775745573786,4.63951689015072,0.000126677287585065,3.48129339895483,0.00126243625516213,30.5603451215509
3.88222893996203E-05,1.31802391804104,9.09283198686433E-05,2.69918203230067,0.000144654401325735,4.65000276475023,0.000156340490080107,4.6864212583961,0.00012913901405869,3.54894555891214,0.00127779056889424,30.6849491815947
4.01665511780533E-05,1.36366185448125,9.28114318278882E-05,2.75508169010307,0.000146162233805641,4.69847294703356,0.000154924983950683,4.64399042033922,0.00013086791221811,3.59645843090832,0.00129271449414497,30.7963628816139
4.14238684222267E-05,1.40634800787442,9.44004338833292E-05,2.80225077673671,0.00014772752104823,4.7487900472321,0.000152973546324583,4.58549464121824,0.000129412324363053,3.55645656089666,0.00130605860276759,30.859359044922
4.2657000837312E-05,1.44821308183912,9.27916115919862E-05,2.7544933318809,0.000149489700011927,4.80543635026939,0.000155253435196755,4.65383598818378,0.000131764427808452,3.62109610563453,0.00132090025220255,30.9682511913257
4.11462758974998E-05,1.39692369022809,9.41354846884646E-05,2.79438583314945,0.000150824192704842,4.84833442080663,0.000156982166336773,4.70565597647014,0.000133458820713051,3.66766071833241,0.00133710105882473,31.1187981993365
3.95920823244698E-05,1.34415853046553,9.56839749106217E-05,2.84035233721416,0.000149518054786237,4.8063478315498,0.000158581106850863,4.753585395217,0.000131779603213618,3.62151314991166,0.0013508015959508,31.1927180292549
4.08739790327054E-05,1.38767916121765,9.41359003842599E-05,2.79439817296418,0.00015087515404573,4.84997260377137,0.000160309151577858,4.80538480776777,0.000133608593945992,3.67177672505404,0.00136491148025472,31.2791833544276
4.22053243913751E-05,1.43287858281376,9.28035490391346E-05,2.75484769169862,0.000152237838730995,4.89377692286497,0.000158614913391797,4.75459877116347,0.000135448172607364,3.72233127333004,0.00137898650274146,31.3645802497062
4.06329000047869E-05,1.37949448355313,9.43153157230778E-05,2.79972406768605,0.000153539794380855,4.93562907057664,0.000159965645543587,4.79508796156644,0.00013706497745662,3.76676364282905,0.0013905224980998,31.3721621397413
3.94487387538422E-05,1.33929198968429,9.57431120619672E-05,2.84210780719957,0.000155169748710134,4.98802493318504,0.000161832131779746,4.85103726024882,0.000135498981020243,3.72372756934915,0.00140335194706302,31.4193852364103
4.07747835078861E-05,1.38431145477126,9.7373244818525E-05,2.89049784732263,0.000156499754112014,5.03077875705211,0.000160357930786002,4.8068470004339,0.000137257354478648,3.7720504694549,0.0014155850466441,31.4483316751502
4.22586237880464E-05,1.43468810720596,9.90559335509472E-05,2.94044799705673,0.000157872309820468,5.07490038612522,0.000162156370196397,4.86075654543082,0.000138855097527571,3.81595899035459,0.00142723884059138,31.4595238053884
4.38912410739374E-05,1.49011576655036,0.000100764373801096,2.99116257347386,0.000159476753918961,5.12647620701627,0.000164376603007775,4.92730965806657,0.000140917300447931,3.87263160744967,0.00144192113057944,31.5635319723901
4.21559399300439E-05,1.4312019712017,0.000102152078439266,3.03235620193748,0.000160842387893856,5.1703753327995,0.000166209651327444,4.9822566305915,0.000142349990509632,3.9120042096709,0.00145742158159546,31.6926147847033
4.09470112673645E-05,1.39015861911561,0.00010373912337869,3.07946719212331,0.000159407406963184,5.12424700739887,0.000163968749104922,4.91508393714379,0.00014379587914711,3.95173952975261,0.00147195503448341,31.7920614566364
4.21822350420435E-05,1.432094695126,0.00010508154124605,3.11931649531787,0.000160684098562418,5.1652870270026,0.000162610024124863,4.87435515583066,0.000145618329323866,4.00182336002095,0.00148301391875581,31.7850210524712
4.38262808338259E-05,1.48791035436286,0.000106788699039882,3.16999300237386,0.000162178847307703,5.21333662476443,0.000164229721337908,4.92290677190584,0.000147424203582836,4.05145165769722,0.00149583319216568,31.8319322931821
4.53355945162742E-05,1.5391518335249,0.000108484566429177,3.22033435689315,0.000163797853769059,5.26538056157145,0.000166041908127068,4.97722840469945,0.000149101057008727,4.09753425761593,0.00150727976952866,31.8367737391707
4.40912119803153E-05,1.49690481587214,0.00010706449566935,3.17817994905786,0.000165215236914572,5.31094319558011,0.000167635394706986,5.02499433775537,0.000150643994989276,4.13993664804504,0.0015190249338601,31.8507661494229
4.27734593924993E-05,1.45216687136496,0.000108581818515444,3.22322125818239,0.000163651426355509,5.26067356426199,0.000169646406674724,5.0852759016143,0.000152324086574212,4.18610823772602,0.00153147549731725,31.8863773269784
4.15555197018823E-05,1.41081759321083,0.000110445326192464,3.2785389682878,0.000165170434860659,5.30950300660106,0.000170950974900405,5.124381294355,0.000150729495859843,4.14228634799507,0.0015433679128426,31.9048826281321
4.27546806694169E-05,1.45152933023702,0.000112029021548489,3.32555052701666,0.000167447458112422,5.38269928904431,0.000169461595589346,5.07973605330719,0.000152263739231306,4.18444979673388,0.00155580159159377,31.9399763305218
4.47184300479986E-05,1.51819898547982,0.000113502428522711,3.36928820562802,0.000169887571224648,5.46113819317833,0.000171110863744916,5.12917408014908,0.000153897991518832,4.2293616495944,0.00156785604022206,31.9634475521313
4.63407734653282E-05,1.57327784508303,0.000111964517985782,3.32363575659386,0.000171150346847372,5.50173087534431,0.000172713037396536,5.17720041457307,0.000155660874965583,4.27780849135504,0.00158163912684747,32.0398973234007
4.74927099470905E-05,1.61238630206758,0.000110544984904274,3.28149730959081,0.000173223194072274,5.56836379655763,0.000171106341844058,5.1290385328427,0.000157144002862812,4.3185672055402,0.00159573608377382,32.1259664558974
4.62306622576562E-05,1.56953954918136,0.000112348248893334,3.33502670247739,0.000171764610366667,5.52147674575563,0.000172686627623594,5.17640876219126,0.000158610209682993,4.35886090160761,0.00160996112605638,32.2159610929911
4.44780259235859E-05,1.51003722091436,0.000114185304239677,3.38955918246111,0.000173231731093115,5.56863822422902,0.000174136927108574,5.21988255668919,0.000160201522349223,4.40259270536051,0.00161844098046435,32.3028638500925
4.32354051378145E-05,1.46785001500688,0.000116266735820285,3.45134590338543,0.000174571579746619,5.61170846534193,0.000175908752757186,5.27299433458867,0.000161716097435778,4.44421563833898,0.0016250473178233,32.2432300374435
4.47497787398957E-05,1.51926327937796,0.000117791287720368,3.49660180497867,0.000175786781635848,5.65077186122104,0.000177349379208876,5.3161781727943,0.000163217926139434,4.48548828043661,0.00164082667180445,32.2026248880581
4.63706138110819E-05,1.57429093035013,0.000116123778824451,3.44710226449378,0.000177469154480294,5.70485274853813,0.000175355323473792,5.25640488448914,0.000164636286592622,4.52446708221833,0.00165573052203294,32.1351876783366
4.82587762550934E-05,1.63839439515967,0.000114808071556065,3.40804585804388,0.000178759278835701,5.74632457217108,0.000173862216586962,5.21164790661405,0.000166129806500907,4.56551138540036,0.00167067401951906,32.0689655606186
4.96177343322979E-05,1.68453127366607,0.000116593280148262,3.46103928146719,0.000180101659465735,5.78947620519296,0.000175736163837367,5.26782085468982,0.00016471810855872,4.52671568002062,0.00168445196184158,31.967022012376
4.80641066732084E-05,1.63178532678664,0.000118981612047377,3.53193625348398,0.000181740426961617,5.84215537234442,0.000178408798555097,5.34793504744105,0.000166396204499514,4.57283242622563,0.00170073220410683,31.9417678704761
4.66549781933286E-05,1.58394515381393,0.000121282812080287,3.60024674014572,0.000182982436118882,5.88208050398367,0.000179721074505682,5.38727148490871,0.000167822990321188,4.6120427705376,0.00171309095876571,31.7963296725495
4.5161125109397E-05,1.53322856483604,0.000123243185167312,3.65843987316244,0.00018420918413561,5.92151505707822,0.000181537411781834,5.44171753160472,0.000166065882877262,4.56375466252388,0.00172899013417663,31.7593967585183
4.64648707027969E-05,1.57749096928761,0.000121602638255102,3.6097406917085,0.000185518696895801,5.96361013264837,0.000179484087474802,5.38016762423316,0.000167847659666033,4.61272072338142,0.00174366912888163,31.685068273968
4.8355226591867E-05,1.64166890196327,0.000122939418418034,3.64942264120602,0.000186893799528641,6.00781363413827,0.000177770688222781,5.32880722057394,0.000169285180571018,4.65222608486164,0.00175888702193415,31.6272557128869
4.99059262020397E-05,1.69431544103947,0.000124382767498156,3.69226805954248,0.000188367986765703,6.05520226984704,0.000179345798979216,5.37602232479619,0.000170981270574784,4.69883733654463,0.00177359234728026,31.5537341984366
4.86121899394551E-05,1.6503928552236,0.000125909633849347,3.73759266497689,0.000189663505596983,6.09684750215266,0.000181770439581718,5.44870271141716,0.000172665948915062,4.74513497755966,0.00178840730221169,31.4835725641002
4.70841198445091E-05,1.5985145923821,0.000127509277553615,3.7850776460134,0.000191018930793598,6.14041846061578,0.000183586781035747,5.50314888334808,0.000174272778920096,4.78929322247007,0.00180281741525134,31.4010035105679
4.59261058224213E-05,1.55919980177747,0.000129041266547443,3.83055431567797,0.00019259137734936,6.19096570124381,0.000182028066144605,5.45642525725554,0.000176113974056248,4.83989219404474,0.0018174838218584,31.3262892314368
4.75041986567649E-05,1.61277634588963,0.000127587123009853,3.78738846685642,0.000194145181984887,6.2409136861296,0.000180096810463011,5.39853444677529,0.000177870612568716,4.88816741507598,0.00183198609308509,31.2465446021603
4.93945455778168E-05,1.67695397409942,0.000129371500874457,3.8403572303608,0.000192667614823829,6.19341640073038,0.000182105762475128,5.45875426194829,0.000179605066195787,4.93583296016164,0.00184599454949517,31.1516657499707
5.0869916769991E-05,1.72704309942786,0.000131161366171784,3.89348888678822,0.000194205079570148,6.24283913004637,0.000184219556042773,5.52211677991274,0.000181455586266159,4.98668819576409,0.00185942575506763,31.039095563784
4.89746255016884E-05,1.66269760971283,0.000132708612285164,3.93941845982791,0.000195640226595814,6.28897279467052,0.000185773812964945,5.56870677510428,0.000183296342451622,5.0372751042755,0.00187305724501776,30.9326636065763
4.73540392065732E-05,1.60767840473435,0.000134220500568711,3.98429844546594,0.000197186183842368,6.33866852051624,0.000183665727118137,5.50551535027288,0.000184909639867352,5.0816110839211,0.00188623139657365,30.8122153400717
4.90908122318059E-05,1.66664217072719,0.000132592563703761,3.93597358977809,0.000198643426823172,6.38551247291278,0.000181795863581709,5.4494648145292,0.000186776651804751,5.13291954226705,0.00189959103197788,30.6974517023248
5.1249051989089E-05,1.73991481036172,0.00013394874070584,3.97623132908218,0.000197326228990381,6.34317035606001,0.000184150402199611,5.52004384256601,0.0001885579855644,5.18187342797949,0.00191324675924521,30.5917625599314
5.33880980033591E-05,1.81253581886479,0.000135414076810461,4.01972942616113,0.000195749938541632,6.29249955117918,0.000185640233141007,5.56470262156559,0.000190441350486341,5.23363129235729,0.00192681525030794,30.4833998400714
5.50760086895638E-05,1.8698406993945,0.000136747702197969,4.05931772702256,0.000197452313835161,6.34722342925688,0.000187025774507498,5.60623524379919,0.000192131482907045,5.28007882017957,0.00194058581290498,30.3812301211945
5.35029253819935E-05,1.81643422964444,0.000138157796418999,4.1011759840623,0.000198668372451198,6.38631436513469,0.000188694123726688,5.65624523956696,0.000193873872610569,5.32796246127198,0.00195420554888823,30.2744379334936
5.15749527987235E-05,1.75097920323113,0.000139761151261671,4.14877112921613,0.00020026721565593,6.43771014192594,0.000186761968996959,5.59832747945714,0.000192401339428774,5.28749490672255,0.0019686638407225,30.1933454428204
5.00900174366396E-05,1.70056537256223,0.000141183215632366,4.1909847168388,0.000198946240924744,6.3952466144018,0.000184797115880784,5.53942956114725,0.000193828929660003,5.32672735748884,0.0019818328242888,30.0727387900059
4.87621383750929E-05,1.65548363239568,0.000142533126223716,4.23105643947315,0.000200691091509923,6.45133588628568,0.000187260146764691,5.61326072470899,0.000195293750665295,5.36698296915836,0.00199446139853125,29.9355699059738
5.01152015603215E-05,1.7014203782273,0.000144158039201248,4.27929153189916,0.000202067591455789,6.49558430524353,0.000188559611169037,5.65221312664873,0.000196973756338774,5.41315219785584,0.00200704744439918,29.7970976307134
5.23095081168599E-05,1.77591749237895,0.000145486035282291,4.31871272835474,0.00020346864131059,6.54062189579498,0.000190376233357289,5.70666771379461,0.000198708102608126,5.46081479258057,0.00201980808500708,29.6639762595278
5.43203499819782E-05,1.84418594626488,0.000146865899139763,4.35967360541142,0.000201986861767161,6.49298920082998,0.000188642592892382,5.65470056488141,0.000200277707228814,5.50395002470577,0.00203294539886779,29.5423990072744
5.55977485495734E-05,1.88755386430885,0.000148186311878443,4.39886969244583,0.000203642157475751,6.54619967732348,0.000186967814723593,5.60449785661761,0.000201879715372917,5.54797575720648,0.00204546177108348,29.4017914040556
5.37711918101891E-05,1.8255419245856,0.00014954868621998,4.43931139805808,0.000204898557805531,6.58658742186196,0.00018551942808017,5.56108140095322,0.000204007828196985,5.60645968331426,0.00205808008790073,29.2643081548925
5.17044113729996E-05,1.75537434581366,0.000151242140886554,4.48958113157054,0.000203589925528427,6.54452064995037,0.000188078815188442,5.63780091325951,0.000202555506436854,5.56654757078733,0.0020710916053776,29.1388755494767
5.0042048998777E-05,1.69893683520929,0.00015266541805291,4.53183072069705,0.000205230986182397,6.59727353204832,0.000189640541265439,5.68461480186428,0.000204380967349363,5.61671414086408,0.00208378724942281,29.0037621917503
5.12979040624694E-05,1.74157334730421,0.000151266696774114,4.4903100663027,0.000206951318607537,6.6525746529259,0.00019124010190954,5.73256280946467,0.00020604676342254,5.66249286713858,0.00209649903121087,28.8691434165865
5.24481214557673E-05,1.78062344091689,0.000152823264258447,4.53651634166164,0.000208247968378874,6.69425623998008,0.000192669921309052,5.77542269832718,0.000204535276351726,5.62095479774557,0.00210850890735631,28.7130129408782
5.36518540245672E-05,1.82149038465305,0.00015456707739353,4.58828095238694,0.000206993064195636,6.6539165899724,0.00019447705462183,5.82959284944681,0.000206018272205883,5.66170988317701,0.0021217271764834,28.5939167706138
5.48239613033463E-05,1.86128364393352,0.000156018950734049,4.6313794110362,0.000208405463104922,6.69931900270868,0.00019264609820771,5.77470858333038,0.000207828588283716,5.71146024910232,0.00213442907502986,28.4589950981361
5.70583089207491E-05,1.93714015952026,0.000157523232686005,4.67603360482421,0.00020971371322246,6.74137348987105,0.000190090648166576,5.6981070875093,0.000206208254943912,5.66693091106941,0.00214692993407305,28.3179120539166
5.88010687439561E-05,1.99630717841354,0.000158973238028436,4.71907661246676,0.000211187326658928,6.7887436804145,0.000188010798373666,5.6357620591755,0.000208201381171595,5.7217051907528,0.00215946785127889,28.1779647522376
5.72986147875617E-05,1.94529858822198,0.000160658137099351,4.76909237548784,0.00021245849687606,6.82960621186852,0.000189414459809879,5.67783784383555,0.000209979337459941,5.77056625818048,0.00217224900428547,28.0454720361745
5.54040071534081E-05,1.88097630801298,0.000162098360198661,4.81184499994826,0.000211229020252606,6.79008394606904,0.000191477961304188,5.73969281988628,0.000211770675529302,5.81979507824006,0.00218512816390133,27.9159829842824
5.41631850248663E-05,1.83885016685169,0.000163564523167913,4.85536764227517,0.000209990583295406,6.75027364495017,0.00019392543259288,5.81305757312942,0.000209714034296064,5.76327530515541,0.00219746444899042,27.7698561486995
5.64208473194011E-05,1.91549822004675,0.000164882613969614,4.89449480325242,0.000211528172638171,6.7997003794939,0.000196244147529529,5.88256275995406,0.000208034080090964,5.71710749089088,0.00220992004326293,27.6273858493663
5.76996938765477E-05,1.95891529760427,0.000166300760248849,4.93659208341349,0.000212800774238808,6.84060892363188,0.000194282999153721,5.82377589396339,0.000209508318995225,5.7576219214074,0.00222197138616895,27.4725262290009
5.90145492088133E-05,2.00355487974872,0.000167742095814408,4.97937773112691,0.000214217277986584,6.88614328887118,0.000191972142422856,5.75450626264084,0.000211052990859612,5.80007196172288,0.0022344776774738,27.3316096703872
6.02090325624186E-05,2.04410781091534,0.000169304915089537,5.0257695891669,0.000215675741936075,6.93302649004077,0.000190089188421133,5.69806333056526,0.00021270492407646,5.84546971465048,0.00224672457128505,27.182743209585
6.20645077256832E-05,2.10710153648728,0.000170662070872112,5.06605638329939,0.00021410814948256,6.88263528745004,0.000191707169934403,5.74656351727694,0.000214214247227809,5.88694831609396,0.00225858454718538,27.0220186559998
6.33218720322438E-05,2.14978928765721,0.000172539976141749,5.1218014819605,0.000212668983363896,6.83637242666328,0.000193305461801811,5.79447349236211,0.000212655639408995,5.84411529357954,0.00227108909173428,26.8810485635654
6.1914654565106E-05,2.10201399392116,0.000174106594864741,5.16830612555969,0.000214455549671501,6.89380267554361,0.000194973431126288,5.84447210050627,0.000214438238075126,5.89310394093449,0.00228359336513586,26.740070161125
6.0674299629987E-05,2.05990371406314,0.000175818374337981,5.21911982589096,0.000215953934407974,6.94196915442987,0.000196483779600105,5.88974590764128,0.000216311121885708,5.94457376769734,0.00229624982633845,26.6037559445852
5.94492157511103E-05,2.01831188939394,0.000177480645144677,5.26846387514573,0.000217660509323752,6.99682803189157,0.000198495349812549,5.95004420529612,0.000218176275736047,5.99583116285476,0.00230833884323245,26.4500509403085
5.81850084840569E-05,1.97539181844743,0.000175780128832521,5.21798451863682,0.000219261587705485,7.04829565979231,0.000197171973288623,5.9103750199724,0.000220446840757749,6.05822990198659,0.00232078656364998,26.3073393264735
6.02093397562392E-05,2.04411824020247,0.000177867231689463,5.2799395898309,0.000217833589686374,7.00239180428519,0.00019462629628713,5.83406647820763,0.000222348478844264,6.11048994199843,0.00233299074100332,26.1571637101451
6.14417714607267E-05,2.08595952491255,0.000179192128244438,5.31926877771223,0.000219519751951781,7.05659450481904,0.000192549777825238,5.77182130897296,0.000223854005502001,6.15186420975745,0.00234523630098355,26.0082563706668
6.29685256104006E-05,2.13779311116824,0.000181060773981046,5.37473900969578,0.00022114583327682,7.10886586737587,0.000194943767887181,5.84358292308159,0.000222009089433449,6.10116298104065,0.00235727887097627,25.853127881849
6.47470839121004E-05,2.19817549503903,0.000182451860355547,5.41603302406725,0.00022281736028979,7.16259810891453,0.000197375982233465,5.91649033824679,0.000224136692240927,6.15963289108111,0.00236972475333698,25.7103599360437
6.6625144102811E-05,2.26193598647727,0.000184333141124043,5.47187832347862,0.000224204571814205,7.20719085800967,0.000199267996593372,5.97320486122745,0.000225724276496159,6.2032622321681,0.00238212201399785,25.5661018534112
6.83602185695687E-05,2.32084208609517,0.000185760831179328,5.51425890799274,0.000222983063428438,7.16792473600489,0.00019723097177906,5.91214354314676,0.000227356177891133,6.24810947876118,0.00239441417033108,25.4186225788059
6.98312337073814E-05,2.37078332257095,0.000184311034504041,5.47122209457666,0.000221450530938286,7.11866055703096,0.000194866412634499,5.84126414244815,0.000229371700644485,6.30349925060149,0.00240634057355506,25.2599338611044
7.1030437363281E-05,2.41149650887504,0.000185627165374184,5.51029107552756,0.000222966704490929,7.16739886811601,0.000196536977573398,5.89134055604501,0.000230784146750405,6.34231551671089,0.00241827084786824,25.1013637828706
7.27625369279748E-05,2.47030161001668,0.000187162941343475,5.55588016051163,0.000224714405913347,7.22357978187818,0.000198987148500186,5.96478623292706,0.000232245164058842,6.38246659673939,0.00243035010148096,24.9473595577722
7.06703861643965E-05,2.39927270396327,0.000188515717459644,5.59603694545787,0.000226665808403282,7.28630878901641,0.000201037204403177,6.02623816748192,0.000233699623465927,6.4224374552055,0.00244265468753031,24.8002612237301
6.85194367369463E-05,2.3262475723773,0.000190491041518587,5.65467389394185,0.000228134482313597,7.3335201955197,0.000199125883543582,5.96894491796331,0.000235179872907138,6.46311706483982,0.00245489174479115,24.6510932965853
6.68138460705891E-05,2.2683424532457,0.000191907707573134,5.69672723404235,0.000229518844222857,7.37802134202115,0.000197398041304761,5.91715157514458,0.000236605854400961,6.50230530494278,0.00246692515353445,24.4956840377578
6.54627435620266E-05,2.22247227275016,0.00019350830195935,5.74424043580958,0.000228015568759557,7.32969764777846,0.000199831880302639,5.99010769043708,0.000238162478825671,6.54508382063176,0.00247894767149796,24.3399410030217
6.712075163877E-05,2.27876195414835,0.000192125013542512,5.70317790165507,0.000226791222587619,7.2903403034298,0.000202021460922832,6.05574198108173,0.000239977041567384,6.59495089163668,0.00249141827017404,24.1979305521595
6.86438518164978E-05,2.33047148737947,0.000194410610435162,5.77102521341269,0.000225084253456399,7.23546875367557,0.000203326805052891,6.09487063212726,0.000241392133763504,6.63383987651457,0.00250342238000737,24.0416233530117
7.0185222913213E-05,2.38280132169542,0.000196635249832417,5.83706301877511,0.000223753839500771,7.19270179660245,0.000201589736012486,6.04280070914003,0.000242962039810177,6.67698339230536,0.00251597553842279,23.9021431573315
7.1627903843077E-05,2.43178060656162,0.000198479837424858,5.89181909140149,0.000225132649280931,7.23702446657342,0.000203772186691492,6.1082212745499,0.000244511912263626,6.7195763530821,0.00252874301896807,23.7692314135882
7.29647496471034E-05,2.47716676929671,0.000199855422229897,5.93265294596992,0.000226379709246497,7.27711195948442,0.000205846865647253,6.17041130323436,0.000246004714332554,6.76060092889656,0.00254137726720074,23.6322364235541
7.41957603252916E-05,2.51895980990064,0.000198386369864424,5.88904453271516,0.000227996542550383,7.32908603883706,0.000207212361414661,6.21134304388165,0.000247442225312565,6.80010601762273,0.00255438755188889,23.5067660361628
7.60638045575842E-05,2.58238025769485,0.000200615466577875,5.95521465227636,0.000229506172256473,7.37761399403742,0.000209267953955315,6.27296094322547,0.000249254615665267,6.84991338792147,0.00256712696172719,23.3729939935331
7.37578542069142E-05,2.50409281604727,0.000202854630805639,6.02168362321613,0.00023108553800963,7.42838365642878,0.000210663228130073,6.31478531355032,0.000251659020284741,6.91599025213103,0.00257959539278227,23.2309171103598
7.24979250400787E-05,2.46131798739579,0.000205153293075124,6.08991877707229,0.000232549260287091,7.47543588971472,0.000209177502395244,6.27024959113906,0.000253976355790177,6.97967431856495,0.00259202811839555,23.0877459422497
7.13289456535115E-05,2.42163092063544,0.000206545207831235,6.13123738172284,0.000233984215020907,7.52156337300169,0.000207807398073848,6.22917970569403,0.000255426303124658,7.01952117809746,0.00260543975422965,22.9745759911861
6.93955461576994E-05,2.35599164953584,0.000205118791058745,6.08889459425641,0.000235607341073222,7.57373973653871,0.000209300408935126,6.27393380513252,0.000257218953454916,7.06878606117423,0.00261834087834235,22.8457600976931
6.79121192023444E-05,2.30562902955486,0.000203627582584609,6.04462848304246,0.000236865373820521,7.6141799561205,0.000211402102170189,6.33693360672185,0.000259244886064372,7.12446191242177,0.00263129966358338,22.7187113775214
7.02253566149192E-05,2.38416386830424,0.000205599870526913,6.10317530524351,0.000238422454465777,7.66423325031012,0.000213358427451511,6.39557589690546,0.000261436566548985,7.18469277897372,0.00264406802440364,22.5858266120649
7.19209208614165E-05,2.44172858862392,0.000208004386450706,6.17455269555776,0.000239855815222965,7.71030949425932,0.000212009716636469,6.35514729755923,0.00026325210617233,7.23458669624006,0.00265728513485975,22.4666949313534
7.36048582712909E-05,2.49889857568605,0.000209978656394947,6.23315835293828,0.000241565757933544,7.76527663151117,0.000213999128649827,6.4147813868878,0.000265132982269393,7.28627616375065,0.00267053164785603,22.3484643669757
7.50254102782673E-05,2.54712657952021,0.000208161999556061,6.17923139700792,0.000242874123682523,7.80733483571579,0.000215367909791793,6.45581160905557,0.000267939792102686,7.36341176343896,0.00268426152226933,22.2450476542419
7.70248730534136E-05,2.6150087111933,0.000206710619784905,6.13614758982872,0.000244572407823001,7.86192720121715,0.000213852822401784,6.41039574941979,0.00026971746185606,7.41226495642976,0.00269831507947103,22.1515510316066
7.56820509686684E-05,2.56941965262054,0.000208639914915233,6.19341818229439,0.000246062799424232,7.90983673596181,0.000215256521389726,6.45247265972056,0.000271561348457457,7.46293789375134,0.00271246555525064,22.0610247276277
7.41817750123196E-05,2.51848500593407,0.000211215522218284,6.26987437289268,0.000244847988641247,7.87078591242824,0.000216809981435968,6.4990387679696,0.000273267964719211,7.50983842375048,0.0027258680862503,21.9475757355361
7.2561419958218E-05,2.46347365163085,0.000212540568839835,6.3092080154588,0.000246148228294116,7.9125828983842,0.000215274897864651,6.45302350808172,0.000274712407445781,7.54953400790006,0.00273897325536772,21.8250133250936
7.10727443726381E-05,2.41293283968128,0.000214783468409418,6.3757878689876,0.000247525012285404,7.95684044815299,0.000213959653070622,6.4135980773467,0.000276715576681589,7.60458428542456,0.00275205825184583,21.7018326723268
6.98241994883713E-05,2.37054450953227,0.000216503144050948,6.42683596489113,0.000249423390808427,8.01786496797196,0.000215534817045017,6.46081477681645,0.000278185714719838,7.64498601761884,0.00276540375097035,21.5866357919935
7.18937983326229E-05,2.44080777374616,0.000218729163331903,6.49291473171965,0.000250795139279063,8.06196064789971,0.000217883083212274,6.53120578352855,0.000276622913656434,7.60203775807188,0.00277920432976442,21.4853859965401
7.33750557900533E-05,2.49109673887064,0.000220110684999228,6.5339248204034,0.000252434458953232,8.11465756515442,0.000219482650529528,6.57915399116161,0.000278204191558983,7.64549379055412,0.00279312126236098,21.3877021621002
7.48293665108765E-05,2.54047085729466,0.000221784972739448,6.58362558900697,0.000253714502482101,8.15580533455301,0.000217986688337386,6.53431142340827,0.000279936579832327,7.69310257643351,0.00280691001763962,21.2860900046597
7.62473909028411E-05,2.58861304813087,0.000223531813426338,6.63548007177049,0.000255227589705657,8.20444443373257,0.000219419768392416,6.57726905281977,0.000281490415309941,7.73580444741922,0.00282041918740563,21.1759092313555
7.76291289659469E-05,2.63552331137925,0.000225208640174965,6.68525621013655,0.000256663682012922,8.25060848500249,0.000221614471060651,6.64305688062438,0.000282930663280426,7.77538475299801,0.00283366859165425,21.0577672768292
7.88832911441079E-05,2.67810234969673,0.000226800273257427,6.73250339807981,0.000258183572794505,8.29946628864835,0.000223170116067825,6.68968848468548,0.00028436444860741,7.81478745485168,0.00284677134188651,20.9351307334404
8.00935962773799E-05,2.71919243321447,0.000228306712673726,6.77722163560027,0.000259525107693152,8.34259073512589,0.000221733840680761,6.64663507284445,0.000285862453623985,7.85595501594509,0.00285994128588112,20.8145535154173
7.83224602365932E-05,2.65906203647686,0.000229755535965664,6.82022955440079,0.000260879064511016,8.38611449167059,0.000220243737142965,6.60196812256714,0.000287761186685026,7.90813522123517,0.00287307854690194,20.6929746437497
7.70403790028421E-05,2.61553514104931,0.000231824391013985,6.88164294444175,0.000262921648110118,8.4517745704239,0.000221777035260645,6.64792986216814,0.000289535249649594,7.95688929393136,0.00288584898247918,20.5601534645477
7.57281271361992E-05,2.57098394704512,0.000230456010994961,6.84102296195396,0.000264662165641645,8.50772455369104,0.00022404878581329,6.71602725701598,0.000291163589615842,8.00163866679703,0.00289872184918393,20.4304715502379
7.4539481924821E-05,2.53062922188878,0.000229082377575813,6.80024703373614,0.000266456235707192,8.56539601538523,0.000225494353731855,6.75935921932816,0.000292617045876279,8.0415819571973,0.00291188381951955,20.3096499589628
7.67086013941028E-05,2.60427122976145,0.000231145440302947,6.86148848032431,0.000267696082185943,8.60525162642242,0.000223734130921045,6.70659524503163,0.00029415230662577,8.08377336510291,0.00292488765410888,20.1839818917332
7.79479904308292E-05,2.64634871719008,0.000233762561692065,6.93917700508824,0.0002661163530009,8.55447028129444,0.000221989340418389,6.65429386553035,0.000295774403304253,8.12835116248806,0.00293811378107675,20.065126545174
7.93187494174047E-05,2.69288623875608,0.000235162591160827,6.98073649273998,0.000267968804401456,8.61401844612871,0.000224236555223469,6.72165578328634,0.000297513134329651,8.17613425728484,0.00295102447466356,19.9366039327847
8.06764406579235E-05,2.73898010792229,0.000237414579503235,7.04758614397689,0.000269881032679907,8.67548817466888,0.000226205880523388,6.78068775859557,0.000299230889987249,8.2233409156039,0.00296396265815534,19.8089238191126
8.25119304513946E-05,2.80129532648688,0.000235795081331793,6.9995117885724,0.000271487106965535,8.72711639890622,0.00022819673062741,6.84036495575022,0.000300715363104049,8.26413659856303,0.00297773474710577,19.706800879254
8.10814822693239E-05,2.75273134567471,0.000238022755128608,7.0656396692467,0.000270270693772041,8.6880140649227,0.000230044566391671,6.89575519281051,0.000302161137527422,8.30386877985943,0.00299144736764942,19.6028553773858
7.89860239557154E-05,2.68159014768496,0.00023936498057115,7.10548326036375,0.000268774478710499,8.63991733154251,0.000228732007850456,6.85641028448071,0.000303728946512203,8.34695466505313,0.00300521408096003,19.5005676872429
7.75204292731624E-05,2.63183293666954,0.000240730591819313,7.14602105265416,0.000270788728294277,8.70466659632551,0.00023027624767489,6.90270000979485,0.00030555375821506,8.39710339381579,0.00301830480434269,19.3775625501697
7.89636177263909E-05,2.680829452048,0.000242121260028114,7.18730265389246,0.000272442046132138,8.7578134929744,0.000231900290941152,6.951381902014,0.00030708609905026,8.43921455783127,0.00303243604140892,19.2864466264242
8.01587757444953E-05,2.72140528819938,0.000243536985197551,7.22932806407864,0.000273689646547889,8.79791835898177,0.000230295358566778,6.90327287284502,0.000308983960092794,8.49137079866543,0.00304727913043614,19.2171472336869
8.14530819484718E-05,2.7653472236311,0.000244964717206913,7.27170989398794,0.000272281468919858,8.75265164187125,0.000231902611533666,6.95145146348257,0.000311182404162858,8.55178753930608,0.00306092779149013,19.1112415290436
8.26548617181611E-05,2.80614786947565,0.0002471884454484,7.33772065194336,0.000274167104466818,8.81326653105759,0.000233269102364847,6.99241303189886,0.000312677649657981,8.59287926435973,0.00307544332333563,19.0319033054769
8.42660078758176E-05,2.86084658003835,0.000248586744995218,7.37922878734053,0.000275689710317166,8.86221161222244,0.000235083964554629,7.04681486179523,0.000311060650775581,8.54844156252121,0.003089642450567,18.9428680501488
8.27292987489375E-05,2.80867502046207,0.000250183838676388,7.42663807164646,0.000277187445660585,8.91035721597827,0.000236462442528103,7.0881357536244,0.000313171687163675,8.60645620100083,0.003103518170028,18.8439211333554
8.08704872835699E-05,2.74556802681559,0.00025179937387994,7.47459478744499,0.000279147835654413,8.97337513183663,0.000237962755498992,7.13310873917291,0.000316020856854839,8.6847559169755,0.00311760467198556,18.7514341873486
7.93886930223578E-05,2.69526083710326,0.000253246853259668,7.51756281258315,0.000280631067104201,9.02105449920513,0.000239333857893661,7.17420854259889,0.000317673293071513,8.73016749313858,0.00313179543953419,18.6621427280793
8.17318400864533E-05,2.77481111406338,0.000254581573517534,7.55718361436839,0.000278940401922231,8.96670704970911,0.00024117656890671,7.22944516146973,0.000319243050907762,8.77330693587113,0.00314538358848498,18.5543824746701
8.32231750493078E-05,2.82544221236415,0.000255929274489893,7.597189745074,0.000277528392887063,8.92131716971092,0.000242606980613293,7.27232280517261,0.000321851967614838,8.84500411761468,0.00315901123202128,18.4478326342351
8.46906125453271E-05,2.87526198723819,0.000257386320136966,7.6404417422131,0.000279604293925321,8.98804825759198,0.000240539113296381,7.21033696037607,0.000323837797845728,8.89957789169869,0.00317284846724172,18.3477062690825
8.59851182820807E-05,2.91921069684466,0.000258960415961875,7.68716834151516,0.00028141768982918,9.04634095998646,0.00023866832841179,7.15425880654313,0.000325311680267891,8.94008252552,0.00318700929683384,18.2574972842711
8.73105809448148E-05,2.96421039982382,0.000260652090745588,7.73738523969706,0.000282941810777853,9.09533474489855,0.000240851059544863,7.21968777877005,0.000326747589965544,8.97954360845943,0.00320094862774108,18.1604999035687
8.56422052085188E-05,2.90756873446292,0.000261974355668175,7.77663630829861,0.000284193087525909,9.13555778881981,0.000242375627395661,7.26538782219571,0.000328639081697055,9.03152481049348,0.00321469590721386,18.0576166135697
8.3675839459637E-05,2.84081025296367,0.000263389857078142,7.8186550762468,0.000282709019309528,9.08785152308573,0.000243817972071025,7.30862316542057,0.000330108599117106,9.07190948711231,0.00322857519539397,17.9587790693364
8.25097130105334E-05,2.8012200439588,0.000264764155118966,7.85945073357532,0.000280991081884611,9.0326273909313,0.000245610166678072,7.36234551784088,0.000332039442542458,9.12497213629935,0.00324253736819038,17.8624817369735
8.13579336242014E-05,2.76211692039321,0.000266194791821665,7.90191878850314,0.000282690399928522,9.08725299188058,0.000243467702423966,7.29812357494785,0.000333890081532108,9.17583063999279,0.00325623720343208,17.7581443967013
7.98193471080863E-05,2.70988162310456,0.00026795138067461,7.9540626428805,0.000284103178413008,9.13266760629003,0.000241115089225789,7.22760226278443,0.00033583382231901,9.22924772919417,0.00326974144251296,17.6478125098918
8.12212466095416E-05,2.75747637092039,0.000269473612796208,7.99924968249085,0.000285604510661922,9.18092883473713,0.00024365236313935,7.30365891580372,0.000334177818503341,9.18373810973486,0.00328337352554844,17.5413987293077
8.25891974039151E-05,2.80391855384083,0.000270991582107774,8.04431018176415,0.000287317964909385,9.2360088524549,0.000245970800969665,7.37315579616201,0.000336321722472942,9.24265600164468,0.00329763587422366,17.4543010574459
8.42511591478292E-05,2.86034246297199,0.000272720088614335,8.09562041945428,0.00028874270735201,9.2818080554971,0.000247382353391519,7.41546811892452,0.000338847620250294,9.31207169112119,0.0033114621173347,17.3538378108785
8.5910611131873E-05,2.91668116529056,0.000274075031175674,8.13584151472635,0.000287163285641402,9.2310365943198,0.000245952143014206,7.37259651021467,0.000340272747145506,9.35123644549472,0.00332538049812588,17.2561983600808
8.73688965760115E-05,2.96619022630757,0.000275722284151148,8.18473976381392,0.000288833002344044,9.28471064234378,0.000244643676006567,7.33337424861522,0.000342720729834773,9.41851090439232,0.0033396317079381,17.1687593091636
8.86128238922631E-05,3.00842178916692,0.000277189854145493,8.22830417329168,0.000290636661831793,9.34269036178429,0.000246482391157943,7.38849108859143,0.000344185803886594,9.45877347018305,0.00335383851585314,17.0799594481063
9.04804266058477E-05,3.07182724731919,0.000278789190201685,8.27578002188008,0.000291864124568741,9.38214788999029,0.000248354278988039,7.44460230402766,0.000342366103279721,9.40876520246949,0.00336883791838335,17.0154506839993
8.82070480129846E-05,2.99464562288399,0.000280186466365622,8.31725777843943,0.000290591098668241,9.34122570647792,0.000250119152254027,7.49750567914095,0.000344030012405531,9.45449207242834,0.00338344624293136,16.938956331044
8.67019232787668E-05,2.9435463592905,0.000281605853391598,8.35939188982442,0.000292166746381645,9.39187585024442,0.000251755721719776,7.54656305340911,0.000346524248507914,9.52303764870481,0.00339797479208688,16.8600170563647
8.52319887283788E-05,2.893641808958,0.000280165202903519,8.31662657844657,0.000293732916497001,9.44222133091923,0.000253176440194962,7.58915013536654,0.00034929616749485,9.59921439242598,0.00341233369219578,16.7758784510814
8.39420560184877E-05,2.84984835446078,0.000281514067993029,8.3566672656479,0.000295366071940772,9.494720095279,0.000254779013059076,7.63718843647886,0.000351527018523848,9.66052172785567,0.00342649913212255,16.6858107618123
8.62556151730957E-05,2.9283941164118,0.000282851295690666,8.39636250008938,0.000296716580198161,9.53813299577233,0.000256671080736722,7.69390455769798,0.000349674898489688,9.60962252270288,0.00344126924171305,16.6142747268637
8.7623101208744E-05,2.97482052068741,0.000284639489883854,8.44944455025253,0.000298023801640088,9.58015441553829,0.000258222950810958,7.7404230053659,0.000351164533676924,9.65056006757013,0.00345545123139676,16.5247142473872
8.90675277009543E-05,3.02385906771869,0.000286302998633708,8.49882534750763,0.000299456637555144,9.62621378812136,0.000256801090803494,7.69780170513825,0.000354137809181799,9.73227040875063,0.00347002394504727,16.4471285070479
9.05888946497256E-05,3.07550975750561,0.000288480091257487,8.56345174004679,0.000300906294885856,9.67281389523164,0.000255395750579186,7.65567559756946,0.000355909570645539,9.78096123254252,0.00348479239378281,16.375541570935
9.20555819863728E-05,3.12530406432997,0.000290688376124305,8.62900406569549,0.00030230182625047,9.71767409059574,0.000257301163214166,7.71279174370671,0.000357595903062885,9.82730433022692,0.00349954749696759,16.3035456261543
9.3871127653464E-05,3.18694217610876,0.000289288231920864,8.58744117217652,0.000303747235662264,9.76413764579656,0.00025861561172387,7.75219330523303,0.000359018181869959,9.86639081460727,0.00351409910472778,16.2253130416174
9.27191987175139E-05,3.14783397530593,0.00029098360901783,8.63776797250359,0.000305204291833436,9.81097559308507,0.0002607877322083,7.81730421545732,0.000360509012793782,9.9073612202183,0.00352866222117301,16.1474331702818
9.15224226885289E-05,3.10720320738538,0.00029318442492866,8.70309858425904,0.00030653041478562,9.85360461327068,0.000259475779516466,7.77797746790863,0.000358624545662826,9.8555730653832,0.0035433211817038,16.0724906870258
9.01632511729442E-05,3.06105908260643,0.000294508032579592,8.74238951138022,0.000308168956864761,9.90627653426538,0.000257994392089525,7.73357178946935,0.000357171973600758,9.81565407416083,0.00355804462602336,15.9995244750371
8.88531326120671E-05,3.01658031472824,0.000295899183380714,8.78368543823815,0.000309501049709573,9.94909746024144,0.00025949297161295,7.77849281365428,0.000358971157172576,9.86509850110967,0.00357255266087407,15.9199564868166
8.71925455946189E-05,2.96020307781529,0.000298134570380461,8.85004228320872,0.000311136135622724,10.0016582807009,0.00026178362674509,7.84715688718646,0.000361570482392734,9.93653209353323,0.00358744888274519,15.852285486498
8.87466330218356E-05,3.01296463390782,0.000296563835937368,8.80341546559635,0.000312384724105579,10.0417949087199,0.000263662513388218,7.90347789719454,0.000363508391260351,9.98978891231443,0.00360164179676017,15.7630598112012
9.1148230477492E-05,3.09449931249102,0.000298844125193031,8.87110522161764,0.000313815273814174,10.0877807898207,0.000261508311712931,7.83890411646272,0.00036181635910427,9.94328917674163,0.00361568416917767,15.6692204021376
0.0000924686404828999,3.1393274768178,0.000301587218176658,8.95253317833159,0.000315605597123934,10.1453318097958,0.000259139540883041,7.76789846739654,0.000363313033764614,9.98442017752929,0.0036296068010078,15.5717112353425
9.4333603046528E-05,3.20264330138989,0.000303217354058895,9.00092331123956,0.000316863847249458,10.1857790171314,0.000260726496031068,7.81546861597433,0.000365152072648814,10.0349598918698,0.00364396845932427,15.4876571624121
9.29493623067759E-05,3.15564807180567,0.000304766294983365,9.0469031942778,0.000318274207775077,10.2311159047983,0.000262291016472276,7.86236626770303,0.000366724496577174,10.0781726030552,0.0036578019846874,15.3874170991572
9.07203665439327E-05,3.07997325267282,0.000306083663837786,9.0860089244497,0.00031995298025712,10.2850810562997,0.000263911809223529,7.91095072334235,0.000368493829596799,10.1267966893393,0.00367193260365727,15.2962822322618
8.94964552340174E-05,3.03842123693711,0.000307675955909577,9.13327567430894,0.000321263431735795,10.3272063075403,0.000265353791529241,7.95417520427021,0.000370139258682137,10.1720156983853,0.0036858429694103,15.1983971400414
9.15857266524946E-05,3.10935238869086,0.000306318464148769,9.09297890675552,0.000322500715584665,10.3669795412981,0.000266773152519344,7.99672159461317,0.000371880113489586,10.2198571580917,0.00370017799296467,15.1135267764422
9.38294288937992E-05,3.18552649549226,0.000308474962667328,9.15699396897581,0.000324227003145054,10.4224720935813,0.000265468721517338,7.9576203152531,0.000370463977783888,10.1809394959105,0.00371411114595612,15.0163400576488
9.49875663433102E-05,3.22484547648079,0.000309860757849121,9.19813091575487,0.000325778097550864,10.4723329565022,0.000263496951961734,7.89851507158073,0.000369029098026778,10.1415067173757,0.00372757387447208,14.9047359730002
9.64181375133979E-05,3.27341363275891,0.000311975821857003,9.26091600598295,0.000327436114072398,10.5256308951648,0.000265224542724248,7.95030087621208,0.000370468328080837,10.1810590489917,0.00374090513708557,14.7891027782346
9.39524776298211E-05,3.18970402287846,0.000314286253752829,9.32950053794259,0.000329315416593187,10.5860422054145,0.000266640503058777,7.99274532940128,0.000372435652754243,10.2351242609148,0.00375478738905616,14.6903560669696
9.247546258577E-05,3.13955908847423,0.000315873726359722,9.376624223319,0.000331243772198776,10.6480303565888,0.000268210603804239,8.03981025485714,0.000374027712444998,10.2788765940901,0.00376890587511292,14.5988493558013
9.10563307718883E-05,3.09137930045876,0.000313689151557756,9.31177572438928,0.000332609988076824,10.691948187999,0.000269575342112888,8.08071929012066,0.000375704727507454,10.3249636360388,0.00378361770486048,14.5255271854336
8.9825377435041E-05,3.04958820660397,0.000312082231997643,9.26407476158389,0.000334214759288263,10.7435345241326,0.00026817629759294,8.03878190092373,0.000377458443106994,10.3731585307725,0.00379854500947139,14.4588087954798
9.13611838335941E-05,3.1017291183863,0.000314559670154051,9.33761682820927,0.000335495991203641,10.7847204949305,0.000266512406687988,7.98890554640661,0.000375908573083936,10.3305656367868,0.00381314359358071,14.3820159217726
9.27454671408392E-05,3.14872579314479,0.000317022626431387,9.41072900425882,0.000336898452700343,10.8298034635602,0.000264810647619411,7.93789406581344,0.000374067611334731,10.2799730790568,0.00382772416442602,14.3046709853413
9.40406033235767E-05,3.19269590650923,0.000319283220554523,9.47783411571706,0.000338327191461948,10.8757311306805,0.000263309796839312,7.89290495903799,0.000376165982237415,10.3376396498472,0.00384316428468007,14.253669147414
9.5230576349529E-05,3.23309571121637,0.000317635830093648,9.42893178541335,0.00034004423398749,10.9309264957561,0.000261897127423211,7.85055915355083,0.000377982192909925,10.3875520086122,0.0038581961817772,14.1901562627394
9.71784191581831E-05,3.29922533546299,0.000315797495446259,9.37436132973182,0.000341526426844919,10.9785724769483,0.000263456077403198,7.89728982660452,0.000379704422021408,10.434881604561,0.00387250045104501,14.1043433550677
9.49257952106613E-05,3.22274833508251,0.000317843487301969,9.4350960322221,0.000343235913265945,11.0335249464979,0.000266140571698258,7.97775951891496,0.000377980423267722,10.3875033760291,0.00388705455845409,14.0261873786888
9.36597974964224E-05,3.17976747812232,0.000319174037479657,9.47459304633035,0.000344769833977898,11.0828337506969,0.000267796173244893,8.02738739381551,0.000379443128324609,10.4277008380701,0.00390164993697579,13.9492962615188
9.17274289932542E-05,3.114163209414,0.000321371592454182,9.53982685809329,0.00034598618768388,11.1219341724185,0.000269633858276662,8.08247335519828,0.000381232217392618,10.4768678519945,0.00391660307353813,13.8833695580398
9.31930537287605E-05,3.16392144073276,0.000322730293898004,9.58015953475248,0.000347853072070893,11.1819462942864,0.000271414850341459,8.13585990316948,0.000382694855220835,10.5170634664847,0.00393111477822451,13.8039140413556
9.44868698113984E-05,3.20784673645423,0.000321185807236229,9.53431187527066,0.000349273101150277,11.2275939834313,0.000272811725964061,8.17773227807213,0.000381154610670808,10.4747350958115,0.00394552285124061,13.7212824660639
9.58294719912889E-05,3.25342832921643,0.00031955555289505,9.48591822594174,0.000351224400796102,11.2903196845837,0.0002711061999315,8.12660787996099,0.000379455037377219,10.4280281177824,0.00395989707124651,13.6376133783578
9.7748722662169E-05,3.31858724508812,0.000320972084060461,9.52796756189556,0.000353028312546131,11.348307513147,0.000269394845992261,8.07530878605782,0.000381630682568409,10.4878183089599,0.00397389710944113,13.5424765283417
9.63264848167217E-05,3.27030200672551,0.00032240078668164,9.57037820414822,0.00035470331928813,11.402151612669,0.000267725708268521,8.02527515428579,0.000383462270818136,10.5381532680117,0.00398868339371036,13.4714362079508
9.74970634687648E-05,3.31004336884508,0.000323926492610154,9.61566836275634,0.00035315612223602,11.3524160325277,0.000266323311812264,7.98323728833094,0.000385298039240872,10.5886031048681,0.00400355625795178,13.4030493530998
9.88881699933142E-05,3.35727169309525,0.000325374258761456,9.65864490062939,0.000354550296448548,11.3972326014214,0.000264317397084537,7.923108517993,0.000387135760301357,10.6391066033164,0.00401813767506031,13.3257303525778
0.000100328879680467,3.40618405390619,0.000327439359938578,9.71994685804182,0.000355985906914805,11.4433811636222,0.000266369798513965,7.98463076142913,0.00038856676999814,10.6784330264363,0.00403222885272268,13.2333867055495
0.000101551500127646,3.44769224461284,0.000325595124438452,9.66520123717847,0.000357506041188361,11.4922467944641,0.000268285069585956,8.04204242147171,0.000386834497250299,10.6308274153815,0.00404647935407131,13.1459259419465
0.000102964679932614,3.49566996082292,0.000324188026951448,9.62343193735962,0.000358751091104778,11.5322696731358,0.000270373115620948,8.10463313819444,0.000385327317257265,10.5894077113382,0.00406137948211153,13.0783746562088
0.000101434834460897,3.4437314236111,0.000326112249283905,9.68055194522321,0.000360190164360585,11.5785295487901,0.00027238454069516,8.16492708522395,0.000383565568888428,10.5409920633244,0.0040769355281396,13.0309256612633
0.000100281827049527,3.40458660836796,0.000328704412884673,9.75749960494115,0.000361472561475461,11.6197529756269,0.000274095993007604,8.21622912793636,0.000382012988309481,10.4983246789506,0.00409185129956505,12.96385380723
9.90820182591555E-05,3.36385287763642,0.000330757336188009,9.81844006553759,0.000362839898252609,11.6637068390132,0.000275662743705551,8.26319363325232,0.000383819518456419,10.5479710014717,0.00410654659401442,12.8900248701952
9.75089143591826E-05,3.31044570877048,0.00032897512722399,9.76553568524732,0.000364125029238609,11.7050181477822,0.000274023716539737,8.21406258761581,0.000385634367526534,10.5978459412366,0.00412165503586253,12.8288578959413
9.95201904397715E-05,3.37872890435208,0.000330399131671568,9.8078068635158,0.000365668164955228,11.7546231738505,0.000271461142961829,8.13724755853693,0.000387803341418095,10.6574527944866,0.0041367949610877,12.7686558106103
0.000100848293495635,3.42381824916721,0.00033281483030035,9.87951620933546,0.000367082477571067,11.8000871038353,0.000269991501069589,8.09319396114513,0.000389578999083371,10.7062506920954,0.00415123110885951,12.6868846582884
0.000102438128497619,3.47779344204633,0.000335005856042627,9.94455620264455,0.000368309934373889,11.8395444412853,0.000268421159980286,8.04612183120573,0.000387841388655746,10.6584983931082,0.00416550247663875,12.6000634000257
0.000104049902023647,3.53251345188147,0.000333519562000357,9.90043597498162,0.000369719209067213,11.8848464242198,0.000266973471494909,8.0027263033426,0.000385899244001778,10.6051251681792,0.0041795699781994,12.5069941380724
0.000105368701169766,3.57728692723693,0.000335016099820965,9.94486028637194,0.000371350447699483,11.9372835715205,0.000265345663910959,7.95393157293019,0.000384480428041959,10.5661338483506,0.00419323234535904,12.4015084922267
0.000106824829602192,3.62672275730666,0.000337337781111142,10.0137787534923,0.000372591057549246,11.9771637215782,0.000267654996607103,8.02315552019026,0.000386505545179623,10.6217872891359,0.00420694584310888,12.2975898745944
0.000105128006025041,3.56911528247795,0.000338661258901397,10.0530658257352,0.000374183740089871,12.028361460115,0.00026941918427349,8.0760383439509,0.000388194544629054,10.6682036811051,0.00422104687246167,12.205548157913
0.000103954991607706,3.52929122567546,0.000340730154658908,10.1144804242172,0.000375796805133411,12.0802144064716,0.000271399340393684,8.13539498106944,0.000390181030875489,10.72279548354,0.00423572277549413,12.1311249211201
0.000102761182813138,3.4887611959131,0.000339410827299332,10.0753165563613,0.000377208520215522,12.1255948371719,0.000273278884198199,8.19173568997376,0.000391829879058494,10.7681084548295,0.00425071245416113,12.0663181442593
0.000100683492284251,3.41822321750664,0.000341235331000667,10.1294764442337,0.000378571416140808,12.1694059467031,0.000274897774980993,8.24026313270866,0.000393258062750901,10.8073572148531,0.00426600410745642,12.0107661551955
9.9043645422668E-05,3.36255011272802,0.000343021142829131,10.1824877745588,0.000379847770144739,12.2104351141026,0.000276256012742065,8.28097730927408,0.00039137654156955,10.7556500194,0.0042812601880065,11.9541239480223
0.000100847940302216,3.42380625818519,0.0003443443198345,10.2217659180855,0.000381407158138315,12.2605625793923,0.000278247153265658,8.34066321196913,0.000389900464500647,10.7150850731947,0.00429576528947203,11.8744660586817
0.000102424929011603,3.4773453170505,0.00034584130794645,10.2662035962498,0.000382786719419841,12.3049094068268,0.00027527218287967,8.25148628503966,0.000391444342048256,10.7575132844214,0.00431015748075523,11.7913477469092
0.0001041552199939,3.53608901648468,0.000347168466521922,10.3055999315841,0.000384400622172591,12.3567892818499,0.000273362005580577,8.19422731458876,0.000393166194028817,10.8048325162125,0.0043245616609221,11.7085968652583
0.000105790885909582,3.59162017737533,0.000348874597050295,10.356245944549,0.000385630004927638,12.396308530193,0.000271416586906701,8.13591195799073,0.000395149507650887,10.8593371298824,0.00433938564926213,11.6387120829213
0.000107051693308953,3.63442482218409,0.0003504193001913,10.4021000301569,0.000387302113208007,12.4500594569219,0.0002696879576814,8.08409502467304,0.000396835110617687,10.9056601811053,0.00435378893464068,11.5559337781847
0.000108389970605469,3.67985958435442,0.000351909764159348,10.4463440409135,0.000389025749640988,12.5054667871195,0.000267626810087285,8.02231060851313,0.000398507374149152,10.9516166434229,0.0043682963466899,11.4763467026137
0.000106787969834594,3.62547136136739,0.000350304520185368,10.3986928174192,0.000390395083506373,12.5494848481086,0.000269594430269449,8.08129147166266,0.000396828647486176,10.9054825639689,0.0043834875756732,11.4177169526716
0.000104516106171209,3.54834116906867,0.000351852507006285,10.4446443781572,0.000392177314554071,12.6067757374509,0.000271229259899008,8.13029669306048,0.000395416494647183,10.8666743573012,0.00439883199614355,11.3637821491661
0.000103311342934004,3.5074392339492,0.000353234474307696,10.4856676953656,0.000393806425357632,12.6591444844175,0.00027328745657073,8.19199265314974,0.000397194975422983,10.9155498384785,0.00441380327263455,11.2984113903744
0.000101816088690052,3.456675075329,0.000354565532203306,10.52517978094,0.000395441584482077,12.7117076582981,0.000275516989461257,8.25882454250294,0.000399131496612991,10.9687685216713,0.00442912115127709,11.2436631444101
0.000103479126120699,3.51313550422405,0.000356374357375926,10.5788742560228,0.000396700078735718,12.752162713279,0.000277644174515249,8.32258848012693,0.000400611389170956,11.0094383235863,0.00444421837348582,11.1821523155012
0.000104951817790038,3.56313365925579,0.000358032743970376,10.6281030035111,0.000398344799626428,12.8050332558891,0.000279437771295352,8.37635286371661,0.000398530832796467,10.9522613243724,0.00445957752365244,11.1286689413559
0.000106684484275095,3.6219580074488,0.000359643597412205,10.6759207425074,0.000399741997905502,12.8499470352215,0.000280933652436029,8.42119300189265,0.000400652355171165,11.0105641344465,0.00447543941837172,11.0905934648117
0.000108386504592803,3.67974191258225,0.000361143446472982,10.7204433471466,0.000401069474973703,12.8926195842812,0.000278696491152298,8.3541324458386,0.000402576300208542,11.0634372049571,0.00449022914131577,11.0196585314396
0.0001099163940337,3.73168194255585,0.000362774912838203,10.768872975074,0.000402567723362408,12.9407816801864,0.000277261928786929,8.31113038308366,0.00040431887663605,11.1113259775216,0.00450486887382437,10.9441267560757
0.00011126518781483,3.77747374132729,0.000364446935121002,10.8185064942005,0.000404401893497486,12.9997421827427,0.000274832299297194,8.238300450896,0.000406128905591845,11.1610684528765,0.0045198596265569,10.879352896711
0.000112432885936192,3.81711730889655,0.000362931273336694,10.7735144932358,0.000406229024532944,13.0584764092064,0.000273295213554744,8.19222517445478,0.000404360459255008,11.1124687340461,0.00453495824117549,10.8178847417771
0.000114086988497319,3.87327439731598,0.00036477361026603,10.8282037555502,0.00040778678134383,13.108551439147,0.000275095950644389,8.24620359407833,0.000402887087590005,11.0719781366441,0.00455023025814325,10.7617309470401
0.000112378565058252,3.81527310502603,0.000366932852263619,10.8923002571869,0.000409758000643919,13.1719174695708,0.000276647633069329,8.29271641682049,0.000401394901073637,11.0309704771933,0.00456546842956197,10.7045398685552
0.000111011110757064,3.76884777814121,0.000368536195990067,10.9398950723587,0.000411700776425823,13.234369165989,0.000278635129180337,8.352293075566,0.000403123001020024,11.0784614130254,0.00458047154880426,10.6401450126328
0.000109579926195106,3.72025879709544,0.000367005215730085,10.8944483466794,0.00041301606147884,13.276649795385,0.000280651955325254,8.41274892366515,0.000404690258067557,11.1215321301055,0.00459513068489973,10.565207910007
0.00010826498963205,3.67561645715061,0.00036871156622686,10.9451008893455,0.000411626837916394,13.2319923681168,0.000282379905826141,8.46454551171897,0.000406396427649226,11.1684203846252,0.00460995770722419,10.4954161119127
0.000106586431662673,3.61862910309004,0.000367086631385274,10.8968651478911,0.000413231810175942,13.2835851670628,0.000283714897542598,8.50456287098772,0.000408168720153194,11.2171258022475,0.00462506568382716,10.4342348790269
0.000108770017506678,3.69276224706487,0.000368746074798988,10.946125266767,0.000415028127064967,13.3413288542495,0.000281246880322899,8.43058223834062,0.00040975827545646,11.2608093108702,0.00464065032551262,10.3876622714207
0.000110394187893488,3.74790313262044,0.000370279471517275,10.9916437243429,0.000416437510365534,13.3866343284291,0.000279840688356756,8.38843059918339,0.000411316544098229,11.3036330122599,0.00465573056724696,10.325631032277
0.000112253214111557,3.81101741716091,0.000372213547840576,11.0490562451999,0.000415110099544295,13.3439639089178,0.000278053412804784,8.33485569905943,0.000412935124582865,11.348114179044,0.00467138158201545,10.2810925982117
0.000114150807069019,3.87544104964938,0.000373981418242383,11.1015349892357,0.000416902112963575,13.4015692584803,0.000279624847368991,8.3819606067139,0.000411393212140483,11.3057399720353,0.00468752743418032,10.251719726642
0.000115866608464969,3.93369282494245,0.000375398022400797,11.1435864919666,0.000418884593606084,13.4652972915318,0.000282070798594411,8.4552797949417,0.000409394897600145,11.2508231092659,0.00470262647214002,10.1902645460835
0.000117142579035887,3.97701226223467,0.000377111955427567,11.1944641199389,0.000420659784634097,13.5223618752055,0.000283393582735048,8.49493122314033,0.000407884562745097,11.2093167045952,0.00471822996508914,10.1442696838522
0.000118320679448993,4.01700898953593,0.000379049813889146,11.2519889125249,0.000419184107917596,13.474925359284,0.000284835334233995,8.53814878546552,0.000409546314623708,11.254984289969,0.00473384919059809,10.0987569863101
0.00011648111619959,3.95455547638774,0.000377648088881137,11.2103790932595,0.000420410476177487,13.5143477048665,0.000282415561294357,8.46561431062155,0.000411123882830808,11.2983383741184,0.00474853352625958,10.0245921890842
0.000115254154757915,3.91289990811366,0.00037923623116084,11.2575226576881,0.000421855717278928,13.5608058496297,0.000280368432188469,8.404250108964,0.000413048582756838,11.3512321901701,0.00476349522563988,9.95892791514632
0.00011372178338168,3.86087561597547,0.00038075296635833,11.3025465226263,0.00042338650161611,13.6100138331746,0.00028222070352763,8.45977330564654,0.000414672320951453,11.3958550990301,0.0047780614245341,9.88114251337427
0.000112090656487356,3.80549855570093,0.000382069150641502,11.3416170891282,0.000425204149966044,13.6684432330067,0.000283687321057757,8.50373624555801,0.000416140605023354,11.4362058812796,0.00479302118358373,9.81541877302133
0.000110618813338461,3.75552920809548,0.000384013833819517,11.3993444715345,0.000426542460485935,13.7114640298892,0.000285106478142798,8.54627652369666,0.000417725321224596,11.4797564036801,0.00480787960338833,9.74658923131813
0.000109401904545177,3.71421492909682,0.000385473541635695,11.4426754944273,0.00042800112986901,13.7583538348449,0.00028689228682663,8.5998074533685,0.000419192052245954,11.5200645056298,0.00482318266444378,9.69138686235354
0.000111004846605594,3.76863510903818,0.000383815608439756,11.3934602059484,0.000429310960153082,13.8004591174113,0.000285097169607496,8.54599749349981,0.000420629637858829,11.5595716453858,0.00483876234199347,9.64466211606133
0.000112748078012352,3.8278181382804,0.000385574591746304,11.4456751390189,0.000427731326661177,13.7496808483968,0.000287173420482397,8.60823464161745,0.000422103388135842,11.6000726476482,0.00485361337544141,9.57560620049388
0.000114603978536292,3.89082630492607,0.000387295263902505,11.4967528161849,0.000428948463244723,13.7888064361888,0.000288790631866324,8.65671174313525,0.000423810165931489,11.6469776168557,0.00486895457287191,9.52157261865702
0.000116272144953106,3.94746086385179,0.00038879700328823,11.5413315345974,0.000430415699438196,13.8359716264192,0.00028742749304502,8.61585065368214,0.00042218812556287,11.6024013669552,0.00488395497161888,9.45709438617037
0.000117732336948037,3.99703465262143,0.000390213959220626,11.5833934796417,0.000432148620430529,13.8916774143633,0.000285779907397529,8.56646306125823,0.000420716952225199,11.5619711830857,0.00489909668996648,9.39694725568012
0.000118984554521082,4.03954767123493,0.00039153876810279,11.6227200649799,0.000434026955050116,13.9520576108465,0.000287323694892662,8.61273922766867,0.000422536565454915,11.6119770495359,0.00491483329198246,9.35503186255744
0.000120233685692826,4.08195590595242,0.000392864330380785,11.662069014665,0.000435269644278319,13.9920046037753,0.000288639414603014,8.65217889437003,0.00042469052647685,11.6711713252441,0.00493040712929884,9.3081281273208
0.000118261301689017,4.01499310358333,0.000394572994578631,11.7127902389075,0.000433992599802712,13.9509532407482,0.000289973018535294,8.69215465378665,0.000426671660325967,11.7256160352853,0.00494599386277252,9.26161962793496
0.00011660375541823,3.95871910058294,0.000395974138436731,11.7543828068986,0.000435219759099577,13.9904010146902,0.000292060884704951,8.75473997891358,0.000425105237767788,11.6825682513003,0.00496093554144871,9.19534176811697
0.000114838243813633,3.89877965449605,0.000397322903708832,11.7944205310478,0.000437198771633247,14.0540175632964,0.00029067251755991,8.71312265188814,0.000426842740761989,11.7303175978461,0.00497667003586641,9.15336178223382
0.000113265170099532,3.84537351044605,0.000398752322907697,11.836852444711,0.00043855132113085,14.0974960806846,0.000289239513837711,8.67016731060942,0.000428388189002327,11.7727889742079,0.00499235576564865,9.1098872788948
0.000111977932223307,3.80167154605111,0.000400593318564691,11.8915018917268,0.000436799747976768,14.0411907077786,0.000290772270176846,8.71611280999976,0.00043009248108614,11.8196256320996,0.00500781394437185,9.05943888911931
0.000113351468621957,3.84830336127161,0.00040194517604629,11.9316314072599,0.000435445999166806,13.997673637773,0.000292749010244266,8.77536704842216,0.000431659862784765,11.8626997747899,0.00502318564166768,9.00634005396304
0.000114999538501706,3.90425563904051,0.000403661938632311,11.9825930299161,0.000436817880179324,14.0417735783393,0.000290688722118406,8.7136083954558,0.000433136026544305,11.9032671033918,0.00503865774337241,8.95631836970349
0.000116753962609988,3.96381866257323,0.000405135907269321,12.026347381332,0.000438584115018577,14.0985502599366,0.000293110768747462,8.78621102581352,0.000434801354863256,11.949032975036,0.00505425195684232,8.91003911400721
0.000118425997736711,4.02058456491713,0.000406516924308822,12.0673424902784,0.000439943901884183,14.1422614268738,0.000295307040104329,8.85204587621443,0.000436260553729869,11.9891340813902,0.00507025787686472,8.87637766265881
0.000120003621211495,4.07414517418531,0.000408227098462825,12.118108537152,0.000441445160605808,14.1905202917419,0.000293200615407862,8.78890424558711,0.00043807876183555,12.0391013327965,0.00508689501718395,8.86206157795046
0.000121486833034342,4.12450049037778,0.000410188547847906,12.1763336197789,0.000442746537422057,14.2323538324989,0.000291292812001747,8.73171643432543,0.000439699168182295,12.0836326771763,0.00510258642444517,8.81876107553168
0.000122802475572629,4.16916679831249,0.000411509171101074,12.2155359558777,0.000444015117315375,14.2731330964354,0.000292860223278273,8.7787007409705,0.000441222645064296,12.1255002456559,0.00511840814328437,8.77945430599191
0.000121620630496156,4.12904293899613,0.000413370631380258,12.2707928895445,0.00044534508963255,14.3158858567747,0.000295237404223615,8.84995848943731,0.000442701654716814,12.1661457839244,0.00513441936944068,8.74595547474071
0.000120078006072739,4.07667055400643,0.000414752526122336,12.3118140528491,0.000446621157325515,14.356905820536,0.000296951899776191,8.90135175551251,0.000444794142132608,12.2236506671349,0.00515026253414723,8.70730596886763
0.000118524030947995,4.02391281060367,0.000416356104660446,12.3594158383402,0.000447847465503247,14.3963262347414,0.000295615522553819,8.86129286468423,0.000446662226256193,12.2749885908631,0.00516592459563708,8.66310608994054
0.000117131111955854,3.97662295274295,0.000417692941579493,12.3990994726273,0.000446369078976621,14.348802610343,0.000293863026963605,8.80876051951238,0.000448151361619558,12.3159123997751,0.00518115716235471,8.605743241001
0.00011857621238096,4.02568437992091,0.000416075101714409,12.3510743435885,0.00044766529910188,14.3904703861655,0.000296417076563106,8.88532003606479,0.000449876957050319,12.3633345075334,0.00519623567403207,8.54365897981935
0.000120145379564335,4.07895789652894,0.000417524538923233,12.394100486342,0.000449276151577463,14.4422522081938,0.000298929193558882,8.96062259195769,0.000451603786188765,12.4107905195415,0.00521162287002256,8.49103514195351
0.000121696196547148,4.13160842042804,0.000419098041717384,12.44080948169,0.000450653637522675,14.4865323226939,0.000297403981455843,8.91490323659695,0.000453271740245536,12.4566285506384,0.00522735565083788,8.44900263832572
0.000123214423030894,4.18315249084549,0.000420878342690221,12.4936572237896,0.000449293576691583,14.4428123489714,0.000295831301087974,8.86776098506079,0.000455095189793609,12.5067398452205,0.00524337574659203,8.41577563867272
0.000124700059015573,4.23359010778129,0.000422298368202317,12.5358102884585,0.000450805214164798,14.491404845054,0.000298182138768747,8.93822907478322,0.000456832349587114,12.5544797600651,0.00525963988418173,8.39002792764197
0.000125992720337635,4.27747619916727,0.000423866185058032,12.5823504982963,0.000452640780813438,14.5504102393789,0.000299863802453185,8.9886381814464,0.000458294014689858,12.5946486425117,0.00527492850115721,8.33438288276196
0.000124028719528741,4.21079800781878,0.000425708843926181,12.6370493172754,0.000453928121224493,14.5917925714456,0.000301771492261568,9.04582258753244,0.000459795494202795,12.6359116882929,0.00529020677865339,8.27842095799212
0.000122191801809761,4.14843431091858,0.000427019492272517,12.6759555510231,0.000452570510901164,14.5481513707696,0.000303841681924909,9.10787804637244,0.000461435000774831,12.680967937251,0.00530553255947604,8.2239148946259
0.000120338963869642,4.08553011956108,0.000429045048224753,12.7360836193696,0.000454273296784323,14.602888447498,0.000305544026022791,9.15890706364964,0.000463497581343854,12.7376509327322,0.00532112177482509,8.17748245868324
0.000118676719566548,4.02909661749341,0.000430424180506995,12.7770227798178,0.000455657311467107,14.6473784321954,0.00030306653401662,9.08464241730449,0.000465249003989524,12.7857828134456,0.00533653744149702,8.12573117794767
0.000117304201417629,3.98249937203992,0.000428961272858805,12.7335967707965,0.00045701249099395,14.6909414934559,0.000301122954038863,9.0263821769759,0.000467035597754054,12.8348812524606,0.00535132123943747,8.05461465762802
0.000119893614302055,4.07041041922792,0.000427607696792345,12.6934162395471,0.000458235971597237,14.7302710135795,0.000299366689504743,8.9737368549365,0.000468484255831284,12.8746926811527,0.00536639022824721,7.99223854371818
0.000121596138197202,4.12821142090873,0.000426101953581142,12.6487186686824,0.000459599404810142,14.7740993945444,0.000297974883493499,8.93201644536559,0.000470016398700317,12.916798404743,0.00538236744434196,7.95769738681062
0.0001232536173647,4.18448314574006,0.000428047026644394,12.7064576247241,0.000460992782679535,14.818890364509,0.00030070869572475,9.01396447911189,0.000471471869493988,12.9567970577215,0.00539790121431657,7.90956568501358
0.000124847259472171,4.23858759055582,0.000430165662255279,12.7693487369997,0.00045972749757946,14.7782170136837,0.000303085496415385,9.08521082916398,0.000473380208212249,13.009241241754,0.00541305672620782,7.8498412930828
0.000126377064519611,4.29052475535594,0.000431896318442655,12.8207227873704,0.00046125579522147,14.8273450609161,0.000305515449412887,9.15805045873506,0.000475134011349227,13.0574385421559,0.00542878702292906,7.80773265801383
0.000127650758947364,4.33376691716599,0.000433393485370278,12.8651657736285,0.000462866664358587,14.8791274185395,0.000307499057892903,9.21751058288026,0.000476609702067849,13.0979928708408,0.00544476036336156,7.77307272148588
0.000125212545223379,4.25098910948883,0.000431921311172661,12.8214646896498,0.000464195931827519,14.9218575211079,0.000309036321855431,9.26359120159947,0.000478135044455346,13.1399117063793,0.00546049340597732,7.73104824140485
0.000123499685495736,4.19283720437977,0.00043018170690066,12.7698250178613,0.000462960102689631,14.8821310499098,0.000310549847192353,9.30896023754428,0.00047978711579421,13.1853132551196,0.00547561821449168,7.67038286565909
0.000121946777203793,4.14011568014828,0.000431952315487482,12.8223850441621,0.000464436735506837,14.9295983002638,0.000308790781520372,9.25623094933582,0.000481511797088062,13.2327102409412,0.00549120261853019,7.62380297475178
0.000120657963447374,4.09636021432873,0.000433842795896178,12.878503432349,0.00048542314095128,14.9490492365827,0.000306696007755204,9.19343856394939,0.000482955171323475,13.2723764612539,0.00550678943037252,7.57729687717467
0.00012207145808007,4.14434861899851,0.000435246885160775,12.9201834339175,0.000464192867045252,14.9217590018379,0.00030941817397373,9.27503749989266,0.00048447719860437,13.3142041923888,0.0055225331583725,7.53559987812748
0.000123785478601248,4.20253993326316,0.000433906797422309,12.8804032999548,0.000485994609891252,14.9367852135353,0.000310992699773369,9.32223506960438,0.000485977552864063,13.3554363144206,0.00553816392731584,7.49044095876975
0.000125620636682004,4.26484389011961,0.000435393338744868,12.9245308680648,0.000488733340362334,14.9886038890428,0.000312575476932276,9.36967997988325,0.000488075692307197,13.4130965243345,0.00555439696116048,7.46373999361334
0.000127364936630401,4.32406319654844,0.000437414573048296,12.9845306494614,0.000490974306053248,15.0433813233059,0.000311081957144263,9.32491062499131,0.000489563096276392,13.4539727517802,0.00557047336073474,7.43223856908655
0.000129004745391066,4.37973500779382,0.000439314647271855,13.0409338273897,0.000486879523965834,15.0076446604607,0.000309214609683481,9.26893551046699,0.000491230621015163,13.4997989845355,0.00558609829297393,7.38690076894436
0.000130540062963998,4.43185932385576,0.00044099149789834,13.0907106745633,0.00049266988548529,15.0571797946779,0.000311090224291628,9.32515843881826,0.000492774684170792,13.5422322965658,0.00560227628867906,7.35851301869381
0.000131885538581757,4.47753847036598,0.000439355533453429,13.0421475223841,0.000495911986544796,15.1081676952336,0.00031260956601863,9.37070182533666,0.00049442865933866,13.5876861655561,0.00561810205586313,7.31933032107677
0.000130449981264583,4.42880103347042,0.000441527354850001,13.1066174400012,0.000498418158535257,15.1554057997437,0.000314508495367018,9.42762363018654,0.000496109291426894,13.6338726091276,0.00563429905051936,7.29152484246195
0.000128841624385325,4.37419701942614,0.000443597374083384,13.1680653885538,0.000500058010772795,15.1941161086393,0.000316305419047764,9.48148774007163,0.000497989956608702,13.6855562803515,0.00565095393691353,7.27775263178269
0.000127256256764078,4.32037349495078,0.00044493501232201,13.207772809791,0.000493877769408286,15.1539975645504,0.000317644805478893,9.52163683414722,0.000499585701992486,13.729409902235,0.00566731317836971,7.25491962291734
0.000125856015652467,4.27283504977741,0.000443203474643523,13.1563725926004,0.000490505023753368,15.1085330105121,0.000315958130296887,9.47107750415594,0.000501391063340972,13.7790241043151,0.00568284081505412,7.20659995069491
0.000127258355297051,4.32044474053401,0.000441701141578043,13.1117762509685,0.000488415770149884,15.0662048037376,0.000314475104212503,9.42662270575371,0.000503046096905675,13.8245070597343,0.00569859669631461,7.16527541951907
0.000128772636498206,4.3718548678765,0.000443093743966246,13.1531152677876,0.00049011100076288,15.1093942963496,0.000313095290601534,9.38526177720759,0.000504763090454963,13.8716927741045,0.00571456919250667,7.13058960907525
0.000130370538709647,4.42610394401139,0.000445248055056181,13.217065396794,0.00049166873701263,15.1514286743531,0.000311756888249855,9.3451421816378,0.000506602118426634,13.9222321885514,0.00573102170888216,7.11061524959336
0.000132046389331229,4.48299938311269,0.000447319691703905,13.2785613578441,0.000495685355985536,15.1950547056471,0.000313395721469532,9.39426741359611,0.000508849259387001,13.9839871972114,0.00574659730663827,7.06376546755194
0.000133800188362953,4.54254118518042,0.00044863985258328,13.3177499685047,0.000501182177604941,15.2322338486573,0.000314717111903229,9.43387706440344,0.000511604098658153,14.05969456317,0.00576236787042248,7.0228909200127
0.000135483431608568,4.59968760523735,0.000447173536724969,13.2742227877084,0.000507467872527455,15.2612231071529,0.000316888434239364,9.49896404954515,0.000513772713419277,14.1192915469443,0.00577781979153459,6.97225074967905
0.000136712050601357,4.64139944767887,0.000449008230256426,13.3286851578703,0.000514614306744372,15.2860099317805,0.000315321259266382,9.45198682627277,0.000515229914011103,14.1593377375281,0.00579339856300026,6.92549823411589
0.000134796264031203,4.57635813866863,0.000451031658076195,13.3887500531929,0.000519951421957925,15.3303310008363,0.000316742985834576,9.49460412656008,0.000513616210966857,14.1149906105656,0.00580930205285318,6.88869754723665
0.000133251398897971,4.52390968116558,0.000452635180405168,13.4363501701313,0.000525278294980771,15.3743777245978,0.000318257566617644,9.54000480027993,0.000515785864282472,14.1746161354696,0.00582571510090222,6.86751357955667
0.000131771090288948,4.47365292962034,0.000454044591294434,13.4781881426566,0.00053001115372979,15.4171426773097,0.000319698327420837,9.58319266577076,0.000517411132298558,14.2192810862575,0.00584166523817547,6.8321425226398
0.000130086844027934,4.41647245700479,0.000455698425540168,13.5272817549321,0.000534125426104576,15.4663403664136,0.000321065268244157,9.62416772303257,0.000519042926764722,14.2641253942767,0.0058578514185735,6.80400561331709
0.00013191955441667,4.47869331426366,0.000457088785415456,13.5685542033753,0.000536629952017114,15.5109321776011,0.000322995760651584,9.68203565380793,0.000520478520258693,14.3035777874359,0.00587386275052586,6.77051002445746
0.00013315968068786,4.52079583093893,0.000458428636221895,13.6083273040762,0.000538222609833014,15.5551266279913,0.000321196740005466,9.62810868584242,0.000521953986430242,14.34412594521,0.00588978431955607,6.7342634203843
0.0001345882942784,4.56929752702871,0.000460186111337316,13.6604974669101,0.000539419621918902,15.5999061510728,0.000322594068858322,9.6699946466555,0.000523627578264317,14.3901189113966,0.00590572330574733,6.69855060992969
0.000136205395188289,4.62419840253298,0.000461736654873085,13.7065249230217,0.000539382386095667,15.6417408764654,0.000324227184975622,9.7189485042622,0.000525159983907146,14.4322318564288,0.00592140847902681,6.65505905113474
0.000137782130459873,4.67772885713796,0.00046321851889134,13.7505136466466,0.000539725581708105,15.6840129516772,0.000325972172608811,9.77125579289632,0.000526926859270451,14.4807884024073,0.00593779191018491,6.63296739779103
0.000138965948957265,4.71791971446017,0.000464574152470849,13.790755254602,0.000544341026425573,15.7216477665069,0.00032776958736838,9.82513462323055,0.000528961898642222,14.5367145219715,0.00595406619382423,6.6075306385008
0.000137418151134621,4.6653716916082,0.000466529812265048,13.8488084748245,0.000549731849560653,15.7615453919358,0.000329118995768754,9.86558413321055,0.000531482297179532,14.6059790835827,0.00596974857920194,6.56395363729822
0.000135980013069981,4.61654663785805,0.00046809274771389,13.8952037814491,0.000557051605565417,15.7836242900564,0.000327738422049757,9.82420041986681,0.000534081818593102,14.6774180677134,0.00598537488633118,6.51865797419173
0.000134582357537041,4.56909597355962,0.000469540036281276,13.9381661423756,0.000557583518788919,15.8258316629903,0.00032915093307868,9.86654147758177,0.000535692272467322,14.7216759023144,0.00600085261208574,6.46880865337885
0.000133010070610379,4.51571654108896,0.000471517715861974,13.9968730138715,0.000558828166127429,15.8673559474037,0.000332069282602663,9.9540211524991,0.000537802390816988,14.7796653116374,0.0060165695256644,6.42628985754488
0.000134986089165341,4.58280273714308,0.00047359573001182,14.0585582893086,0.000558306701300127,15.9082004449869,0.000334047721081261,10.0133263020466,0.000539912268695702,14.8376481124362,0.00603215558167099,6.37976059544102
0.000136233277052027,4.62514499697281,0.000475656143477802,14.1197210933121,0.000553172982530568,15.8669007706598,0.000335979132865006,10.0712217918037,0.000541925696229545,14.892980304311,0.00604823980187601,6.34849885422284
0.000137635017820889,4.67273435578766,0.000477104872744432,14.1627262209973,0.000548757000179579,15.8195407557984,0.000337516572035857,10.1173076625214,0.000543543771292775,14.9374475813109,0.00606426041281254,6.31528764365675
0.000139191311471926,4.72557081358765,0.000475360287081955,14.11093867801,0.000546103181321676,15.78196258989,0.000338916633721337,10.1592755420038,0.00054530833555314,14.9859406145037,0.00608036204934163,6.28455967040596
0.000140674868076722,4.77593783519119,0.000477306721470081,14.1687180446041,0.000556167332833525,15.7935164334051,0.000337209630374967,10.1081068603239,0.000546835779527748,15.0279172049995,0.00609636359200375,6.25076406361308
0.000142405668764221,4.83469883921143,0.000479684810933868,14.2393109727604,0.000560580845655364,15.843754343648,0.000335591836085703,10.0596122857896,0.000548431844119437,15.071779599224,0.0061124708577971,6.22020861361853
0.000141144704853566,4.79188888081556,0.00048108838179798,14.2809755857538,0.00056432560323637,15.9039248311531,0.00033362709615953,10.0007177604333,0.000549899891984069,15.112123890122,0.00612901852694125,6.20315045503469
0.000139953991349469,4.7514639367382,0.000482571931179035,14.3250143389075,0.000566062802559771,15.9521033997047,0.000331737922363022,9.94408838543124,0.000551821857155503,15.1649425507666,0.00614572447094052,6.19094303575323
0.000138657929680939,4.70746240295964,0.000483930887541328,14.365354582751,0.000564779805932666,15.9935509931194,0.00032984312580288,9.88729046395079,0.000553306169346296,15.205733811223,0.00616179235258935,6.15918055753187
0.000137438456892882,4.66606107586339,0.000485851040482783,14.422353791868,0.000560509012569806,15.9476892776725,0.000332126834827938,9.95574632281076,0.00055512757541728,15.2557889478036,0.00617793781865338,6.12979585291062
0.000139877103622449,4.74885358416026,0.000487565551489728,14.473248577022,0.000563940914980226,16.006416013415,0.000334078553323423,10.0142505211983,0.000556551852083995,15.2949303365454,0.00619383521182736,6.09280831765237
0.000141182379814114,4.7931679527065,0.000489986845848021,14.5451240305249,0.000565070052190948,16.0581663833916,0.000335934001432783,10.0698689439056,0.000558470326882222,15.3476530761813,0.00620973667266139,6.05594544628004
0.000142352590226138,4.83289681300919,0.000491329176209594,14.5849707361343,0.000565086847381369,16.1070779716251,0.000337693179156019,10.1226015909329,0.000560727871079891,15.4096939823533,0.00622612408327737,6.03397575364016
0.000144112109395482,4.89263281480899,0.000492638779393969,14.6238459445382,0.000563951781203024,16.1577444200231,0.000339308057186174,10.1710087484541,0.000562227371656137,15.4509026438058,0.00624232552146689,6.00630645851193
0.000142526915090707,4.83881517445992,0.000495193223156766,14.6996739012961,0.000564545714437177,16.2050025069323,0.000337573272609546,10.1190073039499,0.000564178286697733,15.50451689294,0.00625887320315362,5.98924868432756
0.000141148417756581,4.79201493456082,0.000497631743702793,14.7720607094186,0.00056457544746034,16.244681751895,0.000336083806479906,10.0743594604513,0.000565688115104137,15.5460093795962,0.0062753780440882,5.97087794530097
0.000142672090351975,4.84374390147776,0.000499195445233137,14.8184787569607,0.000563254077200056,16.3035245333847,0.000334600486657429,10.0298958570335,0.000567193219299436,15.5873720374153,0.00629163029852054,5.94476604440308
0.00014419111369832,4.89531502552811,0.000497622205290795,14.7717775642959,0.000564058735427509,16.3554662532968,0.000336967751889648,10.1008563747014,0.000565777578818089,15.5484679847871,0.00630762614477461,5.9107958565603
0.000142612144190784,4.84170871819862,0.000496278748464747,14.7318974199,0.00056506660824731,16.3972150754454,0.000338980929088626,10.1612028429603,0.000567412736084809,15.5934047079157,NaN,NaN
0.000143875407568183,4.88459674391648,0.000498034757719122,14.7840240690541,0.000569449499499563,16.445810546419,0.000341108390021958,10.2249750502706,0.000569032415686594,15.6379160801878,NaN,NaN
0.000142680402190548,4.84402608993732,0.000500597812156614,14.8601076313093,0.000570248573333801,16.4975256056082,0.000343061323867522,10.2835156796712,0.000570974446160339,15.6912861672626,NaN,NaN
0.00014406897206243,4.89116829435945,0.000501962118372455,14.900606684076,0.000574332433774541,16.5634273070125,0.000344652683230483,10.3312178478332,0.000572989669961172,15.7466677234121,NaN,NaN
0.000145371326995561,4.93538348563723,0.000504087576263058,14.9637003138387,0.000576656872005505,16.6257947856782,0.000342283391548893,10.2601965858539,0.000574470773225761,15.7873707974712,NaN,NaN
0.000144133912921191,4.89337304854652,0.000505523088309571,15.0063130919995,0.000577571337406104,16.6708324555066,0.00034059554783764,10.2096022283384,0.000576062945610534,15.8311262276574,NaN,NaN
0.000145834842605986,4.95111992649049,0.000507579372108339,15.0673533079736,0.000570897219588676,16.6443415405824,0.000338692454859019,10.1525556156078,0.000578161247975718,15.8887909149284,NaN,NaN
0.00014703645163408,4.99191477562626,0.000509393652848592,15.121209730073,0.000568717750559891,16.6013530663669,0.000340500058480617,10.2067398645805,0.000579831158654419,15.9346827171088,NaN,NaN
0.000145770436288627,4.94893332008308,0.000510747204416968,15.1613895341036,0.000575771415312545,16.6335653781207,0.000342373084216572,10.2628851895824,0.000581319183929795,15.9755760190369,NaN,NaN
0.000147563923669363,5.00982254895318,0.000509146047997826,15.1138596485444,0.000579455993728093,16.6890536906219,0.000344094284323813,10.3144794296183,0.000583380946882755,16.0322365451279,NaN,NaN
0.000146273862033789,4.96602471740512,0.000511183672854778,15.1743459789902,0.000583095222016281,16.752202554585,0.000345663658802347,10.3615225846885,0.000584909253161152,16.0742368331037,NaN,NaN
0.000148194194896919,5.03122037390423,0.00051284418918946,15.2236379472283,0.000585596006184919,16.8037502010783,0.000347027469991303,10.4024038288568,0.00058676970915177,16.1253651236019,NaN,NaN
0.000149726779899854,5.08325191870846,0.000514665776494398,15.2777112626801,0.000586910194283867,16.8432920987122,0.00034519480931445,10.3474684762106,0.000588531110545509,16.1737712361879,NaN,NaN
0.0001484192593271,5.03886135300838,0.000516967498469673,15.3460372430566,0.00058785570730022,16.886402113547,0.000343258583063981,10.2894286692699,0.000590537091383137,16.2288987810035,NaN,NaN
0.000150134251167147,5.0970856437286,0.000519233465578026,15.4133018500953,0.00058158534322511,16.857257222088,0.000345516066633109,10.3570984007862,0.000592103280909737,16.27194016091,NaN,NaN
0.000151841538885093,5.15504837807606,0.000517695019093887,15.3676334916164,0.000577464966589793,16.8118750813676,0.000347016308516585,10.4020692554372,0.000590314120037263,16.2227711736846,NaN,NaN
0.000150476494362243,5.10870486361231,0.000519952600805512,15.4346491804719,0.000574759604414155,16.760736196868,0.000348527965860866,10.4473822969277,0.000588871001726257,16.1831119865818,NaN,NaN
0.000151872551982667,5.15610127848476,0.000521763896222711,15.488416984082,0.00058237670453688,16.7806283257083,0.00034997878489753,10.4908716653698,0.000590431926392951,16.2260086797619,NaN,NaN
0.000153610842212956,5.21511655387035,0.000523113404370065,15.5284767602776,0.000586032292802046,16.82632623875,0.000348445486311996,10.4449099117445,0.000592437194475868,16.2811166369441,NaN,NaN
0.000152226686157892,5.16812419934697,0.000525120954128629,15.5880703197439,0.000589467242734732,16.892073423731,0.00034638899851668,10.3832651764833,0.000574926558465902,16.3220098607115,NaN,NaN
0.000153551553806782,5.21310370149588,0.000526735664187593,15.6360025413535,0.0005915782029419,16.9544472100871,0.000348124081469513,10.4352755650337,0.000593348466144637,16.3061598321815,NaN,NaN
0.000154909469840047,5.25920520241749,0.00052839302626364,15.6852008762963,0.000590636154853352,16.9944126915065,0.000350713088881858,10.5128829677555,0.000576749700770437,16.3274623498271,NaN,NaN
0.000153414658566274,5.20845608271692,0.000529899796659924,15.7299289388661,0.000585996197147019,16.9490262563853,0.000352517531017898,10.5669724488717,0.000578183200888071,16.36951694305,NaN,NaN
0.000154574793116771,5.24784286565396,0.000531260802353175,15.7703300165324,0.000586473049264257,16.9071516482195,0.000350908951041596,10.5187540801502,0.000583353039629719,16.403522093071,NaN,NaN
0.000155776568282411,5.28864335519019,0.000532722871985106,15.8137311492728,0.000591676673736343,16.9472511767019,0.000348758297321282,10.45428665198,0.000584472555730509,16.4491646823531,NaN,NaN
0.000154251223939363,5.23685763213062,0.000534370797426465,15.8626493603243,0.000595007275972217,17.0045801941882,0.000347420441782271,10.4141834475224,0.000586178379313386,16.5017146080885,NaN,NaN
0.000155556952537367,5.28118735995593,0.000535833036522069,15.9060555235469,0.000596888574840736,17.0535159279173,0.000349485826039737,10.4760948607845,0.000587393304898954,16.5533733244716,NaN,NaN
0.00015683272169643,5.32449995927834,0.000538032613055829,15.9713493447368,0.0005975131369437,17.1140766055582,0.000350823950030248,10.5162061122734,0.000585729802857287,16.5129922013025,NaN,NaN
0.000155584982977438,5.28213899858977,0.000540608013155553,16.0477993845616,0.000601188997952834,17.155495419941,0.000352210779986861,10.5577773609443,0.000592232894355425,16.5593700697094,NaN,NaN
0.000156797534867606,5.3233053599204,0.000542101565774337,16.0921350810612,0.000602708081566627,17.2107990436483,0.000353575825010964,10.5986955902293,0.000593226524981259,16.5992884961213,NaN,NaN
0.000158206564381642,5.37114217298437,0.000543644935233167,16.1379495766825,0.000603223083322921,17.2551713383395,0.000352242508759043,10.5587284542432,0.000591178671076361,16.5575521696593,NaN,NaN
0.000159946190813197,5.43020281265053,0.000544991691409836,16.1779276613893,0.000605514408353182,17.3144089445677,0.000350149268484008,10.4959820363522,0.000593922390117642,16.6038176098626,NaN,NaN
0.000161160045066637,5.47141338945554,0.000546686673817756,16.2282427454812,0.000606004930579069,17.359221195014,0.000352245341792061,10.558813376493,0.000595459822445912,16.6526854020533,NaN,NaN
0.000159734449344743,5.42301415056541,0.000545203171869404,16.1842054003542,0.00060640734599407,17.4123051700526,0.000354816640096108,10.6358899356594,0.000596788875879095,16.6928388037385,NaN,NaN
0.000158107450196086,5.36777722802106,0.000543820746154328,16.1431684752629,0.000604536150023437,17.4553968873151,0.000352405592265805,10.5636170023895,0.000599580668752874,16.7308457843255,NaN,NaN
0.000159344836661983,5.40978672779898,0.000545772286086868,16.2010993985313,0.000604842653885612,17.5070905829968,0.000354921852915323,10.6390437673532,0.000601138099993167,16.786065397463,NaN,NaN
0.000161124971534958,5.47022263655667,0.000547532821078647,16.2533603929487,0.000605936893403762,17.5563272716003,0.000356583720311406,10.6888594657026,0.00060639405973625,16.8208405390326,NaN,NaN
0.000159488231530981,5.41465501016943,0.000549635957959999,16.3157914297238,0.000608012704966916,17.6014654017659,0.000358072749604217,10.7334942146959,0.000608232736940478,16.8737336218229,NaN,NaN
0.000160709926307289,5.45613177417848,0.000551808874342477,16.3802938516947,0.000609407944165227,17.6545721950466,0.000359818462888882,10.785823255267,0.000605630861713543,16.8353441265392,NaN,NaN
0.000162494005011438,5.51670157673525,0.000553827167853873,16.4402063364931,0.00060908621559885,17.6977946487214,0.000358051934533119,10.7328702676196,0.000608261167244847,16.8855789863303,NaN,NaN
0.000163853356946789,5.56285182679867,0.000555643078221665,16.4941111336354,0.000609435318486845,17.7474493935428,0.000356591813053664,10.6891020516082,0.000609625142158251,16.9291103265881,NaN,NaN
0.000162265556292921,5.50894570041502,0.000557256605445854,16.5420082431218,0.000610246768617818,17.7955249149919,0.000355107091839201,10.6445964404342,0.000607614834093187,16.8827603607249,NaN,NaN
0.000160945286123838,5.46412228355736,0.000558712566814142,16.5852280537449,0.000611428715861444,17.8515538670318,0.000353636499414008,10.6005143501175,0.000613581956443879,16.9161248307525,NaN,NaN
0.000163012773070527,5.5343138484577,0.000560429902685958,16.6362066942315,0.000611189147172888,17.9049357478663,0.000355890035073222,10.6680657401284,0.000615898143676077,16.9580822690297,NaN,NaN
0.000165021902465535,5.60252416366611,0.000558453973070402,16.577551769967,0.000611301475050931,17.973482511391,0.000357745713988516,10.7236910814136,0.000617117675054095,17.0101464736111,NaN,NaN
0.000163242624908059,5.54211736092846,0.000556403645245836,16.5166883554401,0.000611916593150107,18.0319556235962,0.000359382216056348,10.7727464353796,0.000612684386439207,16.9571937817597,NaN,NaN
0.000165082563958816,5.60458363260227,0.000557728025357706,16.5560022128507,0.000611737895761748,18.076450367076,0.000360799541276719,10.8152318020264,0.00061140765941402,16.9117708983466,NaN,NaN
0.000166239656650557,5.64386714387092,0.000559061420046586,16.5955836654871,0.000610999420695206,18.1160088090879,0.00036244661329101,10.8646039979171,0.000621412749516191,16.9424366001621,NaN,NaN
0.000167924222209228,5.70105845670109,0.000519646845970528,16.6658554793467,0.000611682789715697,18.1650561743737,0.000360693900781546,10.8120651504311,0.000625423643166087,16.9810931556516,NaN,NaN
0.000165888548779775,5.63194696660524,0.000520039479430993,16.7144659122205,0.000611776464172618,18.2161227722048,0.000358633179601532,10.7502935163478,0.00062940431170913,17.0283083834386,NaN,NaN
0.000164183418340648,5.57405747227338,0.000520339918504309,16.6621578715193,0.000612953155450956,18.2698363162482,0.000360293431633089,10.8000607929566,0.000632819339314789,17.0772615477659,NaN,NaN
0.000165950260559403,5.63404209295747,0.000560644705921918,16.6425830688948,0.000616690485976683,18.3275322445929,0.000361888913833645,10.84788654621,0.000634792408454893,17.1158688747392,NaN,NaN
0.000167100562297736,5.67309505009969,0.000519922970087648,16.6706184117538,0.000617829353934408,18.370224087374,0.000363506085409731,10.8963624544584,0.000635628458391626,17.159776846352,NaN,NaN
0.000168769043917712,5.72974031023116,0.000520120029534784,16.7473290789194,0.000619786445654884,18.4189310616999,0.000365073386867818,10.9433434692149,0.000628245025785315,17.1281870720664,NaN,NaN
0.000167401740527177,5.68332010679099,0.000520334491070703,16.7888439963463,0.000620903217826908,18.4669386347809,0.000362681757178529,10.8716526090139,0.000624332662238832,17.0775005561138,NaN,NaN
0.00016883321400708,5.73191889665452,0.000520845044527205,16.8526026180684,0.000620762610967882,18.5102183680936,0.000360653046419572,10.8108405108617,0.000628628058935201,17.1263308901948,NaN,NaN
0.000170895216963537,5.80192427907043,0.000521292632522754,16.7908157813045,0.000621140332141707,18.5579992655584,0.000362952547816437,10.87976975769,0.000630794568895977,17.1793061915183,NaN,NaN
0.000172595297031654,5.85964231237078,0.000520773240830849,16.739570897353,0.000621088262722475,18.5997021013694,0.000364603606916922,10.9292614694239,0.000631623036214905,17.2231531746089,NaN,NaN
0.000171174937029449,5.81142082713418,0.000520657572271511,16.7978667982503,0.0006197720926298,18.6395213071396,0.000366606981954488,10.98931411068,0.000630676143310263,17.272168642015,NaN,NaN
0.000173114393039536,5.87726571801556,0.000520828928976204,16.8419877829176,0.000619193489731371,18.681298864735,0.000368406703413927,11.0432620860406,0.000633042038110543,17.3181487550412,NaN,NaN
0.000174874483877098,5.93702112805723,0.000521050386037064,16.8938848142408,0.000619355782661171,18.7271833294817,0.000370272779872162,11.0991991013281,0.00063401117208337,17.35785091908,NaN,NaN
0.000173154358894314,5.87862256619005,0.000521288377112817,16.9466613826886,0.000619670628403038,18.7981085638213,0.000367963293590392,11.0299705502258,0.00063805042653194,17.4025052026245,NaN,NaN
0.000171897350149116,5.83594688639427,0.000521515400229977,16.9946411882397,0.000619462684576328,18.8704103805648,0.000366272873375498,10.9792989601173,0.00063857997446535,17.4462214604393,NaN,NaN
0.000173983939464307,5.90678698024451,0.000522053920252896,17.0559818489865,0.000619627640665389,18.9461803595763,0.000368326938297127,11.0408710679566,0.000640026984836978,17.4910990912468,NaN,NaN
0.00017530784498016,5.95173381779855,0.00052418530069788,17.0094339630031,0.000620180456577095,18.9999483078323,0.000369923395659231,11.088726052395,0.000640688757061301,17.5337482985058,NaN,NaN
0.000176708819595333,5.99929716555374,0.000524179945465976,16.969129507565,0.000619948654480834,19.0462391837065,0.000371532294290402,11.1369539730307,0.000640863980532639,17.5921860229821,NaN,NaN
0.000178004840484313,6.04329731485905,0.000522179027892444,17.0305993525354,0.000620281729638696,19.0973238656226,0.000373404208723803,11.1930659859206,0.000641481713183838,17.6416485636849,NaN,NaN
0.000179290467735018,6.08694459821918,0.000521548720817215,17.0854371331549,0.000623746850604709,19.1349252006552,0.000370726992318824,11.1128144537219,0.000642166461400266,17.6910284425681,NaN,NaN
0.000178000801062004,6.04316017572323,0.000520962386992206,17.1482047618557,0.000624476579017182,19.1860635636302,0.000368643703720238,11.050366344657,0.00064296757030437,17.6500353967274,NaN,NaN
0.000175979784363472,5.97454628435772,0.000520474941146694,17.211107809529,0.000624966569733465,19.2325198657458,0.000371127161000541,11.1248098044847,0.00064410595352381,17.708461378844,NaN,NaN
0.000174684005450962,5.93055435019844,0.000520182258754262,17.2680438957438,0.000627900253208822,19.2694280125573,0.000372732238739548,11.1729231910656,0.000644819560296032,17.7570080286008,NaN,NaN
0.000175834889661995,5.96962708239674,0.000520133455874395,17.3176448814109,0.000628925195498706,19.3136421093936,0.000374253603099317,11.2185272074898,0.000645492129369722,17.7991426285416,NaN,NaN
0.000178331224447193,6.05437811087064,0.000520328532507096,17.3599107665304,0.000628628439399661,19.2726597130007,0.000375627211636812,11.2597021343916,0.00064712657055316,17.8377346839036,NaN,NaN
0.000179971485782181,6.11006528709814,0.000521220509641819,17.4240036592776,0.00063102891814496,19.3121536035296,0.000373629155479552,11.1998089304874,0.000648155152946751,17.8892357465678,NaN,NaN
0.000181563311922112,6.1641080794795,0.000523902785264439,17.380449365521,0.000632642020605365,19.3612202984721,0.000371468168420992,11.1350317528978,0.00064976335739662,17.941717107243,NaN,NaN
0.000182734974226055,6.20388623178183,0.000524354150801802,17.3232935657918,0.000633289025908357,19.4011701685056,0.00037334347618627,11.1912454834083,0.00065080194861873,17.9818364795907,NaN,NaN
0.000181096074623492,6.14824528662244,0.000521962487462984,17.3755961535436,0.000635797140105335,19.442521454201,0.000374759438891959,11.2336900076747,0.000651380884570464,18.0347931791935,NaN,NaN
0.000179688307418712,6.1004513291916,0.000521210371334015,17.4182749376177,0.000635871896639499,19.485097661543,0.000376216497256548,11.2773664045636,0.000655162967725855,18.0700496596953,NaN,NaN
0.000178336374212487,6.0545529463565,0.00052061365622443,17.4590901283003,0.00063662271782498,19.5269235998325,0.000377640398882992,11.3200489038228,0.000657377562736283,18.1235286626949,NaN,NaN
0.000177090130394127,6.01224273782139,0.000520044673823646,17.5270573114536,0.000639040663385425,19.5740964495855,0.000375965554196835,11.2698442016519,0.000661776576537803,18.1652355648616,NaN,NaN
0.000179021681178901,6.07781924483871,0.000522591068033155,17.4829227533642,0.000640131654054658,19.6132097881767,0.000374615149950458,11.2293648404551,0.000664526657299221,18.2201410212029,NaN,NaN
0.000180498729621249,6.12796531312131,0.000525989061450947,17.545003011366,0.000641739758884043,19.6636624048096,0.000373140276701178,11.1851544292857,0.000665850688647983,18.2612686809132,NaN,NaN
0.000181911784168882,6.17593877682163,0.000528248512232721,17.5917199153037,0.000643515154579153,19.7073637539975,0.00037501212313738,11.2412644039095,0.000658449056245073,18.2412519407451,NaN,NaN
0.000183239162662264,6.22100352260628,0.000532560678142353,17.6331794894562,0.000644268800381671,19.7469720675472,0.000376736542964436,11.2929551574166,0.000655949655043825,18.1876189818902,NaN,NaN
0.000184480865101397,6.26315955047524,0.000535392643500252,17.6753033640635,0.000644630343401337,19.7886686509037,0.000378260427044741,11.3386347043185,0.000656254023276005,18.1456561336479,NaN,NaN
0.000185655092271085,6.30302478044484,0.000537494639991421,17.7243143763215,0.000645928917837913,19.8302772097913,0.000379719563478823,11.3823733928698,0.000661452681975793,18.1778071416802,NaN,NaN
0.000184371714042694,6.25945385180893,0.000538684733640043,17.7655983721762,0.000649418874491758,19.8819433812217,0.000377694818763896,11.3216801798065,0.000665702340791843,18.2148178778695,NaN,NaN
0.00018592449383217,6.31217101335789,0.000538072309987895,17.7166935711793,0.000651679025117731,19.9263365424158,0.000376316155799689,11.280353742744,0.000670176806068664,18.2531446303381,NaN,NaN
0.000187161965948196,6.35418342097358,0.000546424278233224,17.7609439788708,0.00065338886128554,19.9777028441429,0.000374944093165433,11.2392251554296,0.000674499737750152,18.3018040932284,NaN,NaN
0.000188664865840132,6.40520715075941,0.000549324310640275,17.8199444610433,0.00065067234156139,19.9262414430148,0.000373246190887802,11.1883292849837,0.000677593441855778,18.3539923096207,NaN,NaN
0.00019043319350798,6.46524220271541,0.000549859204138248,17.8659167469561,0.000657131639445989,19.9685521291459,0.000375284527659276,11.2494299299459,0.000678845750087144,18.4105767174956,NaN,NaN
0.000192176501412055,6.52442782905571,0.00054398980063177,17.8224468749913,0.000660605272494228,20.0138893235822,0.000377092868104263,11.303636265742,0.000678689674586025,18.4550581771147,NaN,NaN
0.000193514503238731,6.56985323897392,0.000541617600569905,17.7754497376371,0.000665180470462328,20.0488267051454,0.000378991282589154,11.3605426371796,0.000669995188608569,18.4505169080993,NaN,NaN
0.000194793411752775,6.61327241997959,0.000540173497216888,17.7347877659687,0.00066753746510813,20.0940602226849,0.000380474935331453,11.4050162201141,0.000666289749006047,18.4052902644433,NaN,NaN
0.000193540373934937,6.5707315539034,0.000546951909902305,17.7621940473602,0.000668738911946558,20.1444788649386,0.000382178417736078,11.4560793589736,0.000665578019327469,18.3568556254849,NaN,NaN
0.000192316415375691,6.52917793404416,0.000551924638990888,17.8070024684342,0.000665575190992393,20.0898437963213,0.000379786817865217,11.3843893926019,0.000674321237468551,18.3540177417195,NaN,NaN
0.000190883926137761,6.48054465900742,0.000556550361759952,17.8633889797201,0.000664110946757428,20.0290813858335,0.00037736378279289,11.3117571329296,0.000678425255597775,18.3915644573401,NaN,NaN
0.000189480634553887,6.43290264973554,0.000560730658427027,17.9276168719541,0.000663846805763051,19.9870674232194,0.000379638296525202,11.3799373561217,0.000682349047114758,18.434670612333,NaN,NaN
0.000187894630849414,6.37905753011677,0.000563005899999971,17.9768912040782,0.000668412059943272,20.0256302939702,0.000380987065474398,11.420367698082,0.000685559652742961,18.4841833778643,NaN,NaN
0.000189913869125266,6.44761104370279,0.000554437095148093,17.9771907856667,0.000671539519390633,20.0799345086918,0.00038290952114309,11.4779947216986,0.000688341781807668,18.5410939485587,NaN,NaN
0.000191085217539866,6.48737853940379,0.000548421386516776,17.9266846994946,0.000673532756600966,20.130930949832,0.000381429264273282,11.4336229325415,0.000690128971939208,18.5892983100036,NaN,NaN
0.000192298564020275,6.52857187722032,0.000544741911136592,17.8801588423658,0.000674389614240536,20.1740774666198,0.000379569093424926,11.3778629422567,0.000689339137890601,18.6285105860575,NaN,NaN
0.000193553908566492,6.57119105715237,0.000552648618756299,17.9249727210453,0.00067082257565007,20.1153170255878,0.000381464227245391,11.4346709733636,0.000684495600100708,18.5869289222396,NaN,NaN
0.00019511822140805,6.62429976795633,0.000556325827036093,17.9832370182678,0.000669746492052669,20.0589398868702,0.000383157474786264,11.4854273146493,0.000680644391116456,18.5339040953959,NaN,NaN
0.000193579163867164,6.57204847928945,0.000559800868079767,18.0539013936503,0.000679604447558547,20.0859986135154,0.000384928347460613,11.5385105264438,0.000678459636475423,18.4904976347085,NaN,NaN
0.00019211826452347,6.52245067589824,0.000561548978476697,18.1089703447101,0.000683403127737514,20.1582615094637,0.000386707325243371,11.5918366948283,0.00068720563972168,18.5164902839518,NaN,NaN
0.000194217201144106,6.59370996305601,0.000560490195697482,18.1508391224034,0.000685144704599543,20.198591413674,0.00038802315457505,11.6312796475096,0.000690840703357287,18.5627754658259,NaN,NaN
0.000195519240541775,6.63791444184641,0.000555826825014186,18.1121074399647,0.000687368847583444,20.2636119499049,0.000386485629945745,11.5851912151119,0.00069434953964439,18.6156516262152,NaN,NaN
0.000196786691741882,6.6809446449211,0.000553162122972577,18.0585273529281,0.000684279868935293,20.2109987801932,0.000385001689011639,11.5407089934159,0.00069676662336658,18.6656785714788,NaN,NaN
0.00019810150846554,6.72558291629619,0.000551766252126739,18.0138477273035,0.000683658149048684,20.1646060006991,0.000383121852611367,11.4843595137384,0.000698131152701455,18.718162185557,NaN,NaN
0.000196829585971201,6.68240091195384,0.00056205605557831,18.0349086557808,0.000685240203938319,20.1253581589337,0.000381488521533044,11.4353992125168,0.000698993551953848,18.7722184883851,NaN,NaN
0.000195643578890236,6.64213575181384,0.00056653225685759,18.092952438494,0.000689698090245179,20.1882017877072,0.000380062504064568,11.3926532893354,0.000697988042899508,18.8139940875199,NaN,NaN
0.000193866408857255,6.58180049992325,0.000570465065641482,18.1579787409375,0.000691284887458822,20.2415395229828,0.00038152907506784,11.4366148345702,0.000691534362525309,18.7808451014759,NaN,NaN
0.000196195409917435,6.6608705174295,0.000572274484645468,18.204834053356,0.00068729584194686,20.1887294904026,0.000383384378623465,11.492228924173,0.000689258200275685,18.7410623974295,NaN,NaN
0.000197745395241882,6.71349280637296,0.000564758825931601,18.1725994581237,0.000687692378138959,20.1361271834739,0.000385512602330272,11.5560239961795,0.000687655612586756,18.6910288218102,NaN,NaN
0.00019953594548728,6.77428231895415,0.000562574144767188,18.1241915740934,0.000692732304878065,20.1915363392648,0.000387713974212334,11.6220117385772,0.000694719900524767,18.7221571481738,NaN,NaN
0.000201219085657191,6.8314252395718,0.00057201352907779,18.1628155444349,0.000695822749688183,20.2628426464763,0.000389664570800728,11.6804823069739,0.000698493519898772,18.7614649322059,NaN,NaN
0.00020304621159869,6.89345650381232,0.000575646678154564,18.2233981413161,0.000697904945991364,20.3223422295969,0.000391424223530443,11.73322919267,0.000702030763473706,18.8172850286858,NaN,NaN
0.000201115317702931,6.82790229829875,0.00057827155645904,18.2816679442952,0.000698177308779622,20.3705747776473,0.000389033973202427,11.6615796798384,0.000704800394929377,18.8766748359432,NaN,NaN
0.000199534533431154,6.77423437938707,0.00057361835447285,18.2452386873681,0.000694273335551414,20.3149923251403,0.000387332991174481,11.61059149161,0.000705771075967511,18.9176358829096,NaN,NaN
0.000197845368360181,6.71688691226207,0.000572441114467608,18.2020057198288,0.000692807238548631,20.2607037477232,0.000386033833366882,11.5716482801335,0.000699468537209201,18.8873539432952,NaN,NaN
0.000196273439050579,6.66351962095683,0.000573143511277472,18.1537694765911,0.000693497044560883,20.2107043184122,0.000384677050145841,11.530977704476,0.000698296047608782,18.8483722245348,NaN,NaN
0.000194868796866766,6.61583175856682,0.00057938689993261,18.2109424258004,0.000702711858383274,20.2420233204499,0.00038642157678042,11.5832711743375,0.000701267602154117,18.8895321358292,NaN,NaN
0.000197107150093755,6.69182426534116,0.00058346373624319,18.2779107359621,0.000706244824149592,20.2953519191408,0.000388303612346099,11.6396865756167,0.00070256030380269,18.9364059035208,NaN,NaN
0.000198733628236875,6.74704349965101,0.000585724064490699,18.3369938841074,0.000708994979992512,20.349058420046,0.00038999539023169,11.6903988629036,0.000702868941617505,18.9766558843535,NaN,NaN
0.000200282462525087,6.79962671070104,0.000585652660178137,18.3840278340939,0.000710041552257136,20.390766904112,0.000391496910437192,11.7354080361982,0.000702338646960182,19.0319932650383,NaN,NaN
0.000201730501455359,6.84878790067381,0.000576645005027415,18.349639764395,0.000709242200205882,20.4340947478937,0.000393188070012493,11.786101789179,0.000703739948450716,19.0748026852817,NaN,NaN
0.000203077745027689,6.89452706956929,0.000575299793728077,18.30848919804,0.000704770841613289,20.3900604502115,0.000390818296591868,11.7150660867177,0.00070410688488252,19.1210593807907,NaN,NaN
0.000204369126203357,6.938369699748,0.000577837460340033,18.2707185377551,0.000703045162356051,20.3458684158631,0.000389409156731596,11.6728260822642,0.000706270709731198,19.1601901108976,NaN,NaN
0.000202493575685354,6.87469441216318,0.000586221524861191,18.2949069095906,0.000708198599011103,20.3969349916198,0.000388077261489439,11.6329015420917,0.000708214971981136,19.2014591902466,NaN,NaN
0.000201083110345206,6.82680885253669,0.00058959315390373,18.3447787429397,0.00070935037298806,20.4453957881647,0.000386600352858224,11.5886301188507,0.000709499981508824,19.2483440516905,NaN,NaN
0.000199716403367844,6.78040889743421,0.000591863552399035,18.3949102463077,0.000711837081500414,20.4949465173027,0.000389456022693074,11.6742309239534,0.000707960448227331,19.2927698804841,NaN,NaN
0.000198094411069991,6.7253419584023,0.000592313916168827,18.4348487855233,0.000714072910472111,20.5469186991701,0.000391585279682231,11.7380569693589,0.000708859827162977,19.3319659607286,NaN,NaN
0.000199490355460651,6.77273452910328,0.000590917965122025,18.4746612229307,0.000715284210432351,20.5958881296787,0.000394078689871078,11.8127987749457,0.000711423006931601,19.3772062850898,NaN,NaN
0.00020076838531862,6.8161238795724,0.00058546865288879,18.4316683773191,0.000715175567369614,20.6483029986,0.000396848725519668,11.8958326322876,0.000712723520530823,19.4174612258609,NaN,NaN
0.000202203577937817,6.86484893490402,0.000582565616018676,18.3822255572389,0.000716938548943642,20.7019190194679,0.000399170773279606,11.9654377229433,0.00071350300900108,19.4607862615895,NaN,NaN
0.000203578348550677,6.91152265192565,0.000581467368804952,18.3383405852846,0.000717951688969949,20.7483143308899,0.000400838214455662,12.0154204994498,0.000715067688929055,19.5117508349442,NaN,NaN
0.000205196444609203,6.96645731291053,0.000590170636939217,18.3590305836327,0.000721560356533946,20.7865874404505,0.000398595364962472,11.9481894351306,0.0007160437136476,19.5579659388802,NaN,NaN
0.000203814126727866,6.91952736472577,0.000594625059171968,18.3940029465353,0.000721696972988768,20.8310045241348,0.000396016497622436,11.8708859885395,0.000719333265644585,19.5975223796084,NaN,NaN
0.000202555774755746,6.87680608212712,0.000599120486294949,18.4439891490896,0.000719838907472134,20.785877098358,0.000393220852516606,11.7870844688681,0.000718968463405904,19.6412820977514,NaN,NaN
0.000204092507925733,6.92897845797134,0.000602904082920044,18.499501312826,0.000724546629303943,20.8197609259917,0.000390550511854066,11.7070390421097,0.000718191545494362,19.6847114022226,NaN,NaN
0.000206086102530809,6.99666136418329,0.000604648033472587,18.543738808202,0.000726622931368922,20.8678478421578,0.000388333543130099,11.6405837728965,0.0007176627486387,19.7291894803662,NaN,NaN
0.000207451481355441,7.04301622825446,0.000603628998140498,18.5888324279418,0.00072742131608305,20.9153067741493,0.00039078131669632,11.713957587131,0.000720717855194412,19.7789331024024,NaN,NaN
0.000205686738276546,6.98310287375756,0.00059647274337699,18.5533114305449,0.000728392224507251,20.9714212142113,0.000393867791478034,11.8064769403908,0.000721030483977329,19.8245264796205,NaN,NaN
0.000204231206624052,6.9336873044771,0.000593141729355,18.4969513459086,0.0007282478501935,21.0348351125359,0.000397147003623936,11.9047737379988,0.000721068604031519,19.8801519529502,NaN,NaN
0.000206197977119766,7.00045952720629,0.000591951712024422,18.4406407213948,0.000729080608784546,21.087417357498,0.000400135502034665,11.9943561774267,0.000721117072057094,19.931230682421,NaN,NaN
0.000208017351842165,7.06222763612222,0.000601613002696046,18.4525142113011,0.000729453689873348,21.1335006316194,0.000402833286710218,12.0752242586743,0.000721401976374962,19.9921002175864,NaN,NaN
0.000206802029053228,7.02096720226499,0.000606058919386381,18.4895576010542,0.000730891368683926,21.17554984053,0.00040520865998591,12.1464278209129,0.000721869705834187,20.0333683652407,NaN,NaN
0.000205381467588336,6.97273887733284,0.000610953622891402,18.5316261369743,0.000732099304802264,21.2165659051604,0.000406933554366457,12.1981327995102,0.000720118849380411,20.0816327486406,NaN,NaN
0.000206607849522772,7.01437477122877,0.00061494944342002,18.5707702311621,0.000736421915753765,21.2532219350408,0.000403573594536291,12.0974155306352,0.000721326384099227,20.1352706577057,NaN,NaN
0.000207766774003081,7.05372047205871,0.000618075125670895,18.6103165791053,0.000735965139797003,21.3002687044086,0.00040069345477345,12.0110812214309,0.000722989411701217,20.1781288827124,NaN,NaN
0.000209093354762098,7.09875813461384,0.000620372331554681,18.6487981971557,0.000736815714204724,21.3532965725556,0.000397839754493882,11.9255394551974,0.000723189382593484,20.2237231423926,NaN,NaN
0.000210587591799824,7.14948775889418,0.000621586971424669,18.6908753758512,0.000740270820013837,21.3998226550229,0.000395500910638727,11.8554308892254,0.000723785504526052,20.2717941026909,NaN,NaN
0.000211871182299374,7.19306589417523,0.00062177066403822,18.7328945512898,0.000741346157233558,21.4433686882029,0.000393798391292581,11.8043966187526,0.000724654068316596,20.311197799291,NaN,NaN
0.000210053926211877,7.13136971330676,0.000615238458823728,18.7009426296036,0.000744918823428426,21.5061636924257,0.000396144184075093,11.8747134839365,0.000724036818830217,20.3575169527351,NaN,NaN
0.000208546518912273,7.08019295619549,0.000610713587856008,18.655566831846,0.000746697270118873,21.5688044337969,0.000398842540462993,11.9555987026825,0.000723787572279058,20.4036536610596,NaN,NaN
0.000207181775322417,7.03385965846266,0.000607614866115334,18.6187353594137,0.000747387600429534,21.608223142478,0.000402198704914937,12.0562022023019,0.00072399236607312,20.4443746964028,NaN,NaN
0.000205524929050268,6.97760942054569,0.000605417776574107,18.5783231611758,0.000749978552607841,21.6463813381528,0.000405510468888428,12.1554747649004,0.000724051216080471,20.4859464425108,NaN,NaN
0.000207526251745875,7.04555469686303,0.000615531135927269,18.6072118465938,0.000750542659398206,21.6924322380692,0.000408165082834892,12.2350487717694,0.000725249332145203,20.5399726334949,NaN,NaN
0.00020914703861113,7.10058071123491,0.00062012741171826,18.6641248732462,0.000747133578918723,21.6422793438572,0.000410162546754332,12.2949242229091,0.000725821936042594,20.5794278328761,NaN,NaN
0.000210874851742065,7.15924028715626,0.000623522491168457,18.7250131870387,0.000751704217543069,21.6945339892504,0.000411497894804968,12.3349522635571,0.000730736617098386,20.6292480273609,NaN,NaN
0.000212422483320023,7.21178266597032,0.000624683223815428,18.7796134711946,0.00075353325063729,21.7473370720807,0.000409869653890117,12.286144543732,0.000732737153974562,20.6734021005831,NaN,NaN
0.000213770540089257,7.25754944305137,0.000624260889306044,18.8276131352543,0.000754104562887186,21.7923354290045,0.000408163873844769,12.2350125314006,0.000733437880307293,20.7139565588764,NaN,NaN
0.00021491902204977,7.29654061839944,0.000616222215031751,18.8129329761724,0.000752445000593597,21.7409108939542,0.000406168521610325,12.175200379573,0.000731395306974195,20.6702393814504,NaN,NaN
0.000212792003379479,7.22432794045287,0.000614103015237243,18.7694679568056,0.000756545896319521,21.7902059375746,0.000403969316136527,12.1092775768575,0.000736829392790455,20.7120714618033,NaN,NaN
0.000211312789879434,7.17410836806034,0.000613881713136465,18.7268543903235,0.000757350211055357,21.830602554229,0.000402268465965874,12.0582933411486,0.000738889204971752,20.7626999925607,NaN,NaN
0.000210072219239972,7.13199076499991,0.000622486384450346,18.7492058393237,0.000759619737606,21.8716566705923,0.000404978607224383,12.1395318200648,0.000735769555065614,20.7074468676666,NaN,NaN
0.000208806238840211,7.08901049586945,0.000629549098225507,18.8043068886913,0.00076141518471714,21.9278398866573,0.000408049816382342,12.2315935750169,0.000743058408989316,20.7513662153796,NaN,NaN
0.000210264242440792,7.13850998824544,0.000635095807398308,18.8559419246298,0.000761963256315998,21.9795554061187,0.000411392540365177,12.3317941866824,0.000746320648694837,20.8071431568992,NaN,NaN
0.000211765578754338,7.18948063425522,0.000639795983159298,18.9031630045113,0.000758407675416231,21.9371606953837,0.00041460467771891,12.4280803680274,0.000748299285291402,20.8574472201378,NaN,NaN
0.000213695505019967,7.2550019885466,0.000643115482499105,18.94459146508,0.000763371975046211,21.9844364990521,0.000417324678225385,12.509614385158,0.000749281686581813,20.8996724467556,NaN,NaN
0.000215674999454152,7.32220619134434,0.000645712081594653,18.9855025283945,0.000765759247254868,22.043171163561,0.000418984562938411,12.5593706511235,0.000744214736621008,20.867948035881,NaN,NaN
0.000217319555394322,7.37803917021348,0.000647823522769263,19.0321281763078,0.00076715144341909,22.0918025052717,0.000416092322295956,12.4726736091464,0.000741081503802706,20.828445078353,NaN,NaN
0.00021860259198401,7.42159850015211,0.000648237654451627,19.0737731996807,0.000767103018436329,22.0413366749685,0.000413871678083128,12.4061081644494,0.000738173536376613,20.7740810775391,NaN,NaN
0.000220064410323549,7.47122750362252,0.000647781469928784,19.1134648403115,0.000773875507687844,22.0843382535606,0.000412044486752724,12.3513367594885,0.000738396718911672,20.7308423603928,NaN,NaN
0.000218374497236237,7.41385464120424,0.000641085868816003,19.0856929406348,0.000776999961925145,22.1596873238381,0.000410610748304742,12.3083593942637,0.00074530283457022,20.7563995169733,NaN,NaN
0.00021636402584838,7.34559876508995,0.000636772418165621,19.051770650464,0.000778947691886037,22.2226212180378,0.000412132158592134,12.3539647874022,0.000749835337123637,20.8080960594002,NaN,NaN
0.000217788602316602,7.39396340012905,0.000632797677687855,19.0110318191503,0.00077218230787418,22.171061866951,0.000413995925682762,12.409832577696,0.000753049715076379,20.8562645235805,NaN,NaN
0.000219808056859003,7.46252425600447,0.000630893648840482,18.9702300012939,0.000769689956456925,22.1038443699663,0.000416062507460367,12.4717798875056,0.000755413533717055,20.901197964785,NaN,NaN
0.000222078193846143,7.53959582732478,0.00063284409494847,18.9305749518707,0.000767924467511661,22.0341872643096,0.000418253006605215,12.5374417116028,0.000756814316846089,20.943450760045,NaN,NaN
0.000224313872951836,7.61549754718567,0.000641551044785773,18.9281438272674,0.000767839961038797,21.9911736906872,0.000419912193171157,12.5871770500957,0.000757535166112315,20.9902329434209,NaN,NaN
0.000226287258481362,7.6824943515384,0.00064722141027396,18.9683600885887,0.000775023929072005,22.0130848809234,0.000418135350425647,12.5339148810241,0.000754874307158375,20.9452688925427,NaN,NaN
0.000227548829724913,7.7253249289986,0.00065210995873248,19.0117749832655,0.000778611427656774,22.0598239314417,0.00041619302521362,12.4756922532218,0.000756693827440758,20.9942104437794,NaN,NaN
0.00022573949989568,7.66389784606677,0.000656547748549197,19.0550822802899,0.000782463703066118,22.1264045371658,0.000414393901390817,12.4217621924592,0.000757206768123707,21.0399868931013,NaN,NaN
0.000224095638057421,7.60808843208611,0.000659986997060027,19.0982155485287,0.000785588740119504,22.188567863466,0.000412342212188828,12.3602612985648,0.00076009692832222,21.0770247919011,NaN,NaN
0.000222583780422722,7.55676058527382,0.000662850355404424,19.1441434577161,0.000786935845225502,22.2311458109532,0.000415481862987676,12.4543746420762,0.000762381057400564,21.1304988473827,NaN,NaN
0.000221230507484517,7.51081671828979,0.000664728622949227,19.1830834957672,0.000781994862486355,22.1899699209287,0.00041787679578649,12.5261645154164,0.000763368078104409,21.1721130798685,NaN,NaN
0.000220035819242806,7.47025683113398,0.000666053025353298,19.2305707432688,0.000784758309891412,22.2408482018987,0.000420600319004312,12.6078041284124,0.000760321751009773,21.1235269548391,NaN,NaN
0.000222543195016168,7.5553827032017,0.00066725761216612,19.2731601774053,0.00078612791746578,22.2797573000924,0.000423153211881752,12.6843289713696,0.000766045030502108,21.1804305053883,NaN,NaN
0.000224937220913695,7.63666032598355,0.000668238831250587,19.3144058244727,0.000790010910387631,22.321282658774,0.000424948118161722,12.7381326081816,0.000768658003068105,21.2472598346099,NaN,NaN
0.000227538686078915,7.72498055033757,0.000661634046012538,19.2851520964557,0.000790844723725772,22.3619436106049,0.000426274830976691,12.7779018012849,0.000769747465062597,21.2968393273597,NaN,NaN
0.000229959093299711,7.8071538239323,0.00065679507031463,19.2484060626307,0.000792779926794397,22.4060240246197,0.000424337498788865,12.719828843058,0.0007631229219106,21.2655166078092,NaN,NaN
0.000232008972478588,7.87674760185308,0.000652273707785872,19.2091207327605,0.00079323517751429,22.3582682680992,0.000422448244188946,12.6631970459142,0.000760766776948467,21.205033365751,NaN,NaN
0.00023337289672822,7.92305308283351,0.000650039016473162,19.1694504738978,0.000796511286205395,22.4040995666669,0.000420793006535537,12.6135800789809,0.000759579130899749,21.1552759116222,NaN,NaN
0.000231582466095984,7.86226763114135,0.000649506656408617,19.1281629792703,0.000797765220550901,22.4575734046256,0.000419371785828636,12.5709779422581,0.000768358854148616,21.1709283780187,NaN,NaN
0.000230343021108831,7.82018824418535,0.000658105274107887,19.1282245825027,0.000798035860554443,22.5055435727657,0.000417904655574545,12.5269996330685,0.000772060961625896,21.2373052581139,NaN,NaN
0.000228958430806243,7.77318114687808,0.000665099939119717,19.1842099132335,0.000799139034724919,22.5532079424114,0.000420428684206197,12.6026592490138,0.000775141044019207,21.3050172303247,NaN,NaN
0.000227428695188219,7.72124633921954,0.000669460421261016,19.2492618346224,0.000798843635307996,22.6053571277715,0.00042223185729632,12.6567106895447,0.000776419974984315,21.352112941785,NaN,NaN
0.000225916703859323,7.66991395346446,0.000672048187258989,19.3112398328952,0.00079919106106392,22.6662874430645,0.000424268286302233,12.7177541478301,0.000771620901822219,21.3194492601375,NaN,NaN
0.000224737883706879,7.62989279087931,0.000671830981356043,19.3534253903105,0.000800273788676912,22.7176135158191,0.000426456381318968,12.7833439064176,0.000769776805791798,21.2704677008799,NaN,NaN
0.000227581395569307,7.72643054544951,0.000672799870356894,19.3972499176528,0.000801289176081105,22.7626982017855,0.000428122230404862,12.8332789588498,0.000771188852084158,21.2297047244085,NaN,NaN
0.000229803634374205,7.80187596460822,0.000674724137492043,19.4560821342126,0.000804619368868057,22.8018113546227,0.000426207486074717,12.7758830882817,0.00077701006826939,21.2606473424444,NaN,NaN
0.000232025560976652,7.87731078443585,0.000673935166805819,19.5029831807492,0.000806116829796251,22.8576350823027,0.000424074178103421,12.711935611705,0.000780375556809675,21.3114559808068,NaN,NaN
0.000234065012618649,7.94655054554759,0.000670423964230106,19.4671042718411,0.000807067704483504,22.9055268299088,0.000422008470001984,12.6500144909815,0.000783436834915873,21.3731262919908,NaN,NaN
0.000235910601188873,8.00920861945402,0.000674231093362315,19.5085535373706,0.000809611191157401,22.9521485274777,0.000420391147957016,12.6015340723176,0.000785270397517718,21.4274988259433,NaN,NaN
0.000237562326687325,8.06528500615518,0.000676818336642636,19.5529828203622,0.000811845592613958,23.0116170980162,0.000421753443727047,12.6423698906883,0.000785875171694068,21.4747247897999,NaN,NaN
0.000239048014799619,8.11572439283318,0.000680897508825003,19.5985804902891,0.000812152514561661,23.0531908048645,0.000424065325021474,12.7116702340577,0.00078577125886896,21.5234136862076,NaN,NaN
0.000240461177958459,8.16370154390414,0.000684197535120445,19.653726311553,0.000819465034317603,23.0797656802326,0.00042684018186093,12.7948486101442,0.000781650933244085,21.4665080469848,NaN,NaN
0.000237930608737276,8.07778824998566,0.000685359788808987,19.7022805480646,0.000822229253847529,23.1540504439797,0.000429518060356239,12.8751199889878,0.000782334804100402,21.5079570502744,NaN,NaN
0.00023613488173346,8.01682298549704,0.000677687272496071,19.6790939598722,0.000823907218850035,23.2178895459038,0.000431504922957467,12.9346776578114,0.000783169118768778,21.5476840052208,NaN,NaN
0.000234243434502177,7.95260800155103,0.000682490964466357,19.732534407053,0.000815996878624854,23.1776055717782,0.000433407364092299,12.9917047310446,0.000784295074676979,21.5937058858506,NaN,NaN
0.000232498702316704,7.89337402059337,0.000684922191696659,19.7716447118504,0.000813864561367669,23.1177171890623,0.000431997004104245,12.949428152363,0.000786758149317062,21.6318744665875,NaN,NaN
0.000231290294815446,7.85234836203411,0.000690291185706014,19.8054798284722,0.00081281398297038,23.0668646444314,0.000430272596268744,12.8977377583115,0.000788155958000084,21.6842113793137,NaN,NaN
0.000233098451572647,7.91373561895311,0.000691493754376927,19.8553812163117,0.000813398846542888,23.0214718387449,0.000428770409403585,12.852708601403,0.000788692793672695,21.7247815516093,NaN,NaN
0.000234408762412745,7.95822091474647,0.000691119908154859,19.902067486614,0.000822618966858818,23.015098134177,0.000426499019905274,12.7846220294246,0.000786809898399868,21.7638300922734,NaN,NaN
0.000235777534560448,8.00469098276465,0.00069388904453057,19.9539098668211,0.00082878500120505,23.0554459524702,0.000429363511952519,12.870487286837,0.000787594868909696,21.8134408786685,NaN,NaN
0.000237204768015758,8.05314582300764,0.000695864930612849,20.0122805204371,0.00083463345531487,23.1065299439721,0.000431173122162865,12.9247316847843,0.000789131667284106,21.8605097686135,NaN,NaN
0.000238459415616719,8.09574134151915,0.000697194902228715,20.0601192104956,0.000837670738893043,23.143517588218,0.000432991103711132,12.9792270197472,0.000792622058518715,21.9061554480554,NaN,NaN
0.000237085109652509,8.04908339940528,0.00070195561516146,20.1029572348067,0.000840383851601803,23.1810877945058,0.000434734937676192,13.03149972633,0.000794934290447333,21.9604362224379,NaN,NaN
0.000235605071353512,7.9988358249355,0.000702515315213966,20.1431430471838,0.000842848843760191,23.2236784467784,0.000433015073511885,12.9799455321668,0.000795832939930599,22.0001001258341,NaN,NaN
0.000234166613661641,7.94999991978161,0.00070547329792001,20.1911049184299,0.000844765030552027,23.272972731679,0.00043155301885595,12.9361193677675,0.0007972330710081,22.0544524122235,NaN,NaN
0.000232908606197541,7.90729033329406,0.000705438894021243,20.2357818627688,0.000845475549715023,23.3160986691504,0.00042998690243769,12.889173875452,0.000798285019287215,22.1030300922873,NaN,NaN
0.000234223608870879,7.95193491769523,0.000705349986902715,20.280008967543,0.000838740343206032,23.2831007195573,0.000431330527646648,12.9294500300128,0.000799039078806957,22.1465800657636,NaN,NaN
0.000236019691543094,8.01291225719187,0.000703560646418946,20.2410864790852,0.000836819562314273,23.2348420610015,0.000432736053960556,12.9715817157543,0.000800365717391344,22.1965524464118,NaN,NaN
0.000237983883508906,8.07959693835316,0.000705188024733183,20.2959297892347,0.000835522290679251,23.1788952175183,0.000434327584378185,13.0192890114059,0.000800754460023295,22.2511603085501,NaN,NaN
0.000239636053596875,8.13568841895082,0.000707256749387064,20.3399360881452,0.000835598813050235,23.1393356325324,0.000435650301620594,13.0589384342809,0.000802342721275045,22.295654958804,NaN,NaN
0.000240942831591633,8.18005377399032,0.000708522910664975,20.3792437722624,0.000843518045642302,23.1669048929485,0.000434213420823396,13.0158668748255,0.0008039495877851,22.3537622892762,NaN,NaN
0.00024239452655156,8.22933908684726,0.000709118079180133,20.4227095066573,0.000846480662043249,23.2278515218441,0.000436303140788085,13.0785077688229,0.000804276714656047,22.410974108721,NaN,NaN
0.000241019683806798,8.18266292093419,0.000709630676766347,20.4699228541264,0.000849162524761424,23.3007654276772,0.000437670552017742,13.1194969268609,0.000805164795129858,22.4503775991608,NaN,NaN
0.000238943702113053,8.1121829577974,0.000708572349611761,20.5090997136138,0.000850358456292361,23.3563071671412,0.000436211008932797,13.0757460486507,0.000804444106986243,22.4938036191715,NaN,NaN
0.000237134375102961,8.05075597057592,0.000708194661773368,20.5494944260883,0.000847185174364223,23.3940869981003,0.000437586013519157,13.1169628231446,0.000806007860502245,22.5388468409475,NaN,NaN
0.000238937092207822,8.11195855029015,0.000710289290746263,20.5913671955445,0.000843333979304944,23.3577911516645,0.000438995226792863,13.1592050282198,0.000806126940417807,22.5826161960997,NaN,NaN
0.000240127272702036,8.1523653985832,0.000710822703165142,20.6548647900167,0.000840946229803609,23.3031352035032,0.000437319063395007,13.1089607966951,0.000804914281184577,22.6378818004185,NaN,NaN
0.000241562385916045,8.201087758094,0.000711072404945104,20.7264866296912,0.000839744590780689,23.2515054787012,0.000435810968956305,13.0637545559217,0.000805696761011455,22.6879075686595,NaN,NaN
0.000242795344078263,8.24294691614157,0.000711455045452772,20.7991748795472,0.000843855968547851,23.2131516965681,0.000438718646336812,13.1509143254835,0.000807684470354961,22.7265086725467,NaN,NaN
0.000241044536243916,8.18350666577898,0.000711766541392905,20.8400394924498,0.000850909670489519,23.2674923823343,0.000440213640467797,13.1957278748912,0.000808613308270692,22.7773263903333,NaN,NaN
0.00023963184328418,8.13554547805472,0.000713149443600899,20.8863786278872,0.000853996564682528,23.3399320138977,0.000442536770943437,13.265365420747,0.000810335340268468,22.8213789574156,NaN,NaN
0.000238378511937381,8.09299464661592,0.000713371457142052,20.9356411024227,0.000855132042594056,23.3792027671781,0.000440410442838146,13.201627170791,0.000810507327916102,22.8710519088435,NaN,NaN
0.000236932164843999,8.04389089481903,0.000714226463188245,20.9896613561125,0.000856070925373968,23.436745119081,0.000439027707849241,13.1601786717911,0.000810563161692565,22.9144188643083,NaN,NaN
0.000239187407793481,8.12045681080129,0.000718196169613259,21.0402173861633,0.000851369747766624,23.3950283016656,0.000436611461380405,13.0877499055049,0.000811885839934855,22.9550875259111,NaN,NaN
0.000240862360996539,8.17732178237742,0.000717937504759766,21.0882300901534,0.000851785991903957,23.3474131725813,0.000438832542961996,13.1543284606525,0.000812734798240121,22.9968063746091,NaN,NaN
0.000242624141857015,8.23713456901016,0.000717585630256482,21.1458570801197,0.000856039048955335,23.3903643525901,0.000440407050342861,13.2015254782479,0.000818137564228695,23.0431208199844,NaN,NaN
0.000244035844979354,8.2850621515714,0.000717224350308237,21.1942121252816,0.000857753845453404,23.4366732558681,0.000441987265454132,13.2488935892632,0.0008189338675963,23.0833125642798,NaN,NaN
0.000245717239818562,8.34214581788832,0.000716089598075948,21.2445874483361,0.000861986522010446,23.4831969568394,0.000443491131887889,13.2939730924766,0.000818590631295434,23.0372217928992,NaN,NaN
0.000244334651095889,8.29520667459003,0.000714036219478304,21.2929206823687,0.000863875308984424,23.5480174061893,0.000441302058552493,13.2283540080671,0.000824635893927232,23.0717578818015,NaN,NaN
0.000242583460762932,8.23575343832873,0.000713713100919529,21.3331591426056,0.000864254975009031,23.5981792801906,0.000438946915207607,13.1577568528939,0.000826609470077549,23.1293689877694,NaN,NaN
0.000244660928003109,8.30628383604213,0.000714770141155687,21.378752866392,0.000861490318468711,23.5435056418075,0.000441031225231002,13.2202355799192,0.000821265815769575,23.07948318311,NaN,NaN
0.000245867233443472,8.34723812924457,0.000716932963861474,21.4170907446262,0.000862196850373563,23.4994734269834,0.000442553546385528,13.2658682769705,0.000827294850063149,23.1301248799163,NaN,NaN
0.000247086306295842,8.38862587845014,0.000719671338577834,21.4612311210666,0.000868093380354944,23.5585382108468,0.000444084238877978,13.3117519110375,0.00082926424665309,23.1833468478256,NaN,NaN
0.00024554416617336,8.33626993556692,0.000720000882560106,21.5137054765312,0.000869841981433427,23.6240966061685,0.000445541942163542,13.3554476399072,0.000828801088999457,23.1400758376744,NaN,NaN
0.000243736166613258,8.27488801551857,0.000720134421786787,21.5557170301058,0.000870074236165694,23.6648948118412,0.000443350698598745,13.2897635012741,0.000830957459859618,23.1913770636729,NaN,NaN
0.000244978096751608,8.31705177381814,0.00072011939230036,21.6022319827775,0.000869371018076514,23.6208835152622,0.000441206251144539,13.2254821104984,0.000832534958537966,23.2314984811814,NaN,NaN
0.000247428137108689,8.4002310978801,0.000720198100081261,21.6428216139655,0.00086955112076342,23.5746280163769,0.000443760071001309,13.3020347403434,0.000832219392250674,23.274756116315,NaN,NaN
0.000248708229798797,8.44369048188253,0.000721755034454154,21.6864356605828,0.000871232165462539,23.633411402454,0.000445394151414296,13.351017503423,0.000833156521431981,23.3190821438653,NaN,NaN
0.000249993256369984,8.48731737206173,0.000722842197590566,21.7268169516105,0.000871906343051703,23.6856220374341,0.000446995126990949,13.3990079246681,0.000834298783093291,23.3816893637751,NaN,NaN
0.000248717422459268,8.44400257440874,0.000723192813228231,21.775562434673,0.000872913145648679,23.6301659909206,0.000448482657941478,13.4435977597486,0.000834548678256514,23.448659471165,NaN,NaN
0.000246767975405111,8.37781848573007,0.000723861283827256,21.8147774804301,0.000878458243325326,23.6633943428058,0.000446005986388215,13.3693577070832,0.000835054009022504,23.4972511850182,NaN,NaN
0.000245553204376223,8.33657678422872,0.000724195497727125,21.855944714922,0.000881370973675346,23.7364418962245,0.000443501997700624,13.2942988032107,0.000838747351208211,23.5565917038182,NaN,NaN
0.000247297377854677,8.39579179697955,0.000724362796524989,21.899866482532,0.000882964557737386,23.8011390715135,0.000445531980915573,13.3551490441678,0.000839773553206317,23.5983539785125,NaN,NaN
0.000248752695814666,8.44520011135987,0.000725368902070163,21.9424990975464,0.000882496107421143,23.8427747102897,0.000447063814952206,13.4010668968618,0.000839990519624522,23.5488721592507,NaN,NaN
0.000250325139913608,8.49858487985857,0.000727537771189911,21.9844431569055,0.000877018049352318,23.8065679304596,0.000448604020326763,13.4472356865715,0.000841548979919544,23.6087540691925,NaN,NaN
0.000251539381579682,8.53980860939428,0.000728858201409626,22.032599095738,0.000875101795388697,23.7332119002607,0.00045006821904583,13.4911261208412,0.0008424873095025,23.6555267327464,NaN,NaN
0.000252792591038239,8.58235530270471,0.000728256573124,22.0737067392194,0.000874654105993637,23.6675169300636,0.000447625515729019,13.4179042910645,0.000843567008112836,23.697631515109,NaN,NaN
0.000250594229515933,8.50772052171393,0.000727037011529181,22.1210848245566,0.000884119217894051,23.6882765124324,0.000445228480518529,13.3460513963869,0.000844746224846406,23.7433560951846,NaN,NaN
0.000249429402909684,8.4681744426148,0.000727367563448195,22.1615787194801,0.00088698974529584,23.7436513892481,0.000447438215394252,13.4122898256748,0.000846613456945686,23.6928092960005,NaN,NaN
0.000247548289040023,8.40431027821041,0.000729127868190847,22.2123743463072,0.000888841490856116,23.8086049313091,0.000448982911861098,13.4585932391814,0.000846983561722338,23.7336605793291,NaN,NaN
0.000248892641408038,8.44995129018371,0.000730407203271389,22.2607610866904,0.000889339379300157,23.852440771705,0.000450497928129851,13.5040069669051,0.000846974219898997,23.773690537371,NaN,NaN
0.000250379822723226,8.50044137137662,0.000730601918974013,22.3076104356904,0.000886940392388081,23.7905945150638,0.000451899906958322,13.5460323141597,0.000849531293173096,23.8129702185592,NaN,NaN
0.000252228187404367,8.56319369476306,0.000731872656897151,22.3519749680097,0.00088676072891034,23.750299737018,0.000450368778247798,13.5001356041349,0.000856068083324714,23.8490966127688,NaN,NaN
0.000254437735451465,8.63820826034311,0.000735722378190679,22.3927405134248,0.000890444092734601,23.7863038796472,0.000449057125126863,13.4608178364444,0.000857367740851316,23.8935011524632,NaN,NaN
0.000256558876525707,8.71022139281482,0.000735972762322854,22.4454068985288,0.000891581887721733,23.8309715128773,0.000446727806405744,13.3909947933758,0.000856583403491053,23.8510793990402,NaN,NaN
0.000258074073405661,8.76166260762223,0.000735909247575759,22.4916877513834,0.000894206751107971,23.8757062290563,0.000449555362743388,13.4757528757079,0.000863194621299845,23.8983742449763,NaN,NaN
0.000259229258729219,8.80088136338768,0.000735731046119228,22.5443491251259,0.000895153354052993,23.9269985856026,0.000451348786190854,13.5295120635242,0.000864864096322275,23.9467021467389,NaN,NaN
0.00025704549274099,8.72674210348308,0.000735609684887531,22.5856655335537,0.000894278966591264,23.9701427294572,0.000453108343771264,13.5822560970499,0.000859124609799483,23.8923604004649,NaN,NaN
0.000255177145730525,8.66331137631381,0.000735542003772052,22.6280726464387,0.000892384910252157,23.9232381588817,0.000454747057711701,13.6313777535251,0.000857550834609833,23.8382714288504,NaN,NaN
0.000253102097354122,8.59286309947368,0.000735530450740915,22.6772190675026,0.000897702187104161,23.9718389026696,0.000452183120749554,13.5545218560002,0.000857796208066493,23.7958243750239,NaN,NaN
0.000251126773545856,8.52580049019861,0.000735547323565652,22.7300182079035,0.000898953303395291,24.0233172334014,0.000450832384413072,13.514032540158,0.000864638986087801,23.8435076277694,NaN,NaN
0.000249726441953599,8.47825897319057,0.000736164423609077,22.7743655509816,0.000905172425861102,24.0657236858163,0.000449212166905334,13.4654653278664,0.000868511346477435,23.8909298102455,NaN,NaN
0.000251613554552804,8.5423267955744,0.000739335125158337,22.7331086382361,0.000906204809044304,24.1326611339853,0.00045203499717588,13.5500817428588,0.000872229406115998,23.9559374772536,NaN,NaN
0.00025354927929473,8.60804500921041,0.000740173141643545,22.6920363852062,0.000906069930966832,24.1839011087813,0.000453873649209152,13.6051966908234,0.000875308869001767,24.0240334785793,NaN,NaN
0.000255981589166777,8.6906223800204,0.000740773235993591,22.7574299447837,0.000901621502341127,24.1389549929091,0.000455805908021024,13.6631175708721,0.000876692423568009,24.0710662076241,NaN,NaN
0.000258910484168947,8.79005890800447,0.000741206340991127,22.8155955707665,0.000901812805752142,24.0984880617437,0.000457740664735782,13.7211133273982,0.0008719909616928,24.0330728470602,NaN,NaN
0.000262038008862484,8.89623895081218,0.000742036979063434,22.8591540192684,0.000904707377697725,24.0482947405758,0.000455432755604831,13.6519320525526,0.000870674119682763,23.9744019821057,NaN,NaN
0.000264888895599516,8.9930270837416,0.000743414044073603,22.8131363351405,0.000910002057465437,24.0962121400136,0.000454033503477088,13.6099884401592,0.000870452066978282,23.9346715276097,NaN,NaN
0.000267265191306503,9.07370276326959,0.000742413161480463,22.8675747745406,0.00091233119474668,24.168350604819,0.000456274428711564,13.6771618234072,0.000875611178573003,23.9799386858499,NaN,NaN
0.000268804789919267,9.12597242142699,0.000743182456598199,22.9212730743687,0.000913130279665808,24.2352074340087,0.000458061819619865,13.730740181422,0.000876772361382091,24.0212867954435,NaN,NaN
0.000267563861920784,9.08384268596158,0.000744100254017827,22.9604895741564,0.00091185136237419,24.285464338743,0.000460126061852251,13.7926173616417,0.000881238144454686,24.0836685768229,NaN,NaN
0.000266225454762474,9.0384035149593,0.000746572341355549,23.00121385665,0.000914112812994709,24.3391126389393,0.00046182054045808,13.8434106050055,0.000883319634709099,24.1394811792954,NaN,NaN
0.000264645624480432,8.98476798417586,0.000749234803966987,23.0542461275232,0.000915209664711948,24.3851120671355,0.000460292782764296,13.7976149436886,0.000883746616173596,24.1871345604999,NaN,NaN
0.000262819517540488,8.92277131522696,0.000749263338108096,23.0960591343662,0.000912747432342682,24.3457674294057,0.000458973590284152,13.7580711781568,0.000881100562075298,24.138718912669,NaN,NaN
0.000260747133942642,8.85241350811258,0.000753711359443471,23.1436480997786,0.000916224708931008,24.3846127854202,0.00045732639977644,13.7086954303386,0.000881493778508709,24.091304329598,NaN,NaN
0.000258592615014481,8.77926719131611,0.000755347300670262,23.1974244579373,0.000917279109319825,24.4378683660396,0.000459376964434129,13.77016261519,0.000885537896956865,24.1378870882991,NaN,NaN
0.000256718066820184,8.71562593280681,0.000757438029934995,23.2358869898979,0.000917363387259349,24.4833262850563,0.000461083528519834,13.8213181297081,0.000887694494533526,24.1962322959451,NaN,NaN
0.000255214631793434,8.66458403509491,0.000758595747228796,23.1928257832401,0.000915348991205326,24.4315869134637,0.000463089985168496,13.8814631445249,0.000888698669487513,24.2393651833456,NaN,NaN
0.000258088637500127,8.76215706132775,0.000760570350157892,23.2606121370482,0.000916131280115933,24.3881538869881,0.000464983644410075,13.9382269740444,0.000887730078643789,24.2880596413647,NaN,NaN
0.000260582343625544,8.84681884631503,0.000762212844304263,23.3226329746951,0.000921894428468169,24.4327992219897,0.000466670518105054,13.9887922546081,0.000890345318348172,24.3315825458002,NaN,NaN
0.000263185065884088,8.9351817492203,0.000763688616675338,23.3624126387617,0.000923513316860046,24.4926085831459,0.000463667254149183,13.8987672070971,0.000891237879118782,24.3802074821676,NaN,NaN
0.000265672896545326,9.01964406111012,0.000764179246779314,23.3080178374484,0.000924021041624705,24.5344000732801,0.000461501463430101,13.8338460362478,0.000891505241525735,24.4319209812286,NaN,NaN
0.000268032045132926,9.09973759275796,0.00076659044699831,23.3681502918458,0.000924307625629753,24.4860808254561,0.000459726461985919,13.7806390615388,0.000890361701539654,24.475410637832,NaN,NaN
0.000270262511646889,9.17546234416381,0.000768132977054866,23.4135604984758,0.000925630616157515,24.5346915057665,0.00045834224981664,13.7391462829699,0.000888355532453118,24.4268987325291,NaN,NaN
0.000272299264823281,9.2446104918683,0.000769401541848201,23.4724305552309,0.000926089119404564,24.5870651158852,0.000460385643771274,13.8003985207195,0.000892930580523296,24.4712332513944,NaN,NaN
0.000273613136579074,9.28921668140925,0.00077043962905207,23.5186172346799,0.000930895894917211,24.6410761874068,0.000462319387616277,13.8583639157293,0.000894723949943718,24.5302103827626,NaN,NaN
0.000271345958885244,9.21224557864513,0.000773331334920216,23.5778733180926,0.000930873325156695,24.6887242610058,0.000464343313601642,13.9190325867714,0.000895539683054948,24.5698000007167,NaN,NaN
0.000269109115645012,9.13630433620097,0.00077425023321057,23.6345820179034,0.000929126687127644,24.6275461280025,0.000466375826420951,13.979958654481,0.000896538080654461,24.6203795433886,NaN,NaN
0.000266740551359659,9.0558911398699,0.000773530750187128,23.7073861468749,0.000929696331777982,24.5821675484386,0.00046773591250579,14.0207282359117,0.000897207282482299,24.6683769211886,NaN,NaN
0.000264548573320548,8.98147307931632,0.0007739580525161,23.7714551880053,0.000934575741758301,24.6495937409678,0.000466307305365973,13.9779046854258,0.000896201597014333,24.6231276358027,NaN,NaN
0.000263109178905412,8.93260537223407,0.000775070548790634,23.8200635573965,0.00093614048147433,24.7240016900749,0.000463819836392134,13.9033409721317,0.00090183074473843,24.6629136040089,NaN,NaN
0.000265017312638126,8.99738686599529,0.000776953424115862,23.7797887707822,0.000936397155870861,24.7669423972441,0.000465292424864553,13.947482895433,0.000903368470669018,24.719083382495,NaN,NaN
0.00026702266252055,9.06546886605121,0.0007775038997676,23.8443830847037,0.000934550121545751,24.7018556224122,0.000466806002996028,13.9928535139334,0.000904499645591569,24.7717605581002,NaN,NaN
0.000269126279689586,9.13688705869436,0.000778937205120951,23.9105716068915,0.000935337359717307,24.6360989906007,0.000468600581788834,14.0466473340766,0.000904780711070692,24.8211549902614,NaN,NaN
0.000271311877083079,9.21108849514703,0.00077955385277516,23.9575923185685,0.000937585781752742,24.591988838411,0.000470106912228235,14.0918006976727,0.000903633022316772,24.8634800634881,NaN,NaN
0.000273579454701032,9.28807317540921,0.000782877095442392,23.994103556511,0.000944008073076635,24.6627380535116,0.000467880989331482,14.0250770205399,0.000903868139235914,24.913312537744,NaN,NaN
0.000275634495728409,9.35784219904296,0.000785580674345721,24.0393600168509,0.000945678040894223,24.707881554222,0.000466212601654845,13.9750658719818,0.000904447819725606,24.9612267391749,NaN,NaN
0.000276901002787478,9.40084034835453,0.00078552194843676,24.0906347508525,0.000947007938020232,24.7544383066851,0.000468256378820039,14.03632959675,0.00090633439509787,25.0011062151082,NaN,NaN
0.000274377891290288,9.31518024554735,0.000789037907111023,24.1319000309622,0.000947880066294125,24.7953904774197,0.000470077110926252,14.0909073817117,0.000906515903091775,25.0516260835303,NaN,NaN
0.000272139577690015,9.23918908410738,0.000793000835308654,24.1817116271887,0.000947536187042111,24.845530994652,0.000472324472149258,14.1582736884528,0.000905916987398683,25.0074103429752,NaN,NaN
0.000269848354714205,9.16140163956495,0.000796789045634833,24.2242629467229,0.000940480452805553,24.8025588450675,0.000474501233214613,14.2235237035059,0.000910943552057237,25.0634832427689,NaN,NaN
0.000267772818609409,9.09093680425553,0.000796180080551871,24.1743258908189,0.000939271459539288,24.7345418119163,0.000475962244887474,14.2673186037198,0.000913647714718474,25.1234592762231,NaN,NaN
0.000266504263293475,9.04786911624391,0.00080117870630852,24.2104705272814,0.000940111651263796,24.6739154228429,0.00047409690502532,14.211403668442,0.000915102119572005,25.1711032411346,NaN,NaN
0.000269508422238641,9.14986086903746,0.000803326063794269,24.2705030016822,0.000948553862712294,24.7347481737971,0.000471858045608433,14.1442922095967,0.000913363017985833,25.2122264896423,NaN,NaN
0.000271752111565324,9.22603453738509,0.000804398245311586,24.3145893564245,0.000950145462471632,24.7765845604582,0.000469966216200026,14.0875832306734,0.000909199875389301,25.166584400501,NaN,NaN
0.000273909580465131,9.29928100626549,0.000804784368406516,24.266509219921,0.000951258482697895,24.8158733038726,0.000468421416800102,14.0412767316721,0.000907437216999598,25.113702643511,NaN,NaN
0.000275954158564044,9.36869481153932,0.000806374366104993,24.3088375204346,0.000951563675439981,24.8706449998485,0.000467040013472029,13.9998681501857,0.000916574812875711,25.1500211568565,NaN,NaN
0.000277885845862063,9.43427595320662,0.000807791619362405,24.3622283895177,0.000946962467409679,24.8219135335682,0.000470100146386447,14.0915978865854,0.000920133282603935,25.1982198867932,NaN,NaN
0.000279452333174789,9.48745848770962,0.000809057456433713,24.4152380583215,0.000947671144524699,24.7761125740333,0.000471964495241334,14.147483115691,0.000923352857291434,25.2467851823531,NaN,NaN
0.000276971511411586,9.4032341292067,0.000810571067486417,24.4544007575849,0.000953883525634339,24.8165961373555,0.000473839879041666,14.2036991254081,0.000926294468750807,25.296008491483,NaN,NaN
0.000275545266026408,9.35481283412772,0.000810829136317112,24.4057032642472,0.000955186715658246,24.8618958925188,0.000475636671687281,14.2575593074187,0.000928776117171016,25.3457409829064,NaN,NaN
0.000274051568604445,9.30410152990252,0.000811509384513337,24.3627790218922,0.000953032344739579,24.8203513940678,0.000473580380580858,14.1959204680518,0.000922856162089104,25.3102987212161,NaN,NaN
0.000276370036016153,9.38281392809146,0.000814051328359053,24.4159026782267,0.000954681158195576,24.77281118188,0.00047207490035112,14.1507925901162,0.000920750421691069,25.2676805352247,NaN,NaN
0.000278128764592607,9.44252308911615,0.000816353699133686,24.4688068505107,0.0009608982107335,24.8308124966165,0.000470517311099558,14.1041027058985,0.000920542167750252,25.2174110968095,NaN,NaN
0.000280058164470025,9.50802657243021,0.000818348667442059,24.5150773719576,0.000962643500304688,24.893317537715,0.000472714278633488,14.1699584247193,0.00092160674809482,25.1774621592551,NaN,NaN
0.000281881879543074,9.56994203705488,0.000818639901775828,24.5745019184495,0.000962871742803022,24.9553761827612,0.000474274396773507,14.2167241142297,0.000929693153595146,25.199034190935,NaN,NaN
0.000283138785693661,9.61261423374461,0.000819112844584522,24.6318657534527,0.000958023816693417,24.8999069275265,0.000475949049172585,14.2669230524538,0.000933672193339049,25.2363595506218,NaN,NaN
0.000280773389351528,9.53230858967281,0.00082369012526111,24.6708505393037,0.000957582055664481,24.8452104347747,0.000474460213574176,14.2222941095929,0.000937814927586419,25.271031137397,NaN,NaN
0.000279524076841025,9.48989419847086,0.000824329365168044,24.7146477252905,0.000962335889257334,24.892493020031,0.000472707674016133,14.169760446453,0.000941487878066234,25.3071017434618,NaN,NaN
0.000277858021476611,9.43333131016527,0.000823104237299695,24.6569484033689,0.000964139855160017,24.9532803942559,0.000474984365739302,14.238005956524,0.000944885193388133,25.3490277689453,NaN,NaN
0.000279936555032278,9.50389790948715,0.000823372502521376,24.6043852796617,0.000965014288166217,25.0002148963908,0.000476439492859863,14.2816244629517,0.000948371059618174,25.3952371115375,NaN,NaN
0.000281334647081041,9.55136339357862,0.000829337577036503,24.6453672981421,0.000965954943039073,24.9393939475552,0.000478149569603757,14.3328852719844,0.000951939610376822,25.4441718513584,NaN,NaN
0.000282727027392854,9.59863496314238,0.000830314976643676,24.6980457515429,0.000972903378190151,24.9847722043666,0.000479600075672394,14.3763652589795,0.000954593206211693,25.4875517484177,NaN,NaN
0.000284113695967716,9.64571261817843,0.000827278549625733,24.657817690062,0.000974763132764676,25.058879025489,0.000478120383493623,14.3320103968518,0.000955714103304706,25.5288043747838,NaN,NaN
0.000282451933437884,9.58929547240223,0.000833455491379278,24.6905234606804,0.000975076518708135,25.1104931318706,0.000476675794183264,14.2887077690409,0.000956177417918885,25.5742199470043,NaN,NaN
0.000281272810435568,9.54926402800783,0.000835160409589376,24.7400374685923,0.000970410766888306,25.0752573883311,0.000478354225004529,14.3390199682511,0.000957551222951649,25.6149583721815,NaN,NaN
0.000283255158673655,9.61656511797678,0.000835093464204654,24.7828552509585,0.000969638518709319,25.0258975106165,0.000480028423741197,14.3892053076106,0.000952705874120684,25.574887291115,NaN,NaN
0.000284928864441604,9.67338773889986,0.000832517906904251,24.7285958225293,0.000970326746429393,24.9769107681368,0.000481372943864039,14.4295082878737,0.000950240865745078,25.5341337716449,NaN,NaN
0.000286531062820911,9.72778267072977,0.000833048420801443,24.6863180321153,0.000976525865979049,25.0293857246735,0.000483063594410948,14.4801867823539,0.000949476561177369,25.4872463962094,NaN,NaN
0.000288365941960332,9.79007715747621,0.000837165672434769,24.7233187718276,0.000977966382130118,25.0726066827827,0.000484431071643467,14.5211779188763,0.000950277700807814,25.444277611967,NaN,NaN
0.000286986561888723,9.74324694847602,0.000840395497397887,24.7801197231675,0.000979098293865776,25.1186014589466,0.000486394177820742,14.5800234714069,0.000958535908493371,25.4536027951676,NaN,NaN
0.00028571628418006,9.70012078491215,0.000842129022345202,24.830762653039,0.000979853819483628,25.160030997385,0.000487731451155649,14.6201092238679,0.00096623964050892,25.4774229740617,NaN,NaN
0.000284353722458372,9.65386156200787,0.000841316002317497,24.8729841724368,0.000979795147915759,25.2147807975446,0.000485744447838267,14.5605473369741,0.00096933187541192,25.514958520656,NaN,NaN
0.000283082804796471,9.61071367191298,0.000837382984222924,24.8242797576107,0.000975397321476496,25.166678987653,0.000484227589882646,14.5150784033309,0.000974233372268491,25.5517385195938,NaN,NaN
0.000284877693894474,9.67165048934402,0.00083575098645836,24.767088170183,0.000976322158986551,25.1151525796235,0.000486987699563387,14.5978147224809,0.000978238582257307,25.5873308332957,NaN,NaN
0.000286581391603663,9.72949134222903,0.000835577710127557,24.7234654774685,0.000983936257648154,25.1545058335999,0.000488462471597836,14.6420220996612,0.000982571590497944,25.6328672537288,NaN,NaN
0.000288015009972809,9.77816295147976,0.000845612960156786,24.7396733280438,0.00098677542832522,25.2322050161174,0.000489830318816075,14.6830243267779,0.000987192533857496,25.6825728869249,NaN,NaN
0.000289969040768158,9.84450265902117,0.000849475197094628,24.7884627865786,0.000987688743353828,25.2917990492789,0.000491645996509744,14.7374506020035,0.000991362786149847,25.7341833544324,NaN,NaN
0.000288669232059097,9.80037391252232,0.000853283907914575,24.8567791636148,0.000982544983300007,25.2346573171408,0.000490275271534385,14.6963621119991,0.000993906078190993,25.7738016522744,NaN,NaN
0.00028668395570887,9.73297341260368,0.000855901544574795,24.9192391633749,0.000982423563704329,25.1768366500268,0.0004884859234208,14.6427250853154,0.000996494014110605,25.8266860528178,NaN,NaN
0.000285422552532624,9.69014854105964,0.00085626960008019,24.9603385929452,0.000989238096054498,25.2347051209051,0.000489937832939601,14.6862471417621,0.000998084332887901,25.8756110688391,NaN,NaN
0.000287175973948896,9.74967752301283,0.000848592733160441,24.9275655364357,0.000989836829705158,25.2903840800414,0.000491329998655195,14.7279783337356,0.000999486145868821,25.9158751247871,NaN,NaN
0.0002883538421242,9.78966636579771,0.000845956626500607,24.8713322954006,0.000989581846418099,25.3347185073268,0.000492705421694941,14.7692076516779,0.00100078047061196,25.9559792361022,NaN,NaN
0.000289533054237611,9.82970083553028,0.000845091945079258,24.8301572140824,0.000990153093278868,25.3945730693581,0.000494670444405534,14.8281106537053,0.0009957841011253,25.9176851038438,NaN,NaN
0.000290713610289127,9.86978093221055,0.000853868365578818,24.8701354972685,0.000990898261474389,25.4357766624829,0.000493314324839414,14.7874599715926,0.000991942844294608,25.8594415635791,NaN,NaN
0.000289436167436754,9.8264115106902,0.000857081013851135,24.943250040802,0.000992448207565825,25.4802224684087,0.000491351588507604,14.728625505452,0.000989731518056047,25.8172218724226,NaN,NaN
0.000287526963927075,9.76159369780279,0.00085902008360552,25.009052235641,0.000991997803200543,25.5382631166321,0.000493209697848595,14.7843237005362,0.000987930103267823,25.7656960724509,NaN,NaN
0.000289460701793963,9.8272444566631,0.00085788963235143,25.0655939892526,0.00099143577997257,25.5802002769415,0.000495118163547101,14.8415313644997,0.000995563259089969,25.8094643834939,NaN,NaN
0.000291622743032489,9.9006461572902,0.000858625438555711,25.1100503187269,0.000994560344332038,25.6240809430362,0.000492832015742322,14.7730024014227,0.00100070863791414,25.8621040092018,NaN,NaN
0.000290440359328399,9.86050401146641,0.000859403138626175,25.1638730286571,0.000995132428177763,25.6917296412299,0.00049048221595484,14.7025654233155,0.00100454809544721,25.9064732925852,NaN,NaN
0.00028881006953109,9.8051553707906,0.000860863715343692,25.203196815198,0.000994536910363822,25.7522582951243,0.000492953161612364,14.7766338380418,0.00100838602888451,25.9558002827337,NaN,NaN
0.000290102852815152,9.84904560280908,0.000863506649393406,25.2447280622357,0.000991207508803492,25.6876037944845,0.000494732772130524,14.8299789731357,0.0010112158560727,25.9989848059529,NaN,NaN
0.000292298931223245,9.92360287164929,0.000862366955961892,25.2872050988724,0.000991655284332558,25.6147624513604,0.000496390237218066,14.8796627090465,0.00101310553368726,26.0381949839556,NaN,NaN
0.000294053642906171,9.98317565839444,0.000863249858197504,25.3332347109668,0.000999813476630956,25.6557257272632,0.00049784706731421,14.9233322634207,0.00101491914900348,26.0875245352273,NaN,NaN
0.00029216006299589,9.91888826960133,0.000864679461654072,25.3795085077252,0.00100158613537062,25.7216898798853,0.000496086473787464,14.8705571766411,0.00101470442244915,26.1292789794902,NaN,NaN
0.000290487233827668,9.86209540940142,0.00086446596870329,25.4251651322081,0.00100165137934128,25.7665340382844,0.000494622196911835,14.826664399571,0.0010072644842648,26.0923351771524,NaN,NaN
0.000291706054763244,9.90347460598516,0.000868520157696605,25.4776492731378,0.000999765312579287,25.7166804168948,0.00049320738703303,14.7842544321388,0.00100395482124486,26.0476425149897,NaN,NaN
0.000293809046785218,9.97487157476976,0.000869168471624789,25.5262028217125,0.00100519420096384,25.7540497895146,0.000491576666542694,14.7353723852136,0.00100244184152331,26.0056845545782,NaN,NaN
0.000295400661087622,10.0289071752278,0.000876020570331564,25.5748589379107,0.0010069247989603,25.8016724878326,0.0004945026311485,14.8230803278134,0.00100542669250284,25.9651036586272,NaN,NaN
0.000294123420540476,9.98554462200737,0.00087764675297443,25.6229109316514,0.00100771426418175,25.849462228511,0.000496328362825438,14.8778079785873,0.00101233626668694,25.9880494182819,NaN,NaN
0.000292255067052438,9.92211367492333,0.000879459333163063,25.6710432723944,0.0010138339530617,25.8870097178558,0.000498179208516148,14.9332884404082,0.00101731266444408,26.0280690927242,NaN,NaN
0.000290855001381831,9.87458118600454,0.000880832197069219,25.7300137889783,0.00101585582581246,25.9274883528147,0.000508128755193232,14.9867222948681,0.00102136712224493,26.0636355911897,NaN,NaN
0.000292330048496565,9.92465930884384,0.000885854957709841,25.7703244583282,0.00101709144287365,25.9894861576066,0.000499118163129116,14.9614342960124,0.00102648683028208,26.0997081328882,NaN,NaN
0.000294411164194551,9.99531357237584,0.000888076534017803,25.8257273635962,0.00101747658693852,26.036921967092,0.000497751107583677,14.9204557998706,0.00103301287691001,26.1272605417277,NaN,NaN
0.000296069970510354,10.051630354138,0.000889269013545831,25.8822462463772,0.0010175902765853,25.994735600262,0.00049627598567595,14.8762379349812,0.00103803216656929,26.1633402629601,NaN,NaN
0.000294877187373845,10.0111351456568,0.000883058849133204,25.8467980522869,0.00101819032058341,25.9521809819579,0.000494792685354695,14.831774916127,0.00104286168200234,26.2082181486097,NaN,NaN
0.000293100137685329,9.95080397948312,0.00088863252047731,25.906339188832,0.00101907925010242,26.005193831645,0.000496147766375336,14.8723944670746,0.00104765778368277,26.2528383172116,NaN,NaN
0.000291805347406871,9.90684560963308,0.000889818553729794,25.9550358523673,0.00101960453736905,26.0600936809198,0.000497685258121523,14.9184819137766,0.00105188335596328,26.3005344629438,NaN,NaN
0.000293380812584148,9.96033294430097,0.000885881296225667,25.9010351019506,0.00102227139440128,26.1105988229764,0.000499405397240594,14.9700443499113,0.00105439500756753,26.3405282313802,NaN,NaN
0.000295558505178176,10.0342660113472,0.000893426688039036,25.9451756615494,0.00102288195858899,26.159063404944,0.000511678881536089,15.0243741763562,0.00105621559819894,26.3799931189846,NaN,NaN
0.000297325829615857,10.0942670034531,0.000896601490839861,26.0057265201238,0.00102398338525039,26.119572616807,0.000499584859900833,14.9754238752384,0.0010576345877639,26.4372204462025,NaN,NaN
0.000295442583846311,10.0303304606527,0.000898996023103735,26.0793567513117,0.00102430895265384,26.1683029527758,0.000498274695985671,14.9361507475869,0.00105865167816507,26.4889449253985,NaN,NaN
0.000293915609377368,9.97848939451698,0.000900352031521128,26.1421489888791,0.0010243613998923,26.2174700239523,0.00051561474595934,14.9851034985424,0.00105569104905275,26.4520026378854,NaN,NaN
0.00029560766735244,10.0359350762721,0.000895958158700591,26.1079240863294,0.00102549966435006,26.1770513729347,0.000513992663073995,15.0471375893248,0.00105341972361188,26.4063537767269,NaN,NaN
0.000296820165201545,10.0770996028987,0.000894399670914057,26.0610006435691,0.00102781842973932,26.2390528984472,0.000512136388765795,15.1265453289709,0.00105175163072101,26.3669353873666,NaN,NaN
0.000297985289232417,10.1166557796189,0.000893890315832673,26.0097366861953,0.00102863172008407,26.3053363361144,0.000510515484763732,15.2069126804393,0.00105072167131262,26.32456317026,NaN,NaN
0.000299737265321391,10.1761356924425,0.000894393621203494,25.9690235925847,0.00102840374132831,26.3482487661868,0.000509531206959527,15.2754427828306,0.00105651899792703,26.3683577925671,NaN,NaN
0.000298414090633108,10.1312136666199,0.000901297344041805,26.0156042065624,0.00103295713456169,26.3879469715137,0.000509060175007089,15.3277546343094,0.00106003599440769,26.4073305900964,NaN,NaN
0.000296439930039094,10.0641905486842,0.000904693545249303,26.0697133776035,0.0010373759368033,26.4230796050045,0.000513969905272569,15.2469411081884,0.00106302192047272,26.4525082002242,NaN,NaN
0.000294949228659887,10.0135809606656,0.000907235102208586,26.1300056447705,0.00103763385019983,26.4648171699281,0.000515954382271238,15.1746850734046,0.00106560800758387,26.5050789515827,NaN,NaN
0.000296523393460261,10.0670241472967,0.000909170773020443,26.1931776774658,0.0010372118818966,26.514594505327,0.000517718589048278,15.1026924599357,0.00106722819316683,26.5517026894494,NaN,NaN
0.000298768217644409,10.1432363442655,0.000910039374636672,26.2357025197713,0.00103950234861608,26.4763617339773,0.000518948413574355,15.0522348049018,0.00106774357559467,26.6047953401089,NaN,NaN
0.000300597316063582,10.2053345744885,0.00090579166307038,26.1817140858248,0.00104425399382674,26.5211635000277,0.000518838749853802,15.0924332014984,0.00106730279884964,26.6476990876827,NaN,NaN
0.00029941270628333,10.1651168529666,0.000903993792553828,26.1325045346561,0.00104515003356012,26.5867142808954,0.000517851884620999,15.1639502412805,0.00106336374537326,26.6100455543627,NaN,NaN
0.000297574946051654,10.1027245526043,0.000903244968225149,26.0795911425724,0.00104505658868849,26.6415764839629,0.000517046958565138,15.2354672810626,0.00106135645982463,26.5570697536204,NaN,NaN
0.000296208423844519,10.0563308704853,0.000903790981788712,26.0399533487487,0.00104429120286725,26.5855841744451,0.000516423971686222,15.3069843208446,0.00106118252469763,26.5042584859291,NaN,NaN
0.000297844335793268,10.1118703842441,0.000908812975800809,26.0816756800213,0.00104707157259791,26.5463801135913,0.000516014627753158,15.3764838596273,0.00106839038302194,26.5335140558706,NaN,NaN
0.000300135049894518,10.189640552401,0.000912036329664894,26.1491828033421,0.00105056075005175,26.6079808191836,0.000516090763661863,15.426489076713,0.00107152719340732,26.5771404931181,NaN,NaN
0.000301306109761418,10.2293982518541,0.000913781187222858,26.2110742905627,0.0010519225519995,26.6844567939841,0.00052042639941864,15.337788606355,0.00107388501943458,26.638380096469,NaN,NaN
0.000300118352988294,10.1890736893411,0.000913687835452422,26.260094056517,0.00105199012361672,26.7413731509637,0.000521616999403126,15.2658833084139,0.00107525231144443,26.7005997599711,NaN,NaN
0.000298350141472117,10.1290425807558,0.000908042775138539,26.223138046906,0.00105056082400572,26.7000347792171,0.000522427435468547,15.1994516024794,0.00107413870318664,26.7416686513258,NaN,NaN
0.000299512307983434,10.1684983491392,0.000906492874657664,26.1672054387482,0.00105315978515405,26.7645666567899,0.000522509565062829,15.1525934235996,0.00106919763239601,26.705829887781,NaN,NaN
0.000301792644055667,10.245916181288,0.000906616602697306,26.1251570420966,0.0010532559693872,26.8193517776288,0.000520286045029857,15.2288956119258,0.00106832491761663,26.6534832403853,NaN,NaN
0.000302990769422599,10.2865927594819,0.000911606433113483,26.0867133875435,0.00105294984009512,26.7667113284651,0.000520624934394894,15.2816498543187,0.00107528358761138,26.7146508243784,NaN,NaN
0.000301369265112511,10.231542387725,0.000916806360151891,26.1223742849608,0.00105578485081349,26.8136883820741,0.00052125633485022,15.3299225545869,0.00107630844752162,26.7802204717848,NaN,NaN
0.000299927258328189,10.1825859902249,0.000921032910561602,26.1823481618567,0.0010562160992718,26.8655778580075,0.000522667786983925,15.3908805238114,0.00107568924122721,26.8203207878369,NaN,NaN
0.000301920639927434,10.2502616648494,0.00092463312156784,26.2472957691904,0.00105943228555457,26.9080246701025,0.000521902703463861,15.3512439221698,0.00107201487591915,26.871693082162,NaN,NaN
0.000303814827278696,10.3145696763763,0.000926972107534849,26.3112023156308,0.00105883976457333,26.9548800872434,0.000522865240179551,15.4237122160517,0.00107292967450043,26.9171245960916,NaN,NaN
0.000302322304313873,10.2638982451886,0.000928491768423194,26.3744283959154,0.001062743888637,26.994917558762,0.000524209579882761,15.4879789239851,0.00107558316539482,26.9638497119817,NaN,NaN
0.000304488766665778,10.337450043434,0.000928914737748103,26.4164926143646,0.00106253882546528,27.0382376326668,0.00052519797550794,15.5319571348014,0.00107634692208761,27.0161892113264,NaN,NaN
0.00030642220730307,10.4030907112945,0.000921883744486616,26.3659897905407,0.00106679278893161,27.0738296827972,0.000524181885979926,15.4908281680993,0.00107653928380736,27.0660829566643,NaN,NaN
0.000304684119820347,10.3440823192264,0.000918708497779785,26.3149462803575,0.00106533418180389,27.1200793721158,0.000523699279800671,15.4445872635101,0.00107580787929746,27.0118671153276,NaN,NaN
0.000303045010850539,10.2884342660102,0.000916619254292108,26.2518190075321,0.00106399440537312,27.1698425062569,0.000527553632631397,15.4982796708978,0.00108087102751904,27.0508900820221,NaN,NaN
0.00030453739695105,10.3391010506292,0.000916090980128462,26.1936992726011,0.00106369731727665,27.217526941212,0.000528509695827162,15.5538034170222,0.00108274420512914,27.1083535571924,NaN,NaN
0.000305698965111016,10.3785365048733,0.000923425915948628,26.2204240935386,0.0010674393182268,27.1716557066134,0.000527577616865377,15.5122446928125,0.00108339314592445,27.1491983413728,NaN,NaN
0.000307946504912493,10.4548408975536,0.000927051051002325,26.2790393715004,0.00106874961255022,27.1236921819706,0.000533813892949902,15.5535823610026,0.00108090919593435,27.1105010279413,NaN,NaN
0.000306488080855681,10.4053271306106,0.000928845395742443,26.3360838327201,0.00106848960407087,27.1819563648364,0.00053425712292756,15.4902076487273,0.001081597775479,27.1651760907029,NaN,NaN
0.000304734690236718,10.3457991942317,0.000929063525321941,26.3818494593487,0.00106823499065057,27.2540526191798,0.000539460084685382,15.5364604363452,0.00108248107502449,27.2124973154239,NaN,NaN
0.000306144733451154,10.3936704226121,0.000925631436939545,26.3244309507115,0.00106865584308445,27.315168598123,0.000538776877670445,15.5793299389644,0.00108414010136484,27.2695431273677,NaN,NaN
0.000307572720015972,10.4421508310625,0.000926678830961635,26.2827431973793,0.00107194177271504,27.27266093066,0.000536651313900941,15.6332113494418,0.00108560051056332,27.3184064291708,NaN,NaN
0.000309256390805431,10.4993117663121,0.000930471844287765,26.3280246425202,0.00107078009470783,27.323421028586,0.000534371319559421,15.5524075423878,0.00108719880070099,27.3718389065441,NaN,NaN
0.000311195745819535,10.5651532283611,0.000932660962071112,26.3870967609293,0.00107009934081713,27.396942576911,0.000536330503201647,15.4877977953975,0.00108767984037505,27.4235771758581,NaN,NaN
0.000312930871291683,10.6240610596215,0.000933631420320522,26.4341896288121,0.001070382543411,27.4604482260483,0.000540755829613424,15.5223648527716,0.00108869124529718,27.4725776253534,NaN,NaN
0.000314378043687655,10.6731928305942,0.000937310333333061,26.4782954619253,0.00107448993221514,27.4120933386671,0.000541632137874881,15.5815212176435,0.00108685797085944,27.5349107090564,NaN,NaN
0.000311971909457112,10.5915041276631,0.000938030125889564,26.5189430540757,0.00107562332191692,27.3617534896206,0.000542018595800951,15.6422972668892,0.00108615574154395,27.5961977773055,NaN,NaN
0.000310410714936337,10.5385012844275,0.000942025689509013,26.5587390460415,0.00107492695806259,27.4063591201564,0.000541915203391636,15.7046930005087,0.00108614097630597,27.6465162788879,NaN,NaN
0.000308977765000265,10.4898523686034,0.00094212297148476,26.6004066792845,0.00107446778001825,27.4491973375712,0.000541362557529057,15.7666185087813,0.0010871253081357,27.6859412596929,NaN,NaN
0.000307776854877168,10.4490812474218,0.000941795019054315,26.6436693274616,0.00107414154501199,27.4950411641611,0.000540654377091475,15.8103391533131,0.00109295171675296,27.7325261780176,NaN,NaN
0.000309268872285803,10.4997355148833,0.000942834045353368,26.6839633517163,0.00107394825304382,27.5438905999261,0.000538968070616415,15.7675049233283,0.00109387382946043,27.7731830334762,NaN,NaN
0.000310982993440238,10.5579302456656,0.000944098740037419,26.7258438862148,0.00107391173347182,27.592940096191,0.000539497500798702,15.7081110349785,0.00109458891855675,27.8209166441363,NaN,NaN
0.000312820367219748,10.6203094259053,0.000946941016299408,26.7654196355431,0.0010746344820858,27.6530052082039,0.000540662595325986,15.6287681830025,0.00109583311978297,27.7798975470473,NaN,NaN
0.000314316578777039,10.6711060854907,0.000947214187257853,26.807644087289,0.00107707786956455,27.5988290548941,0.0005424715691328,15.550747351687,0.00109525628070087,27.8377824840925,NaN,NaN
0.000316188157511321,10.7346465302823,0.000948784305638509,26.8510937161747,0.00107755678213076,27.5416958523114,0.000544986109917707,15.4877382503337,0.00109545302988484,27.8975998896155,NaN,NaN
0.000314869370991526,10.6898734835929,0.000949390959825606,26.8983995635365,0.00107764909522826,27.6078700851458,0.000547610738977235,15.4422480554034,0.0010956227052799,27.9436021994121,NaN,NaN
0.000313086246916228,10.6293360908625,0.000950195230588222,26.9484682512911,0.00107876407604969,27.6627900732473,0.000554097733156984,15.4956466397458,0.00109600321380008,27.9944745773479,NaN,NaN
0.000314239815743136,10.6684999662672,0.00095090113854164,26.9948907190273,0.00108235690487235,27.6172387581684,0.000555558117107535,15.5606622134311,0.00109683437999701,28.0348822693423,NaN,NaN
0.00031553628632358,10.712515382681,0.000950624553944264,26.9526980661202,0.00108299048748473,27.6638613069965,0.000556055736704664,15.6406894389996,0.00109743148395103,28.075410118071,NaN,NaN
0.000316809909956225,10.755755140984,0.000952626844923336,27.0111200149036,0.00108384462922845,27.7072485598021,0.000555915016134019,15.7190161642331,0.00109947491991063,28.1198546936774,NaN,NaN
0.00031806068664107,10.7982192411761,0.000954032350977062,27.0529627209114,0.0010871583723622,27.6491715535987,0.000555037927762378,15.779298236795,0.00109970803070696,28.1625900076885,NaN,NaN
0.00031618939929278,10.7346886889929,0.000953316082714554,27.0961666912867,0.0010899565622448,27.6880966039229,0.000553424471589734,15.8215356566852,0.00109874048963542,28.2019219505253,NaN,NaN
0.000314958201590118,10.6928892988735,0.00095456585579032,27.1574094176264,0.00109042470365083,27.7363865207025,0.000545148588309784,15.7754099350395,0.00110012182869789,28.241247159521,NaN,NaN
0.000316717061939907,10.7526029336273,0.000956600640307798,27.2027394223139,0.00109158569851063,27.6740818854878,0.000544360675687121,15.7249724917205,0.00110326896433057,28.2908759240944,NaN,NaN
0.000318001568627015,10.7962121736457,0.00095926250001213,27.161040499577,0.00109229315899803,27.6330722953325,0.000544397509624754,15.6685581849377,0.00110352115913148,28.3302165555849,NaN,NaN
0.000319401653991228,10.843745331166,0.000957156416504796,27.2077517209174,0.00109338454547632,27.6878325684808,0.00054521212323292,15.6081734549609,0.00110269100395518,28.2870312535053,NaN,NaN
0.000320917318032547,10.8952024061883,0.000956384905302932,27.2720074676128,0.00109408724835646,27.7468999018973,0.000546480092325971,15.5605304540081,0.00110693414413014,28.3295320959887,NaN,NaN
0.000322092398015275,10.9350965893186,0.000956555100876315,27.3269975522182,0.00109631408123721,27.6992284494342,0.000553093392363152,15.6172235671996,0.00110835323427385,28.3773157245211,NaN,NaN
0.000320302255700365,10.8743209260531,0.000959925217326972,27.3831754593879,0.00109770708530525,27.6467042151864,0.000554253790028607,15.6921549660567,0.0011098667154973,28.4217376187448,NaN,NaN
0.000321580482771401,10.9177169719424,0.000960302519359553,27.4484888845345,0.0011003031835086,27.6883914329275,0.000555027974451082,15.7730405793689,0.00111234525197345,28.4658947950631,NaN,NaN
0.000323988841284556,10.9994811896803,0.000961089380953486,27.4922442264312,0.00110152164042094,27.7479822620702,0.000555070422662754,15.8498046529483,0.00111315363167882,28.506974448687,NaN,NaN
0.000325178043367892,11.0398548207428,0.000962483221452785,27.4490098489073,0.00110323936082851,27.6728024579759,0.000554709168745326,15.913842290047,0.00111310295604676,28.5620962998149,NaN,NaN
0.00032384989395501,10.9947639020983,0.000961141745536912,27.4987510595461,0.0011040354353637,27.6333728445349,0.000553553605540951,15.9550363256858,0.00111342325559907,28.60391046224,NaN,NaN
0.00032538106199981,11.0467473409113,0.000961147895472853,27.5614217266677,0.00111086514178573,27.6936988292532,0.000552408226746455,15.8925321310827,0.00111652946567725,28.6436565806609,NaN,NaN
0.000326769707829101,11.0938921241016,0.000961793030287163,27.6085083758662,0.0011104319534555,27.7604592429468,0.000552595435008899,15.8281286808423,0.0011206732493657,28.6835336678204,NaN,NaN
0.000325620428466412,11.0548738768019,0.000963145327272228,27.6713845203446,0.00110535776297132,27.6997614913417,0.000553118726436032,15.7590288849998,0.001121548416221,28.738934907755,NaN,NaN
0.000327580495158741,11.1214185041641,0.000964829534824104,27.7127023478309,0.00110496946583674,27.6571104055546,0.00055400338373031,15.7034796880031,0.00112281152771105,28.7851127163181,NaN,NaN
0.000329168855570831,11.1753436344431,0.000965567354771538,27.7533731195749,0.00110566736816158,27.5910480834049,0.000555249406891732,15.6614810898521,0.00112584237062895,28.8284110059965,NaN,NaN
0.000327710611386885,11.1258359742172,0.000966015515774053,27.8096884015025,0.00111382741575332,27.6402011254666,0.000560610257697233,15.7111827710637,0.00113249486159296,28.856320158998,NaN,NaN
0.000329380899899194,11.1825425786782,0.000966640050638737,27.8580113910394,0.0011153330216482,27.7147701017064,0.000560857155520963,15.7701574946343,0.00113851597484369,28.907822105401,NaN,NaN
0.000331373798252625,11.2502018470178,0.000967016766832298,27.9041286232116,0.00111503161864282,27.7840072222869,0.000560405979673215,15.8385195438363,0.00113943770731095,28.9490245972826,NaN,NaN
0.000330058990797349,11.205563890306,0.000967476008361165,27.9616949189483,0.00111115740935602,27.7092476249331,0.000559292763889213,15.9140133950878,0.00113769799259937,28.9086195461833,NaN,NaN
0.000328518345196336,11.1532586867036,0.000968129522106678,28.00158840561,0.00111095215654426,27.6604872750263,0.00055777334569752,15.9778698734673,0.0011379688708495,28.8626606682345,NaN,NaN
0.000330147150419503,11.2085569258122,0.000970140511659212,28.0575842448564,0.00111126852363954,27.6133881871651,0.000553997617568008,16.0258947441064,0.0011420801899318,28.9052798182681,NaN,NaN
0.000331350418048635,11.2494080847605,0.000973020133929587,28.1156835768499,0.001113064282584,27.554602862895,0.000551555884633777,15.9560355393234,0.0011442115461131,28.9485554071919,NaN,NaN
0.000332547301971765,11.2900425157072,0.000974202585093328,28.1624771687355,0.00111848552790805,27.5881166156207,0.000550991613360969,15.8757692059562,0.00114779610644187,28.9976830419343,NaN,NaN
0.000333737802188891,11.3304602186524,0.000972363971734476,28.0981198696033,0.00112021863665571,27.6269495186432,0.000550940649819835,15.7854807650337,0.00114841910294987,29.0437168447967,NaN,NaN
0.000332076415358534,11.274055827943,0.000972433484494049,28.0433575461912,0.00112158035454311,27.6689718098702,0.000551699933832119,15.6945200685051,0.00114779878352038,28.9961574333956,NaN,NaN
0.000333722990938721,11.3299573739649,0.000979198882060666,28.0722870044699,0.00112241209735639,27.7093091383779,0.000552887683668312,15.6148864668132,0.00115129558944303,29.0420701329532,NaN,NaN
0.000335902820576487,11.403962994042,0.000982510400921306,28.1307843695036,0.00112258008615886,27.7831993358902,0.000554689420165624,15.5625935936005,0.00115266683790992,29.082180429332,NaN,NaN
0.000334629112554992,11.3607203707219,0.000984067711598151,28.1873196004708,0.0011195798433306,27.7141966812022,0.000563220986039987,15.5597944789978,0.00115488782782285,29.0438792234689,NaN,NaN
0.00033297321339586,11.3045022874674,0.00098402401208573,28.2322901257627,0.00111973987717642,27.6702017228945,0.000566077580068807,15.6078154063266,0.00115909357380572,29.0799302136934,NaN,NaN
0.000334279932750641,11.3488656516688,0.00097964937043486,28.1761190721705,0.00112115585390953,27.6035733603431,0.00056840898991932,15.6668714106383,0.00116059899425452,29.138759467789,NaN,NaN
0.000336500873943795,11.4242670166684,0.000978447463180651,28.1057855834797,0.00112645526915866,27.6553817237754,0.000569776173137638,15.736261457504,0.00116102728952466,29.1804345934078,NaN,NaN
0.000338275440991376,11.4845138967223,0.000978994857797547,28.0615907812429,0.00112759090721435,27.6982251877916,0.00057017912972376,15.8159855469238,0.00115832033998091,29.14291499074,NaN,NaN
0.000336277264509701,11.4166754349509,0.000984755960074586,28.0921659000802,0.00112843503928993,27.7398730974993,0.00056967448553236,15.9046856259224,0.00115814574582352,29.095302745548,NaN,NaN
0.000334155399437727,11.3446377226221,0.000986908082672052,28.1419463603676,0.00112923248611539,27.7960501250398,0.000568644022292948,15.9903623440571,0.00116106709519596,29.1326451312823,NaN,NaN
0.000336264062558933,11.4162272262763,0.000987356160385871,28.193680869246,0.00112969849528551,27.7330068124749,0.000566963219724427,16.0570994694052,0.00116264960778563,29.1779988424044,NaN,NaN
0.000337733736347668,11.4661229237024,0.000983443532039007,28.1497662206612,0.00113098366820533,27.6702460464675,0.000565106360716758,16.1035470342802,0.00116466731068138,29.218758394901,NaN,NaN
0.000339045856435824,11.5106696438025,0.000990377654582894,28.1753204901993,0.00113589309080455,27.7044264101857,0.000560027052849261,16.0348066265617,0.00116652164095756,29.2660832303919,NaN,NaN
0.000337077240604555,11.4438347715894,0.000993841594644013,28.241475772131,0.00113661453480761,27.7700798643607,0.00055877859611225,15.9616097263639,0.0011683700077928,29.3100472857464,NaN,NaN
0.000335169136743586,11.3790542919794,0.000995434874384527,28.2946997350758,0.001136133140909,27.7109728624505,0.000558283820795124,15.8744494879942,0.00116965979418111,29.3543306693831,NaN,NaN
0.000336550212517099,11.4259420703734,0.000992405763331615,28.2394221256871,0.00113883721292044,27.6727043101254,0.000558341412103936,15.7894833157979,0.00116980899568997,29.4023869032465,NaN,NaN
0.000337896721387608,11.4716562960059,0.000993432377769349,28.1944223689632,0.00114161418205792,27.7370308696165,0.000559327961420621,15.7167560262291,0.00117045791406562,29.4455286843754,NaN,NaN
0.000339320806351158,11.5200042443703,0.00100041906465442,28.2494619218461,0.00114224647416048,27.796717974296,0.000561243468745176,15.6562676192878,0.00117289693973066,29.4984237196787,NaN,NaN
0.000341030808873684,11.5780591468363,0.00100258969385029,28.3169069667338,0.00114255545035326,27.7344474000771,0.000564026933521488,15.6079206932543,0.00117340124243709,29.5460375223952,NaN,NaN
0.000338835818142173,11.5035388048176,0.00100298278210135,28.3574869571418,0.00114333852542846,27.6949683731146,0.000570468924325699,15.565067332162,0.0011751320520746,29.6004121453954,NaN,NaN
0.000337685922802374,11.4644996449809,0.000999906255879522,28.3193128354861,0.00114458919646275,27.7515762001081,0.000575706552445474,15.610705140485,0.00117666349877177,29.650500760573,NaN,NaN
0.000335944538405768,11.4053793220755,0.000999170959066478,28.2740319639697,0.00114533208812805,27.8141046880415,0.000577379053289706,15.6722424855403,0.00118267962606816,29.6879709453144,NaN,NaN
0.000337409714812177,11.4551223325384,0.00100565865308031,28.3072889916286,0.00114747375896027,27.7687445203904,0.000578455919280272,15.7575411186062,0.00118240636088369,29.640998901768,NaN,NaN
0.000339661491461937,11.5315705670028,0.00100676724710087,28.362673688238,0.00114792938710423,27.826347096239,0.000579138465211117,15.8504436353374,0.00118664534440905,29.6896681836838,NaN,NaN
0.000341401637655157,11.5906488526738,0.00100366977208723,28.301564404509,0.00114858088846132,27.8965354690856,0.00057909182029712,15.9398073563421,0.00118809204616925,29.7309306573056,NaN,NaN
0.000339369473526205,11.5216565039802,0.00101002266499245,28.3526157009328,0.00115200889521668,27.8347274718951,0.00057861563895996,16.0154388939754,0.00118936134600605,29.6870786780409,NaN,NaN
0.000337523686506944,11.4589916926921,0.00101118221457507,28.3948590958988,0.00115469847980546,27.875986204457,0.000577705449468934,16.0608439274496,0.00119546287250499,29.7310784247653,NaN,NaN
0.000339541769611582,11.5275059880014,0.00101169313676249,28.3493746041216,0.0011576055873646,27.9225193020364,0.000571594385489685,15.9698037642376,0.00119860754275061,29.7901702753407,NaN,NaN
0.000340753774324976,11.5686537725792,0.00101584429137659,28.3985331260552,0.00116233483516482,27.9810978416855,0.000570632809198166,15.903325642278,0.00120086501569573,29.8413881850538,NaN,NaN
0.000342080349761894,11.6136912544481,0.0010172534712879,28.4662644490257,0.0011624664915386,28.0336156345655,0.000570407988155574,15.8405659506414,0.00120167159447027,29.8832965637406,NaN,NaN
0.000343259084944777,11.6537095323009,0.00101734139889396,28.5145974228522,0.00116562085288415,27.9907338320178,0.000570919922361902,15.7815246893278,0.00119794728510253,29.8463443797727,NaN,NaN
0.000341613146587322,11.5978296201088,0.00101472736484026,28.4734014666918,0.00116421048436105,28.031298672527,0.000572126891220344,15.727299721275,0.00119525976026712,29.796861943,NaN,NaN
0.000339914330653474,11.5401545044011,0.00101368361422975,28.4099206099644,0.0011662213805495,28.0722438615916,0.000573729240309215,15.6880844341278,0.0011931781656766,29.7483685753606,NaN,NaN
0.000341573340196356,11.5964781857603,0.00101428248047279,28.3676706419834,0.00116748615922465,28.1122244766886,0.000579231092533965,15.7244583329284,0.00119200871358082,29.6993855150727,NaN,NaN
0.00034280339285475,11.6382387014147,0.00102063864531431,28.395066918226,0.00117225029083856,28.1563775399025,0.000580559787239598,15.7848658920542,0.00119178845408548,29.6548369536431,NaN,NaN
0.00034401464910312,11.6793610754662,0.00102385282629713,28.4550392979464,0.00117271369582835,28.2076860697957,0.000581591054261151,15.8680411928978,0.00120091206993249,29.6782162333793,NaN,NaN
0.000345553968494301,11.7316212539991,0.00102513204888536,28.4942258323312,0.0011703524418395,28.1643337628993,0.000582272264597376,15.9559384368026,0.00120484834736168,29.7227205237137,NaN,NaN
0.000344181554187757,11.6850275340135,0.00102623378559138,28.5360002279398,0.00117110068059466,28.1226321232555,0.00058229364593128,16.036625853731,0.00120824558649974,29.7825893701263,NaN,NaN
0.000345869251190209,11.7423251599402,0.00102731543294911,28.6028641706833,0.00117466894146556,28.1629511305862,0.00058194080944182,16.1021560806139,0.00121082284520658,29.8431460411088,NaN,NaN
0.000347100990158288,11.7841429261209,0.00102344348448312,28.5513225342178,0.0011757779009833,28.2268274486837,0.000578793583340948,16.052201977776,0.00120837379784535,29.7927125632321,NaN,NaN
0.000348622244159127,11.8357897813046,0.00102169617427412,28.4836148705041,0.00117611869307278,28.2815367133305,0.00057846471807059,15.9765547876406,0.00120792806391592,29.7485679033203,NaN,NaN
0.00034672800470031,11.7714800007164,0.00102199670353118,28.4325608030402,0.00117602567980833,28.235690499657,0.000578443860786774,15.8972167443312,0.00121417409851572,29.7879206744413,NaN,NaN
0.000344957055102607,11.7113559337561,0.0010309784797249,28.4735127667713,0.00118125240637259,28.2698972075502,0.00057877497634304,15.8327752347696,0.0012156417639749,29.8321224847141,NaN,NaN
0.0003463736878579,11.7594508782694,0.00103275066880629,28.5132196990293,0.00118834691718774,28.3128021298492,0.000579458064739391,15.783230258956,0.00121434309635304,29.7773968859654,NaN,NaN
0.000347645976788399,11.8026453231873,0.00103421838997649,28.5533348679806,0.00118996799757923,28.2628757899862,0.000581484060867955,15.7390731961367,0.00121698486084668,29.8170925906449,NaN,NaN
0.000348900122554469,11.8452238043112,0.00103574179386493,28.6173821807996,0.00119127234092449,28.213369960255,0.000583093920306325,15.8142118832367,0.00121842109778843,29.8594313574201,NaN,NaN
0.000350136125156109,11.8871863216413,0.00102715373826143,28.5835518054405,0.00119166116638464,28.2713062792739,0.000583398783588435,15.8689579219252,0.00121904416654613,29.8176087033143,NaN,NaN
0.000348003390020625,11.8147795686422,0.00102550203272771,28.5277150637521,0.00119486334431326,28.3103884885668,0.00058330199916546,15.9316198828351,0.00122047388637493,29.8751073364844,NaN,NaN
0.00034634608095108,11.758513618668,0.00102531258045126,28.4785090821049,0.0011951418853948,28.3575968025041,0.000582824108177913,15.999758515375,0.00122170846435686,29.9226225832179,NaN,NaN
0.000344815515200791,11.7065506278652,0.00103235891865993,28.5350302922879,0.00119765183404808,28.4006066906488,0.000582106841530066,16.0532353802616,0.00122405284615513,29.971770165905,NaN,NaN
0.000343329591694483,11.6561032495168,0.00103563569395351,28.6054283127682,0.00120224745746661,28.4358634783942,0.00058043982456632,15.9753437974655,0.0012266187769271,30.0256375650485,NaN,NaN
0.000345763450695706,11.7387332135493,0.00103713764273749,28.671459515703,0.00120190519602954,28.487056846236,0.000581645266161757,15.9308554265412,0.00122749447762677,30.0652873486058,NaN,NaN
0.000347520051272994,11.798370128608,0.00103714915812347,28.7248960431673,0.00120286659304413,28.5360157230108,0.000585705459313428,15.8854550417168,0.00123024748135565,30.1075850673329,NaN,NaN
0.000349366852038527,11.8610693567698,0.00103325506653619,28.6817814215364,0.00120733734581108,28.4913844293419,0.000591044913883185,15.9667733785083,0.00123051720658274,30.1602621613961,NaN,NaN
0.000351068433920051,11.9188383769136,0.00103200970052092,28.6160385692581,0.00121208500242311,28.5278931479898,0.000592170101131479,16.0240537693362,0.00123263423898585,30.2108257883895,NaN,NaN
0.000352702429859421,11.974312841799,0.00103251181732673,28.5703245764703,0.00121228959789757,28.5756724960701,0.000592375780283101,16.0863950551898,0.0012331000905215,30.2516056543646,NaN,NaN
0.000350813965496637,11.9101991267912,0.00104061324898308,28.5867316151524,0.00121604816046501,28.5315849261853,0.000592069743914822,16.1431014857124,0.00123805509578972,30.2920370263726,NaN,NaN
0.000349310697263159,11.8591628917418,0.00104368098721596,28.6501171872707,0.00121561820518167,28.5799478276271,0.000591148416358234,16.1935519682825,0.00124032236773524,30.3405900385325,NaN,NaN
0.000347982675029193,11.8140762908451,0.00104503162160613,28.6922020834517,0.00121602837842783,28.5269205307593,0.000591347373640962,16.1136098265909,0.00124669411178835,30.3783064220442,NaN,NaN
0.000345945514059015,11.744914298466,0.00104608510099589,28.7349110430055,0.00121736908528635,28.4850297276212,0.000592484438709174,16.0569422663195,0.00124637115859186,30.325279449181,NaN,NaN
0.000347969321871751,11.8136229486759,0.00104714607067785,28.8028798850627,0.00121965381494551,28.5315842169668,0.000593698491244228,16.0126048384994,0.00125256642922306,30.3624787668388,NaN,NaN
0.000349647131963659,11.8705849121578,0.00104604940547112,28.7634624076181,0.00122001870069055,28.5845517589422,0.000596308787344656,15.962110098123,0.00125379830721414,30.4092653610832,NaN,NaN
0.000351732827270699,11.9413946542657,0.00104706017575048,28.8126750084798,0.00122194758565175,28.5332127968722,0.000597439319092903,16.0104406929709,0.00125230534336488,30.3702778356546,NaN,NaN
0.000353809010258569,12.0118814513753,0.00104678269292153,28.8549411945567,0.00122377455812146,28.49244875549,0.000597188807974414,16.0676206689512,0.0012527978770446,30.3186007708245,NaN,NaN
0.000355428392213747,12.0668597687898,0.00104394600519344,28.8168860899268,0.00122677978290886,28.5534700030004,0.000596669980704075,16.118447375944,0.0012564067307554,30.3707844115332,NaN,NaN
0.000356597756192619,12.1065598925302,0.00104681640877455,28.8749095823627,0.00122795325692866,28.6280910350972,0.000595882837281882,16.1629208139495,0.00125715603753811,30.4144628192658,NaN,NaN
0.000355356102240674,12.0644055108102,0.00104970822190699,28.9137498000978,0.00122846707172952,28.6838228302849,0.000594121941869503,16.2083619243056,0.00125500389413302,30.3756755614335,NaN,NaN
0.000353750342657535,12.0098896754504,0.00105115522171954,28.9707999706587,0.0012286478584042,28.641388849067,0.000593900184408716,16.1220985671263,0.00125538003564493,30.3318138261682,NaN,NaN
0.000351825599053758,11.9445442734891,0.00105310324115422,29.0268297772896,0.00122957154062874,28.5712763150958,0.000594170649474996,16.0713904685606,0.00126084926169403,30.3848572137101,NaN,NaN
0.000349916736348261,11.8797380309668,0.00105460813556427,29.0740319969794,0.00123165961967136,28.5317235462282,0.000594666971588081,16.0226784598923,0.0012634519454983,30.4369799662709,NaN,NaN
0.000348514700205015,11.8321386441369,0.00105593293219895,29.1209008788773,0.00123494520057445,28.5902299361918,0.000595349771176504,15.9786564625726,0.00126494194173448,30.4883867838292,NaN,NaN
0.000347335449088531,11.7921028502428,0.00106023239862156,29.0775281010438,0.00123451598296445,28.6356708059604,0.00059629672758305,16.03870477207,0.00126143297332683,30.4326248684619,NaN,NaN
0.000348538351211713,11.8329416001963,0.00105949724001168,29.1388733080375,0.00123154724196987,28.5872831053236,0.000596393902349584,16.0899992170159,0.00126570361232761,30.4765992075837,NaN,NaN
0.000349947895806817,11.880795900358,0.00106009994613875,29.1970392375232,0.00123240807450435,28.5305965314079,0.000596482713734641,16.143449439051,0.00126742561803184,30.5244659449142,NaN,NaN
0.000351316868098124,11.9272727632886,0.0010621398671809,29.2352586359875,0.00123898631721893,28.5907706585535,0.000596587205647186,16.1961472218559,0.00126830366158413,30.5664253813313,NaN,NaN
0.000352615619623399,11.971365618202,0.00106390035527917,29.1840320463079,0.0012399338932947,28.631571786135,0.000598870198648181,16.134340679275,0.00126913666342292,30.5160385710011,NaN,NaN
0.000353844150382642,12.0130744650983,0.00106310307695969,29.2565307935627,0.00124080596344152,28.6938766642086,0.000599701495931671,16.0939244432971,0.00127361604284578,30.5653370013809,NaN,NaN
0.000352605745909648,11.9710304037908,0.00106377938893218,29.3165035496773,0.00124075225278283,28.6441242264274,0.00060060508014514,16.0544495607718,0.00127459337075474,30.619245948993,NaN,NaN
0.000353926332978075,12.0158645794399,0.00106794881857197,29.2743959570308,0.00124192055516455,28.5745615586205,0.000602600543569963,16.1120351380662,0.00127471748031019,30.6688799876697,NaN,NaN
0.000355908072014261,12.0831449868914,0.0010688314432659,29.3283347887198,0.00124788696422936,28.6444910863414,0.000602715915348067,16.1633358417754,0.00127637603761794,30.7129736949818,NaN,NaN
0.000354191706222526,12.0248740502569,0.00106910776842686,29.4082611024648,0.00124770991446085,28.7155660089967,0.000602486665616948,16.2199290352695,0.00128106604816524,30.7526311206754,NaN,NaN
0.000355756783341931,12.0780087084354,0.00106963337791027,29.4663807912846,0.00124397869239923,28.6630234597547,0.000601935818093081,16.2791694837409,0.00128295448726361,30.7986894251086,NaN,NaN
0.000357063715450208,12.1223792956574,0.0010711407915436,29.425478819467,0.00124372553311249,28.6189930590734,0.000601230641764906,16.3193252454142,0.00128524811244448,30.7510268527774,NaN,NaN
0.000358322937755726,12.1651301262362,0.00107149514074381,29.382033149371,0.00124380771492468,28.5782904862503,0.000599178883526765,16.2781574522312,0.00129066075949271,30.8053970341839,NaN,NaN
0.000359534450258485,12.2062612001717,0.00107125866925146,29.4495102235716,0.00124528007673497,28.5324061763091,0.000599283991270197,16.1927946669637,0.00129190735591469,30.858249649967,NaN,NaN
0.000357679137094166,12.143272974494,0.00107141412970111,29.5083417109296,0.00125041352237703,28.6010297560837,0.000600833210279917,16.1521801248794,0.00129259575442269,30.9139446568858,NaN,NaN
0.000356352911704314,12.0982473767879,0.0010720545995991,29.5614885045585,0.00125152778656278,28.6752625182919,0.000603624406369263,16.2152242247913,0.00129907551243175,30.9412473280281,NaN,NaN
0.000357850414674723,12.1490878800879,0.00107471157318156,29.5033139244406,0.00125139452978394,28.7360877949293,0.000604180557689228,16.2588083516146,0.00130080584060698,30.9981436283354,NaN,NaN
0.000360184147282824,12.2283185345227,0.0010750144956184,29.5640284379283,0.0012502464348286,28.6871528345707,0.00060393560063211,16.3201256714419,0.00130086826211128,31.0448610183746,NaN,NaN
0.000361489103227254,12.272622030616,0.00107587319145104,29.6393419880509,0.00125061217483925,28.6471766014598,0.000601325208571135,16.359559774902,0.00129803264342696,30.999308840243,NaN,NaN
0.000360127923310685,12.2264097202515,0.0010761438441008,29.7004507413915,0.00125280020916187,28.5794333466808,0.000599305554344844,16.3996418696352,0.00130418154089474,31.0333028465489,NaN,NaN
0.000361296799393768,12.2660932798394,0.0010746624869313,29.7447419686872,0.00126047888423001,28.6328758048401,0.000598892069970262,16.4393802338918,0.00130606403587398,31.0839381560541,NaN,NaN
0.000363124474443528,12.3281431864071,0.00107338816991476,29.6931291850009,0.00126132222310912,28.6746166947476,0.000598842184754525,16.4808467495924,0.00130349630079378,31.0274354817917,NaN,NaN
0.000361600639848234,12.2764087195636,0.00107622395209295,29.6555472849026,0.00126176398724649,28.7395979400881,0.000605923607198284,16.4320821451718,0.00130365441875069,30.9861594983513,NaN,NaN
0.000363457509717357,12.3394497956578,0.00108082232820719,29.6940659530796,0.00125935402498211,28.6863651561118,0.000607623629660424,16.3696929257236,0.00131158617583377,31.0363641561414,NaN,NaN
0.000365068806206087,12.3941536099883,0.00108307222760836,29.7325778377468,0.00126041114194439,28.6104830070856,0.000608822292518781,16.3210710234528,0.0013137521860927,31.0872713981194,NaN,NaN
0.000366700771868193,12.4495591465845,0.00108491556990185,29.7803744108263,0.0012616513464921,28.5712809961208,0.000609737007315925,16.2664872842266,0.00131086223317809,31.0348164273474,NaN,NaN
0.000368168862295664,12.4994010886023,0.00108976673063041,29.8355051176191,0.00126509920789264,28.5278211394283,0.000608928530374719,16.3229401097103,0.00131081635765544,30.9846395735946,NaN,NaN
0.000369339587039637,12.5391474105699,0.00109105260526594,29.8958643488283,0.00126972940070626,28.5750368980884,0.000608069705239692,16.388696350324,0.00131826813150263,31.029552680018,NaN,NaN
0.000366865534067273,12.45515285377,0.00109382493362374,29.8571574876277,0.00127082299966886,28.6198182690581,0.000607441613591295,16.4522968138487,0.00132078067229875,31.0780518814453,NaN,NaN
0.00036527506863578,12.4011562576923,0.00109444092936413,29.8128543739234,0.00127158138654704,28.6673814122987,0.00060704425542953,16.5137415002842,0.00132194869911678,31.1173969342894,NaN,NaN
0.000363999104182177,12.3578370280841,0.00109676663845358,29.8660363635156,0.00127182537968379,28.7122417105226,0.000606907721485581,16.5706523143708,0.00131886570950145,31.0593553106013,NaN,NaN
0.000362502502672611,12.3070271295467,0.00109745389115792,29.9160839212174,0.00127119358810541,28.7667550511072,0.000611068155223738,16.518312210844,0.00131749238242277,31.0018178279056,NaN,NaN
0.000364703769816729,12.3817605569363,0.00109718898722206,29.8703240584553,0.00126716645973415,28.6952163311619,0.000612194491142434,16.4748912839552,0.00131818416232425,30.9528264455464,NaN,NaN
0.000366040226285783,12.427133501677,0.0011003518882543,29.9299162011469,0.00126657470752619,28.6212116852428,0.000613147088097689,16.4298542942573,0.00132601174724026,30.991073217368,NaN,NaN
0.000367319901369865,12.4705787078774,0.00110045240052938,29.9717046785063,0.00126808694764938,28.5626609535676,0.000610996213989567,16.5255415743466,0.0013290334780659,31.0523380314503,NaN,NaN
0.000368542795068974,12.5120961755377,0.00109967313351385,29.9276100525455,0.00127488466254712,28.621822012233,0.000609431876528419,16.609579221898,0.00133127753304495,31.1119716200633,NaN,NaN
0.000367306115280429,12.4701106675868,0.00110552202809125,29.9626082340039,0.00127578300011986,28.6671681403324,0.000607596207246777,16.7134802558142,0.00133191463145304,31.1525474659207,NaN,NaN
0.000364855083717356,12.3868976918977,0.00110648528290529,30.0083874492004,0.00127636140879064,28.7113327603151,0.000605964402604867,16.8157668121127,0.00133033962524566,31.0984426984718,NaN,NaN
0.000366166471778407,12.431419559542,0.00110665921613002,30.0491958775309,0.00127627195468401,28.7740591931068,0.000604921810754983,16.8985584165697,0.00133136995396722,31.0476866078387,NaN,NaN
0.000367831101296602,12.4879340401043,0.00110519447063624,30.1028852035281,0.00127353505327592,28.7109318291692,0.000604386776730341,16.9584962511881,0.00133560456420888,31.0849379987423,NaN,NaN
0.000369469505241263,12.5435581575861,0.00110633016391501,30.1423583076082,0.00127307795559106,28.6673048184904,0.000607849209690293,16.8910517490728,0.00133779792668533,31.1397919421886,NaN,NaN
0.000370698840773585,12.5852943266775,0.00111122266541973,30.1069564273023,0.00127294597671461,28.624613774721,0.000610196386362501,16.8071159201608,0.0013387033012524,31.1861925501192,NaN,NaN
0.000371911415206356,12.6264614533337,0.00111305644075617,30.152192397138,0.00127435416403394,28.557128723634,0.00061274211991185,16.7035570731492,0.00134134663094906,31.2326559292499,NaN,NaN
0.000370369966347944,12.5741289789938,0.00111375343652517,30.2010193629391,0.00127761509124807,28.5188896423581,0.000615074703313307,16.6024420678408,0.00134145300593222,31.2763202601483,NaN,NaN
0.000368736143601334,12.5186603940346,0.00111524527609441,30.144944688908,0.00128291802654306,28.5563411914929,0.000616723930983871,16.5275157619849,0.0013433981228651,31.3151175974861,NaN,NaN
0.000370586329137612,12.5814745357903,0.00111637002190508,30.2122136535588,0.00128515519276899,28.6422623378478,0.000617689802923537,16.4787781555817,0.00134374685307651,31.3588999783884,NaN,NaN
0.000371907399315062,12.6263251130802,0.00111705240635574,30.2622081650044,0.00128582003331475,28.6912555295385,0.000615053161701762,16.5887779748641,0.0013452213781882,31.4096031430882,NaN,NaN
0.000373804067601575,12.6907173528186,0.00111862666060967,30.2038514857961,0.00128599794438222,28.7351760000437,0.000613448138571999,16.6765612574821,0.0013455018938008,31.4508347992765,NaN,NaN
0.00037228414404532,12.6391156664751,0.00111997843350745,30.2674538766072,0.00128537694467848,28.7854193642794,0.000611744339846135,16.779218261392,0.00134566192346258,31.4905440788725,NaN,NaN
0.000371051394336463,12.5972635854577,0.00112064902466495,30.316387981895,0.00128271862655892,28.7453856032422,0.000609989893444158,16.8941412663515,0.00134977562823247,31.5320407716756,NaN,NaN
0.000372785660109417,12.6561422297711,0.001122301374279,30.2701236005722,0.001281727953131,28.6733804490714,0.000608596506391101,16.9992634125577,0.00135591907577759,31.582199802433,NaN,NaN
0.000374972347725316,12.7303806794765,0.00112321817937456,30.2125941433093,0.00128275544666661,28.6031229212526,0.00060799830654181,17.0716330153271,0.0013573930722494,31.6279315524903,NaN,NaN
0.000376611419268915,12.7860274620659,0.00112414086066929,30.2760327879298,0.00128567975788268,28.5462351039213,0.000607965709632924,17.1149407305881,0.00135687196024459,31.5879168370744,NaN,NaN
0.000374856978532415,12.7264638740021,0.00112498347563751,30.3151950857027,0.00129264503985401,28.5839373528704,0.000610246406131772,17.0708065697227,0.00135716129856883,31.5466318893218,NaN,NaN
0.000373408494599848,12.6772875761189,0.00112745705876745,30.2771433284318,0.00129417978194451,28.6311420430683,0.000612494365122471,16.9866640088209,0.00136387868926952,31.5803209095091,NaN,NaN
0.000374883225367597,12.7273549589195,0.00112725956920515,30.327708199742,0.00129554009718902,28.6842269786843,0.000614952670021266,16.886775588863,0.00136464893196443,31.5401586259621,NaN,NaN
0.000376148592608478,12.7703144111923,0.00112857587341823,30.2790937481914,0.00129650774436474,28.7377415727462,0.000617331610300944,16.7788674131633,0.00137013288669168,31.5764303004117,NaN,NaN
0.000377558433195739,12.8181787603426,0.00113026299129157,30.3205364837526,0.00129704175811798,28.7852783761692,0.000619353277404945,16.6809243165443,0.00137418522336255,31.6179085789742,NaN,NaN
0.000379112747129383,12.8709480063703,0.00113138139881598,30.3626037097201,0.00129626351320594,28.8533698097388,0.000620574717478172,16.6178728713302,0.00137651178439695,31.6578125027664,NaN,NaN
0.000380407265903647,12.9148971586027,0.00113647724714107,30.4028993483113,0.00129204880666148,28.8955547982193,0.00061820861436032,16.7098103720912,0.00138173987835677,31.703637015317,NaN,NaN
0.000379083821590061,12.869965978951,0.00113942481968087,30.35673467382,0.00128834337626907,28.8405315937964,0.000616460291703328,16.8022857137418,0.00138294837514484,31.7436772365536,NaN,NaN
0.000377781936280589,12.8257667314835,0.00114529743540638,30.4135119521271,0.00128752387893343,28.7968052031496,0.000614998173102029,16.895924490647,0.00138161775802711,31.688640843003,NaN,NaN
0.000378939959641016,12.8650818391265,0.00114584481368703,30.4817897840051,0.00128694307236997,28.7479563419836,0.000613822258556426,16.9907267028065,0.00138544529216079,31.7276121470155,NaN,NaN
0.000380396716134693,12.914538991992,0.00114483302978556,30.5245731554174,0.00128673382354017,28.6990703828921,0.000612962611192585,17.0846746253359,0.00138673822287622,31.7713883442704,NaN,NaN
0.000382121894705553,12.9731091241107,0.00114108772446213,30.4591877066042,0.00128685873393758,28.6551939632053,0.000612697139567068,17.1597834234126,0.00138820339846421,31.8186874728504,NaN,NaN
0.000383955919711854,13.0353746128795,0.00114015388897881,30.3833830881226,0.00128854973202146,28.5862944904756,0.000618434980321573,17.0990136674298,0.00138967047506805,31.8643643658601,NaN,NaN
0.000385657332708206,13.0931378993404,0.00114135592012164,30.3279546674472,0.00129167825781819,28.5373824719134,0.000620990634207868,17.0005202886339,0.00139363802303455,31.9137645920266,NaN,NaN
0.000387104248330237,13.1422609527903,0.00115003437567229,30.3092640202099,0.00130005765079148,28.5661611024999,0.000623446880603597,16.8969791214783,0.00139533901733045,31.8656741045488,NaN,NaN
0.000384399781386899,13.0504437989852,0.0011543726172676,30.3517170299992,0.00130400092792601,28.6318481578948,0.000625340271558283,16.8027346355748,0.00140128884870826,31.9179038854387,NaN,NaN
0.000382529457531085,12.98694595755,0.0011579895946731,30.4322997967272,0.0013070374468803,28.7010671178426,0.000626650051919839,16.7271790077577,0.00140310272148676,31.9701871055303,NaN,NaN
0.000380989574257164,12.9346666350936,0.00115942602076177,30.4772106008582,0.00130877664530021,28.7813523755217,0.000623050700206346,16.8320122160258,0.00140054602299595,31.9165545954673,NaN,NaN
0.00037982330577668,12.895071604097,0.00116044395840903,30.5184592661553,0.00130930915118876,28.8258816171917,0.000620827696548749,16.9409536985017,0.00140450743716553,31.9629471667954,NaN,NaN
0.000381260053692477,12.9438494620364,0.00116058145776508,30.5744725632382,0.001309523895676,28.8681000990724,0.000618697709625019,17.0539869668039,0.0014061486822324,31.9177641642679,NaN,NaN
0.000382756672354409,12.9946599428998,0.0011516857706953,30.5458061183132,0.00130883402439225,28.927801069719,0.000617082391393018,17.1507321415441,0.00141094744855518,31.9721917660475,NaN,NaN
0.000384217340672008,13.0442499029123,0.00114961439312244,30.469776471257,0.00129979551572433,28.8920486569924,0.000615981741852747,17.2311892227223,0.00141303259909012,32.0229189076566,NaN,NaN
0.000385642058645275,13.0926193420739,0.00114904528868669,30.4262483908669,0.0012978095439997,28.8084019385755,0.000615391560842715,17.294513544023,0.00141352081449602,32.0719353518869,NaN,NaN
0.000384411578218083,13.0508443035895,0.00114884980563385,30.3854784370853,0.00129713195847083,28.7576680433966,0.000618355184827749,17.2428507056201,0.00141078052385501,32.0319994286703,NaN,NaN
0.000382324282430525,12.9799802248715,0.0011503066498341,30.3309979038523,0.00129680149112421,28.7080852004938,0.000619412238536809,17.1936720199713,0.00140998379203301,31.9868464297583,NaN,NaN
0.000383563090580696,13.022037991094,0.0011595895866132,30.3323910771776,0.00129676104899701,28.663589396621,0.00062037568218204,17.1409286480607,0.00141717115397539,32.0128346145532,NaN,NaN
0.000385207180305234,13.0778551418561,0.00116399709795115,30.3809268139071,0.00129707314669376,28.6237841646426,0.000618769725012934,17.2002071582152,0.00142020661996863,32.0560147559034,NaN,NaN
0.000387304513155979,13.1490599807289,0.00116742595964657,30.4623843670975,0.00129867218275569,28.5565735163632,0.000618101897298628,17.2558386433561,0.00142260728401729,32.1025457765254,NaN,NaN
0.000389855089132932,13.2356525077126,0.0011687019123935,30.5062560642275,0.00130058044312916,28.5006854790409,0.000617584117906592,17.3198848692171,0.00142447530141973,32.1515375699479,NaN,NaN
0.000392335515592932,13.3198634455986,0.00116954098719853,30.5457256230736,0.00131060672004233,28.5073804020326,0.00061769422229936,17.3694917896719,0.00142083948502481,32.1044820923222,NaN,NaN
0.000394165220165492,13.3819822548413,0.00116962705480298,30.5887286082159,0.00131513083594936,28.5454401245629,0.000623318873068536,17.3294684583331,0.00141913873838578,32.0643850822881,NaN,NaN
0.000395405419080752,13.4240872377962,0.00116524331922819,30.5324359673263,0.00131938894485006,28.6058577538589,0.000624852115870762,17.2755540947903,0.00141796559263722,32.013874335312,NaN,NaN
0.000393538694026751,13.3607115763494,0.00116389305319902,30.476686538266,0.00132298073798815,28.6800037407583,0.000625891121598861,17.2249929017313,0.0014174458463978,31.96271096059,NaN,NaN
0.000391570418326917,13.2938882516615,0.00116418980047438,30.4258084192877,0.00132485948742816,28.7494314683299,0.000625526735249066,17.1648107494625,0.00141829462500536,31.9091442026737,NaN,NaN
0.000389341901779793,13.2182297019911,0.00116962691622353,30.4605728773835,0.00132501693567975,28.8186096195798,0.000621679853523323,17.2499848119428,0.0014210465428628,31.8654062623977,NaN,NaN
0.00038719745981993,13.1454255001354,0.00117170182856283,30.5336136428784,0.00132466950384999,28.8880522148948,0.000620220991911851,17.3173333373249,0.00142649162183641,31.8957410297596,NaN,NaN
0.000385788783715237,13.0976006853841,0.00117231384548178,30.5909390623217,0.00132397876779303,28.9357114387084,0.000619316936191527,17.3951665599951,0.00143182787895724,31.9530665843454,NaN,NaN
0.000388003469784759,13.1727896877774,0.00116826168613964,30.531980443234,0.00131704217564312,28.8861354940348,0.000618861415877871,17.4684804773971,0.00143513443992668,32.006139496378,NaN,NaN
0.000390259348191216,13.2493771776417,0.00116728003692381,30.4830473594525,0.00131498988295682,28.809921280867,0.000619027478395233,17.5183774087466,0.00143779848629244,32.060870571238,NaN,NaN
0.00039243810700966,13.3233464432044,0.00116989994544747,30.5213869076889,0.00131385656919813,28.7342267562559,0.000624270039491793,17.4752564222131,0.00143888196757566,32.1072035909346,NaN,NaN
0.000394506998887948,13.3935857057929,0.00117069924770395,30.5928891943804,0.00131424308478299,28.6569317339968,0.000625650910056307,17.4114135844319,0.00143493833477899,32.0605854562825,NaN,NaN
0.000396466023826081,13.4600949654071,0.00117018842610462,30.6589527687619,0.00131488508434558,28.6173985443279,0.000626623065689442,17.3597069732263,0.0014335987819076,32.0170241757172,NaN,NaN
0.000397978446872891,13.5114420080653,0.00116793959270779,30.6166846952308,0.00131690021599494,28.5554747148917,0.000627186506391195,17.3201365885964,0.00143393177036268,31.9756680252575,NaN,NaN
0.000395785238283373,13.4369821700974,0.00117336416625114,30.5848573232394,0.00132586280434226,28.5552975320459,0.000626020376716475,17.4114579526137,0.00144213866128599,32.0099497443284,NaN,NaN
0.000393768757766955,13.3685222829552,0.00117691347655449,30.6348171336177,0.00133121483462281,28.5967912914987,0.000625492765932455,17.4742451644027,0.0014449911519864,32.0679858904807,NaN,NaN
0.000391806330661403,13.3018975191267,0.0011776116879715,30.6809421737705,0.0013350714783049,28.6678719419831,0.000625127872114038,17.5336333202524,0.00144655903059001,32.1247654716612,NaN,NaN
0.000390383673836811,13.2535980563445,0.00118284074844675,30.7121780787325,0.00133647829421555,28.7152875588639,0.000624949740601822,17.5869965436282,0.00144552427069887,32.1663615131264,NaN,NaN
0.000391841487597126,13.3030911036083,0.00118425558308843,30.777645973945,0.00133761092699349,28.7669852592583,0.000626958553246593,17.5433249359012,0.00144244501730306,32.1256828744367,NaN,NaN
0.000393976422579502,13.3755725418169,0.00118504526818073,30.8294576469747,0.00133825650233265,28.8173078078573,0.000627862386192396,17.4962630788719,0.00144752878829934,32.1716443549418,NaN,NaN
0.000396432500367653,13.4589568377823,0.00118916046728568,30.8931385464727,0.00133843265460616,28.861247304277,0.000628664311174543,17.4481746613239,0.00144912431078946,32.2119761788514,NaN,NaN
0.000398816588043472,13.5398970560958,0.00118924739584677,30.9326535673074,0.00133681678806124,28.924193402823,0.000629332572528843,17.4022602809181,0.00145430034696072,32.2487376700028,NaN,NaN
0.000400632453002117,13.601546007882,0.00118908448693506,30.9730795762367,0.00133325067135384,28.9609539582,0.000628464017276649,17.4661767800326,0.00145423426853899,32.2077786928237,NaN,NaN
0.000401845225735752,13.6427198668893,0.00118780841045239,31.0276512584582,0.00132727959917061,28.9310670677725,0.000627884226035225,17.5259327027286,0.00145740570112367,32.2563041201037,NaN,NaN
0.000400529390315284,13.5980470105688,0.0011851508214091,30.9765333244683,0.00132623566921181,28.8534904916801,0.000627439708218867,17.5932509545784,0.00145753164948751,32.1947500994805,NaN,NaN
0.000398571889456581,13.5315894937335,0.00118522852964156,30.9041769206794,0.00132627868403657,28.8101899156377,0.000627174360832806,17.6650909618854,0.00145819990530453,32.143237618548,NaN,NaN
0.000400338906163896,13.5915800383366,0.00118673745879969,30.8595802445481,0.00132773101807976,28.7451584294719,0.000627448285116517,17.7164953273306,0.00146411873274468,32.1773263631561,NaN,NaN
0.000402113408849726,13.6518247332972,0.00119274778686423,30.9078917222457,0.00133639770718373,28.7422120437351,0.000632304710023815,17.6328314421856,0.00146688227622661,32.2331389420984,NaN,NaN
0.000404103277617021,13.7193811466261,0.00119459623445445,30.9654021215802,0.00134045543756911,28.7996437321372,0.000633296112840843,17.5680727999833,0.00146849591169463,32.27271723229,NaN,NaN
0.000406308512465785,13.7942492783236,0.00119500767804627,31.0124810588308,0.00134198451521722,28.8437462460359,0.000633751774898324,17.512492581862,0.0014689859709071,32.2329063987586,NaN,NaN
0.000408261685917493,13.8605598788896,0.00119388063405969,30.9562890101055,0.00134324698543301,28.896019354233,0.000632355210914697,17.4673348976122,0.00147040550613408,32.1863563016353,NaN,NaN
0.000409811218273449,13.9131667894688,0.0011948706122564,30.9131042785268,0.00134428016597952,28.9494276022218,0.000629286860588619,17.530611562926,0.00147432614321174,32.2253094312997,NaN,NaN
0.00040760287387174,13.8381930878728,0.0012001298813325,30.9621780109045,0.00134489490573641,28.9973318395826,0.000627218705820582,17.604907070455,0.00147584282494362,32.2670373893224,NaN,NaN
0.000406248777481703,13.7922212645464,0.00120094567567832,31.0121813452461,0.00134477429768649,29.0559775135114,0.000625307372661639,17.6908310143569,0.00147376925046622,32.2139779575022,NaN,NaN
0.000404403952654933,13.7295891198718,0.00120168259736115,31.0657823385532,0.00133956178896259,29.008980405651,0.00062395815191673,17.7806605451492,0.00148128250518074,32.270092876585,NaN,NaN
0.000406807068484931,13.8111753475452,0.0012013750857306,31.1208038703257,0.00133717188168129,28.9367326071571,0.000623123718282356,17.8607591831275,0.00148321271420992,32.3322837571114,NaN,NaN
0.000408368157647611,13.864174613854,0.00120224657900451,31.1672343470143,0.00133641241009103,28.887715327642,0.000623087956051961,17.9119088144807,0.00148335061686377,32.3735627883401,NaN,NaN
0.00040992955648258,13.9171843935943,0.00120890741434241,31.1925015322366,0.0013359041626145,28.8312688313954,0.000629169232912907,17.837915867772,0.00148025269003727,32.3347062365282,NaN,NaN
0.000411127471320046,13.9578538242738,0.00120745806067762,31.1393285967653,0.00133563036564839,28.7724498579438,0.000631044493164349,17.7676653539548,0.00147908449767711,32.2940616629498,NaN,NaN
0.000412356090750022,13.9995656815579,0.00120769517362906,31.0967700238733,0.00133568311834933,28.718298934842,0.000632609229389632,17.7115357503825,0.00147847333303767,32.2504072030643,NaN,NaN
0.000410885200405295,13.9496286818305,0.00121334631852743,31.1515162781824,0.00133606871262135,28.6742362687657,0.000633863441588754,17.6695270570552,0.00148571893950932,32.2836634053444,NaN,NaN
0.000409576346085269,13.9051928351634,0.00121467224275166,31.1905262085586,0.00133861575975051,28.6296922696522,0.000635620585510688,17.7610814438816,0.00148894066227986,32.3248232703135,NaN,NaN
0.00041170900203994,13.9775968999592,0.0012163269074813,31.2581847814268,0.00134796826355321,28.6674387567064,0.00063543891787044,17.823350302838,0.00149183551952508,32.3700461555504,NaN,NaN
0.000412958313974561,14.0200112716098,0.00121660229378831,31.3029340245894,0.00135192625876536,28.7441894588157,0.00063517419406831,17.8810566706005,0.00149414174282966,32.4106661923226,NaN,NaN
0.000414958000821995,14.0879010105786,0.00121514020116642,31.2588576795576,0.00135361193830852,28.7980309255284,0.000634865861096883,17.9315301042792,0.00149032999116114,32.3588071605449,NaN,NaN
0.000413637061102853,14.0430548623724,0.00121491481219243,31.1866747878158,0.00135511344285507,28.8562429369291,0.000635766653270472,17.8708880886338,0.00148939174360101,32.3168461055214,NaN,NaN
0.000411608532675112,13.9741859464085,0.00121587558560464,31.1301587570276,0.0013561919016472,28.9123463879836,0.00063629897869156,17.8190537768554,0.00148921489871042,32.276624428746,NaN,NaN
0.000414285611780037,14.0650732780251,0.0012192657463689,31.1745072850064,0.00135681266921077,28.9594791030696,0.000636801031106979,17.7677441515643,0.00148960048615452,32.2364510283827,NaN,NaN
0.000415990115907385,14.122941508956,0.00122029414635044,31.2546114208882,0.00135617596713338,29.0108804478466,0.00063724698336144,17.7202057762778,0.00149224076554154,32.1981241628051,NaN,NaN
0.000417829349829847,14.1853838413936,0.00121998861985688,31.3217117956512,0.0013509274936135,28.9760623184387,0.000636656636186976,17.7924413077665,0.00150016407547668,32.2332273408324,NaN,NaN
0.000419305557109188,14.2355013520362,0.00121829352675734,31.362329395697,0.0013497357983509,28.9050898624517,0.000636186432506894,17.8486500684793,0.00150379478224311,32.268996428153,NaN,NaN
0.000417180357397136,14.1633504280588,0.0012148378675773,31.322735577152,0.00134980370446246,28.8585626546633,0.000635732991982587,17.9047561731402,0.00150731606963364,32.309493662097,NaN,NaN
0.000415909114934551,14.1201915109206,0.00121435619162307,31.2419250892169,0.00135034201169912,28.8122170529829,0.000635325628718725,17.9575325341144,0.0015106184063562,32.3625750915845,NaN,NaN
0.000418180570581935,14.1973078510005,0.00121445351349828,31.1991360696853,0.00135139471511574,28.7720961748177,0.000636113259006251,17.9016270744108,0.00151236642887825,32.4129931230218,NaN,NaN
0.000420266072353465,14.268111022542,0.00121542505064446,31.1318567516887,0.00135415632444187,28.7320555534905,0.000636693740166001,17.8510199138838,0.00150824988365849,32.375393475282,NaN,NaN
0.00042264645985906,14.3489256193908,0.00122046978428191,31.0937875514951,0.00135923713481561,28.7956725927557,0.000637293109520342,17.8010857208079,0.0015066904693617,32.3251858260418,NaN,NaN
0.000425046327362007,14.430401565759,0.00122977935607165,31.1230477209065,0.00136042566007006,28.8387615657518,0.000637881846430403,17.7551350844144,0.00150551688608467,32.2695583162754,NaN,NaN
0.000427198637006756,14.5034728769743,0.00123404650450831,31.182086223065,0.00136117809139701,28.8808781023429,0.00063778549736937,17.8360084182777,0.001505691701495,32.2302010365015,NaN,NaN
0.000428567392292087,14.5499423725118,0.00123764519077603,31.2529963219546,0.00136109107704414,28.9411346114243,0.000637737683175322,17.898409514243,0.00151436944635193,32.2308684137579,NaN,NaN
0.000426333661596104,14.4741068015216,0.00123957181654261,31.31618572046,0.00135777329061551,28.8957278540002,0.000637954099424619,17.9635024800127,0.00151770658815683,32.2768118028822,NaN,NaN
0.000424373254754022,14.4075506260122,0.00123989270983819,31.3729418281351,0.00135884629044116,28.8158018641464,0.000638466105487322,18.0280476910667,0.00152036052682225,32.3312477030148,NaN,NaN
0.000422740109683556,14.3521050482837,0.0012396250925817,31.419655183292,0.00136180959119508,28.7559990490205,0.000644823417684904,17.9745107613184,0.00152107046883399,32.3747313591933,NaN,NaN
0.000421478563499366,14.3092753215935,0.00123517459199598,31.3617390724119,0.0013687510737115,28.817191202475,0.000646217006713351,17.9256776121684,0.00151736746482092,32.3235779990029,NaN,NaN
0.000420318833601589,14.2699022766912,0.00123281451681186,31.2915864276358,0.00137010586636232,28.8641260664363,0.000647327245832873,17.8741348372126,0.00151618699709398,32.2651088038554,NaN,NaN
0.000422691982154685,14.3504711097616,0.00123162163870016,31.2142029334614,0.00137090495886143,28.9135894670472,0.000645750658842356,17.9547730364595,0.00151566188313624,32.2067364359351,NaN,NaN
0.000424404948555943,14.4086266364596,0.00123143881511682,31.1731345002944,0.00137124803099241,28.9561819475527,0.000644739438588516,18.0218760510888,0.00151616202717416,32.1652578614723,NaN,NaN
0.000426319505673081,14.4736262053122,0.00123206688160143,31.1051078786214,0.00136710184908009,28.8983854708697,0.000643707478313934,18.1002800054772,0.00151887312806255,32.127379563796,NaN,NaN
0.000428435653506102,14.5454698163193,0.00123837644518085,31.1491599982124,0.00136682859516349,28.834560636878,0.000643170915718821,18.1663860824585,0.00152712706131738,32.1699302116055,NaN,NaN
0.000430235937308495,14.6065897849639,0.00124078701961501,31.2189079815989,0.00136948441916588,28.8722058543908,0.000644286130236121,18.2156140932948,0.00153058071219535,32.2222262608482,NaN,NaN
0.000429068238632967,14.5669461985806,0.00124167369065895,31.2871953515896,0.00137094237672937,28.9211762696723,0.000646894731977291,18.1544438873288,0.00153337946925465,32.2784333298295,NaN,NaN
0.000427476042144539,14.5128908327991,0.00124141304914401,31.3458741523215,0.00137297049548827,28.8696193470147,0.000648655928622494,18.0826215358621,0.00153567266623418,32.3354973709916,NaN,NaN
0.000429378148023551,14.5774676798104,0.00123897050897213,31.2794006551435,0.00137571846107186,28.9118670509221,0.000650228179470461,18.0044255545748,0.00153706806121053,32.374592428547,NaN,NaN
0.000430609332870686,14.6192666334823,0.0012394524220412,31.2150634700665,0.00137624205962883,28.9752843320526,0.000651244408036602,17.929249561636,0.00153584813950245,32.3252648071857,NaN,NaN
0.00043271396454868,14.6907192688926,0.00124184792526173,31.1702303225872,0.00137590807578133,28.9212607471921,0.000651813274034472,17.8664118181093,0.00153491177401296,32.2718827252504,NaN,NaN
0.000434343931102833,14.7460569354033,0.00124991092995503,31.1527088120187,0.00137815456361544,28.9747556301843,0.000649424588198803,17.9208428383516,0.00153507014978032,32.2255994262469,NaN,NaN
0.000435609088381533,14.7890092594213,0.00125349552418331,31.2048640223327,0.0013793843912904,29.0204798000352,0.000648471120713747,18.0017445461455,0.00153754790259404,32.1866909319884,NaN,NaN
0.000433587629285115,14.7203803485655,0.00125517397539307,31.2451963247384,0.00137955191394228,28.9799584728274,0.000647690588802796,18.08718295493,0.0015423145518432,32.2460743206266,NaN,NaN
0.000432228989920306,14.674254290404,0.00125663076181745,31.2894946226556,0.00138070200698241,29.0278551133392,0.000647351398225,18.1554663968256,0.00154398275870086,32.3006758754837,NaN,NaN
0.000433390833031301,14.7136990792865,0.00125774651162126,31.3325048640056,0.00138557335549721,28.9936937028068,0.000647453548980355,18.2065948718324,0.00154675021781066,32.3386812555018,NaN,NaN
0.000434950259870441,14.7666419094031,0.00125859983033275,31.4052327590844,0.00138685642062054,28.9473423735145,0.000651261267908693,18.1504596087789,0.00155382815787843,32.3123030576662,NaN,NaN
0.000436324387721389,14.8132938045387,0.00125767997469951,31.4613613505921,0.00138834053743546,29.0001286323478,0.000652245335464155,18.098966067308,0.00156232064893486,32.313727501113,NaN,NaN
0.000438392274757183,14.8834989525383,0.00125522275328424,31.5032871386363,0.00138888590618269,29.0626194748875,0.000652972746985925,18.0527536093941,0.0015723219331311,32.3068901725684,NaN,NaN
0.000436657230663741,14.8245938841001,0.00125170641306325,31.4518473821923,0.00139116011126923,29.0155761883606,0.000653513951719043,18.0066001701791,0.00158384287700477,32.3283707797458,NaN,NaN
0.000435375592758799,14.7810820397678,0.00124910318978781,31.3885883079264,0.00139242173199948,28.9665219102851,0.00065298872392934,18.0473804123511,0.00159181993922749,32.3426152142136,NaN,NaN
0.000434188702490324,14.7407868952482,0.00124739874618268,31.3229582749396,0.00139418323066221,29.0201038522222,0.000652209726662924,18.1096519184016,0.00159493348112217,32.3796507438298,NaN,NaN
0.000432601300222007,14.6868942941278,0.00124678392371779,31.2524098732642,0.00139484787433987,29.0871495197822,0.000651550693152127,18.1702809276224,0.00160447749008651,32.364551643294,NaN,NaN
0.000434633659213323,14.7558932584348,0.00124702141580655,31.1876235687214,0.00139522962044913,29.1276068450351,0.00065101162339695,18.2292674400134,0.00161200117887765,32.344210590874,NaN,NaN
0.000436393651409762,14.815645319592,0.00124829449654995,31.147507612943,0.00139562176472306,29.0628271012444,0.000650629814487954,18.283597227772,0.00161899046314785,32.3741239032563,NaN,NaN
0.000438563544728492,14.8893135997969,0.00125857950876741,31.1674068084199,0.00139605765653268,29.0114874127624,0.000652612010119286,18.2323523934187,0.00162510452795359,32.4058035255127,NaN,NaN
0.000441143339169516,14.9768980990493,0.00126314186778862,31.2296456110015,0.00139718136501703,29.0518309117242,0.000653651585447715,18.1797870889383,0.00163133176420714,32.4565706899559,NaN,NaN
0.000443576808685469,15.0595148399848,0.00126759341381759,31.2994190246294,0.00139787884581685,29.1143979737488,0.000654635624459429,18.1247466329853,0.00163536437070511,32.4915550210087,NaN,NaN
0.000445232156624357,15.1157142092099,0.00127103872489616,31.3749633473802,0.00139841798503175,29.158210836449,0.000655522383458174,18.0705639385972,0.00163958261133625,32.5289893947901,NaN,NaN
0.000446443673635942,15.1568454362209,0.0012724890688093,31.4161510042047,0.00139878640607526,29.110439690348,0.000654929226880523,18.1128264550643,0.00164811818334875,32.5709250098632,NaN,NaN
0.000444399420434787,15.0874426612861,0.00127364023529937,31.4565181830456,0.00139930801789907,29.0649830633625,0.00065439084907407,18.1688860729798,0.00165843265875193,32.5910381513317,NaN,NaN
0.000442741928659065,15.0311705084033,0.00127465721325923,31.518243652485,0.00140147922110052,29.116445475142,0.000654006700394423,18.2346523909102,0.00166852415850424,32.5903544184773,NaN,NaN
0.000441076439513326,14.9746268433266,0.00126669646633711,31.492241001069,0.00140217739881345,29.166615849646,0.000653828714242971,18.306910776662,0.00167646770570839,32.6094419606641,NaN,NaN
0.000439586078500536,14.924028810811,0.00126410876026424,31.4303750082421,0.00140100578905428,29.1233414442367,0.000654279143231052,18.359496536859,0.00168564610992298,32.6358796310363,NaN,NaN
0.000441776953173341,14.998409411874,0.00126306054740804,31.3903596291433,0.00140113996658141,29.1890614511669,0.000660077081700907,18.29905662066,0.00169388478805258,32.6047697861587,NaN,NaN
0.000443670306058078,15.0626890931079,0.00126232082117425,31.349137361947,0.00140264371767848,29.2400178753972,0.000661105586501855,18.2493218782018,0.00170309861836321,32.5496153358994,NaN,NaN
0.00044522616409934,15.1155107618753,0.00126194086808299,31.2784670455468,0.00140789861242281,29.200835142924,0.000660716458896147,18.2014122588886,0.00171047431946727,32.4985632827669,NaN,NaN
0.000446405719470955,15.1555568852875,0.00126345479820638,31.2289574633323,0.00140959068351252,29.1449044575886,0.000656324714805703,18.2821875708037,0.00171827913689047,32.4526962037806,NaN,NaN
0.000444263874254329,15.0828408433458,0.00126755567762285,31.1803022964479,0.00140991851801899,29.2154328049907,0.000654562259719111,18.3485097196512,0.00172934762460009,32.4007325068422,NaN,NaN
0.00044249866984869,15.0229118267205,0.00127439239958709,31.2161266203903,0.00140979435778954,29.2615862027293,0.00065326817098612,18.4175957680685,0.0017388559766,32.4138373865525,NaN,NaN
0.000445026394427183,15.1087285444926,0.00127866324512276,31.2693846603468,0.00140976545552302,29.310011129541,0.000652920395439723,18.4795351749091,0.00174185527421216,32.3677423966148,NaN,NaN
0.000446634278264026,15.1633164986592,0.00128240166770728,31.3329994922859,0.00141059478538779,29.3641840972093,0.000653167805721917,18.528903255821,0.00175112442791779,32.331390599853,NaN,NaN
0.000448161861799043,15.215178242701,0.00128573625309783,31.4132549887621,0.00141272378212374,29.3044230670503,0.000659020519725527,18.4804095638428,0.00175723389955927,32.2797117916039,NaN,NaN
0.000449609145032233,15.2643137766178,0.00128727891485414,31.4568396431003,0.0014124665978945,29.2576368632306,0.000660385276098182,18.4204064653855,0.00176591753269827,32.2271213395488,NaN,NaN
0.000447728166907558,15.2004542207809,0.0012885570874113,31.4969194399015,0.00140999161086466,29.3130943507836,0.000661338758806784,18.3592203657824,0.00177228800790748,32.1223392796038,NaN,NaN
0.000446558857259512,15.1607559415821,0.00128991750541328,31.5591023522199,0.00140952698445186,29.3574895764031,0.000661765658512369,18.3176415720847,0.00178160659186434,32.0554474153431,NaN,NaN
0.000445395595332943,15.121262983648,0.0012897253332864,31.5995374964171,0.00140940104660739,29.4065085592259,0.000659595674311931,18.3770747508761,0.0017858661504941,32.0101501137356,NaN,NaN
0.000447032398186687,15.1768327437965,0.00128301147595726,31.568091482557,0.0014095529850657,29.4502643821598,0.000658884803309859,18.4487186306864,0.00179053860342017,31.9666191220021,NaN,NaN
0.000448512162655153,15.227071021669,0.00128078656210577,31.5242165597673,0.0014109558007158,29.4968929123162,0.000658555926922804,18.5099029994347,0.00179485027128496,31.9246835069289,NaN,NaN
0.00045000032673678,15.2775944679646,0.00127830242263137,31.4754757875441,0.00141458668816909,29.4595923371986,0.000658609045150763,18.5606278571213,0.00180240456586309,31.8374505902482,NaN,NaN
0.000451496890431569,15.3284030826833,0.00127622120290093,31.4238573112316,0.00141626714166781,29.3976780097369,0.000659835484591741,18.608952189626,0.00180639500867253,31.7930649324466,NaN,NaN
0.000449832750759659,15.2719052324932,0.00127482497194642,31.3688726922393,0.00141674653057896,29.3577691669681,0.000662392705222858,18.5162107408243,0.00181066290794088,31.7523828276066,NaN,NaN
0.000448654825715421,15.2319144589975,0.00127517828845245,31.3169544926519,0.00141591792551197,29.4142651554931,0.000663525687046868,18.4644551152753,0.00181928616836925,31.7180252516703,NaN,NaN
0.000447447334032853,15.1909198926524,0.0012765685797512,31.2664934584011,0.00141542402915884,29.489361188056,0.000664467073676266,18.417421668112,0.00182254998987867,31.638142463175,NaN,NaN
0.000448776271248714,15.236037557354,0.00127907017421343,31.2231599112849,0.00141558718487748,29.5540592924594,0.000665200841687593,18.3779994272026,0.0018281047782295,31.5819624136341,NaN,NaN
0.000450246272718967,15.2859443796283,0.00128217747630399,31.1829148259214,0.00141829059515582,29.4931453299157,0.00066474380933721,18.4776504487857,0.00183636388635182,31.5318220043075,NaN,NaN
0.000451845964216441,15.3402542023555,0.00129053835520023,31.1600062834233,0.0014166344143692,29.5445301780025,0.000664245028750409,18.5403584179279,0.00184055580198468,31.4632208079107,NaN,NaN
0.000453575345741129,15.3989670255354,0.00129657048216895,31.1921057299821,0.00141691469441955,29.6021482447454,0.000663809249711522,18.6008877975251,0.00184498882823048,31.4178095508274,NaN,NaN
0.000454847236339584,15.4421479470065,0.00130110360452267,31.2430500985708,0.00142196104803111,29.5603326156173,0.000663478978114915,18.6561129761982,0.00185041912058272,31.3506327978773,NaN,NaN
0.000452773385551144,15.3717403284996,0.00130487873460013,31.3025332333256,0.0014264143017699,29.6110237927506,0.000665489164011256,18.5971649499555,0.0018603965297579,31.2939969264334,NaN,NaN
0.000451594927321339,15.3317314532552,0.00130723261938129,31.374157043025,0.0014276024813571,29.5555264588939,0.000666548323536452,18.5407482375399,0.00186407684181498,31.2109233846173,NaN,NaN
0.000452861945353735,15.3747469502058,0.00130805782598168,31.4156495621434,0.00143497267964661,29.5774827056359,0.000667581622743245,18.4819818421594,0.00186843725167004,31.1549712460279,NaN,NaN
0.000454789177888068,15.4401768518206,0.00130868400558404,31.458109915045,0.00143949088070414,29.5402734934749,0.000668549662229841,18.4243309407878,0.00187304512267439,31.1016400833805,NaN,NaN
0.00045735982079059,15.5274506546453,0.00130903786478475,31.5282086224131,0.00144007105179843,29.5819201763735,0.000668459307532509,18.4659244713791,0.001878166279946,31.0336086643624,NaN,NaN
0.000460107380754752,15.6207308244916,0.00130574552991261,31.5720711109947,0.00144358315883501,29.5455856810968,0.000667939600860339,18.51711832969,0.00188415477591844,30.9902486058425,NaN,NaN
0.000462589662188067,15.7050047390653,0.00129865310888412,31.5362632538081,0.00144245623779425,29.6081402466574,0.000667411034180309,18.5721674930595,0.00189565903727372,30.9520165437309,NaN,NaN
0.000464644020690241,15.7747505908419,0.00129613829290338,31.4672267614337,0.00144232545893519,29.6497078849994,0.000666923800184271,18.6276805346918,0.00189881336137026,30.8995400471516,NaN,NaN
0.00046585609497379,15.8159007373394,0.00129532924767484,31.4262641614467,0.00144237035440498,29.6899489258904,0.000669507087331257,18.5522164046027,0.00190175167269144,30.8134466852284,NaN,NaN
0.000463510951934515,15.7362826966521,0.00129505043601107,31.3525175432545,0.00144334117791782,29.7402382973223,0.000670529307218148,18.5071297291182,0.00190567079908964,30.7245044364116,NaN,NaN
0.000461360880253904,15.6632873647339,0.00129733821367478,31.2990104972078,0.00144736467294522,29.6841233561155,0.000671535327588255,18.4635562564038,0.00191014254337505,30.6643929229575,NaN,NaN
0.000459030277080786,15.5841629551966,0.0013014422692077,31.261286793215,0.00144886419623492,29.6244444982392,0.000671720243509511,18.5267033391256,0.00191445168596141,30.6157339348156,NaN,NaN
0.000457158491341464,15.5206154825455,0.00130971032285283,31.28633948409,0.00144979741631132,29.6666768383562,0.000671372324153453,18.5788201537415,0.00191710672608409,30.5532863341088,NaN,NaN
0.000455790346407317,15.4741667085438,0.0013137618949761,31.3591963962444,0.00144970703912849,29.7125807941591,0.000671074895026665,18.6327277461511,0.00191981219150911,30.4728907459727,NaN,NaN
0.000457159648895119,15.5206547817066,0.00131545090614977,31.3997660643484,0.00144963279196185,29.7647632514756,0.000670877068028913,18.6855050525224,0.00192269625102882,30.3815554321652,NaN,NaN
0.000458874999495867,15.578891252419,0.00131674364416565,31.4396628275272,0.00144972561463734,29.810658717415,0.000674716238893781,18.6188594997018,0.00192717656495941,30.3037238422333,NaN,NaN
0.000460747926839529,15.642477482749,0.00131760301508662,31.4793536128434,0.00145041184088762,29.86089771932,0.000675901977272311,18.576278537305,0.00193154929379578,30.2270318070588,NaN,NaN
0.000462778430926105,15.7114134726964,0.00131802901891267,31.5188384202972,0.00145230730032265,29.8089511866432,0.00067699556204933,18.5343232357398,0.00193737457510943,30.1621341636235,NaN,NaN
0.000464451555278308,15.7682163544471,0.0013182329035166,31.5590750058179,0.00145360244518396,29.72993160742,0.000677038572608883,18.5856327159905,0.00194400039409335,30.1092588228791,NaN,NaN
0.000461993805389006,15.6847752903378,0.00131813495133119,31.6264146303101,0.00145456050263757,29.6723744805054,0.00067667347515681,18.634061006128,0.00195085033624345,30.0664685417379,NaN,NaN
0.000460508767399717,15.6343579754563,0.00131388174149678,31.5871294629317,0.00145728091390047,29.7301155178595,0.00067644391412041,18.6866753819358,0.00195773945568752,30.0147897334888,NaN,NaN
0.000458931154617782,15.5807977292124,0.00131180104562785,31.5184504205555,0.00145798643648345,29.7810872820392,0.00067640516180173,18.7407732573993,0.00196378036644397,29.9534247098016,NaN,NaN
0.000461750996624035,15.6765318877799,0.00131122201125333,31.4421005992359,0.00145751093078405,29.8214308931148,0.000683170071841108,18.6759826103631,0.00196932520676592,29.8722884110731,NaN,NaN
0.000463875546869536,15.7486607622475,0.00131147057426954,31.401782330884,0.00146219743800694,29.7752798621974,0.000684227701637893,18.6338764251917,0.00197518775181368,29.7742867019348,NaN,NaN
0.000466263831444603,15.8297434660681,0.00131305910749404,31.3367539477316,0.00146406319167628,29.7270830673707,0.000680458826315033,18.7081929999741,0.00198228813778407,29.6709290854366,NaN,NaN
0.000468552880379481,15.9074571015181,0.00131938141455662,31.3664452312197,0.00146630645134665,29.77958096924,0.000679598339103155,18.7513546635134,0.00198880660005976,29.5716168883272,NaN,NaN
0.000470115956926791,15.9605238399033,0.00132283977728524,31.4448609708281,0.00146815904243028,29.7400794828506,0.000686380382699555,18.7193620062321,0.00199521877846195,29.48991081222,NaN,NaN
0.000468666060823882,15.9112995985754,0.00132408932803336,31.4866522347173,0.00146979684254615,29.6727056682337,0.000681532747264275,18.7649795633414,0.00200009048448201,29.3940742571208,NaN,NaN
0.000466609043501155,15.8414634793484,0.00132495863427315,31.5291072050524,0.00147428351745643,29.7178354946086,0.000679909977299536,18.815259859225,0.00200474212222101,29.2637661706095,NaN,NaN
0.000464852649939327,15.7818335925028,0.00132544769600458,31.5722258818332,0.00147504016468358,29.7816156141083,0.000687950203071145,18.8022837367102,0.0020108792922797,29.1588701551888,NaN,NaN
0.000463447696192186,15.7341351524801,0.0013257480242167,31.6155695975698,0.00147586125748968,29.7315654553353,0.000685921149529769,18.8470953030392,0.00201677841342121,29.0695290622069,NaN,NaN
0.000462046356037745,15.6865593945991,0.00132588836329821,31.6824193046471,0.00147704587427328,29.6583081291857,0.000684913977801206,18.89589474641,0.00202212805429309,28.9658295792814,NaN,NaN
0.000464711458680201,15.7770401230958,0.001321907792667,31.6289988666206,0.00148242444054761,29.6954451429123,0.000686721282529155,18.9381596565015,0.00202869127959575,28.8526148141315,NaN,NaN
0.000466473320560246,15.836855660358,0.00131979894269372,31.5622321715931,0.00148126109082609,29.6526714927452,0.000691771485678529,18.9698161012328,0.00203571820782965,28.7533026170221,NaN,NaN
0.000468274492629886,15.8980057858402,0.00131943358186507,31.4973059349053,0.00148423417521591,29.6134561415699,0.000694428479307346,18.928310504964,0.00204277161228483,28.6862398195478,NaN,NaN
0.000470114974889125,15.9604904995426,0.00132089066756116,31.438618584242,0.00148757731265043,29.6511873260746,0.000692127541833425,18.9678733952448,0.00204846635261254,28.6095477843733,NaN,NaN
0.000471394453010091,16.0039290188088,0.00132912595438989,31.4743249814376,0.00149072029976085,29.6072889388597,0.000693725636198224,19.0133132802603,0.0020539779069225,28.5109193201184,NaN,NaN
0.000469510834167907,15.9399798101231,0.00133076563342446,31.5162870683224,0.00149552087507375,29.6411767870898,0.000696209325695757,19.062808159362,0.00206054954878555,28.3780472354029,NaN,NaN
0.000468135346119514,15.8932817360322,0.0013320096937823,31.5608717293903,0.00149628543738753,29.6848480717824,0.000697832762464401,19.1267198041723,0.00206840218969029,28.3065401743746,NaN,NaN
0.000466478639022469,15.8370362231359,0.00133271482361745,31.6018027413699,0.00149460295040542,29.641941793396,0.000699118208969846,19.1722296426538,0.00207363031971696,28.2296202282486,NaN,NaN
0.000465222007280022,15.7943733426533,0.00133225686331597,31.6673238549049,0.00149461677634086,29.6021981001165,0.000697623263148074,19.1287922640248,0.00208026386513854,28.0978876982906,NaN,NaN
0.000466548820099795,15.8394188837141,0.00133020655705112,31.7066611753707,0.00149492524247843,29.5541662118389,0.000698399729263786,19.1823859905637,0.00208726546590767,28.0060965625802,NaN,NaN
0.000468514151532605,15.9061422499911,0.00133120177326216,31.6487537331843,0.00149551161518137,29.5004859387413,0.0007002824560519,19.2248842501579,0.00209444841629767,27.9382360767757,NaN,NaN
0.000471271062509775,15.9997398884615,0.00133451455934405,31.6028386444695,0.00149635357642396,29.4502524339981,0.000701811438449176,19.1775844939047,0.00210053447217246,27.8425704548901,NaN,NaN
0.000474255820070065,16.1010729606438,0.00134088251746126,31.5346370887953,0.00149740389947405,29.4108009648549,0.000700829345239327,19.238805877281,0.00210613226307518,27.750209541801,NaN,NaN
0.000477006782157249,16.194468633197,0.00134945052393393,31.5324056620576,0.00150496946733229,29.4668107219409,0.000701691768518181,19.3010048052972,0.00211130736473749,27.6330633127379,NaN,NaN
0.000479319749243575,16.2729942943202,0.00135897257930588,31.538356133358,0.00150664280757124,29.5141837700269,0.000705487021250388,19.2392057341742,0.0021178229955652,27.5231532563845,NaN,NaN
0.000480594954708066,16.3162877561074,0.00136345151422039,31.5830418841815,0.00150798896784006,29.5600781676454,0.000706230881989623,19.1994979791143,0.0021254924498316,27.404468628399,NaN,NaN
0.000478350960980639,16.2401037532982,0.00136719153615525,31.6348796437795,0.00150882434051647,29.6013844573185,0.000707096165094446,19.1403953922649,0.0021311652286981,27.3021935889203,NaN,NaN
0.000475997612774809,16.1602071456861,0.00137446136860893,31.6801375553049,0.00150903944805699,29.6702435465393,0.000706923051268456,19.225688778113,0.00213899353470681,27.1498351178529,NaN,NaN
0.00047341469270674,16.0725165308164,0.00137597720282442,31.7222485829696,0.00150446300134986,29.6131749675683,0.000706731730381167,19.2753983868104,0.00214410191250155,27.0462495904032,NaN,NaN
0.000471253479563966,15.9991429441935,0.00138549703200495,31.7240794972158,0.00150392105592786,29.5619660266656,0.000706586448883566,19.3232487803462,0.00215240677621958,26.893834141598,NaN,NaN
0.000469559284912984,15.9416247218954,0.001388717301946,31.7710538908472,0.00150376145587651,29.51058466698,0.000706506070641835,19.3669812258053,0.00215926574602804,26.7886532374879,NaN,NaN
0.000468332108753795,15.8999618639219,0.00139580385093898,31.8251230771828,0.00150391144075174,29.4631830726426,0.000708339099707211,19.2950333519776,0.00216611201290202,26.64888684649,NaN,NaN
0.000469725676392153,15.9472737434419,0.00140020548221008,31.8763886760789,0.00150445858460497,29.4185252351658,0.000709826558875948,19.2262655141412,0.00217314666881476,26.5211997359208,NaN,NaN
0.000471411439077205,16.0045056989345,0.00140674939905767,31.9598097064254,0.00150540288743621,29.3766111545496,0.000711096484765043,19.2997651636071,0.00218088269324336,26.3617760253574,NaN,NaN
0.000473434194242306,16.073178611562,0.00140969859191249,32.0549600311621,0.00150665905441734,29.3359963338946,0.00071108790723589,19.3524067338527,0.00218800725854259,26.2363680243031,NaN,NaN
0.000475793941887455,16.1532924813247,0.00141324757248753,32.1221316975728,0.00150799077807236,29.2957669520917,0.000710870770594401,19.4077743925868,0.00219505553527795,26.1296487212705,NaN,NaN
0.000477903811475573,16.2249229447541,0.0014144955844768,32.1662452876943,0.0015104534568488,29.2346602949609,0.000710469556182932,19.4633825497345,0.00220323888690958,25.9535305335108,NaN,NaN
0.000479112524219123,16.2659589663458,0.00141701584913179,32.2610523160099,0.00152012684182856,29.2302581486947,0.000709729986994648,19.4069279947543,0.00220936610955999,25.8489194067794,NaN,NaN
0.000476843397847164,16.1889217055981,0.00141784881284677,32.3096287596067,0.00152716816385767,29.2876668377675,0.000710186548874828,19.3656353289145,0.00221866387770917,25.6700093098641,NaN,NaN
0.000475039708602234,16.1276861215484,0.00141871564155379,32.3686757440495,0.00153206779314384,29.3518648713153,0.000713090080266409,19.4424495032422,0.00222508952322858,25.582092660329,NaN,NaN
0.000473423947790675,16.0728307426307,0.00142111715956168,32.4629678277333,0.00153603380299889,29.4154196703368,0.000713127892088464,19.4880242998161,0.00223328879009286,25.3802775127894,NaN,NaN
0.000472095914130621,16.0277437538162,0.00142365202369211,32.5499934705022,0.00153833166667957,29.4712585057163,0.000712308217517714,19.5331927203157,0.00224085739375455,25.2974888596627,NaN,NaN
0.00047435339565087,16.1043856696908,0.00142624088399773,32.6290660795137,0.00153951909432577,29.5246662829679,0.000713436829756855,19.5795443862184,0.00224901756048785,25.1307719986518,NaN,NaN
0.00047649432893723,16.177070751431,0.00142924831175225,32.7067082867704,0.00154011896582214,29.5683713137113,0.000718058652830999,19.5263739202791,0.00225642922348472,25.0049081756945,NaN,NaN
0.000478755629077369,16.2538423101583,0.00143093893509398,32.7486476662244,0.00153989822560021,29.6167760383613,0.000717002945202935,19.5899866666476,0.00226407342620815,24.8694720927748,NaN,NaN
0.000480533845352475,16.3142130821629,0.00143418608233413,32.8314393197987,0.00153737051496142,29.5677844733381,0.00071703958061006,19.6587388455326,0.00227230850436284,24.6918724838305,NaN,NaN
0.000481786581828181,16.3567437176179,0.00143831938548742,32.915089214426,0.0015351456053135,29.5168834266226,0.0007190512141956,19.5996988223148,0.00227905851193458,24.5956370845662,NaN,NaN
0.000480172990903932,16.3019620067764,0.0014426353817827,32.9679568632875,0.00153317104888738,29.4738932069696,0.000719598015049552,19.5588207182926,0.00228675513006262,24.4674371743561,NaN,NaN
0.00047882262545729,16.2561168496696,0.00144849984599185,32.9980525162109,0.00153127339757265,29.4320610296071,0.000720380321951263,19.4987679993677,0.00229452987315141,24.3185543452989,NaN,NaN
0.000476733722386706,16.1851982033951,0.00145237800932164,33.0340986404347,0.00152972185383691,29.3925488718525,0.000720451812819518,19.5384122255353,0.00230212143084305,24.1729762250382,NaN,NaN
0.000479141007655976,16.2669259843043,0.00145651882294489,33.0724906235365,0.00152835374728419,29.3507500188714,0.000720225854114586,19.5949131053464,0.00231054535791146,24.0385087636623,NaN,NaN
0.000480922166764261,16.3273966660405,0.00146653859894019,33.0703736289393,0.0015273371313508,29.3115063726973,0.000720132271862439,19.6470682122953,0.00231828015766175,23.863587108398,NaN,NaN
0.00048277925837553,16.3904452703217,0.00146857570867642,33.1445256559139,0.00152720684220989,29.2544680614731,0.000720171066063077,19.6948775463821,0.00232512091596572,23.7550445177535,NaN,NaN
0.000484712282489778,16.4560717971477,0.00147078796146168,33.09388943379,0.00152774695122205,29.2120073952598,0.000720361311458989,19.7359473329714,0.00233433260060693,23.5718041127599,NaN,NaN
0.000486152815027191,16.5049781436921,0.00147328801050641,33.1547673324791,0.00152875522419366,29.1722171111844,0.000722742087145583,19.6704741429288,0.00234203419212881,23.4308411892668,NaN,NaN
0.000484984777122237,16.465323040407,0.00147566118937779,33.109623853094,0.00153059276686837,29.1298627312855,0.000723534454941146,19.6245993921206,0.00234986295801249,23.3095355853391,NaN,NaN
0.000483676546476834,16.4209083676089,0.00147879602111593,33.165523953676,0.00153297851911157,29.0834213311973,0.000724126729146321,19.5826597899671,0.00235702524630021,23.1568352478445,NaN,NaN
0.000481974877950932,16.3631364058724,0.00148116198175062,33.117462454711,0.00153750411601269,29.0338325821886,0.00072449884296164,19.5423435155814,0.00236630243075128,22.9697773344136,NaN,NaN
0.000480539181165149,16.3143942339918,0.00148448119315974,33.1561405181638,0.00154436734622332,29.0091577089488,0.000723906874715732,19.5849726236911,0.00237211355544556,22.8771315326352,NaN,NaN
0.000482175687664942,16.3699539328687,0.00149519752280819,33.1450406005457,0.00155110456268571,29.0368949921489,0.000723088007951797,19.6494298996332,0.00238089413490656,22.7140042691102,NaN,NaN
0.000484587699990601,16.4518421982182,0.00150096495676984,33.1069346977948,0.00155556498955693,29.099769840515,0.000722487001743764,19.7203431006146,0.00238615409601913,22.6109315413013,NaN,NaN
0.00048733485580284,16.5451086470317,0.00150389413078729,33.1754795498902,0.00155755031296124,29.1386479951965,0.000722103856091636,19.7977122266352,0.00239498227057569,22.4697407068567,NaN,NaN
0.000490086750429659,16.6385359794783,0.00150713547615298,33.1013847389857,0.00155915934233174,29.1775456623765,0.000721973797770873,19.8786132427609,0.0024015986760863,22.3482071919775,NaN,NaN
0.000492544176141844,16.7219660377144,0.00150998675620833,33.1545384681983,0.0015603398330592,29.218367374824,0.000722392075373982,19.9386975451755,0.00240832917155345,22.257384677811,NaN,NaN
0.000494116773048817,16.7753559940741,0.00151287114208279,33.0914863588417,0.0015610917851436,29.2611131325389,0.000727897187006688,19.8707998906335,0.00241456581569494,22.1496397754967,NaN,NaN
0.000491758366669461,16.6952876605337,0.00151580362161654,33.1452694648264,0.00156152686018807,29.3060573926033,0.000729159183991009,19.8058697143947,0.00242096261342004,22.0499287342222,NaN,NaN
0.000489612287174836,16.6224278640694,0.00151838134511289,33.0854214554009,0.00156184171686574,29.3515266781333,0.000729952312824797,19.7503188100894,0.00242722795289165,21.9772821184365,NaN,NaN
0.000487554017903323,16.5525492409491,0.00152142441984881,33.1315948240495,0.00156196655070107,29.3917621739787,0.000729368093464078,19.7043107690575,0.00243299209482954,21.8704488599282,NaN,NaN
0.000485612335262495,16.4866287555415,0.00152316188281855,33.0862224803837,0.00156142282238671,29.4413842237306,0.000727997958689305,19.7568598877634,0.00243899390483442,21.8189409848927,NaN,NaN
0.000483787239252352,16.4246664078467,0.00153019178212827,33.1085367477603,0.00155771475285455,29.3736560954613,0.000729219221628476,19.8090418055559,0.00244463492853681,21.7185462107637,NaN,NaN
0.000482356063576676,16.3760777284918,0.00153923021046072,33.1451550326861,0.00156115419011169,29.31043422744,0.000732788215550853,19.850835893299,0.00244969900317955,21.6599161184944,NaN,NaN
0.000485252578098357,16.4744149331639,0.00154659882138041,33.1957340387398,0.00156302285344632,29.2500943491393,0.00073270515346364,19.9046970137651,0.0024591642711204,21.5063041371938,NaN,NaN
0.000488230332134191,16.5755102343934,0.00154961807690435,33.1525931218116,0.00157053611657258,29.1853537697427,0.000730101733723183,19.9472458635998,0.00246889789007824,21.3673354345261,NaN,NaN
0.000491573791626952,16.6890213036428,0.00155145692704407,33.2391610360189,0.00158067784930568,29.2511221921807,0.000734617201921006,19.9091444701444,0.00247820078594724,21.2280818431691,NaN,NaN
0.000494854639736085,16.8004067048175,0.00156108630587276,33.2732045977858,0.00158863136272354,29.3282547724613,0.000737679088499937,19.9662656838736,0.00248723770361349,21.1042122410373,NaN,NaN
0.000497743316257742,16.8984778079365,0.00156490693696732,33.3037007632005,0.00159275256447772,29.2806090383691,0.00073709711911867,20.0084523457695,0.00249668858716957,20.9956696503928,NaN,NaN
0.000499638332166139,16.9628139491317,0.00156904877925917,33.2917998205997,0.00159495323649723,29.330076353693,0.000735538911020641,20.0691463402651,0.00250187516832925,20.9480932392704,NaN,NaN
0.000497735391692143,16.8982087674662,0.00157788454041636,33.2456836680213,0.00160290945428038,29.2941001243666,0.000736372461994058,20.0238193034003,0.00250632747705246,20.8943632324579,NaN,NaN
0.000495616259786388,16.8262638466368,0.00158716404290715,33.2099236241485,0.00160896356295493,29.2551638255386,0.000738999110769637,19.9651430316963,0.00251125917431238,20.8259329692747,NaN,NaN
0.000493669797691988,16.760181097895,0.00159030736897974,33.2571840981308,0.00161212348653932,29.2917092989999,0.000740238318695656,20.022872267085,0.00251590308561372,20.7744820719771,NaN,NaN
0.000491932989942106,16.7012161529939,0.00159276500218954,33.1664966268693,0.00161386608574229,29.252545302518,0.000739503607532152,20.0650714856834,0.00252036733122687,20.7204101987374,NaN,NaN
0.00049040583653674,16.6493690119335,0.00160234141351164,33.1582002966909,0.00162166614236428,29.2907415839706,0.000738724147855655,20.1042480538659,0.00252523421755847,20.6645150378858,NaN,NaN
0.00049159450725016,16.6897246028888,0.00161041601666041,33.0885111231915,0.00162626415825406,29.2146905675463,0.000737788640869829,20.1520470468544,0.00252975853033327,20.613576940229,NaN,NaN
0.000493549974054257,16.7561130631933,0.00161392614019814,33.1464137862304,0.00162989827103373,29.2658656152749,0.000739706569399524,20.0938995059072,0.00253451790811306,20.5597899556787,NaN,NaN
0.000496105173238103,16.8428625489076,0.00161855638791644,33.084849294699,0.00163609719482842,29.2978002112435,0.000742125894726013,20.0248333667856,0.00253948189633385,20.4962597779524,NaN,NaN
0.000498681048946326,16.9303140064554,0.00162281427854323,33.120666554642,0.0016374840190692,29.2502114015648,0.000742417881347937,20.108899060855,0.00254401263680798,20.4509624763448,NaN,NaN
0.000500738526765457,17.0001657596207,0.00162484491751135,33.0819312751189,0.00164428391032556,29.2258477525906,0.000741754022996424,20.1585736027346,0.00254928254594942,20.3728459977235,NaN,NaN
0.000502261570737988,17.0518733846749,0.00162827493778097,33.1307937990667,0.00165363122679865,29.2156013581622,0.000741162270855448,20.208239125414,0.00255826498218702,20.2408285790761,NaN,NaN
0.000500293549519478,16.9850586996751,0.00163120963765396,33.0703736289393,0.0016577919341128,29.1801943729706,0.000745918197127497,20.1582602169649,0.0025611863863274,20.2940457862478,NaN,NaN
0.000498565219105586,16.9263815619015,0.00163361963311089,33.1455555451774,0.00166082290433526,29.1272546684238,0.000747863807619362,20.1117602241684,0.00256653334821548,20.156444549289,NaN,NaN
0.000496836360346222,16.8676864867012,0.00163652750634105,33.0807297376448,0.00167067715499533,29.1361918013419,0.000746952731042519,20.1589970746174,0.00256912074906483,20.2221398810544,NaN,NaN
0.0004952169185047,16.8127061361343,0.00163928578706726,33.1566554627956,0.00167411837149163,29.1746157804485,0.00074593964811561,20.2041836147093,0.00257350220001057,20.1044238746127,NaN,NaN
0.00049784271941013,16.9018525633773,0.00164188847078998,33.0907997659994,0.00167899672489053,29.0970847292735,0.000744618995084996,20.2629777847868,0.00257746165494163,20.1473281112296,NaN,NaN
0.000499918239306737,16.9723168484157,0.00164396939583795,33.1520781771798,0.00168502547717518,29.135850254861,0.000743055037121786,20.3333977081253,0.00257941463766691,20.1078995166228,NaN,NaN
0.000501699755648847,17.0327996583065,0.00165542663411373,33.1096810691642,0.00168660891686365,29.083935189757,0.000741765054537482,20.3992635456059,0.00258347823204325,20.0555939532571,NaN,NaN
0.000503140583681119,17.0817160369562,0.00165788671302543,33.1592301859544,0.00169737635785405,29.1210499073533,0.000741117058719642,20.4470868555437,0.00259357638788089,20.0129746053295,NaN,NaN
0.000504691261412734,17.1343618332513,0.00166095917763296,33.0788416073283,0.00170120561176815,29.0662316971612,0.000742429758435315,20.3907648982069,0.00260119580017751,19.9423222103693,NaN,NaN
0.000502429628004133,17.0575789599979,0.00166374331802292,33.1330252258044,0.001710315537814,29.0074287780248,0.000742522950910975,20.3431346170489,0.00260564504844614,19.9003296175583,NaN,NaN
0.000500979978823834,17.0083631017383,0.00166638538155997,33.0565273399517,0.00171918915430414,29.0345247988466,0.000742422777626847,20.2996464674103,0.00261341206447668,19.8050628398378,NaN,NaN
0.000499591478827356,16.9612232695991,0.00167037509018558,33.1006409300732,0.00172611079219243,28.9778280830094,0.000742198166835408,20.2576335188485,0.00262229908399896,19.7524723877827,NaN,NaN
0.000498264128014695,16.9161594635801,0.00167265929479402,33.0509201650724,0.00173719025783401,28.9841466929069,0.000742700624967948,20.305954653921,0.00263127555241218,19.6458670402258,NaN,NaN
0.000499525128873602,16.958970676376,0.00168282644295403,33.022254913904,0.00173978631949877,29.0305400899022,0.000744152843826041,20.3744292946088,0.00263856800083567,19.5758414003822,NaN,NaN
0.000500997729260584,17.0089657323548,0.00168828703465009,32.9904999949449,0.00174329926763629,28.9874483088894,0.00074954280726786,20.3342189182288,0.00264284408765783,19.5378372492222,NaN,NaN
0.000502567429175715,17.0622573353047,0.00169101532933381,33.0526938632485,0.00174908642111705,28.9427626442988,0.000750598138852905,20.2697892422218,0.00265143390836882,19.4588091267949,NaN,NaN
0.000504234228618997,17.1188454852257,0.00169411499724455,32.9808876951519,0.00175266711375847,28.9991178136551,0.000751322037206957,20.3157418538901,0.00265490708532709,19.4039965429629,NaN,NaN
0.00050233237750497,17.0542772875329,0.00169711906882652,33.0418800259814,0.0017570668149649,28.9274499770697,0.000751500103568439,20.3560429769687,0.00266172856301544,19.3794961156783,NaN,NaN
0.000500978819764336,17.0083237514536,0.00169937179763639,32.9721908524821,0.00176103999466884,28.9785681003848,0.000752028275335542,20.4289185234493,0.00266729536293681,19.2482194076233,NaN,NaN
0.000503243357766872,17.0852052362093,0.00170315396523943,33.0080653284953,0.00176484641468653,28.9279053723776,0.000753780239634482,20.3616534930555,0.00267130577958759,19.3051971454944,NaN,NaN
0.000504731769174508,17.1357370792687,0.00170538065449807,32.9632651455314,0.00176882352512471,28.9687201768508,0.000754128919851019,20.3169743246344,0.00267256665170315,19.2632615304212,NaN,NaN
0.000505921789301343,17.1761384830596,0.00171457935105626,32.9415230388568,0.00177300933420823,28.9109988215707,0.000753839862823412,20.3638873319961,0.00267909873418086,19.1596760029715,NaN,NaN
0.000504561848910326,17.1299682548172,0.00171677640301412,32.9845495236445,0.00178341197847145,28.8959138519955,0.000753517353156215,20.4204573151627,0.00268133705785227,19.2489601182156,NaN,NaN
0.000506261148630985,17.1876597951768,0.00172011115814016,32.9128005716181,0.00178561923586366,28.93837946446,0.000753395864584517,20.4705371546062,0.0026853152551198,19.1000772891583,NaN,NaN
0.000507540927914033,17.2311085389515,0.00172304882649208,32.9727057971138,0.00178803207774854,28.873371784253,0.000753475397108318,20.5141268503264,0.00269117053422547,19.1372267742503,NaN,NaN
0.000506242488657888,17.1870262856328,0.00172609967016038,32.9045042414396,0.0017999169447174,28.860620715631,0.000754384062202087,20.5572675986266,0.00269660097780071,18.9962638507572,NaN,NaN
0.000507918278275671,17.2439196536439,0.00172903548898125,32.9644666830055,0.00180282708066014,28.9055340778756,0.000756521277585729,20.4683998616481,0.00270040464144404,19.0611045164545,NaN,NaN
0.000509858892483215,17.3098038655435,0.00173173749083241,32.8944914291552,0.00181298128612623,28.8693870753086,0.000757550476775294,20.4180124069908,0.00270271657283374,19.0220747660128,NaN,NaN
0.000511272715680745,17.3578034250502,0.00173481349735214,32.9459286762619,0.00181534575585299,28.9257991690784,0.000758487796187935,20.3711266643246,0.00270790713233613,18.9491432615377,NaN,NaN
0.000513056386678687,17.4183593859057,0.00173755028051816,32.8811600847995,0.00181864031917229,28.8708101856459,0.000759317092976265,20.3304301782735,0.00271757433545775,18.9033331602893,NaN,NaN
0.000514652322333105,17.4725416970653,0.00174350612506915,32.9168056965319,0.00182036499363778,28.9294423315419,0.000759745644623614,20.4078390178715,0.00272855100022102,18.8248748152408,NaN,NaN
0.000515871317652787,17.5139268140218,0.00174708875112575,32.8583308727911,0.00182702752444831,28.9548875443724,0.000759532884954238,20.4630598830978,0.00273031796920414,18.904358759571,NaN,NaN
0.000517065885363985,17.5544826091443,0.00175002510960905,32.9088526627746,0.00182867049678103,28.9936530699599,0.000759311760143888,20.5181210611326,0.00273340281328631,18.805331451151,NaN,NaN
0.000515599986684274,17.504715077369,0.0017519759881986,32.8443129355929,0.00183245460181277,29.045454286237,0.000759119588407153,20.5700844796073,0.00273629062648632,18.8876642823748,NaN,NaN
0.000514180824474698,17.4565342574141,0.00175825392649885,32.8113564791597,0.00183990352166533,29.0694194643167,0.000760697184425078,20.5278431007134,0.0027380266020057,18.8272678802314,NaN,NaN
0.000512223042344203,17.3900671913495,0.00176452557977063,32.7806886655344,0.0018460020220369,29.0357771359434,0.000761623408855782,20.4828238180795,0.00274881357837129,18.7959871021402,NaN,NaN
0.000514261797535918,17.4592833078451,0.00177584996093003,32.7047057243135,0.0018547315308654,28.9964992906345,0.000762648917825444,20.4374395361503,0.00275890285839417,18.7672133445152,NaN,NaN
0.000515664942959451,17.5069203549463,0.00178729259973036,32.6700900018446,0.00186120407465154,28.9571075964986,0.000763746357200999,20.3948050909072,0.00276589420682664,18.7223148870728,NaN,NaN
0.000516950829783247,17.550576450861,0.0017934917446311,32.6374768418326,0.001864089217948,29.0005978484059,0.00076546204773833,20.4654187679132,0.00277285617228863,18.6840828249613,NaN,NaN
0.000518119458007305,17.5902515955891,0.00179999255986469,32.6028611193637,0.00186782876943962,28.9239206634332,0.000765567800923727,20.5205112397947,0.00277995196881834,18.648813605219,NaN,NaN
0.000516266170288816,17.5273321341726,0.00180493709862902,32.5661284022976,0.00187761665413844,28.8503173967891,0.000765528993316461,20.5773830832418,0.00278980480607313,18.6054535466991,NaN,NaN
0.000514195881848418,17.4570454580417,0.00180775433380485,32.611958474525,0.00188471373643931,28.8013054767731,0.000765381922555119,20.6330767292895,0.00279840809390135,18.5202148508439,NaN,NaN
0.000515473868374349,17.5004333373801,0.00181656480873157,32.5990848587308,0.00188808734725292,28.7628814976666,0.000766656395031306,20.5670340137647,0.00279971097724126,18.5809531194145,NaN,NaN
0.000516735991319865,17.5432826452243,0.00182600674394999,32.5855246500942,0.00189327938148807,28.7166588739117,0.000767376198184832,20.5167927638743,0.00280529836024014,18.4325830899981,NaN,NaN
0.000518044144145507,17.587694676027,0.00183453235732531,32.5605212274183,0.00190040900388695,28.6111779357125,0.000768236240234296,20.463291367963,0.00280730712871776,18.5439745675362,NaN,NaN
0.000519398326851276,17.6336694297884,0.00183905369637042,32.5201266818596,0.00190745510911808,28.5638737481013,0.000770539424837401,20.5085345023674,0.00281140660844451,18.4158886128019,NaN,NaN
0.000517486873762799,17.568775243284,0.00184588960272683,32.4479200012716,0.00191242199796674,28.4980691261054,0.000770233352806639,20.5635384844934,0.00282288500653826,18.3783972612827,NaN,NaN
0.000515716597100938,17.5086740226202,0.00185242182621729,32.3913905239175,0.00191943971208027,28.449455676984,0.00076951345773701,20.629101669174,0.00282895874405234,18.3287126738591,NaN,NaN
0.000517672443227203,17.5750753609825,0.00185929919246281,32.3367491768799,0.00192397552733487,28.387920386,0.000768510259240535,20.6832077867273,0.00283606119728796,18.2767489769206,NaN,NaN
0.000519551719766679,17.6388771476867,0.00186652486086304,32.2933221796007,0.00193234217993991,28.3494964068934,0.000765706196275837,20.6073034935651,0.00284723849414951,18.2139025320487,NaN,NaN
0.000517959188961769,17.5848104317987,0.00187669276234381,32.273010474681,0.00193572878630336,28.2823825233873,0.000766816575057611,20.5460752246105,0.0028485900429373,18.2596556555593,NaN,NaN
0.000516285718338437,17.527995794079,0.00188336852970569,32.2246056792947,0.00194407501838238,28.1983051646607,0.000768733505289287,20.4904810818448,0.00285254038870284,18.162052790586,NaN,NaN
0.000517577981421068,17.5718683651625,0.00188997234524438,32.1752854267854,0.00195247731856186,28.1665982663461,0.000770888296589359,20.4460169441079,0.00285522045384428,18.2396564695665,NaN,NaN
0.000519774339363273,17.6464351242376,0.00189704412590769,32.1324305902082,0.00195472133778123,28.0789915939832,0.000778463886172458,20.5103600638408,0.00285810895220226,18.1792600674231,NaN,NaN
0.000521519057575876,17.7056686308137,0.00190358744658442,32.0755578164329,0.00196054421158516,28.025198023234,0.000779082402792824,20.5755461025016,0.0028686851959765,18.1307150347569,NaN,NaN
0.000519578761084813,17.6397952054475,0.00190627025046066,32.0292127995737,0.00197059742499083,27.9415760598154,0.000779120507927052,20.6420734598466,0.00286916137345623,18.2267795008076,NaN,NaN
0.000517864549403731,17.5815974012687,0.00191299451606087,32.0044382411786,0.00197907180052643,27.9119753647999,0.000778720730517835,20.6907044454837,0.00287458829670192,18.0665011241761,NaN,NaN
0.000519030436587012,17.6211794871546,0.00191732772571665,31.9499685423516,0.00198423973144561,27.8292641919972,0.000776680768148292,20.7337873842666,0.00287648213449785,18.1870090397736,NaN,NaN
0.000521214887795051,17.6953420103987,0.00192408505233188,31.8958993560159,0.00199292229638549,27.8119022458824,0.000775168612971141,20.6753307941281,0.0028803343827025,18.0592079737286,NaN,NaN
0.000523034396834916,17.7571146794175,0.00193289418361915,31.8527012230176,0.0020008459443725,27.7860585621574,0.000774999471698063,20.614810810809,0.00288491738735824,18.0949330153738,NaN,NaN
0.000521327601517015,17.6991686621428,0.0019391589108875,31.7709394587068,0.00200899657580287,27.8023389444159,0.000775196204081882,20.5590700370156,0.00289282711027125,17.9887834897199,NaN,NaN
0.000519843270056309,17.6487753340375,0.00194822457044183,31.7187584026876,0.00201100475165699,27.7520177628896,0.0007757588101226,20.5081084727476,0.0028936776158513,18.0527694893492,NaN,NaN
0.000521388316138728,17.701229934799,0.00195531016348899,31.6388275526231,0.00201767992762622,27.7194000739592,0.000776645579580309,20.463896925798,0.00289996659761381,17.9008098624469,NaN,NaN
0.000522557592920965,17.7409270981975,0.00196042425190511,31.5643894452974,0.00202491510752955,27.6714127933861,0.000778832110391332,20.5037069874118,0.0029010387788652,18.0196084459082,NaN,NaN
0.000523716454182881,17.7802706527513,0.00196754613290863,31.5063723501182,0.0020325645141678,27.5880754520349,0.000778873665681095,20.5593520743085,0.00290720043318113,17.8460542563528,NaN,NaN
0.000524864899924478,17.8192605984604,0.00197045071750793,31.4667788295422,0.00204077172961593,27.4917024199943,0.000778411040699421,20.629905101181,0.00290836152938849,17.9797810071363,NaN,NaN
0.000523004268879069,17.7560918297344,0.00197557961905782,31.402353534501,0.00204918522366274,27.4008510560623,0.000777464044300728,20.7126923892594,0.00291387736696955,17.8091896599501,NaN,NaN
0.000521810458807858,17.7155617566298,0.00198481546923892,31.3658496817156,0.00205675129500506,27.3361279979228,0.000776172270902601,20.7859222707716,0.0029154614573457,17.921093937129,NaN,NaN
0.000523415306820977,17.7700466440186,0.00198876932825806,31.3157856202937,0.00206417123208084,27.2763004393436,0.000774556318883045,20.8320728783747,0.00291944791995062,17.8263399590494,NaN,NaN
0.000525530691370657,17.8418643414148,0.00199308123194546,31.3541203873253,0.00206693085686105,27.2222791709404,0.000772378094805248,20.7505732802636,0.00292789679487481,17.80571401794,NaN,NaN
0.00053926528044171,17.8967804996308,0.00199844096510072,31.2888368512311,0.00207456174710264,27.1542544968184,0.000773584240112942,20.6787033185268,0.00293034814554761,17.8655976204426,NaN,NaN
0.000525918061236841,17.855015620143,0.00200551606816574,31.2416908093892,0.00208194362990981,27.0832697531949,0.000775744304560623,20.6058052289761,0.00293838802859639,17.8421227924397,NaN,NaN
0.000524129523914001,17.7942944466556,0.00201285031923505,31.2043287155509,0.00208967328738946,27.0187174682958,0.000778201082726918,20.542399145164,0.00294585394587711,17.8224654728741,NaN,NaN
0.00052285105242577,17.7508901027573,0.00202111468764587,31.1308632814186,0.00209758348698866,26.9616792059776,0.000783030652986734,20.4977802563968,0.00295623139457054,17.7815554570827,NaN,NaN
0.000524460364408204,17.8055265427313,0.00202918979668623,31.030792374645,0.00210048970554963,26.9083979549499,0.000787237906428244,20.5551560661474,0.00296252412815156,17.7275405615808,NaN,NaN
0.000525687885602838,17.8472011147221,0.00203702432057442,30.9622475225496,0.00210629770937249,26.868664714333,0.000788092227011426,20.6216528031589,0.00296311018513555,17.7758007055577,NaN,NaN
0.000544090196426371,17.8937235499056,0.00204474255455068,30.9255720215536,0.00211359569492266,26.7801472513542,0.000788264149023945,20.6945763133127,0.00297096711241437,17.7585364509827,NaN,NaN
0.000543845888593009,17.945093848282,0.00204813778765327,30.8509050499472,0.00211724100824591,26.7179288674083,0.000787859770940531,20.7543484426004,0.0029833234070946,17.6774571299921,NaN,NaN
0.000544055154388674,17.9861960659793,0.00205827709153511,30.760274794756,0.00212648099523016,26.6660707267178,0.000786879092761185,20.8009691910217,0.00299050521058988,17.6455495967843,NaN,NaN
0.000549192775848391,17.9290026971397,0.0020685321794373,30.6681569217396,0.00212997479226123,26.6179695973177,0.000784101244875347,20.8408876825718,0.00300143833514271,17.5207683508465,NaN,NaN
0.000542878828044788,17.9921817118612,0.00207505553193294,30.6160902978608,0.00213281378522877,26.5635498580201,0.000782832274488796,20.7577654649901,0.00300332482673058,17.624012011869,NaN,NaN
0.000542533127434245,18.0586381174189,0.0020793770878546,30.5609340061914,0.00213778418167182,26.4738939067714,0.000782936829779954,20.7037539648281,0.00300961334985932,17.4914817935808,NaN,NaN
0.000550514704431989,18.0268055863926,0.00208697267934877,30.5165343357189,0.00214582291816933,26.4385438459934,0.000783584909675,20.6464460647787,0.00301030270804582,17.5853241278545,NaN,NaN
0.000552074411914216,17.9616989449588,0.00209116769695336,30.4464446497282,0.00214872000584222,26.3652252014167,0.00078473138529184,20.5883303514411,0.00301536915426159,17.5062390276894,NaN,NaN
0.000548676296322156,18.0117298031796,0.00209866041737363,30.3821910028976,0.00215288103384939,26.3128547410048,0.000787373866810574,20.5490475943952,0.00302490489912972,17.4874933519298,NaN,NaN
0.000547542713923984,18.073671057016,0.00210310716797291,30.3116435883453,0.00215804510010679,26.2788708661506,0.000789196276808317,20.6143278665263,0.00303001526702671,17.4090919846191,NaN,NaN
0.000546655464483335,18.1425141489168,0.00211066038325515,30.2549424627806,0.00216187406970225,26.2331036377036,0.000789336382198363,20.6808444997061,0.00303910444887457,17.36624472574,NaN,NaN
0.000546249549242392,18.1977622749839,0.00211550575000767,30.1982413372159,0.00216571252725314,26.1824978341099,0.00078897716704743,20.7672244372984,0.00304118009306335,17.4155304689986,NaN,NaN
0.000546342362489069,18.237976321785,0.00212192218947779,30.1431994776868,0.00216992063797013,26.1308104666599,0.000788203535910939,20.8518031779209,0.00304818100370974,17.2645394636401,NaN,NaN
0.00055010280531628,18.1853447844566,0.00212673429844238,30.1084693230776,0.00217497598951982,26.0925572607938,0.000786910978531398,20.919534342617,0.00304957203596107,17.3052785462179,NaN,NaN
0.000551034226532156,18.1364391954155,0.00213404486538309,30.0655572704302,0.00218259006260041,26.0397883294875,0.000785516334202129,20.9682134351068,0.00305879711241831,17.1653412220064,NaN,NaN
0.000551700928676959,18.0907274927132,0.0021422480700383,30.0285384730131,0.00218523984207454,25.9634526909957,0.00078383207915929,20.9176633902701,0.00305884195447005,17.2533718270173,NaN,NaN
0.000552102911750691,18.0482096763497,0.0021493675280775,29.9590781637945,0.00219101198675303,25.9102283643815,0.000784332620662636,20.853042860072,0.00306422457580494,17.18853116132,NaN,NaN
0.000550599224270481,18.1317039105981,0.00215680661209753,29.8964837829996,0.00219878680946069,25.8938910577095,0.000785741551740158,20.7740769703447,0.00306863954238986,17.0912131850361,NaN,NaN
0.000550252875757149,18.1955936265758,0.00216429601011609,29.8365213414337,0.00220083396528808,25.8117491290417,0.000787507637011625,20.6976736250413,0.00307014887380882,17.1906963153591,NaN,NaN
0.000550088384740413,18.2718026184319,0.00216893702901654,29.8018484028946,0.00220466842603224,25.7330226651833,0.00078937136489025,20.6443222664947,0.00307870884919199,16.9863171696154,NaN,NaN
0.000550339006543399,18.3410325469454,0.00217496148025141,29.7139073030026,0.00221536620503691,25.7182223176756,0.000793343765883657,20.6068103055493,0.0030905307368689,16.8545276619195,NaN,NaN
0.00055129189722447,18.3828007279422,0.00218198774218857,29.6598953327371,0.0022173576728531,25.6594193985392,0.00079578518943708,20.6794714659469,0.00309044243735508,16.9735541563322,NaN,NaN
0.000556498143991277,18.326119156746,0.00218953045060326,29.625508474549,0.00222059340431041,25.5724958191381,0.000796016641860509,20.7471885626794,0.00309752231616974,16.8630173448623,NaN,NaN
0.000557558447322258,18.2726401169685,0.00219394265043143,29.5780191362859,0.00222675813849826,25.5445459321139,0.000795830534623556,20.8073205178021,0.00310227243418161,16.7677505671417,NaN,NaN
0.000557935835004065,18.2240977472989,0.00220096503341903,29.5272684820216,0.00223272937806732,25.4756104673761,0.000795226867726228,20.859867331315,0.00310408156499148,16.8508810866957,NaN,NaN
0.000557861255431477,18.1837724879789,0.0022049483219328,29.4899063881833,0.00223632768142945,25.3968840035177,0.000794277241091562,20.9028748629574,0.00311185760868037,16.6932236860063,NaN,NaN
0.000553893126108122,18.2652816565563,0.00221317242797734,29.4532881032576,0.00224698492672264,25.382311353664,0.000793222240479882,20.8437522346337,0.00312252360689453,16.5692971061366,NaN,NaN
0.00055288016135844,18.3379107483096,0.00221610491854433,29.3992189169219,0.0022518817965182,25.2894676352598,0.00079345979719894,20.7939233223973,0.0031231497609224,16.6707744572851,NaN,NaN
0.00055214942380078,18.4146253098229,0.00222287813761819,29.3362812397057,0.00225623943997306,25.2327709194225,0.000793945348946282,20.7424519133311,0.00312997192500992,16.5540270723872,NaN,NaN
0.000551809020395875,18.4770937008561,0.00223067000994661,29.3140814044695,0.00226462173609014,25.223207617956,0.000794642827750705,20.6921857131009,0.00313368850761178,16.5009807984291,NaN,NaN
0.0005518671472749,18.5240375229353,0.00223440896358987,29.276948174912,0.00226712307705042,25.1778388604035,0.000796001876471651,20.7695827398954,0.00313601123023788,16.5480444099107,NaN,NaN
0.000552918029071078,18.568655210554,0.00224109289928209,29.2471386023396,0.00227058844658953,25.1363409629684,0.000795882905667016,20.8256527696068,0.00314287700921645,16.4028651338151,NaN,NaN
0.000554276502296392,18.5079417141019,0.00224440159797149,29.1898081000027,0.00228007184741266,25.0898906415596,0.000795601421623991,20.8875118089846,0.0031525826242081,16.3384802900207,NaN,NaN
0.000555368068422017,18.43921309293,0.0022525966680672,29.1551351614637,0.00228359920601703,25.0271030134788,0.000795311791022193,20.9317928101448,0.00316287781527208,16.2911887675876,NaN,NaN
0.000556389881894424,18.4870658097499,0.00225540839945399,29.1142256712732,0.00229451289707328,24.9813357850319,0.000795112009465719,20.8895243554548,0.00317356830022586,16.1995685650909,NaN,NaN
0.000556472156413312,18.5365445721817,0.00226191492628276,29.0658208758869,0.00230138193140491,24.9105787390623,0.000796118866324298,20.8496195002146,0.00317403522042005,16.3551177894791,NaN,NaN
0.000556583411361075,18.5826241270101,0.00226875090018086,29.0354963586828,0.00230883910616771,24.8811488172873,0.000797569742286775,20.8964763456053,0.00318141535539761,16.1330755449953,NaN,NaN
0.000556723646737713,18.625304474235,0.00227617895455632,29.0151274376928,0.00231088105516504,24.8229151422858,0.000798180187144524,20.9830786904254,0.00318075668760825,16.3014447604045,NaN,NaN
0.000558036519995987,18.5848116684819,0.00228299104755292,28.9719293046945,0.00231506566090148,24.7629737348796,0.000798074029878782,21.0373557207803,0.00318800062056565,16.122135819324,NaN,NaN
0.000558580807235096,18.5421917662871,0.00228963910572001,28.9453238320531,0.00232137971625726,24.7232404942627,0.000797661519420497,21.0834216703223,0.00318878478499009,16.2045256282857,NaN,NaN
0.000559112477746227,18.5014425689479,0.00229291783525234,28.884732013715,0.00232560676651078,24.6697884699945,0.000797658169091793,21.0046928887399,0.00319484520660994,16.0872654437469,NaN,NaN
0.000560082315318996,18.4456401797672,0.0023002623964163,28.817731995515,0.00233121652839901,24.6186134222659,0.000799876970483493,20.966304732605,0.00320140575541118,16.0411134760713,NaN,NaN
0.000560413168492671,18.5227590572003,0.0023077874751871,28.7472417970329,0.00234192227799528,24.5594689566485,0.000804596337244449,20.9247313560377,0.00320845571669981,15.9809449848794,NaN,NaN
0.000560465368957559,18.57418550788,0.00231563903840048,28.692829314276,0.00234997864155914,24.5438716673519,0.000809896651767615,20.9992303913062,0.00321515461132884,15.944422254904,NaN,NaN
0.000560488596468957,18.6252127227672,0.00231920318603207,28.6453971920831,0.00235642431826777,24.4884272886115,0.000810152098234701,21.05303404695,0.00321888137034556,15.8687558190111,NaN,NaN
0.000560482851026865,18.6758407018621,0.00232721379202969,28.5755935864434,0.00236443735466048,24.4471570888303,0.000809790273687479,21.1072210202533,0.00322180981452443,15.9353627945825,NaN,NaN
0.000561633431050239,18.6113207495727,0.00233458072745364,28.5047600915402,0.00237028101273403,24.3598919629483,0.00080827549537117,21.1664227180183,0.00322645831464585,15.790582362652,NaN,NaN
0.00056204646234566,18.5696289540222,0.00234214723234271,28.4308941449165,0.00237873450155316,24.3332513374344,0.000806799005927097,21.1094819251917,0.00322777130034062,15.9286963992516,NaN,NaN
0.000562480066364168,18.5274466687839,0.00234981046939385,28.3550828519061,0.00238201242958326,24.2539556294412,0.000807426289247356,21.0537991655574,0.00323446299812279,15.7253998305274,NaN,NaN
0.000563195169410404,18.5759966726335,0.00235811385784405,28.2772689964389,0.00239054946526826,24.2154747259211,0.000808144566510733,21.0083249799693,0.0032346781726554,15.8998086861509,NaN,NaN
0.000563258700806389,18.6243780323144,0.00236222217803338,28.2381332044245,0.00239425074424511,24.1751153167558,0.000809797265987822,20.9495723484062,0.00324188659987138,15.6749175547736,NaN,NaN
0.000563288301404751,18.6730103402076,0.0023663752467427,28.1913304590038,0.00240186952826718,24.1007151083228,0.000809904528748513,20.9927751244243,0.00324089339299423,15.8489845439699,NaN,NaN
0.000563283971205489,18.7218935963132,0.00237101791840128,28.1492766474094,0.0024101649517958,24.0872809467389,0.00080925619442469,21.0508008019564,0.0032481419944171,15.7035203791849,NaN,NaN
0.000564209540855857,18.6556579643412,0.00237518651979427,28.0998991788298,0.00241182730015738,24.0293318938048,0.000808751027876367,21.1085641362448,0.0032521906704737,15.7652272692993,NaN,NaN
0.000564729394180321,18.6157754565424,0.00237967270086415,28.0501211977588,0.00241451786128729,23.9516300693893,0.000808389029103543,21.1660651272896,0.00325720959751571,15.6399332237207,NaN,NaN
0.00056538105878435,18.576451878853,0.00238773412675188,27.9525677980738,0.00242279502303978,23.8981211207076,0.00080821933835518,21.2209724059526,0.00325858004731013,15.7230067655368,NaN,NaN
0.000567511346978743,18.6357955813208,0.00239613218417478,27.855071614459,0.00242681182758599,23.8573632406479,0.000813005624975749,21.1870534903244,0.00326415977979316,15.6292214090009,NaN,NaN
0.000568096649169787,18.6869919887703,0.00240401179947248,27.7620955003897,0.0024358307387392,23.7982187750305,0.000815657405790867,21.1175332429567,0.00327455842452384,15.6042081820755,NaN,NaN
0.000568609880743392,18.7376522795843,0.0024118560937929,27.673353375515,0.00243827055682467,23.7255262990022,0.000815392692198809,21.1694127692709,0.00328212955346396,15.5281429020176,NaN,NaN
0.000569051041699559,18.7877764537628,0.00241670241063907,27.6323294531841,0.00244405547880684,23.6910870288401,0.000813699876591507,21.2452638824203,0.00328352135113923,15.5785682000335,NaN,NaN
0.00057046670878797,18.718871436413,0.00242123613985362,27.5905045058704,0.00245297986079678,23.7097013120517,0.000812444257519297,21.287120278556,0.00328915923784465,15.4889422183622,NaN,NaN
0.000570718701037655,18.6758710319487,0.0024256718270375,27.5412414694313,0.00245700066882596,23.6428151261995,0.000813912855599732,21.2112491615352,0.0032981531535796,15.4264946176555,NaN,NaN
0.000570945589141428,18.6323345108489,0.00242992421387525,27.4903191669564,0.00246185930248111,23.5783766901275,0.000814930162975964,21.166721912348,0.00329783943092009,15.5694517619741,NaN,NaN
0.000571853053565345,18.6777392242633,0.00243470357094352,27.4471782500282,0.00246995060616092,23.564999452957,0.000816018707305277,21.1241793468301,0.00330200900300036,15.495665591431,NaN,NaN
0.000572098173003531,18.7279055604802,0.00243839459978172,27.3979152135891,0.00247833471063674,23.5316417466512,0.000817764207445472,21.0722879047245,0.00331266023660016,15.512929846006,NaN,NaN
0.000572272887269381,18.7810376482973,0.0024433200360315,27.3293131454235,0.00248159114693871,23.4813205651249,0.000816996147614142,21.144481659505,0.00331639993004033,15.550478175263,NaN,NaN
0.000572377196362896,18.8371354877147,0.00245273985545235,27.2504694006927,0.00248971823701417,23.4972594009025,0.0008164511513587,21.1924917623474,0.00332290462027041,15.5039843411602,NaN,NaN
0.000572630833218325,18.7682236218933,0.00245757297815206,27.1711107113302,0.00249233399540079,23.4299747441559,0.000815949309837139,21.2429427979785,0.00332927303131736,15.47401405104,NaN,NaN
0.000573169165603307,18.7194214574018,0.0024654088904838,27.0459791658105,0.0024994031097239,23.3932015730405,0.000815548095656208,21.2932430988587,0.00333610545084453,15.4365796772587,NaN,NaN
0.000577679488691856,18.7870069206793,0.0024713871709843,27.0013506310572,0.0025038914852013,23.3558591577903,0.000819375298857775,21.2530533595092,0.00334267219771792,15.3931626410009,NaN,NaN
0.000577728216520385,18.8468647466552,0.00247462411462342,26.9504283285823,0.00251265823839306,23.2927299832286,0.000821710334585938,21.1884735235116,0.00335008018978284,15.3470106733252,NaN,NaN
0.00057731812786047,18.9014283670771,0.00247936422110856,26.883371094312,0.00251901325060019,23.2663170553686,0.000821133778832302,21.2478097774443,0.00335484201629865,15.2989784402999,NaN,NaN
0.000574733681872216,18.9506123663966,0.00248407922125071,26.8464095129651,0.00252772611746325,23.2569814515561,0.000819216132374797,21.3220687526344,0.0033562230245993,15.3390337900233,NaN,NaN
0.000572608447665343,18.889296875377,0.00248789840739328,26.7837579160999,0.0025375421750335,23.2321624072739,0.000818567071828861,21.2692070719694,0.00336147533519602,15.290545735095,NaN,NaN
0.000572950008518723,18.8469894870301,0.00249161181049147,26.7306614029576,0.00254463146861458,23.1879321379912,0.000819626265884422,21.2232028716439,0.00336610432383345,15.1764193261391,NaN,NaN
0.000576355742068823,18.7766339383569,0.00249680452930504,26.6694974239176,0.00255113339529547,23.1452957522863,0.000821033044169142,21.1829702226787,0.0033658850253205,15.3283219753035,NaN,NaN
0.000583915249890865,18.8165683024077,0.00250489926363696,26.581384675815,0.00255820891979572,23.0868343796308,0.000825852401352772,21.2497948965376,0.00337313140639333,15.1295266478712,NaN,NaN
0.000584398329300818,18.8616341637963,0.00251448519796211,26.5141557933341,0.00256274250355172,23.0355454830753,0.000826015019217619,21.3127676939066,0.00337246126034781,15.2788083210935,NaN,NaN
0.000584173820612509,18.9097703942157,0.00251800012780546,26.4556809695933,0.00256622688537608,22.9764579418714,0.000825750424923411,21.3775084566133,0.00337859131444621,15.1847950536062,NaN,NaN
0.000582617571191314,18.9654683046971,0.00252201408814078,26.398522115467,0.00257034518454752,22.9266490800666,0.000825109213368643,21.4412807410228,0.00337850347232496,15.2339098636511,NaN,NaN
0.000579987744656838,18.9249521492403,0.00252996735867608,26.3304922080033,0.00257482559610957,22.8794018168689,0.000824470094811599,21.4812659997901,0.0033847627674298,15.1857066974121,NaN,NaN
0.000580184187415995,18.8758595142582,0.00253366704485079,26.2589721202577,0.00257882179825795,22.8325530245656,0.000823608129760635,21.4081666803783,0.00338680818792297,15.2814862747735,NaN,NaN
0.000580757577007992,18.8347794459995,0.00254291451499515,26.2022137786228,0.00258296363878431,22.7830857092417,0.000824064280308887,21.3534494202335,0.00339015281213575,15.1643400457104,NaN,NaN
0.000583016686565865,18.7809194237911,0.00254898780735789,26.1211386071544,0.00258697393070653,22.7335045450909,0.000824920563188807,21.2884830075171,0.00339067084651384,15.3106588765635,NaN,NaN
0.000585686628411323,18.8632641197956,0.0025523982133692,26.0501906801108,0.00259141285315429,22.6831264391512,0.000826072827932241,21.2383104026569,0.00339684436117731,15.135794199037,NaN,NaN
0.000585951464175349,18.9120595400364,0.00255891402162403,26.0224408860655,0.00259550077765382,22.6411162219947,0.000830287112296102,21.2968870641929,0.00339705218950184,15.2929388000856,NaN,NaN
0.000585942246200759,18.9567827551953,0.00256847961110772,25.9558413803567,0.00260013677506349,22.5920473775652,0.000830317271885112,21.3671552118161,0.00340391842649359,15.103088977499,NaN,NaN
0.000585658974487549,18.9974337652723,0.00257353846102173,25.92185503466,0.00260401962431141,22.5467355444262,0.000829849601099982,21.4387772435913,0.00340439590581461,15.2408611476713,NaN,NaN
0.000585336713298932,18.9191726510023,0.00257680926965289,25.8814032730311,0.00260865215050104,22.5136055357743,0.000828681951277056,21.5006297573817,0.00341165552499809,15.0581905200565,NaN,NaN
0.000585952553786955,18.8437616493247,0.00257852430770637,25.8084527835306,0.00261213918696384,22.4578196105529,0.000827288304060826,21.5482507740488,0.00341245958423909,15.1400105516395,NaN,NaN
0.000587220598825341,18.9007076795249,0.00258121815811261,25.7303528477124,0.00261630134556937,22.4234941892177,0.000824801027843906,21.470438679696,0.00341856905463938,15.0378494676365,NaN,NaN
0.000587603614065359,18.950063687691,0.00258553156258935,25.6670718740751,0.0026204496987197,22.382850157985,0.000825814338794612,21.4012541239507,0.00342661452280057,14.9841194608241,NaN,NaN
0.00058797695728643,18.9997618979648,0.00258965521868946,25.6180377019167,0.00262438302914876,22.3381075689809,0.000827253532491439,21.3319614409589,0.00343284481764691,14.9474257976351,NaN,NaN
0.000588340628488555,19.0498023103464,0.00259390965183116,25.5743818403567,0.00262824304450027,22.2969512180268,0.000828859477190693,21.2822988763284,0.00343916242005893,14.9053192493483,NaN,NaN
0.000589822160407148,19.0019399891176,0.00259684602134772,25.5170513380199,0.00263593248896144,22.2156631555613,0.000832515254283444,21.2422120758217,0.00344572625894194,14.8503357323027,NaN,NaN
0.000590568668842643,18.9283211666766,0.00259975536744855,25.4479915412927,0.00264313003773602,22.1700667003549,0.000834734184638402,21.3067703127286,0.00345249600948664,14.8020755883258,NaN,NaN
0.000591916781824906,18.9791439219215,0.00260316893285952,25.3863698336911,0.00265000480448439,22.1194608967612,0.000834887823780189,21.3702590955902,0.00345919436831891,14.7587725075438,NaN,NaN
0.000592253731918778,19.0280591578663,0.00260861656095285,25.3445448863774,0.00265713215901032,22.0321388464657,0.00083460431943817,21.4274060156924,0.0034660486721443,14.7207113786458,NaN,NaN
0.000592486145476721,19.0797234174097,0.00262078369314487,25.3074116568199,0.00266488507352624,21.9769790897927,0.000833883671612347,21.4782110730351,0.00347332076773804,14.6959260626719,NaN,NaN
0.000592614022498735,19.134136700552,0.0026292367643783,25.2595218060655,0.00267211221676549,21.9349119482227,0.000832794327781974,21.520715867995,0.00347863253315726,14.642822810976,NaN,NaN
0.000592882521972887,19.0787442491924,0.00263876428391627,25.2129479249255,0.00267630592369188,21.8486714617835,0.000831108532877788,21.4688122526257,0.00347952979124592,14.6928492648269,NaN,NaN
0.00059345567568119,19.0292836931686,0.00264587086277986,25.1857702915822,0.00268430437442218,21.8124106103896,0.000831174178653875,21.4243179598171,0.00348534106902499,14.602140706136,NaN,NaN
0.000595579181194475,18.9815546761143,0.00265144592862766,25.1431443192858,0.00268781959043267,21.751159941473,0.000831535952772422,21.3798350732365,0.00348487400195197,14.6970656174293,NaN,NaN
0.000598170696534923,19.0588192037552,0.00265322316495752,25.1017771005337,0.00269488381861873,21.7213315488036,0.000832157838297966,21.3381070279725,0.00349187805021594,14.5605469574901,NaN,NaN
0.000598053139300082,19.1178805394094,0.00265526637398257,25.058464535395,0.00269786675072857,21.6643502108989,0.000833603024999545,21.3934267019403,0.00349097980204092,14.699857526585,NaN,NaN
0.000597376217049046,19.1772262524984,0.00266326374102962,25.0372373733521,0.00270518204265209,21.6125489946219,0.000833761974405918,21.4469244261801,0.00349720695616671,14.5224858285922,NaN,NaN
0.000595848679987058,19.2239067966961,0.00266920393469898,25.0021639223217,0.00271167543678034,21.5781097244598,0.000833727305719332,21.5077335425581,0.00349695682099839,14.6878922016321,NaN,NaN
0.000592498466043889,19.2733059120856,0.00267577149605216,24.9518709966189,0.00271496610573975,21.5255115663939,0.000833514122035333,21.5731217458689,0.00350182232708451,14.5135973014843,NaN,NaN
0.000591069403701207,19.2167671053924,0.00268180657235255,24.914909415272,0.00271804196354781,21.4755888557621,0.000833230966061,21.6206860834534,0.00350252989801669,14.6612835980463,NaN,NaN
0.000594588594642478,19.1458624213073,0.00269036479150757,24.9224047204677,0.00272723533401268,21.3744341729882,0.000831691977642147,21.5702973428466,0.00350663366225573,14.5117170361346,NaN,NaN
0.000604314598642804,19.1545757506319,0.00269198444103844,24.881724094558,0.0027314205744589,21.3348147811983,0.000831358379151739,21.6371684712873,0.00350893901658489,14.6165560738174,NaN,NaN
0.000605549991232358,19.199796530724,0.00270188416051803,24.8697087198168,0.0027405035309804,21.2294476918261,0.000832749007471862,21.6931002036566,0.00351310613868795,14.4865328759955,NaN,NaN
0.000605999437673082,19.2524917282804,0.00271089048896237,24.8434465435966,0.00274430796744378,21.1878928699775,0.000837992185757853,21.6446294809855,0.00351623965256217,14.5492083876538,NaN,NaN
0.000605736165595194,19.2936405014577,0.00272014833674308,24.7989324409837,0.00275037507166817,21.1202666667499,0.00084000569124203,21.5806569546805,0.00351978123670009,14.4769036382953,NaN,NaN
0.0006030820015328,19.3372692096392,0.00272758097273259,24.7522441277034,0.00275860143822274,21.0289029830965,0.000841628106708061,21.5270070647017,0.00352578618680493,14.5408326601867,NaN,NaN
0.000600115434957153,19.2973316117772,0.00273483048826347,24.7007496645265,0.00276240661851899,20.9839326964385,0.000842859432155947,21.4836798110488,0.00352951654145239,14.4349680232222,NaN,NaN
0.000599212724097228,19.2450803593034,0.00274281785433456,24.6714550365859,0.00276666001026331,20.9024738607326,0.000843252700970817,21.5675109572861,0.00353226164776992,14.5281836023793,NaN,NaN
0.000598790717701842,19.197830533995,0.00274548065625887,24.6089750879314,0.00277699766043169,20.8760040084591,0.000842725728970345,21.6318902177049,0.00353724621720643,14.371836689661,NaN,NaN
0.000598857182142243,19.1570369217859,0.00275356342773799,24.5578811372459,0.00277991867622499,20.8244874142496,0.000842282603863075,21.6930187031481,0.00353879021240048,14.5062471732989,NaN,NaN
0.00060010510574731,19.1083209084042,0.00275772333802362,24.5098196382809,0.00278361754850769,20.779687900832,0.000841971397909999,21.7480332472584,0.00354435349137171,14.3304138742286,NaN,NaN
0.000601577888421976,19.1783349467395,0.00276514283052293,24.4562081805068,0.00279062128197047,20.7100693431323,0.000844463898807021,21.696001910091,0.00354460187475331,14.4961051359579,NaN,NaN
0.000602155255802229,19.2274052729963,0.00277156350871757,24.3916112372549,0.00279980947530341,20.6791593866065,0.000845624941592538,21.6434360357389,0.00355129625089869,14.3014691833901,NaN,NaN
0.000602588535389552,19.2789622679025,0.00277794997903063,24.3333080617247,0.00280421851896784,20.6343029487755,0.000846655727685598,21.5890451649092,0.00355011733334598,14.4721175083141,NaN,NaN
0.000602877727183942,19.3330059314582,0.00278794659367435,24.30572991589,0.00280641821256267,20.5798262850644,0.000847512256146165,21.5362074785803,0.00355722965496511,14.3179357496349,NaN,NaN
0.000603064498829114,19.3736571378002,0.00279399795597916,24.2745471576329,0.00281019716049119,20.5391253294182,0.000846210177707783,21.5883253620387,0.00356189706043733,14.3871637011483,NaN,NaN
0.000602871866892689,19.3295353628299,0.00279680487520816,24.2316923210557,0.00281767840887185,20.4998474841092,0.000845305559188334,21.6465998667118,0.00356686846892619,14.2409018480331,NaN,NaN
0.000602936798915336,19.2727051143724,0.00280431779435327,24.1908972630056,0.00282372321146276,20.4261872930516,0.000844504480563968,21.7130070119379,0.00356766526036331,14.3821496602156,NaN,NaN
0.00060428920228498,19.3188397535493,0.00280825816699268,24.1506743656575,0.00282764270006227,20.3830385876253,0.000843865246244549,21.7842869232843,0.0035737416731376,14.2149199995639,NaN,NaN
0.000604925918942196,19.3595791149797,0.00281268259398825,24.1153720503463,0.00283646906532325,20.3405160507473,0.000843867229920187,21.8338306087403,0.0035745471101417,14.3141752189354,NaN,NaN
0.000605584132421046,19.4012196086271,0.00281689407748474,24.0479143035846,0.00284217370008966,20.2952042176083,0.000847827522759663,21.7868173465878,0.00358065811076929,14.2061454279317,NaN,NaN
0.000606263842721532,19.4437612344916,0.00282165325271359,23.9917853387218,0.00284413914710805,20.2474446346892,0.000849413202777228,21.7310176626271,0.00358167688032375,14.2546334828601,NaN,NaN
0.000608234482652999,19.3757286432983,0.0028259683268339,23.9315940328751,0.00284807297342569,20.2004250691454,0.000851010406353662,21.6593022521204,0.00358585349306311,14.2194782185936,NaN,NaN
0.00060885693915653,19.334477470545,0.00283082389133529,23.8902840301933,0.0028593757463969,20.2037836095414,0.000852117262621331,21.5966409878221,0.00359632390973582,14.0933864846848,NaN,NaN
0.000614105537510134,19.3915898785939,0.00283525767833185,23.8096665872864,0.00286672718178345,20.1564224975167,0.000851864757098056,21.5407176223188,0.00359494512612937,14.2833502627471,NaN,NaN
0.000614169011599546,19.4511798249042,0.0028409735221972,23.7804863914862,0.00286871542632389,20.112419925888,0.000849650237657605,21.6036305022855,0.00360193777143837,14.0782304064111,NaN,NaN
0.000613696189147031,19.5108512565259,0.00284546703384956,23.6885973827506,0.00287505139654764,20.057260169215,0.000847916471878653,21.6820772928502,0.00360075724711598,14.253778816792,NaN,NaN
0.000612374083533943,19.5576388555056,0.00285104561887197,23.6490038621747,0.00288014586689181,20.0097852083634,0.000846350244874627,21.773953673333,0.00360736783664581,14.1091123403372,NaN,NaN
0.000609303710655014,19.6062661561257,0.00285525502229368,23.5533385928061,0.00288594123223221,19.9738659034504,0.00084530558373161,21.8715612207795,0.00360725145414102,14.2007895205718,NaN,NaN
0.000607624797867593,19.5431991555244,0.00286038282763328,23.4973240600838,0.00289103223135635,19.9423297783763,0.000844701396552388,21.9598487501703,0.00361251172204376,14.1268324168151,NaN,NaN
0.000608822626939626,19.5041513347281,0.00286512921914688,23.4279781830056,0.00290049966129817,19.9382312206049,0.000844689245941678,22.0205902389781,0.00362134755146035,14.1077448746283,NaN,NaN
0.000610609602447521,19.4656393989984,0.00287012549412414,23.3582317934361,0.00290918084101916,19.9582116897403,0.000846389873186394,22.0602632915199,0.00362805295033111,14.0778315622459,NaN,NaN
0.000619562452710995,19.5047296083383,0.00287472483947715,23.2881993235156,0.00291276657197131,19.9217231406925,0.000848983419802363,21.9957362097518,0.00363693162983539,14.0458670513002,NaN,NaN
0.000619662432392174,19.5555691997949,0.00287983747190803,23.2284657462305,0.00292024272264499,19.882616068624,0.000850151686998329,21.9360087876025,0.00364205363155572,14.0894550207717,NaN,NaN
0.000619225976887576,19.5954668825556,0.00288432972434805,23.1586049245206,0.00292970243661575,19.8674741746353,0.000850959801696327,21.8869005637069,0.00364593044738656,14.1716169187818,NaN,NaN
0.000616778038905261,19.6384070810749,0.0028890121187105,23.089144615302,0.00293687491999532,19.8362795960422,0.000851509773005157,21.8222816230426,0.00365164806458122,14.0059256570526,NaN,NaN
0.000614578793325136,19.5984693694531,0.00289387411435697,23.0214580042596,0.00294175075757698,19.7780459210407,0.000850797396035077,21.867442891531,0.0036507899128295,14.1732122954422,NaN,NaN
0.000614164014229577,19.5462180859671,0.00289850565505846,22.9588064073944,0.00294405888156088,19.7368895700865,0.000850122399563943,21.9289916260096,0.00365680143813309,14.0175491155783,NaN,NaN
0.000614250850486199,19.500061645872,0.00290383042701139,22.8914630927731,0.0029459585542772,19.6890730627539,0.000849661205535541,21.9859664630665,0.00365628249207282,14.1372593428455,NaN,NaN
0.000615951341614031,19.4306420866887,0.00290838243787804,22.8312717869264,0.00294776866339226,19.6419965727967,0.000849413813949875,22.0383674027015,0.00366363087623045,14.0937853288499,NaN,NaN
0.000619413392763357,19.50256315251,0.00291335540538708,22.7601522116722,0.0029507308839812,19.6026618030742,0.00084940129117912,22.0836611275795,0.00366707069125493,14.0457530958245,NaN,NaN
0.000620125893991233,19.5566375020681,0.00291827493326878,22.6980155594388,0.0029575405111373,19.5723210906834,0.000851987562091202,22.0186377527105,0.00366875884577516,14.1119612272308,NaN,NaN
0.00062050604040813,19.6122631678479,0.00292327675683916,22.6280975216587,0.00296375459590794,19.5268954087174,0.000853143381067508,21.9691877821019,0.00367713900238535,13.9030238624573,NaN,NaN
0.000620553832014045,19.6694401498495,0.00292821366693557,22.5633289301963,0.00297390075803371,19.5509175112107,0.00085425913600618,21.9220418695461,0.00367785904352183,13.9561840918911,NaN,NaN
0.000620422515256928,19.7101543578867,0.00293335440210705,22.4964433441366,0.00298292348412186,19.5594561732344,0.000855305075908152,21.8802358259555,0.00368964037490049,13.7653656477607,NaN,NaN
0.00061930008121255,19.6584391386739,0.00293800867684348,22.4236645028466,0.00299355842778157,19.5388495355506,0.00085583525451615,21.9662172880992,0.00368920934936566,13.9126531001576,NaN,NaN
0.000619423444624232,19.6143815687588,0.00294331366050279,22.3579804542611,0.00300211847255854,19.5108996485264,0.000855538306529893,22.0256236564231,0.00369750832118111,13.7613772061097,NaN,NaN
0.000619880954738827,19.5592138370794,0.0029475412163454,22.2785073327582,0.00301132390619235,19.4782819595959,0.000855208429239444,22.0845851818555,0.00370405853675912,13.5844613300199,NaN,NaN
0.000620770842826206,19.5135401616524,0.00295289505801799,22.2301597534421,0.00302041318678978,19.4755495877484,0.000854892780086202,22.1400103700556,0.00370239074251578,13.7759065292669,NaN,NaN
0.000626346630372205,19.5607586064584,0.00295731144591442,22.1417037089183,0.00302869724793175,19.4523244270439,0.000856539329738775,22.0953931319645,0.00371047760397679,13.5899311928555,NaN,NaN
0.000627033610215605,19.6253050231133,0.00296309220325374,22.1073740668005,0.00303604039870993,19.4120219422922,0.00085737626501046,22.0469708457782,0.00371372758000119,13.6881038352075,NaN,NaN
0.000627220422309992,19.6947142746818,0.00296705543915931,22.0224654186289,0.00304572600190005,19.413046581735,0.000858142793972195,21.9975904364411,0.00372161901238495,13.4766594499677,NaN,NaN
0.000626486239068273,19.7574859103714,0.00297259701667544,21.9735456786109,0.00305137406600118,19.3718902307809,0.000858804276358577,21.9505688987086,0.00372141042546303,13.5874811501271,NaN,NaN
0.000625276841673388,19.8094789188021,0.00297700288081889,21.8969333606178,0.00305470922242822,19.4093464948581,0.000857960578054656,22.0179920396899,0.00372573770301148,13.5412152269757,NaN,NaN
0.000619889478706833,19.7611525669593,0.00298169416306159,21.8334807387699,0.00306335596459808,19.3705809692706,0.000857281939431743,22.0731289987456,0.00372936866135973,13.4896503742023,NaN,NaN
0.000619550319994318,19.696668342771,0.00298696438229147,21.7730605686424,0.00307242014342615,19.3901629675115,0.000856631981794883,22.1294750179676,0.00373413707052145,13.5249195939446,NaN,NaN
0.000619747500187045,19.6274415993292,0.00299130978534379,21.7098368110752,0.0030792607732877,19.4265945921459,0.000856053844286408,22.1838843051883,0.00373954402489058,13.4652069246556,NaN,NaN
0.000620475513289594,19.5744592989651,0.00299717337803423,21.6582851318282,0.00308775486856704,19.3839012820275,0.000858243428630521,22.1010184003223,0.00375148443950051,13.3193439157055,NaN,NaN
0.000623528294871209,19.5216729057777,0.0030005948812318,21.5869939083634,0.00309958794856083,19.3378494315131,0.000859277439045593,22.0568420914004,0.00375148765676346,13.4609905720532,NaN,NaN
0.000626916615987957,19.5651263532412,0.00300544931575206,21.5331535863085,0.0031095924460935,19.2920252786527,0.000860355817450401,22.0158658666679,0.00375856095293222,13.2671523078156,NaN,NaN
0.000628104258085549,19.6225619518906,0.00300982729081323,21.4814874749211,0.00311609055116322,19.2359547313638,0.000861074370417587,22.0973899262163,0.00375758725753906,13.4105652740372,NaN,NaN
0.000628845782475206,19.6774716850992,0.00301401216132522,21.4274182885854,0.00312253449226183,19.1884797705122,0.000860809305847982,22.1551174140891,0.0037647435780024,13.2832770076331,NaN,NaN
0.000629134292623162,19.7284689075429,0.00301846634381953,21.3775830914442,0.00313256528823471,19.1768102657465,0.000860474466609105,22.2131300576614,0.00376751133404209,13.3855520471118,NaN,NaN
0.000628969788529418,19.7755536192215,0.00302345988671377,21.3340988780949,0.00313522851609666,19.1316692058479,0.000860116492069734,22.2684295991004,0.00377196815504299,13.2375238841226,NaN,NaN
0.000627533859767698,19.7212894201006,0.00302677434765462,21.2943909253785,0.00314229526009997,19.082543437005,0.000862151646600233,22.1908745131676,0.00377142250561665,13.423043398631,NaN,NaN
0.000627337474644639,19.6464586353067,0.003029986477184,21.2253883447216,0.00314886738770575,19.027383680332,0.000862907142724014,22.1478819385736,0.00377795611583927,13.2126246126729,NaN,NaN
0.000628338691678238,19.691000408213,0.00303799632986086,21.1472311928332,0.0031519883810437,18.9793394753455,0.000863627009398231,22.1079753983444,0.00377666303302881,13.4020755910944,NaN,NaN
0.000628766820882946,19.7388658717921,0.00304326676274906,21.1046052205368,0.00315951161442722,18.9409154962389,0.000863489569261444,22.1912006064134,0.0037832550277216,13.2239631825093,NaN,NaN
0.000629119665802499,19.791294030141,0.0030505165705132,21.0049348262545,0.0031635609523952,18.897937564053,0.0008630721122982,22.2488421028521,0.00378246482389516,13.3679459261096,NaN,NaN
0.000629397226436895,19.8482848832595,0.00305591334494558,20.9699185912942,0.00317056535694213,18.8407285284944,0.000862649377371233,22.3064379743787,0.00378879313789822,13.2847584288178,NaN,NaN
0.000629507005105446,19.8912404686347,0.00305939519688849,20.9302678546481,0.00317744568091169,18.7955874685958,0.0008622594891082,22.3610247503476,0.0037943828974349,13.3178624945209,NaN,NaN
0.000628808926050438,19.8288829666239,0.00306273106511025,20.8605786811487,0.00318423470566998,18.7591558439614,0.000864166788656321,22.2803322955853,0.00379778812460609,13.2106303918474,NaN,NaN
0.000629120805793622,19.786104612473,0.00306869864197029,20.830940756787,0.00319244531291317,18.716917929151,0.000864918401087688,22.2357770284796,0.00379975289486009,13.3203695149872,NaN,NaN
0.000631087042594998,19.7456978691927,0.00307245792356959,20.7827076096113,0.00319549550699081,18.6531625860408,0.000865648977573921,22.1938262332767,0.0038057573795046,13.1260754288467,NaN,NaN
0.000634896429125797,19.8258915568555,0.00307597098699648,20.7138194610948,0.00320340995801727,18.5688575296603,0.00086561977155553,22.2683000770682,0.00380626738003427,13.2968946869843,NaN,NaN
0.000635744318405872,19.8886981229237,0.00308172270838698,20.6814351653635,0.00321071105772011,18.4892771995996,0.000865268579143553,22.3228961107406,0.00381372510479641,13.0726303107236,NaN,NaN
0.000636214184491428,19.9552211006045,0.0030851346210398,20.6271943308173,0.00321785554342381,18.4239848973252,0.000864932324231958,22.3774465195011,0.00381334366383879,13.2417972144629,NaN,NaN
0.000635921034220918,20.01394500492,0.00308920701304773,20.559851016196,0.00322537516676608,18.3789007618402,0.000864648487500183,22.4289822533308,0.00382113087837308,13.0488705940313,NaN,NaN
0.000635200140214318,20.0616282966601,0.00309549642519461,20.530728036466,0.0032326089317524,18.3219194239355,0.000866156666132296,22.384965494677,0.00382116753225042,13.1089821074853,NaN,NaN
0.000636437072485979,19.9873369834318,0.00309876868981101,20.4755717447966,0.00323966548034177,18.2731352015735,0.000866914439573514,22.3407208270349,0.00382753487170385,13.0654511157518,NaN,NaN
0.000638427304547729,19.9360876260185,0.00310216356313865,20.4071985409118,0.0032467630585312,18.2218463050179,0.000867601841338105,22.2974114700875,0.00383061405351063,12.9704692267206,NaN,NaN
0.000642561848269783,19.8751932662013,0.00310573564855685,20.3500969028557,0.00325349027609603,18.1671419436528,0.0008681874023253,22.2581526356835,0.00383243588725497,13.0881852331624,NaN,NaN
0.000647316030946063,19.9124920728717,0.00310948157300762,20.2771464133551,0.00326031427734462,18.1250178776694,0.00086735193057899,22.3451831085486,0.00383860855995211,12.902665718654,NaN,NaN
0.000647496834635281,19.9626220652607,0.00311572343700983,20.2400703998678,0.00326716107611525,18.0866508229763,0.000866803304839339,22.4032565704527,0.00383817064808417,13.0637417836157,NaN,NaN
0.000647085131410623,20.0053597164237,0.00312377026342212,20.1502983857295,0.00327375840793725,18.039688181846,0.000866367307359916,22.4603376905221,0.00384440369473313,12.9104716687424,NaN,NaN
0.000644494278253103,20.0643485756115,0.00312729871341605,20.1029234796068,0.00328067976150689,17.9920424477539,0.000866083241871853,22.5134518393218,0.00384608396724853,12.952635194767,NaN,NaN
0.000640853263642584,19.9875642851095,0.00313032849269297,20.047938836148,0.00328789819699793,17.9434859230459,0.000868359703881055,22.4663623178579,0.00385273411926669,12.904887850431,NaN,NaN
0.000640373879324193,19.9408243954422,0.0031337834842222,19.9829413804048,0.00329230550505234,17.9065989031036,0.000869515724739973,22.4194627442868,0.00385963287994946,12.8490496673173,NaN,NaN
0.000640264433905241,19.8992745710753,0.00313960696066298,19.9441488848116,0.00329914112330812,17.8188783819136,0.000870642567986455,22.3730536385191,0.00386047948310858,12.9141182439661,NaN,NaN
0.000640824791717591,19.8478591309844,0.0031504710222511,19.9002069429007,0.00330619176428517,17.735256418495,0.0008717001765355,22.330364365889,0.00386551226122099,12.8379390084324,NaN,NaN
0.000641316514956542,19.9235569998994,0.00315376605467328,19.8558644884984,0.00331357219580097,17.6631901110152,0.000871772797882553,22.4129059335552,0.00387328731358234,12.8191363549349,NaN,NaN
0.000641698760570854,19.974378148132,0.00315709216934824,19.8168431286244,0.00332058360886045,17.612527383008,0.00087138022883292,22.4727583843679,0.00387399809805388,12.9570224805831,NaN,NaN
0.000642256620847273,20.0256327523678,0.0031610719386874,19.7764485830657,0.00332805544203438,17.5622631258952,0.000871068256889603,22.5336716143832,0.00388158337988979,12.7572585316069,NaN,NaN
0.0006429900957858,20.0773208126066,0.0031659922536607,19.7436065587729,0.00333511397417806,17.5043709973747,0.00087088993063993,22.5925498811527,0.00388120798267834,12.8767408479226,NaN,NaN
0.000647212170891755,20.0357558027748,0.00317411790724333,19.6744323299053,0.0033419739436941,17.4520005369628,0.0008753127101408,22.5206758560547,0.0038857218122481,12.8193072881486,NaN,NaN
0.000648360179705201,19.9683128628987,0.00318173012763146,19.6190471739551,0.00334811811185849,17.4100472442197,0.000876549736910648,22.4718201612488,0.00388870381686451,12.7814740702021,NaN,NaN
0.000647917569171463,20.0348491587517,0.00318394458972271,19.5620599680394,0.0033548868185376,17.3584737255967,0.000877617235960484,22.4223983941365,0.00389094435902415,12.8483659344628,NaN,NaN
0.000647618155203239,20.0918589278262,0.00319219198635004,19.5163443279524,0.00336104706003014,17.3046801548475,0.00087685149529927,22.4634904614546,0.00389506932116226,12.7904195750479,NaN,NaN
0.000647500430930388,20.1543097104136,0.00319776258292958,19.4550087007018,0.00337075819480572,17.2426894685556,0.000875999884722852,22.5120736501544,0.00390044207163126,12.7268324195837,NaN,NaN
0.000647564396352912,20.2222015065137,0.00320555334216229,19.4307490869385,0.0033809274818228,17.1992561410618,0.000875165340204629,22.5660177660069,0.00391429950459127,12.515388034344,NaN,NaN
0.000648018520901789,20.2766709284042,0.00321386473594078,19.3851478789919,0.00338501781301649,17.1616860281576,0.000874410746325761,22.6223565082775,0.00391310995136933,12.70284479194,NaN,NaN
0.000653328424464281,20.2267959349624,0.00322415490324326,19.3683835704243,0.00339263103314113,17.1360700420865,0.000878582223882266,22.5505863713437,0.00392088813762467,12.5470676566003,NaN,NaN
0.000651522370389324,20.2824032168424,0.00322661021480127,19.3290761301993,0.00339706864979497,17.0529603983894,0.000879653267813818,22.504893538569,0.003924623160117,12.4498066580543,NaN,NaN
0.000649798961499413,20.3347599220057,0.00323331226914354,19.2945176238006,0.00340748318870778,17.0374769579197,0.000877676855818639,22.5449396976548,0.00392629096242808,12.5864962512071,NaN,NaN
0.00065047816658455,20.2876959604447,0.0032409306284435,19.2609317905953,0.00340903335114161,16.9911974097514,0.000876574963603356,22.5995039646247,0.00393448494910834,12.3683284928986,NaN,NaN
0.000652494542897132,20.2241901054861,0.00324410395159183,19.2140718291044,0.00341306109493462,16.9466825184013,0.000875466715645723,22.6672458081575,0.00393511202102435,12.4561881646959,NaN,NaN
0.000654276866872463,20.3057228743912,0.00325097022065109,19.1597737784879,0.00342142371435856,16.8880503725053,0.000874881684539298,22.7296148062773,0.00394192087294122,12.4233120099442,NaN,NaN
0.000653674774569996,20.3478125046172,0.00326039563932134,19.1121700080844,0.00342933157333608,16.8649959850414,0.00087521094984892,22.7732431133769,0.00394509983624158,12.3798379959486,NaN,NaN
0.000652875047817181,20.3881112771462,0.00326677433484985,19.0499189237106,0.00344071361204777,16.8374445689116,0.000882190864708521,22.6990225975781,0.00394401580084861,12.5147612792274,NaN,NaN
0.000652732532085526,20.3334754971716,0.00327338975346639,18.9698736415057,0.00345028200435189,16.8344844994101,0.000883215741889741,22.6494622802608,0.0039504570548105,12.3720320458602,NaN,NaN
0.000654006119187552,20.2767843406393,0.0032784486033804,18.935887295809,0.00346107143963523,16.7860987479426,0.000883779677825565,22.6055643533601,0.0039489699188241,12.4777257496112,NaN,NaN
0.000654978315927548,20.3525116652268,0.00328793615278534,18.8779846327702,0.00347106088531503,16.7938973925908,0.000881437125397308,22.7042557983073,0.00395513930454245,12.4272434738573,NaN,NaN
0.000654936887807806,20.4030203945133,0.00329323131535616,18.8010862344261,0.00347768997035158,16.7560426576192,0.000881021518268708,22.7713477524613,0.0039557533692162,12.5523665862223,NaN,NaN
0.000654801430199718,20.4513960639949,0.00329504292256966,18.7398078232457,0.00348380213735713,16.7061199469874,0.000880919821726946,22.825265513293,0.00396003993676101,12.419893345672,NaN,NaN
0.000654571943103284,20.4976386736717,0.00329927311503491,18.6895721136131,0.00348905828303305,16.6520986785842,0.000881132035772021,22.8660090808025,0.00396125199406748,12.5424524598328,NaN,NaN
0.000655262373088775,20.438159677019,0.00331068170895572,18.6476327341591,0.00349667770176489,16.5980204857676,0.000883920253344358,22.8173375274863,0.00396591113047874,12.4061047331072,NaN,NaN
0.000656648261759836,20.3649399043517,0.00331370152102752,18.6055217064945,0.00350425983975911,16.575706115679,0.000884669878626724,22.7721050859483,0.00396720506208208,12.5049611083136,NaN,NaN
0.000658922230724359,20.420466573533,0.00331975189946784,18.5377206633117,0.00350914180319926,16.5048352208825,0.000885366693157543,22.7291538900072,0.00397349519198051,12.3675308045684,NaN,NaN
0.000659389888336416,20.4702597752996,0.00332187147892806,18.4826215877124,0.00351439153869804,16.4725021540195,0.00088658317095583,22.6750769955716,0.00397418638656388,12.4593789180167,NaN,NaN
0.000659666674436005,20.5218210212895,0.00333310197820635,18.4556156025797,0.0035224702766441,16.4471138656024,0.000887152011445351,22.7388084755905,0.0039811923477671,12.3218346587958,NaN,NaN
0.000659752589023127,20.5751503115027,0.00334006424299235,18.4014892001738,0.00352830525666755,16.3996958291642,0.000887189064938015,22.7838072129097,0.00398170119829906,12.4024011801455,NaN,NaN
0.000659933110899341,20.505646163897,0.00334735593796226,18.3549725351041,0.00353450921877297,16.3387867067286,0.000887059717280469,22.8327410988837,0.0039888410671124,12.2687883848377,NaN,NaN
0.000660537066860963,20.4559135868969,0.0033537692011473,18.2801339152871,0.00353682049328389,16.2986549952173,0.000886783654430319,22.8831198546275,0.00399661106829632,12.2112978473258,NaN,NaN
0.000662738999534068,20.4136269048548,0.0033643303163048,18.2497521820127,0.00354060669766926,16.2633618588528,0.000886206666262602,22.8298203005312,0.00400342206277963,12.1803019579239,NaN,NaN
0.000665042605543491,20.4595587199765,0.0033686669775935,18.1564327715223,0.0035504968505243,16.2236286182359,0.000886790320534314,22.7769364966088,0.0040121642322324,12.1114728505756,NaN,NaN
0.000665491692118951,20.5084597014271,0.0033785222576718,18.1143789599278,0.00355239680755927,16.1667611291582,0.00088809376382159,22.8440077085467,0.00401492341738572,12.1809856907783,NaN,NaN
0.000665459696034828,20.5746190758442,0.00338349538818289,18.0296419599668,0.00356214868094004,16.1655657164749,0.000889110755421195,22.9048118002401,0.00401788353646272,12.0932969521947,NaN,NaN
0.000664887099166424,20.6407020144372,0.00339222188089194,18.0109895210828,0.00356579888040033,16.096402554083,0.000890632536749806,22.8559900494398,0.00401895020852351,12.2180781981324,NaN,NaN
0.000663477298164407,20.6921151400222,0.00339447096129599,17.9728264022617,0.00357661967545648,16.089913170945,0.000888341527982803,22.9354648388369,0.00402496678376334,12.0506206265292,NaN,NaN
0.000660253297094355,20.7414492736692,0.00340125179215234,17.9274540585959,0.00358288498524113,16.0416412683045,0.000888098248232525,22.9807601114052,0.00402452351578959,12.219616597055,NaN,NaN
0.000658362924004616,20.6895843385594,0.00341076191259017,17.873041575839,0.00359182261072519,16.0304271588467,0.000888828499416247,23.0424048221582,0.0040317605617933,12.0288551306624,NaN,NaN
0.000658227154056499,20.6387117934374,0.00341831977702815,17.8319032213678,0.00360087631649691,16.0051527192566,0.00089140526120618,23.0006029396891,0.0040309725770757,12.1756867611563,NaN,NaN
0.000659257388771185,20.577911672206,0.0034239790049811,17.7919091883004,0.0036101182506611,15.9520991658828,0.000893058777585297,22.9429573865847,0.00403797157540343,12.0509624929564,NaN,NaN
0.000660878367976531,20.51770320272,0.00343238860379232,17.7401286447726,0.00361591605907002,15.9127074717469,0.000894385698892323,22.8929882249139,0.00404768070948342,11.9554108265466,NaN,NaN
0.000662847973116689,20.4770794565317,0.00343890699801353,17.7102046400598,0.00362666063646588,15.9076411989462,0.000895386025127256,22.8506954546768,0.00405096756652996,12.0156362954763,NaN,NaN
0.000671893663103633,20.5305199298398,0.00344739526099304,17.6926393065095,0.00363256192305434,15.8500906169066,0.000894324727572218,22.9294554148609,0.00405666926849197,11.875641993527,NaN,NaN
0.000672860438756407,20.5940083243367,0.00345373866931511,17.6555632930222,0.0036389464272793,15.7966955170518,0.000893379379115304,22.9976221995892,0.00405710374339931,11.9738716136168,NaN,NaN
0.000673106067680807,20.6496966799871,0.00346333377272053,17.6540184591269,0.00364601600111663,15.7655578628721,0.000892586726475245,23.0671235129917,0.00406192196366244,11.9077204599484,NaN,NaN
0.000672625900413435,20.6961683922026,0.00346932169442205,17.6237511579929,0.00365250383802368,15.7256538490148,0.000891999536377627,23.1350778919716,0.00407126105539561,11.8732489285364,NaN,NaN
0.000670101252595757,20.7510376273554,0.00347661879186844,17.6011508102653,0.00365917830653441,15.6885391314185,0.00089205633185474,23.1773997687959,0.00408220282923899,11.8579219170491,NaN,NaN
0.000667929084935303,20.6880074518757,0.003479918619563,17.5482831614038,0.00366579839950409,15.6532459950539,0.000896055462282337,23.1012797095058,0.00408451552791442,11.9043017956762,NaN,NaN
0.000667298809260125,20.6450530458638,0.00348733351356285,17.5105205550741,0.00367511623731182,15.5614838405061,0.00089751849469974,23.0491628584271,0.00409113055566194,11.7653330930085,NaN,NaN
0.00066703169173253,20.6025435025919,0.00349078187717409,17.4645760507063,0.00368201139488809,15.5101949439505,0.000898915997120234,22.9894521739159,0.00409243221432354,11.8105734168782,NaN,NaN
0.000667127732352515,20.5604788220601,0.0034985659240617,17.4070166840886,0.00369069339786691,15.4566859952688,0.000899752723478023,22.949010529292,0.00409978916750575,11.7241381885277,NaN,NaN
0.000668915679204679,20.6339543942879,0.00350486068802881,17.3703983991629,0.00369763780357912,15.3574098181401,0.00089746911620176,23.0175933431817,0.00410057539857484,11.8326807791722,NaN,NaN
0.00066933742631336,20.6831667236176,0.00351171140751898,17.3082045308593,0.00370523944974717,15.3152288277431,0.000895545438595739,23.1023781603238,0.00410719371702471,11.7101216650114,NaN,NaN
0.000669687836675776,20.7377516260387,0.00352067220035174,17.2603146801048,0.00370923958262981,15.2580767165979,0.000893112582193724,23.21689508771,0.00411201683724227,11.7564445659006,NaN,NaN
0.000669904545260358,20.7787076421959,0.00352831257413672,17.2291891379179,0.00371844753208085,15.206161651494,0.000890743938041051,23.3395665544074,0.00411799454135771,11.6017500075805,NaN,NaN
0.000668930999151367,20.7372297710551,0.00353177962983129,17.1899961298333,0.00372495123074612,15.147643354425,0.000888868609307729,23.4546202560435,0.00411742532245929,11.7161043274878,NaN,NaN
0.000667865253296508,20.7897123099484,0.0035392978839112,17.1312352257416,0.00372794694015964,15.1094470729724,0.000887554263165937,23.5497562196724,0.00412533986568136,11.5952545454632,NaN,NaN
0.000668121948375613,20.8313059644103,0.00354657474886192,17.0642352075415,0.00373560285274564,15.0891819817695,0.00088731604989529,23.6007500810008,0.00412344473473247,11.7864148560208,NaN,NaN
0.000669557897405083,20.8975200487909,0.00355451263283017,16.974692057684,0.00373736496012243,15.0301513649791,0.000892448838458675,23.5082274467509,0.00413017499995184,11.6674453393459,NaN,NaN
0.000672838836516175,20.8338894227008,0.00356317466730058,16.8993957093054,0.00374510197650577,15.0015183849931,0.00089540003947196,23.4097248636609,0.00413511572487012,11.5366244531938,NaN,NaN
0.000673677027968459,20.7911541691376,0.00356697095640615,16.8604887815718,0.00375141723520863,14.9640051965023,0.000898284792249139,23.3038055261435,0.00413326329154474,11.7382116897818,NaN,NaN
0.000674582992335099,20.7236834928776,0.0035749695488947,16.7962923508113,0.00375843718082076,14.9051453529524,0.000900657362985494,23.2103075709012,0.00414160480665773,11.544943202923,NaN,NaN
0.000674145714682019,20.8105726278727,0.00357962793312444,16.7485169321972,0.00376525236519804,14.8802693842568,0.000902517751681022,23.1292309979342,0.00414401269614486,11.6604370775878,NaN,NaN
0.000674032459532353,20.8763176614034,0.00358356918831582,16.6820890746991,0.00376778606438453,14.8179940758974,0.000903866506174629,23.0618174908603,0.00415204959093728,11.4729803199918,NaN,NaN
0.000674217613445276,20.9483592137163,0.00359198611770952,16.5881975035067,0.00377643177840289,14.7916949968645,0.000904635959294132,23.0203670226254,0.0041563885751279,11.3982255279048,NaN,NaN
0.000674701176420788,21.0266972848114,0.00360070588118805,16.5257747709223,0.00378236966796858,14.7442200360128,0.000903567805601726,23.0595234015559,0.00415768074687677,11.5000447454805,NaN,NaN
0.00067564058015763,21.0920650121558,0.00360443244466186,16.4900719431197,0.00378847811580981,14.7113746494284,0.000902542065602481,23.117064154865,0.00416555810104534,11.3375442370721,NaN,NaN
0.000682390857765182,21.0422999017235,0.00360906865140451,16.4534536581939,0.00379841559931897,14.6711860135036,0.000901295700126962,23.1989686111492,0.00416931018814742,11.2795978776572,NaN,NaN
0.000681969056587648,20.9987691387828,0.00361231723189231,16.3927474077155,0.00381074969921118,14.6637289153362,0.000899900317639693,23.3018694626543,0.00416913634154298,11.4263155526753,NaN,NaN
0.000678149253991644,21.0445323142208,0.00362011011600391,16.3097841059306,0.00381593394472655,14.6222879423146,0.000898933027525141,23.398784750705,0.00417605606615345,11.2825037422886,NaN,NaN
0.000682422214146273,20.9990118566864,0.00362722217591893,16.2405526609928,0.0038256707068582,14.5820423819763,0.000898794880249819,23.4702702831224,0.00417846602228523,11.4241503986362,NaN,NaN
0.00068664676850473,20.9635653545218,0.00363504097035055,16.1672588750711,0.00383192125578487,14.5240933290423,0.000899165895249583,23.5174186482226,0.00418630029549772,11.2211387186014,NaN,NaN
0.000685716732385521,21.0132074754881,0.00364324802018448,16.1060376799608,0.00383876320479282,14.4847585593198,0.000903335371789281,23.4404317767467,0.00418570766083259,11.2915062248722,NaN,NaN
0.000683721180712602,21.0666922872058,0.00364624432801516,16.0552298096264,0.00384737107611249,14.4540763004481,0.000905170978394209,23.3658677141576,0.00418720490289743,11.4146351164117,NaN,NaN
0.000684630943317291,21.0264451266826,0.0036537842030343,15.9842818825827,0.00385672501433264,14.428915709685,0.000906651021410213,23.282003855948,0.00419473593293186,11.2096292155514,NaN,NaN
0.000687645678707855,20.9869042639217,0.00366308606289965,15.9342178211608,0.00385999281302127,14.3883855272792,0.000907722121802197,23.2048118494758,0.00419448763291921,11.322559092012,NaN,NaN
0.000689045996886886,21.05546599397,0.00366618633801451,15.8948531648656,0.00386885206209517,14.3730159356366,0.000908076310796903,23.1590668135572,0.00420119318425416,11.2693418848404,NaN,NaN
0.000688644814762286,21.0970117223337,0.00367055729161189,15.8475926908833,0.00387572300723238,14.308975970459,0.000905291439976135,23.208239107235,0.00421130052207614,11.2167514327853,NaN,NaN
0.000688085671279002,21.1365498649986,0.0036786565120975,15.7886601385809,0.0038828679524503,14.2493191851202,0.00090358423456102,23.2939988089364,0.00421504174388181,11.1727076414109,NaN,NaN
0.000687006040043396,21.1969923366289,0.00368582852721206,15.7364218664915,0.00388997094903972,14.1808960401037,0.0009019395852157,23.3908496847148,0.00422004529459091,11.2060965958034,NaN,NaN
0.00068912524454455,21.1364214154107,0.00369352548313862,15.6951690798799,0.00389312684611925,14.1429843807186,0.000900894121248304,23.475929333213,0.00422856739886559,11.2290016464276,NaN,NaN
0.000691394318347549,21.0883133843372,0.00369651274008698,15.6519709468815,0.00389754360575474,14.1091712791048,0.000900447842658834,23.5492377544311,0.00423369995598919,11.1033657344218,NaN,NaN
0.000692670434913601,21.1513208339597,0.00370447288596943,15.6036233675655,0.00390018208891469,14.0614686205992,0.000900602218676304,23.6090335153006,0.0042334466819621,11.2038174862886,NaN,NaN
0.000692471609603374,21.2031952653947,0.00371033110995422,15.5490964526682,0.0039079748296836,14.0015841376064,0.000905086429657203,23.5715641466897,0.00423830216720053,11.1550445426709,NaN,NaN
0.0006921463957702,21.2633395810998,0.0037157360189461,15.5117343588299,0.00391311464712758,13.9627616876054,0.000906871386941765,23.512542516892,0.00424192761511699,11.0589800766202,NaN,NaN
0.000691694793414079,21.331753781075,0.00372754542144072,15.4668197437257,0.00392092002637895,13.8990632689088,0.000908461317280736,23.4415101290266,0.00424155941164941,11.2190305423002,NaN,NaN
0.000691482340113598,21.3939584966445,0.00373385665129973,15.432833398029,0.00392815832043495,13.8600131212538,0.000909813411095301,23.3619108790129,0.00424930063847843,11.0245085452081,NaN,NaN
0.000692329501878287,21.4512929297904,0.00374297596413972,15.38946361682,0.00393464835246624,13.8177752064433,0.00091054510485711,23.3016978960971,0.00425289410656837,11.129347582891,NaN,NaN
0.000691280303963017,21.4095303141614,0.00374956927281086,15.3624576316873,0.00394137740808793,13.7856129128208,0.000905649715133852,23.4142235120016,0.00426085892014622,10.9128891567186,NaN,NaN
0.000686845136230564,21.45463197164,0.00375473945436238,15.3187445540572,0.00394553135483381,13.7425211318079,0.000903112542429014,23.5287032286723,0.00426053616734596,11.0172723724985,NaN,NaN
0.000685332498852661,21.4933537414333,0.00376081540023319,15.2773773353051,0.00395165371725331,13.6922568746952,0.000900703432053629,23.6519153070728,0.00427130569390743,10.8408692960495,NaN,NaN
0.000684053571046332,21.5371895110746,0.00377130804897127,15.2281715149361,0.00395871553874522,13.6579883777735,0.000898894078439108,23.7683224545842,0.00427221772219581,10.9768751563479,NaN,NaN
0.000683449374515619,21.5808460667987,0.00377773170667808,15.1760476749871,0.0039611292269098,13.6200767183883,0.000897692027820133,23.8651359019391,0.00427878706902823,10.865426701072,NaN,NaN
0.000683760996743688,21.6377500470223,0.00378470696883765,15.1529323826277,0.00396826086256111,13.5518243466124,0.000897539687379867,23.9180011528692,0.00428837446387702,10.8442309825839,NaN,NaN
0.000688187945708213,21.5652115621966,0.00379203457510354,15.1241526993189,0.00397514752395909,13.5008200721242,0.000902694399759509,23.8317650310152,0.00429242772751251,10.7621260623116,NaN,NaN
0.00068986538028463,21.5012320861616,0.00379910877873117,15.092741076781,0.00398250646374677,13.4577282911114,0.000905452229606916,23.7345999686201,0.00429139625998834,10.8809816235108,NaN,NaN
0.000691299785692201,21.4314802118971,0.00380497481127135,15.0631031524192,0.00398979286866411,13.4068947898637,0.000908083294107127,23.6300236080507,0.00429855870198144,10.7554596669807,NaN,NaN
0.000692340405612379,21.3795821736945,0.0038144289230009,15.0303183441966,0.00399610413056024,13.3412609411084,0.000910117732665953,23.5417695597273,0.0043030957195525,10.8148304698424,NaN,NaN
0.000693208622540693,21.3343710981322,0.00382043607644817,14.9973618877635,0.00400262885476318,13.3023815666939,0.000911555545283396,23.4698378236499,0.00430572535442682,10.708453033237,NaN,NaN
0.000693058153028937,21.3960741383454,0.00382636513916043,14.9416906514623,0.00400600784760241,13.2547358326017,0.000912404231612553,23.4155355288189,0.00430622785504304,10.8348296558352,NaN,NaN
0.000692702768630166,21.465255402713,0.00383272686290545,14.9071893611338,0.00401265392499554,13.2163118534952,0.000910764098310767,23.4736404344575,0.00431202573976489,10.6503357406085,NaN,NaN
0.000692459832566891,21.5297516601679,0.003839674005439,14.880755536703,0.00402012780779626,13.1953636693304,0.000909542598553058,23.5481605444362,0.00431248064652675,10.80525820988,NaN,NaN
0.000692347572780066,21.5879628055775,0.00384655417130922,14.841734176829,0.0040224760423518,13.1404316103114,0.000908269994520363,23.6428012405798,0.00431978319234032,10.6106792350502,NaN,NaN
0.000692365989269691,21.6398888389419,0.00385428517211529,14.8078050472025,0.00403225942767906,13.0952336259994,0.000907007784113545,23.7541770661098,0.00431980814019609,10.7245207553167,NaN,NaN
0.000694937696560077,21.5680346223251,0.00385677357845916,14.7601440607288,0.00404026662253194,13.0575496642682,0.000906263688543685,23.8546343814428,0.00432683522089419,10.601904663418,NaN,NaN
0.00069562774469076,21.5204978421744,0.00386270969640606,14.7210082687144,0.00405128364627029,13.0252735218187,0.000906452307190554,23.9213694667545,0.00433513924512826,10.5397989291385,NaN,NaN
0.000696231178547622,21.4705656472695,0.00387247953828146,14.6878801640707,0.00405752314682707,12.9948189606009,0.000912375132752076,23.8443895685927,0.00433997200658453,10.5819624551631,NaN,NaN
0.000695892796580317,21.5405210020271,0.00387823328909047,14.6522917684084,0.0040643851659699,12.9717645731369,0.000914508855432867,23.7583720324059,0.00434446196051262,10.4494892146127,NaN,NaN
0.000695875970627465,21.5988188062829,0.00388744827165309,14.6363284848236,0.0040711647391471,12.932259030174,0.00091617379896152,23.6695691302615,0.00434587235426614,10.5838427205129,NaN,NaN
0.000696060511147107,21.6668465571351,0.00389334590922305,14.5921004625617,0.00408055414974613,12.8991290215221,0.000917339910936464,23.5918016901519,0.00435174530349416,10.3904033004404,NaN,NaN
0.00069669093357358,21.723139932178,0.00390122673892899,14.5640073720953,0.00408878694949972,12.8866625749676,0.000917676054134672,23.5496444938101,0.00435106368043366,10.5710797072297,NaN,NaN
0.000702642978500677,21.6679155600641,0.00390339054413218,14.5211525355181,0.00409101259114362,12.8369675619897,0.000914270215323696,23.6288015677171,0.00435778085938599,10.3874404580711,NaN,NaN
0.000702035833080688,21.6269328689357,0.00390741378589356,14.4846486827327,0.00410116452873676,12.8189794473265,0.000912313797702394,23.7227980395614,0.00435681978976432,10.5392291517598,NaN,NaN
0.000697923336816816,21.6867046109683,0.0039136353050543,14.4482020460176,0.00411004541503622,12.7429853553157,0.000910449114222645,23.8253979128153,0.00436355074386524,10.4289772289791,NaN,NaN
0.000696425164081176,21.7382809584765,0.00391752925953017,14.4125564342852,0.00411834859758651,12.6784330704167,0.000909205157094942,23.9132381270572,0.00436744615329193,10.4941027833658,NaN,NaN
0.000695299917513093,21.7933032708541,0.00392125266360433,14.3675273870405,0.00413074245504539,12.6599326360321,0.000908581926319284,23.9863186822869,0.00437085535880584,10.3615155873397,NaN,NaN
0.000695085614771572,21.8424496928197,0.00393024069351114,14.3491610285074,0.00413872225055782,12.6163854597113,0.000908577200754705,24.0431932338799,0.00437258261593943,10.493589983725,NaN,NaN
0.000695442944418963,21.8827482707356,0.00393258850172493,14.2849073816768,0.00414115290138086,12.5315680836094,0.000912645354823318,23.9944310871216,0.00437839435049048,10.3077286027894,NaN,NaN
0.000701346485892946,21.8466630589558,0.00393789538557155,14.2505777395589,0.0041448005850239,12.4817022973911,0.000914463971638716,23.9267541887503,0.0043782444548289,10.4799723043738,NaN,NaN
0.000702764222947463,21.7983732124619,0.0039443107457168,14.2144171831947,0.00415440140830296,12.4460106901321,0.000916226875451795,23.8425040411172,0.00438520611039774,10.2864189288256,NaN,NaN
0.00070377358808417,21.7467387010294,0.00394870278059099,14.164410337843,0.00415784805655172,12.3588024886635,0.000917888035308641,23.7450967526111,0.00438468188477405,10.4150176832007,NaN,NaN
0.000704252254490772,21.6976572520174,0.00395916177799535,14.1225281744591,0.00416018361625043,12.3155968588237,0.000919042779537983,23.6623547677839,0.00439187891337925,10.2982133205649,NaN,NaN
0.000702283466484158,21.7852535401081,0.00396695564597145,14.0761831576,0.00417095177137556,12.3029596390287,0.00091921494650462,23.6162476923691,0.0043961866813055,10.3583248340189,NaN,NaN
0.000701572355153415,21.8567142507933,0.00397293283026167,14.0399653851656,0.00417944090776914,12.2830360943067,0.000915909953675792,23.6971796865346,0.00440047133591105,10.2268771927503,NaN,NaN
0.000701084027443653,21.9192431746508,0.00397955587754612,13.987955977357,0.00418459711923428,12.2154098910792,0.00091355417692212,23.8095357335774,0.00440050814535557,10.3898905007995,NaN,NaN
0.000700831600450881,21.971289307275,0.00398924023056233,13.932341957126,0.00419339147666018,12.2191669023696,0.000911189933810089,23.9382007944755,0.00440547526995273,10.2903503927387,NaN,NaN
0.000700815074175102,22.0128526486658,0.00399362685192677,13.9662710867525,0.00419865463084866,12.1716919415179,0.000909204755886925,24.0709902015939,0.00441392070233096,10.3018598957887,NaN,NaN
0.000702058442520732,21.9649267396859,0.00399517711871541,13.9120302522063,0.00420376141898228,12.1373665201827,0.000907718264059906,24.1887648776752,0.00441790165636588,10.2383297180624,NaN,NaN
0.000702594649067909,21.9216432224878,0.00400524987325056,13.844400857234,0.00421279172222029,12.1343495262677,0.000907203842746723,24.2656482264318,0.00441754209784469,10.3311464530544,NaN,NaN
0.000703445443618352,21.847190142705,0.00401302581934951,13.8101284311863,0.00421763180310441,12.0931362509001,0.000913420181164672,24.1842752905144,0.00442322888024577,10.2546823288314,NaN,NaN
0.000703143684356029,21.9309204904214,0.00401972171789453,13.7433000611968,0.00422715941375275,12.0915423673223,0.000915878717945592,24.0911209277479,0.00442660312264157,10.360945809961,NaN,NaN
0.000702919291485137,22.0011713159591,0.00402546158877802,13.7029055156381,0.00422946583850099,12.0504429407816,0.000917898728782521,24.0070345162292,0.0044342766299313,10.1421512965359,NaN,NaN
0.000702850849701045,22.081334595884,0.0040324094677469,13.67435469661,0.00423860446968122,12.0302347739923,0.00091948021367546,23.9320160559581,0.00443372309663834,10.2279027920319,NaN,NaN
0.000702938359003747,22.1714103301961,0.00403578033094184,13.6276663833297,0.00424371270910621,11.9969909165134,0.000920615691694388,23.8682260323342,0.00443695868579558,10.2701802735323,NaN,NaN
0.00070335778084842,22.25059231362,0.00404162009338704,13.5946527108263,0.00425036505117903,11.9685287097678,0.000919037797390721,23.9575797302672,0.00444395944211599,10.0667697493324,NaN,NaN
0.000704296587142829,22.2934873342798,0.00405138849616261,13.586699677069,0.0042602121908797,11.9404080495031,0.000918196348565646,24.024092865747,0.00444306555623686,10.2360506085475,NaN,NaN
0.000708367479268444,22.1951784810404,0.00405797587958025,13.5556885670225,0.00426617560535462,11.8841667289738,0.000917439600107649,24.0969437219773,0.00444980224977616,10.1479630257988,NaN,NaN
0.000708970422562985,22.1260052118821,0.00406387890274128,13.5249063212568,0.00426810681971557,11.8386841225943,0.000917301936955592,24.1469885259722,0.00445334061913352,10.0349761716003,NaN,NaN
0.000708966769418621,22.0666453146985,0.00407470504050031,13.476902038362,0.00427907859880095,11.8282669549254,0.000920697642776602,24.1014701495227,0.0044536154781158,10.2076756950877,NaN,NaN
0.000708598280542961,22.0196075132182,0.00408156301199802,13.4385672713303,0.00428762642823531,11.8176790140161,0.000921923207043759,24.0553078835795,0.00446124429954156,10.0289935091238,NaN,NaN
0.000705366297511484,22.0582743588219,0.00408783448538232,13.4110463415658,0.00429214114520352,11.7523297873282,0.000923056955720643,23.998850802618,0.00446511177968267,10.0939481302969,NaN,NaN
0.000703900550050594,22.1207676250647,0.0040917533494283,13.3379814199249,0.00430154598774466,11.7412864511109,0.000923591955473001,23.9579867508613,0.00447042790491538,9.96985061721362,NaN,NaN
0.000702690771872558,22.2030543992761,0.00409918562564286,13.2975868743662,0.00430783313964857,11.6934130193648,0.00092037932042171,24.0283570335363,0.00447108810913799,10.0480240735728,NaN,NaN
0.000701765821591213,22.2883682002476,0.00410245625438654,13.260281996598,0.00431538692289956,11.6618768942906,0.000919666170443416,24.0870276630847,0.00447916510345669,10.0147490746561,NaN,NaN
0.000701345087131797,22.3548985890495,0.00411041866023125,13.2369950560281,0.00432685055462093,11.6779295788952,0.000919639181811761,24.1417251823724,0.00448137205405537,10.085515425092,NaN,NaN
0.000701444872229688,22.4011135793893,0.0041133004263685,13.1551760756471,0.00433222918408539,11.6424087448766,0.000920688391404208,24.181141360789,0.00448632494611136,9.98249967502101,NaN,NaN
0.000705204729258471,22.3412043336228,0.00412136769893479,13.1275979298124,0.00434197970862163,11.6706432539683,0.000923734613531724,24.2197808661741,0.00448726214691793,10.0333238172021,NaN,NaN
0.000706080907417178,22.2912398153002,0.004125264599152,13.0834843396909,0.00434975315278665,11.6373993964894,0.000927485796944523,24.1805383440609,0.00449438357646139,9.96916688435916,NaN,NaN
0.000706667254883516,22.2477315100767,0.00413313821062125,13.0524732296444,0.00436012152801806,11.6325038969292,0.000924335157713021,24.2221329935352,0.00449577330935381,10.069162814323,NaN,NaN
0.00070696140533128,22.1969726748367,0.00413680946805126,13.0153400000869,0.00437181915837159,11.6429779890116,0.000927760829233628,24.2702533659828,0.004500817412017,9.9848927400116,NaN,NaN
0.000705664332795019,22.2836610624405,0.00414210022889551,12.9616141101724,0.00437937177464985,11.601309318336,0.000927356883235411,24.2290459308177,0.00450933538362298,9.980733365147,NaN,NaN
0.000704852567149384,22.3567907541989,0.00414961280515108,12.9375833606898,0.00438768419053506,11.5873059126171,0.000936295860938041,24.2586096662893,0.00451284023920295,9.92307189442142,NaN,NaN
0.000704020356341746,22.4474982275575,0.00415468589476558,12.902109397168,0.00439754354557833,11.5418233062377,0.00093636909988971,24.3148968412405,0.00451398610657682,9.99024864737148,NaN,NaN
0.000703167700372106,22.5557834825164,0.0041628800654239,12.883170877933,0.00440459124092204,11.5181996746388,0.000931704725433828,24.2390603339947,0.00451937431364471,9.92039394074148,NaN,NaN
0.000702513312419478,22.6610950574381,0.0041728937193928,12.8697251014368,0.00441391303916214,11.4624706738309,0.000933022988492985,24.187762125272,0.00452386702682258,9.97423790302969,NaN,NaN
0.000702352273020068,22.7390035008449,0.00417579293528645,12.8271563452106,0.00442350398104402,11.4644061038896,0.000936360816309424,24.1301974959097,0.00452969896298036,9.81692236876752,NaN,NaN
0.000702505676770913,22.7919950463989,0.00418239622804814,12.7977472851296,0.00442651208099571,11.4235343750029,0.000940192302903642,24.1837032816758,0.00452950552648775,9.9176020315858,NaN,NaN
0.000705255981587422,22.721289100508,0.00419264637456132,12.7382425721253,0.00443214431971299,11.3930798137851,0.000940035941091806,24.2384750834261,0.00453729710517971,9.83036911490511,NaN,NaN
0.000706663239287341,22.6430749305396,0.00419985449774478,12.7110649387819,0.00443764185929912,11.3614867642975,0.000939626430745281,24.283893778229,0.00453617549926246,9.96928083983491,NaN,NaN
0.000707955885865228,22.5548866870193,0.00420297287462426,12.6564808078145,0.00444392773510722,11.3272182673758,0.000938126772978003,24.3450834664474,0.00454289015479816,9.8546416312382,NaN,NaN
0.000709039862560538,22.4702213045218,0.00421064135114984,12.618203256853,0.00445070369824318,11.2810525680344,0.000938850071844682,24.253206949342,0.00454451196940397,9.98973584773064,NaN,NaN
0.000709876448716296,22.4115472185429,0.00421539296525247,12.5759205809778,0.00445731168499334,11.2393838973589,0.000939841713548748,24.2051389150098,0.00455218937973521,9.79509989516288,NaN,NaN
0.000711259195001318,22.453072354017,0.00422347015436761,12.504057196811,0.00446403033363116,11.2007891450118,0.000941070733884495,24.1631275877374,0.00455149796048943,9.90227502009846,NaN,NaN
0.000711343996388066,22.5250242243656,0.00422671171339162,12.4477565837377,0.00447093660564981,11.1604297358465,0.000943679775209724,24.1236320136408,0.00456071768084085,9.77025760145107,NaN,NaN
0.000711447326131694,22.589583313011,0.00423462759976026,12.3662236837077,0.00447797049553833,11.1304874943502,0.000944594649004849,24.2203988462092,0.00456050549890878,9.93651864055901,NaN,NaN
0.000711576907111905,22.6451424862233,0.00424292859901699,12.2979076958931,0.00448471827912661,11.089786538704,0.000944586336541029,24.2797266237918,0.00456707714015124,9.77840541796664,NaN,NaN
0.000711732739328698,22.6917017440023,0.00425060851561835,12.2425225399429,0.00449135564877153,11.0448731764594,0.000944301481317672,24.3401151805768,0.00457296379170904,9.80883152998982,NaN,NaN
0.0007128477888894,22.6508268694302,0.00425393420297667,12.1679127844067,0.00449510627833117,10.9870379723523,0.000943787996049065,24.3988346073871,0.00457706097702575,9.72741034257198,NaN,NaN
0.000713207268383103,22.6057181039897,0.00426101945313429,12.1047462429097,0.0045019536457391,10.930568954169,0.000943628108413909,24.3540580586914,0.0045854067050734,9.71362173000717,NaN,NaN
0.000713468580622195,22.5621834682447,0.00426809953135916,12.0459281227477,0.00450856796991768,10.8830370689039,0.000944033888030021,24.3108078949377,0.00459409332274519,9.67356638028377,NaN,NaN
0.000713631725606677,22.5202229621951,0.00427535313949792,12.0089665414008,0.00451648149523947,10.8417099447093,0.000944583728441357,24.2650257382267,0.00460317454728701,9.65618817023308,NaN,NaN
0.000713133547110245,22.5808412494997,0.00428564510567518,11.9607333942252,0.00452356958547346,10.7952596233004,0.000945787580196879,24.3338458298233,0.00460919977243799,9.62342597095718,NaN,NaN
0.000712863104722529,22.6346362007721,0.00429174473567458,11.9249161342822,0.00452950304841633,10.7603649578303,0.000945536853983371,24.3861968219066,0.00461598168949982,9.57772982518454,NaN,NaN
0.000712660079694768,22.6884197453076,0.00430259752018896,11.8844643726533,0.00453617967567693,10.7288288327562,0.000945040980399308,24.4448898427834,0.00461610098433917,9.67430709087609,NaN,NaN
0.000712524472026963,22.7421918831061,0.00430875928092306,11.8383482200749,0.00454229810736217,10.6888678944853,0.000944403015093699,24.4888435797452,0.00462253481741239,9.58906839502089,NaN,NaN
0.000713864631374633,22.6778701561237,0.00431630937057649,11.7932619567601,0.0045473959398033,10.649191578282,0.000943388340398156,24.4360922430521,0.00462545928386914,9.7062716018218,NaN,NaN
0.000714334871003095,22.6349487957323,0.00431945626062779,11.7566436718343,0.00455713213329765,10.6270479814339,0.000944474276933492,24.3830307459653,0.00463298916638826,9.51197751568126,NaN,NaN
0.000714793103076879,22.5915027254423,0.00432616384667777,11.7114429763791,0.00456721100375751,10.6115076165508,0.000946154988221827,24.3342842267672,0.00463154044289248,9.62433761476312,NaN,NaN
0.000714946846415888,22.644709455307,0.00433254812457025,11.6699613254866,0.00456962883422628,10.5700666435292,0.000950901054343392,24.2798274290998,0.00464293788085391,9.44548449558566,NaN,NaN
0.000714914485884808,22.6988614236767,0.00434287934133062,11.6456444956531,0.00457981609870085,10.5757590848783,0.000956095906544675,24.3408494608775,0.00464187374151869,9.63032027723959,NaN,NaN
0.000715052556316364,22.7562414985959,0.00434841798999085,11.6156632748701,0.00458286568776682,10.5380181987336,0.000956924331418872,24.3888590902348,0.00464917919594325,9.47254892107444,NaN,NaN
0.000715361057710557,22.8168496800648,0.00435095537254596,11.6586325435877,0.0045915286784604,10.5020988938207,0.000956752140095382,24.441373088671,0.00465210213155211,9.57037969699916,NaN,NaN
0.000716006334348233,22.8591153871712,0.00435431567821707,11.6028468751461,0.00459761701979238,10.460885618453,0.000956062671691055,24.4888468075552,0.00465968266962136,9.38628462593756,NaN,NaN
0.00071955767727215,22.7995578074666,0.00435687913409426,11.6418682350201,0.00460464336890541,10.4345865394201,0.00095381455696418,24.4108419772472,0.00466059454296316,9.44462982951759,NaN,NaN
0.000720478300606555,22.7589364915496,0.0043654689076228,11.6033618197779,0.00461208411994894,10.3876238982899,0.000954848414660532,24.3461200646785,0.00466710152884448,9.40195350385212,NaN,NaN
0.000721197471261768,22.7114369132673,0.004374654348345,11.6197256158541,0.00461801489187899,10.3573401103125,0.000956061766554234,24.2964201543655,0.00466874683265641,9.45579746614033,NaN,NaN
0.000719739924734318,22.7944310009462,0.0043837568861744,11.6114292856756,0.00462614896076888,10.3334887810597,0.000958968103756912,24.2431025857724,0.00467731760175837,9.43847623382751,NaN,NaN
0.000719550931559137,22.854735309667,0.00438997414972519,11.5740671918373,0.00462707532852085,10.2934139939619,0.000960512260395999,24.2957949274207,0.00468022989983622,9.47739202879349,NaN,NaN
0.000719856801733816,22.9080282229756,0.00439948739579183,11.5080398468306,0.00463504772207899,10.2761089722606,0.000960429782308903,24.3568635350835,0.0046843467503423,9.39249519936551,NaN,NaN
0.000722535272480145,22.9478602077787,0.00440759196809766,11.4416119893324,0.00463872910611653,10.2341556795175,0.000959985545628248,24.4117613734067,0.00468386522110094,9.48103860401724,NaN,NaN
0.000725842102111061,22.9084140176616,0.00441735863368797,11.3886871244007,0.00464605339010692,10.1797928646334,0.000959179550354033,24.4604884423902,0.00468896694281036,9.41938869164068,NaN,NaN
0.00071948893499715,22.9535920586844,0.00442765627768957,11.3057238226158,0.00465932872105592,10.1724496152931,0.000958071807592401,24.5008103902184,0.00469472802739664,9.45049853651832,NaN,NaN
0.000718249631999646,22.9933227594892,0.00443058577771113,11.3470338252976,0.00466604492662522,10.137327252169,0.000956387560438247,24.4296299645053,0.00469863322680265,9.33671399398968,NaN,NaN
0.000718311781869317,23.0641863937348,0.00443429012992701,11.3015470494914,0.00467578437309344,10.146719780395,0.000956488437567816,24.3774019808183,0.00469891359435494,9.47818971712369,NaN,NaN
0.000724885567562674,22.9932413664302,0.00443921913600767,11.2673890555841,0.00467906987159716,10.1101173825202,0.00095690947594336,24.3252766531832,0.00470446991107127,9.34041754695131,NaN,NaN
0.000725583551376186,22.9463130152791,0.00444547890500159,11.2077699104394,0.00469022039111958,10.0767596762143,0.000957613733301464,24.2761036557843,0.00470337730541252,9.46781976883114,NaN,NaN
0.000725750512625892,22.8988371657156,0.00445365436669117,11.1716093540752,0.004698781675618,10.043117347841,0.000959368247072234,24.3204015715422,0.0047097757864497,9.36417726364357,NaN,NaN
0.00072425952699553,22.9703602489907,0.00446359881780531,11.1414564850816,0.00470426569406758,9.99615470671079,0.000959662952842854,24.3722872521187,0.00471332686246511,9.43722272359435,NaN,NaN
0.000723964571613975,23.033595775357,0.00446668777104234,11.1924932196969,0.00471108190659639,9.95881229146055,0.000959795010914517,24.4313588563254,0.00471586184418628,9.34423505538867,NaN,NaN
0.000724006961918459,23.0866453914967,0.00446826983963366,11.1309859442357,0.00471760779777205,9.93006546264749,0.000959780280155377,24.494628884065,0.00471606500466595,9.49277601801869,NaN,NaN
0.000724402842963751,23.1279004416567,0.00447842129210795,11.1185128409328,0.00472812273040986,9.93382247393791,0.000959730706452936,24.5377448613261,0.0047218077196982,9.31665783025905,NaN,NaN
0.000728562014698575,23.0743536440412,0.00448821832040113,11.0834966059726,0.00472978259932855,9.8872583037021,0.000959712476747507,24.4982957497072,0.00472094604823753,9.48987015338727,NaN,NaN
0.000729598174860484,23.0227877267488,0.00449796791289541,10.9954982900104,0.00473945807985345,9.87279950267533,0.000960755957119433,24.4195392747447,0.00472729685763676,9.3633225975755,NaN,NaN
0.000730448492609984,22.9770848722355,0.00450714069913358,10.9640866674725,0.00474816202739838,9.85020051051932,0.000966561335591301,24.4631792410113,0.00472769085278824,9.40349190277464,NaN,NaN
0.000731112967947077,22.9372450805011,0.00451632937783038,10.9238065540542,0.00475729255584205,9.79748850362646,0.000969204914661177,24.5028579674144,0.00473423854619082,9.34605834300055,NaN,NaN
0.000731571920477367,23.0092869623527,0.00452541245337027,10.8899346404979,0.00476727159453797,9.79885468955025,0.000971100932133897,24.4625200262197,0.0047366915042539,9.42628299792309,NaN,NaN
0.000731404430041285,23.0683379745567,0.00453576861347158,10.8491395824478,0.00476937004145186,9.75229051931444,0.000972595533957875,24.4021728145349,0.00474105367396343,9.36736801696435,NaN,NaN
0.000731223860827951,23.128563880664,0.00453816746108598,10.8932531725693,0.00477935031986923,9.74796426388911,0.000974186512745168,24.351091312876,0.0047506663203552,9.3629237534104,NaN,NaN
0.000731030212837365,23.1899646806744,0.00454139183466818,10.8469081557101,0.00478567163168185,9.7136388425539,0.000976853631980675,24.4017616020169,0.00475516423283051,9.25546373978546,NaN,NaN
0.00073104008331021,23.2309591286671,0.00454980814582451,10.8284273650366,0.00479098377938574,9.67356405545609,0.000976870633610498,24.484618114829,0.00475509720527575,9.36611450673118,NaN,NaN
0.000732533376039191,23.1575211782346,0.00455507692595457,10.7931822657956,0.00479619637964435,9.64134483742006,0.000976271323005948,24.5246741287561,0.00476189427152568,9.25979404786366,NaN,NaN
0.000733004125419864,23.1170475955223,0.00455774120660171,10.8447911611128,0.00480661191033432,9.62130744387116,0.000972640896828852,24.488902856493,0.00476578477975676,9.16196327193894,NaN,NaN
0.000733415080696463,23.0729922974158,0.00456111350889647,10.7729277769461,0.00481624771010368,9.57992339526305,0.000973348104338613,24.4399667585185,0.00476620555916088,9.3139798765791,NaN,NaN
0.000732513752911521,23.1551333616675,0.00456314263018983,10.825337697246,0.00482565942233618,9.55282737444123,0.000974991054381655,24.3887011689875,0.00477389590081259,9.10635299977673,NaN,NaN
0.000732270888411008,23.2026710845861,0.00456705136402862,10.7787638161061,0.00483373943637804,9.51383415119975,0.000976965542138428,24.3436421220275,0.00477379214283809,9.1559236317246,NaN,NaN
0.000732157857682924,23.2522620201511,0.00457911534979889,10.7804230821418,0.00484245648191965,9.49305674027546,0.000983773290584334,24.3823350504889,0.00477732913939712,9.22743069275287,NaN,NaN
0.000735118182880379,23.2040672418526,0.00458138624791508,10.737396597354,0.00485164811009826,9.45412044144747,0.000984013093943187,24.4461616768901,0.00478422384085061,9.01929101630965,NaN,NaN
0.000735879353677648,23.162586039978,0.00458919545180195,10.6811532003509,0.00486226545638974,9.46009750486404,0.000983647121729087,24.5147196034114,0.00478289601772267,9.17284601987233,NaN,NaN
0.000736487825547015,23.1172493610229,0.00459251356700078,10.7282420261226,0.00487093075133063,9.39810681857211,0.00098282976064064,24.5704341172219,0.004794974852841,8.96185745653556,NaN,NaN
0.000734522482607441,23.1736457141222,0.00459576784219834,10.6432761618808,0.00488079704213774,9.37499550669468,0.000981561010677846,24.6133052183219,0.00479369462480862,9.13734888917862,NaN,NaN
0.000733595607905744,23.2410329526195,0.00459869809554067,10.6929397108114,0.00489043928178236,9.35825972912827,0.000977354787160283,24.574044939632,0.0047993328954672,9.1030482909802,NaN,NaN
0.000732637989035818,23.3275492889387,0.00460235447229522,10.6039115055856,0.00489960825126013,9.33816541116587,0.000977922284870272,24.5178997236842,0.00480467740799867,8.93445116461954,NaN,NaN
0.000731974879436909,23.4146176355673,0.00460481325822374,10.6545477277095,0.00490910003913846,9.31516794811542,0.000979384400671814,24.4519109329856,0.00480346566430893,9.11866019115689,NaN,NaN
0.000731987143254577,23.484038372332,0.00460879242035879,10.5817116703494,0.00491783128357698,9.26792068491771,0.000981687612699073,24.3783157471218,0.00481068212909691,9.02071545975643,NaN,NaN
0.000732404720244401,23.5353330763449,0.00461448877401596,10.6243376426458,0.00492642478080417,9.24902177963863,0.00098442546124254,24.3156500121607,0.00481509533458616,8.87587805008803,NaN,NaN
0.000736770563639375,23.4796045390359,0.00461637365980668,10.5838286649467,0.00492913169290464,9.20467766152898,0.000990124406320854,24.2668116055961,0.00481393554704667,9.06151152007215,NaN,NaN
0.000737672189857946,23.4270038826585,0.00461856631003796,10.650027658164,0.00493812797505512,9.21071164935905,0.000993839262224906,24.3373948932314,0.00482103646819322,8.93969311650369,NaN,NaN
0.00073824949893413,23.3745435741351,0.0046270412496398,10.6286860639807,0.00494103436881166,9.172116897012,0.000994839066341835,24.4191760330668,0.00482409958106196,8.84322980628787,NaN,NaN
0.00073906020132705,23.3122654161871,0.00463311424976927,10.5957868236177,0.00495059872793468,9.14894866072108,0.000995372994456585,24.5125252957397,0.00482318159177577,9.01028853372601,NaN,NaN
0.000741301233362594,23.3767429122798,0.00463534390750683,10.6713120362771,0.00495581716973312,9.11314320463511,0.000995090681867612,24.6084538757427,0.00482952421424179,8.90630416211121,NaN,NaN
0.000742785870488072,23.4483808506534,0.0046393841210517,10.6070583894464,0.00496601813721603,9.09464277025046,0.000994341402531046,24.6938720291534,0.00483287427234397,8.83268892478172,NaN,NaN
0.000743952326898549,23.4984565892293,0.00464832602502824,10.5450933854236,0.00497462972770003,9.04688318733134,0.00099304698369752,24.7542192934541,0.00483266247250328,8.97855193373179,NaN,NaN
0.00074394891978827,23.4469012160688,0.00465764284414398,10.4809541707334,0.00498282953451763,9.03100127596729,0.000988878395320556,24.8007369158257,0.00483829301362123,8.89690283536247,NaN,NaN
0.000743474308748319,23.4059686429354,0.00466900318725563,10.4541198338112,0.00499281271551774,9.02883814825462,0.000984474423633913,24.7598091027485,0.00484159035014922,8.81217693914811,NaN,NaN
0.000743736564112928,23.4573809847164,0.00467197415819957,10.405142877723,0.00500062177088283,9.010223865043,0.000982912863274125,24.7128236340939,0.00484079532601373,8.97085993911919,NaN,NaN
0.000744539542100476,23.5238597072946,0.00468034025081773,10.3285305597299,0.00501009738298617,8.96855519436743,0.000982287509555991,24.650485382572,0.00484736191856114,8.87502338401996,NaN,NaN
0.000745525387681635,23.5689776634488,0.00468377709577825,10.3656637892874,0.00501706355139269,8.93975144114088,0.00098259836247951,24.5727943481829,0.00485080448725003,8.78613811294101,NaN,NaN
0.000745921349582414,23.5245651357516,0.00468782190782259,10.2855612910124,0.00502666157453585,8.93240819180051,0.000983795355233342,24.4812888618988,0.00484996615377247,8.95188635240811,NaN,NaN
0.000745728230907522,23.4767989918832,0.00469417643021634,10.2586125219498,0.00503277851855536,8.89927818314862,0.000985529213861357,24.3890586676422,0.00485654651960669,8.85371371005616,NaN,NaN
0.000744579113808607,23.5566103469472,0.00470088642234521,10.2143844996879,0.00503654727106993,8.85891877398335,0.000987813911634638,24.3109997385255,0.00486086063434571,8.74180943287727,NaN,NaN
0.00074462237778418,23.6056991431573,0.00470677057353545,10.1799976414998,0.00504478010719788,8.8385398339535,0.00099017046911359,24.2517835486514,0.0048596637349157,8.91200193589832,NaN,NaN
0.000744941591410981,23.6476359153159,0.00471473055641584,10.1452674868906,0.00505456568764939,8.79100794868834,0.000996918932372122,24.2826241258029,0.00486524805932179,8.85109273411409,NaN,NaN
0.000746349655111326,23.6957649277881,0.00471802888332106,10.194015578698,0.00506383933865378,8.7549747949484,0.000998904488206342,24.3454768225932,0.00486997430293319,8.73126855137111,NaN,NaN
0.000748431870401552,23.61762301637,0.00472163939845993,10.1105945483515,0.00507302852376387,8.71951088534338,0.00100024046245699,24.4273212339721,0.00486875766177141,8.90396807485849,NaN,NaN
0.000749299541586573,23.5698091450339,0.00472361897596094,10.1791966165171,0.0050814642400192,8.70476746224915,0.00100099744452851,24.51136046548,0.00487330232861713,8.85827192908585,NaN,NaN
0.000749969728308489,23.525896377726,0.00473153623973989,10.1489293153831,0.00508964472053478,8.66918970381715,0.00100079424048604,24.5936089191942,0.00487674275473957,8.76750639265715,NaN,NaN
0.000750442430567298,23.4858847144461,0.00473757853427697,10.1148857536162,0.00509941850878353,8.65256777507771,0.000999630850329578,24.6740665951149,0.00487533956155649,8.95137355276727,NaN,NaN
0.000750223655391203,23.5490005042273,0.0047464922062817,10.0946312647667,0.00510835220353334,8.65165698446185,0.000997571473537411,24.7523979826474,0.00488131948664255,8.87525129497145,NaN,NaN
0.000749882641899551,23.6016588053489,0.00475670586806562,10.0058891398919,0.00511597130157217,8.61454226686558,0.00099509508954913,24.8239316076889,0.00488460251408699,8.78608113520314,NaN,NaN
0.000749576125275473,23.6530965856195,0.00476453040786327,9.93974736274477,0.00512619630629858,8.59410640242224,0.000992378275639713,24.8729787340949,0.00488300986089221,8.96954945114816,NaN,NaN
0.00074930410551897,23.7033138450392,0.00477065111913947,9.90118373143234,0.00513509488573688,8.57628906099949,0.000985537779475594,24.7794775963842,0.00489006525296726,8.82670626230525,NaN,NaN
0.000750981384191981,23.6237352894133,0.00477772699241067,9.87286177668507,0.00514424959024525,8.54424061620394,0.000985094713746758,24.6893936076011,0.00489405638279645,8.7153147847672,NaN,NaN
0.000751757498513104,23.5791909375841,0.00478274438243557,9.82131009743804,0.00515228761928425,8.50439352676009,0.000985442564530276,24.5893789812686,0.00489340544330653,8.88055022459346,NaN,NaN
0.000752608524140019,23.5353195832335,0.00479011208806569,9.76930068962943,0.00516242082891079,8.49494407412055,0.000986268895314816,24.4954493404539,0.00490127644631816,8.71337754167958,NaN,NaN
0.000753846862537973,23.5929484441826,0.00479253535624403,9.81684724396271,0.00517297119755312,8.49864416099747,0.000987892306040318,24.4187202914399,0.0049041323475457,8.64420656790404,NaN,NaN
0.000753878249869866,23.6468388027111,0.00480248970702161,9.73193859579112,0.00518228109446738,8.49756259714114,0.000990312796706788,24.3591918342268,0.00490403456049856,8.79457081814593,NaN,NaN
0.000753830613419068,23.7011512105058,0.00480574682146688,9.80185663357123,0.00519264561171326,8.48714542947225,0.00099347737334411,24.3163098869209,0.00491204574511424,8.60979201422988,NaN,NaN
0.00075370395318558,23.7558856675666,0.00480832614706511,9.70321612855248,0.00519990641897266,8.4609032748528,0.00100034540349434,24.2874887796214,0.00491405527467163,8.55418174206766,NaN,NaN
0.000755109019144065,23.6930226842839,0.00481201161627693,9.76197703264428,0.0052106602000053,8.46004940865043,0.00100558343720984,24.347120491583,0.00491437298374161,8.71400429679616,NaN,NaN
0.000755889452818422,23.6496345677534,0.00481345608313576,9.70682074097486,0.00522191500761262,8.44354132873798,0.00100720316221227,24.4154152576699,0.00492211788336437,8.51549385805317,NaN,NaN
0.000756835288355354,23.6053795392168,0.0048235791178986,9.62088220353973,0.00523006366216492,8.41468065109794,0.00100820628555745,24.5073509473436,0.00492318004190628,8.68409098441382,NaN,NaN
0.000759407058111854,23.6561150860314,0.00482636956020244,9.68324772005391,0.00523955449464046,8.38832464765151,0.00100890524375671,24.6069119375371,0.00493039466781501,8.48717592233121,NaN,NaN
0.000759883772178139,23.7085187447929,0.00482958145918808,9.58598040071988,0.00524907856799627,8.36424562074473,0.00100901315535576,24.7018633143222,0.00492917152054971,8.57754261459482,NaN,NaN
0.000760126072832717,23.7630440566224,0.00483312895000703,9.64691551547914,0.00525817981599204,8.34528979105215,0.00100873972671927,24.7821351261968,0.0049331859161638,8.6344063969902,NaN,NaN
0.000760133960075589,23.8196910215197,0.00483555496130163,9.56034760127185,0.00526664880950201,8.3249108510223,0.00100795225871562,24.833206994431,0.00494053582682514,8.43361684873236,NaN,NaN
0.000759619312211603,23.7789441360433,0.00483948826767315,9.61144155195731,0.00527535417196394,8.3113059161979,0.00100122530422979,24.778723137052,0.00493926852887203,8.54563508138699,NaN,NaN
0.000759719002731842,23.7336535324504,0.00484091238969052,9.55691463706006,0.00527904645887393,8.27350810563973,0.000999800465925461,24.722451130226,0.00494304969587799,8.60335352985044,NaN,NaN
0.000759981566488336,23.6823629852354,0.00485211214960557,9.50782324883147,0.00528527310937832,8.24009347492039,0.000999281101023551,24.657259453116,0.00494949898306771,8.41088273132178,NaN,NaN
0.000762830020250241,23.7638707771392,0.00485410835600055,9.56543983151933,0.00529160946636757,8.20639422213359,0.000999667209524059,24.583148105722,0.00494854480039974,8.57412395032255,NaN,NaN
0.00076287044146517,23.8260999283694,0.00485808676481484,9.48425022791051,0.00529548183588289,8.17047491722064,0.00100092707294134,24.5012363956892,0.00495915868813767,8.39635340816464,NaN,NaN
0.000762588636105905,23.8807072015608,0.00486042737752953,9.54587193551214,0.00530238400197172,8.12573232821654,0.00100285098491072,24.4215942745194,0.00495851570657438,8.56136093703942,NaN,NaN
0.000760775059974519,23.9194105769339,0.00486382241385923,9.46388130692057,0.00530902250221499,8.09886400504869,0.0010054928462559,24.3587114930027,0.00496506974927211,8.43287613814003,NaN,NaN
0.000759251314941744,23.8721251666142,0.00486699349978288,9.52075408069588,0.00531674836778159,8.06721403114758,0.00100824160964286,24.314494991737,0.00496906034764871,8.49139227493368,NaN,NaN
0.000764634674302695,23.9160794400322,0.00486982701511097,9.45404014284677,0.00532800508619449,8.05742303202709,0.00101520131023218,24.3836333137934,0.00497322157909039,8.41299090762301,NaN,NaN
0.000762296762658196,23.9560186372973,0.00487352096177182,9.49369087949294,0.00533612456942197,8.0385810511615,0.00101685625247803,24.4566994860467,0.00498401383563999,8.39806274030078,NaN,NaN
0.000762090064235317,23.8928569862441,0.00487537975735504,9.44665926979142,0.00534625565667299,8.01564051252454,0.00101754733540599,24.5448161838322,0.00499288654669931,8.36626916256869,NaN,NaN
0.000766968842632471,23.8489156840302,0.00488495914818931,9.45083604291577,0.00535210415783299,7.98359206772899,0.00101756610069299,24.6309472860614,0.00499618135919008,8.32530216903935,NaN,NaN
0.000774608770460832,23.8831067418508,0.00489051905801382,9.41496156690257,0.00535921037102191,7.95461754126196,0.00101672037004435,24.7026152912061,0.00500315442019627,8.30131454139561,NaN,NaN
0.000775670070841331,23.9271467273768,0.0048920663849133,9.48751154391172,0.00536180803615172,7.91619356215539,0.00101501014346007,24.7598201992664,0.00501218353550307,8.28057464481052,NaN,NaN
0.000775872243834955,23.9778843588602,0.00489553245674336,9.41170025090137,0.00537143579925701,7.88072965255037,0.00101251421924806,24.8025926381825,0.00502163931839299,8.25926497084672,NaN,NaN
0.000774379592593679,24.0392946174586,0.00489693480067161,9.50130061682907,0.00537875289286303,7.85938299749116,0.00100422989308761,24.7677957843481,0.00502748618031767,8.29083063762732,NaN,NaN
0.000770268987196689,23.9951232694314,0.00490098683095265,9.42411613813401,0.00538746317783637,7.83092079074556,0.00100418081825812,24.7145537325385,0.0050306890926991,8.19715923656719,NaN,NaN
0.000769854486494964,23.9369508072576,0.00490218400616638,9.48550898145484,0.0053953182216873,7.78703206794383,0.00100509261595023,24.6471964658912,0.00503113489277782,8.31253915575622,NaN,NaN
0.000769917891004013,23.8868104430808,0.00491043200999784,9.47223485316925,0.00540517792712171,7.77092245892582,0.00100667374448701,24.5827601054951,0.00503708229665524,8.20336980999515,NaN,NaN
0.000770460008123207,23.8463201783419,0.00491667313756471,9.4372758342792,0.00541418281457357,7.7529343442626,0.00100903794794872,24.5335773654061,0.00503783516392876,8.24296933781558,NaN,NaN
0.000772545705254898,23.8070179742024,0.00492339555363387,9.41255849195431,0.0054191895957477,7.72082897505355,0.00101391955405793,24.49567176211,0.00504446335448571,8.16963898917544,NaN,NaN
0.000774116335241427,23.8956774370444,0.00492964463587277,9.37840049804701,0.00542841347302945,7.68872360584451,0.00101803123792968,24.5701850265679,0.00504638871719796,8.26011963691479,NaN,NaN
0.000774460127649356,23.9533671000967,0.00493645189982615,9.32278647781602,0.00543789332988381,7.67403710716378,0.00101949768983004,24.6350249542059,0.00505091279972498,8.18103453674967,NaN,NaN
0.000774453754480261,24.0122886907368,0.00493895993731375,9.40540648317975,0.00544681435645303,7.63060377966998,0.00101996622669915,24.7112562659163,0.00505981948567784,8.1754507184383,NaN,NaN
0.000774097215734139,24.0724422089647,0.00494288670537548,9.30173096398371,0.00545671852633319,7.6039631541561,0.00101984866739875,24.7838677818998,0.0050632622086927,8.13898496620078,NaN,NaN
0.000773580196504214,24.115186769744,0.00494485130674067,9.37393764457168,0.00546710060457295,7.57487477886209,0.00101955154287486,24.8353549636556,0.0050711899918872,8.10998329762437,NaN,NaN
0.000771746141888657,24.064767345245,0.00494831466337316,9.33485906862748,0.00547613774112794,7.56371759381781,0.00101849703237105,24.8751011119571,0.00508070171051127,8.11522524950852,NaN,NaN
0.000771569232735811,23.984084188304,0.00495656412318985,9.3068804103014,0.00547960746454116,7.52546438795171,0.00101917750582019,24.8186636100282,0.00508347994541183,8.04730778596614,NaN,NaN
0.00077403583247276,24.0256411589347,0.00496488774413573,9.27346622530665,0.00548984007611554,7.5398093401515,0.00102028313937687,24.7629166421324,0.00508453399232173,8.18895444231375,NaN,NaN
0.000774370972927345,24.0790223398183,0.00497366286431432,9.24388551701506,0.00549918502226882,7.51721034799549,0.00102142549208181,24.7150741902298,0.00508939835089254,8.02537135688575,NaN,NaN
0.000774428780446093,24.1462512993281,0.0049771167317146,9.28468057506516,0.00550732779890693,7.49984840188067,0.00102260456393502,24.6751362543206,0.00508909427009232,8.18941026421672,NaN,NaN
0.000774073062803566,24.2098336216217,0.00497940147598547,9.22551915848199,0.00551587952270118,7.48686963560467,0.00102399167971215,24.7237856703025,0.00509427924262052,8.07101052492052,NaN,NaN
0.000773049916899148,24.253009188618,0.00498248417796488,9.29978561759703,0.00552354007347994,7.4607982542257,0.00102329983895181,24.7694297940589,0.00509385854534415,8.14713278271635,NaN,NaN
0.000770634611048291,24.2101027945079,0.00498531913239279,9.20789660886147,0.00553372252456619,7.45761048707019,0.00102239312619133,24.8099981463622,0.00510145714741846,8.19163239599369,NaN,NaN
0.000774282315872029,24.1508611029348,0.00498787730399144,9.29629543731505,0.00554392231840014,7.48322647314123,0.00102053749849989,24.7515071887199,0.00510341288442874,8.13659190121019,NaN,NaN
0.000782523186045136,24.1649184276756,0.00499150184517247,9.19359259131235,0.00555253308562631,7.50895630803926,0.00102095558391685,24.696393723758,0.00510564539273997,8.22798419275547,NaN,NaN
0.000783399862266829,24.2274832287385,0.00499401988363604,9.28428006257379,0.00556095506917518,7.47206928809696,0.00102162422379863,24.6441888469321,0.00511000679516377,8.08365958272791,NaN,NaN
0.000782567893742861,24.290440954507,0.00499776042249575,9.19788379657709,0.00557194370179593,7.43848388413714,0.00102249850437689,24.5976059469961,0.00511096343401492,8.22906676977502,NaN,NaN
0.000781080403358648,24.3470980005175,0.00499915862315984,9.24153965813701,0.00557842226231747,7.41019245063201,0.0010237342113972,24.6592497522112,0.00511669467141159,8.05910217770546,NaN,NaN
0.000785128906809269,24.2855092076524,0.00500516479274261,9.17196491677808,0.005588787063882,7.39072430121802,0.0010236749320689,24.7162016257304,0.00511702936730775,8.20678847426741,NaN,NaN
0.000785194659231554,24.2179221250892,0.00500845516497581,9.21991198360273,0.00559754651756632,7.384348766907,0.00102342253127402,24.778765363418,0.00512190313997247,8.13710470085103,NaN,NaN
0.000782866504035898,24.2619800748118,0.00501195451147922,9.13260026048289,0.00560706966521747,7.40324767218608,0.00102300730042483,24.8438878749123,0.00513068617065188,8.08069674035861,NaN,NaN
0.000782608833818933,24.3162851789295,0.0050141066856859,9.21785220507566,0.00561904526276032,7.3998891317901,0.00102266145673569,24.8865399880642,0.00513380017180092,8.1235439992377,NaN,NaN
0.000782607819426176,24.3759489530065,0.00501842619530362,9.15542947249129,0.00562694204366982,7.35799276346057,0.00102263570278289,24.8328939815206,0.00513790340210499,8.04292050015006,NaN,NaN
0.00078302700290798,24.4209886835636,0.00502678369812696,9.14295636918845,0.00563533145742255,7.3312382891197,0.00102308460394629,24.7926402100845,0.00513883379312086,8.10850187643972,NaN,NaN
0.000785164870272023,24.4629545283315,0.00503564301418155,9.13694868181782,0.00564440311095363,7.30875314579067,0.00102376699651211,24.7466606473831,0.00514326444717303,8.05830448937526,NaN,NaN
0.000788190536703435,24.4147459446611,0.00504394295099883,9.09798453801402,0.00565332392595293,7.25854581309142,0.00102663404680555,24.7871526049758,0.00515276070671584,7.9688494409176,NaN,NaN
0.000789588675219826,24.3576413280641,0.00505381746282289,9.05324157112036,0.00566014445598147,7.23236058288546,0.00102670265979714,24.8349495147402,0.00515347118377661,8.05237880463667,NaN,NaN
0.000790713154764867,24.3090567893516,0.00506414119703198,8.97680090133785,0.00566990256434381,7.19479046998126,0.00102642524310638,24.891818733045,0.00515791155560988,7.99899066425142,NaN,NaN
0.000792113695041387,24.2426174612005,0.00506665864517685,9.04551740164383,0.0056764517489301,7.16752367591897,0.00102583421566917,24.9387313766224,0.00516692605566354,7.96993201793715,NaN,NaN
0.000792555337466768,24.3395516245753,0.00507157866206471,8.94252847529015,0.00568280509827592,7.13325517899727,0.00102399953800298,24.8911825724242,0.00517646463197967,7.96178420142158,NaN,NaN
0.000792386195647783,24.4022479174093,0.00507254518556056,9.00163267580313,0.00569227443902333,7.13587370201786,0.00103186007687655,24.9058676819442,0.00518455096198809,7.94571647934192,NaN,NaN
0.00079214111440378,24.464544974451,0.00507818347835333,8.94029704855249,0.00570040617396778,7.09175728156217,0.00103241688395015,24.9462841161976,0.00519365621339458,7.92959177952439,NaN,NaN
0.000791820093734761,24.5264427957004,0.00508579571562688,8.89538243344825,0.00570797549828397,7.05857034849679,0.00103531869160017,24.9859062273773,0.00520292391279471,7.87483617343024,NaN,NaN
0.00079159714392403,24.5689713660285,0.00508930398963357,8.95334231255729,0.00571434314897356,7.02834348493296,0.00103432789006077,25.0618067989891,0.00520316670858153,7.96981806246141,NaN,NaN
0.000791991009058207,24.5073034690153,0.00509277299031954,8.8585925003119,0.0057202751242507,7.00027974908179,0.00103519367792669,25.1255581368547,0.00520840914769176,7.89734237988934,NaN,NaN
0.000792691855265234,24.4315678682988,0.00509423672854715,8.94001096820151,0.00572979523049791,6.9944165344922,0.0010394727350192,25.0737893525784,0.00521305581638109,7.95648527179956,NaN,NaN
0.000793300162441137,24.4752735971725,0.00509989116122773,8.90854212959344,0.00573865111747485,6.97124829820127,0.0010400164851317,25.0292226191619,0.00521663267477146,7.85113343447585,NaN,NaN
0.000793362547918648,24.5200523502439,0.00510964584707982,8.88216552123286,0.00574776574778594,6.94506306799532,0.00104011006920681,24.9761898639003,0.00521690592574287,7.97825076766633,NaN,NaN
0.00079342068127062,24.5652189323708,0.00511809235793695,8.89521078523765,0.00575743630579943,6.94546153888976,0.00103882910426349,25.0284220670062,0.0052221208170383,7.85996498384588,NaN,NaN
0.000793474562497052,24.6107733435531,0.00512780091785877,8.82523553138735,0.0057647291869664,6.91136381520852,0.00103851147548859,25.0848346152791,0.00522249537724819,7.9317569335635,NaN,NaN
0.000794629432510731,24.5509591283297,0.00512944826555118,8.87060787505317,0.00577388891643301,6.89496958412305,0.00103861564061624,25.1295443736398,0.00522734213913605,7.87352568545921,NaN,NaN
0.000795107900598267,24.4835003168961,0.00513403450118484,8.8145933423308,0.00578240821592857,6.86047338954738,0.00104008217172961,25.1821528292592,0.00523287596355918,7.90531926319129,NaN,NaN
0.000794896788276045,24.5557887441864,0.00513868987798373,8.85172657188832,0.00579153573266642,6.82933573536768,0.00104305582890337,25.1227238042868,0.00523575145281311,7.80646288798489,NaN,NaN
0.000794725208047407,24.6085915001655,0.00514180095219941,8.74187171711106,0.00580092709044539,6.79501031403248,0.00104471504096,25.0553456662894,0.00523763128769505,7.92640102620361,NaN,NaN
0.000794609281293365,24.6598999736077,0.00514440166301204,8.82895457595012,0.00581092248678811,6.775485240205,0.00104604629780119,24.9967389176122,0.00524265755970395,7.76788895944614,NaN,NaN
0.000794549008013919,24.7097141645127,0.00514827756052739,8.72161722826151,0.00582054897379759,6.75362626542437,0.00104704959942695,24.946903558255,0.005242288896982,7.92212769586328,NaN,NaN
0.000796047864096869,24.6468462285083,0.0051504363964229,8.80875730317076,0.00582930170328801,6.73165344181676,0.00104798010635303,24.9014834431004,0.00524842912749527,7.80549426644108,NaN,NaN
0.000797444487724011,24.5698439262522,0.00515450151953787,8.7070843464316,0.00584034265514677,6.72117934973438,0.00104755525956621,24.9455515150786,0.00524822635469234,7.86372551454537,NaN,NaN
0.000799119901528476,24.6337966662435,0.00515621068884628,8.77986318772153,0.00584450460218236,6.68007992319373,0.00104682431750589,25.0123652107008,0.00525185892229265,7.90822512782272,NaN,NaN
0.000799307482178415,24.6887842591726,0.00516056977505123,8.71412192306576,0.00585060915566369,6.64962536197593,0.00104619631305481,25.0810153090285,0.00525485561684281,7.80395586751856,NaN,NaN
0.000799287870718339,24.7456425569572,0.00517213194759027,8.70931577316926,0.0058595296796681,6.66271797707891,0.00104567124621297,25.1515018100618,0.00525645868414738,7.92890804666994,NaN,NaN
0.000799061067148246,24.8043715595975,0.00518037643224712,8.69300919316326,0.00586622014875825,6.62958796842702,0.00104529341976314,25.2206935872411,0.00526134209618901,7.77934148475824,NaN,NaN
0.000798778245868726,24.8445999661585,0.00518934411731246,8.67527221140235,0.00587469246799082,6.62492016652074,0.00104542622550893,25.2625649160351,0.00526153041178836,7.91665783302765,NaN,NaN
0.000798096792606399,24.7816234231952,0.00519762929165224,8.65770687785203,0.00588584510988876,6.60505354621231,0.00104755093559281,25.2204421083532,0.00526686727442456,7.82788651742444,NaN,NaN
0.000798231085691272,24.7420654955327,0.00520035146430956,8.70857196425671,0.00589461634909959,6.62201702143269,0.00104865532107715,25.1744094979967,0.00527501045743467,7.79951160396462,NaN,NaN
0.000798584062949622,24.6969068600404,0.00520270850329315,8.63356169622911,0.00590593222006749,6.62719714306039,0.00104964769938495,25.11671972264,0.0052841399659536,7.81278741688859,NaN,NaN
0.000801329251038582,24.7466941588847,0.00520527330280979,8.70290757330725,0.00591452242127021,6.63892357223958,0.00105048333845146,25.0508770334544,0.0052877781970705,7.9037238865309,NaN,NaN
0.000801561900083569,24.7980962038823,0.00520807681520997,8.61199123776503,0.00592104491397456,6.6102905922535,0.00105078362410117,25.0049936381991,0.00529428403233352,7.74555368620066,NaN,NaN
0.000801473620851535,24.8601407344302,0.00521041728180803,8.69770091091937,0.00593037477857685,6.59497792502436,0.00104811115213936,25.0560616237108,0.0052937839854181,7.82686091814275,NaN,NaN
0.000801022766168328,24.9141973954544,0.00521368780923918,8.59757278807552,0.00594115175057328,6.56509260794148,0.00104695043333777,25.1219630590224,0.00529751449687392,7.87438035152727,NaN,NaN
0.000797840069850735,24.8724660662956,0.0052151188293413,8.69152157533815,0.0059502359698381,6.55461851585909,0.00104576836114522,25.2095037082074,0.00530386744759841,7.69923078531144,NaN,NaN
0.000798653286958444,24.8282296921482,0.00521915074532461,8.64323121209231,0.00595924085728996,6.53663040119587,0.00104503237200106,25.2956929631768,0.00530284654044227,7.85079156804863,NaN,NaN
0.000802716758565139,24.7679779833097,0.00522299303112925,8.68248143624711,0.00596579853805454,6.50907898506613,0.00104511522826889,25.36547080245,0.0053131219101291,7.67883275515357,NaN,NaN
0.000808961515835584,24.8064622606724,0.00522610013093501,8.63138748556164,0.00597171306146089,6.47594897641424,0.00104568027669796,25.4165646239553,0.00531220652142252,7.8031012014505,NaN,NaN
0.000810514600644692,24.8495069360704,0.00522843907400613,8.68991952537265,0.00598116997529576,6.4891554403442,0.00105238634592529,25.3378618108999,0.0053211809231911,7.67034307221078,NaN,NaN
0.000810982469818512,24.9020202536975,0.0052376122537901,8.67315521680508,0.00598899772225309,6.46991498858417,0.0010540415575401,25.2738522089987,0.00532121336909854,7.75290381438604,NaN,NaN
0.000810746394095288,24.9545607319952,0.00524464403054954,8.59803051663709,0.00599742080002595,6.45898550119386,0.00105527692128054,25.2119931615858,0.00532785418604757,7.71319033108986,NaN,NaN
0.000809320392431657,25.0071318146248,0.0052520729843624,8.5619271763431,0.00600792415870717,6.44617750815834,0.0010557939708949,25.1568835280874,0.00533760969178601,7.67455942481324,NaN,NaN
0.000807276344782922,24.9411251283813,0.00526256965816668,8.4853720744202,0.00601596572503869,6.42881556204352,0.00105418473009038,25.1957917554479,0.00534333412435674,7.72128116986756,NaN,NaN
0.000807721508653389,24.8838790671461,0.0052711370405498,8.44022859503517,0.00602472015376476,6.40678581402242,0.00105298474251293,25.261948491658,0.00534919506139363,7.57769727043233,NaN,NaN
0.000808434317337366,24.8365909130426,0.00527265495484008,8.51054714530666,0.0060343791014473,6.39853177406619,0.00105181124372906,25.3384897421171,0.00534831096797619,7.66903258423974,NaN,NaN
0.000810619913953676,24.7763716964515,0.00527715408262725,8.46036865174433,0.00604389187848894,6.40308572714549,0.00105107314907862,25.4039555452031,0.00535213467890028,7.70999957776908,NaN,NaN
0.000812265101214478,24.8608429063279,0.00528144770466255,8.51706977730905,0.00605314743623652,6.3959132510456,0.00105077045856159,25.4583459009161,0.00535861916504124,7.53399534548518,NaN,NaN
0.000812123040769914,24.911182307864,0.00528639435142034,8.41116283137535,0.00606263015929926,6.39130237355281,0.00105090687826477,25.5000290991503,0.0053588779532237,7.62949003415718,NaN,NaN
0.000811740656818382,24.9567308798919,0.00528981853086357,8.50837293463919,0.00607212353729016,6.3919854665147,0.00105435878650332,25.4320472227798,0.00536139021240389,7.67792111134764,NaN,NaN
0.000811117949359885,24.9974886224116,0.00529398870058759,8.39926188877448,0.00608048059281667,6.38213754298072,0.00105564456196322,25.3785930005092,0.00536668506505694,7.53695818785447,NaN,NaN
0.000810427105598089,24.9480390371562,0.00529528007265328,8.49229521891398,0.00609061181888891,6.38179599649977,0.00105670537676709,25.323325187989,0.00536864968098496,7.59427779215283,NaN,NaN
0.000810657564926352,24.9028736638231,0.00530024714867965,8.4381116004379,0.00610031771046008,6.35162605734943,0.00105750906235911,25.2691243439031,0.00537197066290684,7.5564445742064,NaN,NaN
0.00081109760534231,24.8602633995611,0.00530398194217333,8.34456332566664,0.00610925228786396,6.36989879408011,0.00105488480071503,25.3500619619698,0.00538176159660311,7.51194496092905,NaN,NaN
0.000811747226845962,24.82020824437,0.00530544257165756,8.44806719665209,0.00611847357657974,6.37291578799515,0.00105357382501754,25.4283578938191,0.00538611833614682,7.56094581549822,NaN,NaN
0.000813380259118968,24.8819420881455,0.00531089270129015,8.3517153344412,0.00612728765374939,6.36358018418259,0.00105219447341055,25.5237908210792,0.0053914155609935,7.42476902198623,NaN,NaN
0.000813704574472005,24.9365762052698,0.00531428758046996,8.40166496372274,0.00613693640601798,6.35566769070731,0.00105121528854484,25.6122415913208,0.00539225367104984,7.50852629665678,NaN,NaN
0.000813938399268257,24.9927502318789,0.00531931969920151,8.3077733925303,0.00614424001486183,6.3110389505302,0.00105102358367849,25.6751111703328,0.00539686835246549,7.4656790377777,NaN,NaN
0.000814081733507725,25.0504641679727,0.00532364088431497,8.36676316090288,0.00615263494946138,6.29766171335976,0.0010513187887519,25.7150114371843,0.00539881605500675,7.40989783240187,NaN,NaN
0.000815277229331798,24.9801737270481,0.00532826734854408,8.25296039728206,0.00616157813216664,6.29191234759715,0.0010549973037621,25.6484843040999,0.00540103096477325,7.53091854764014,NaN,NaN
0.000815666333391863,24.9389360507917,0.00532967168812,8.31841558158684,0.00616948648703273,6.26658098359356,0.00105660449248267,25.5874325748386,0.00540707149033534,7.36374586472626,NaN,NaN
0.00081717903389956,25.027307495586,0.00533587988390306,8.27819268423871,0.00618192714288279,6.25781462391591,0.0010578596531681,25.522191931209,0.00540727572116735,7.47536525321579,NaN,NaN
0.000816995000366696,25.0871578532247,0.00533707599667735,8.36893737157034,0.00618959746593564,6.21785368564508,0.00105875565872756,25.4639626975305,0.00541336124248657,7.42340155627732,NaN,NaN
0.000816487885773068,25.1560651599812,0.0053418457125446,8.31143522102287,0.00619908433130256,6.20971349451584,0.00105702112937451,25.5628641261355,0.00541652666088611,7.33468721841198,NaN,NaN
0.000815695343314785,25.2145816159222,0.00534600893419868,8.36693480911347,0.00620586553096669,6.18597601409001,0.00105626165048088,25.6420174633703,0.00541826539441407,7.41012574335335,NaN,NaN
0.000811596542796443,25.1682030236567,0.00535062711775165,8.27956586992343,0.00621113739290338,6.14499043637633,0.00105584904259261,25.705703955458,0.005421815090184,7.36477146400794,NaN,NaN
0.00081525310582609,25.214239930218,0.00535622876866527,8.32093308867549,0.00621774675819619,6.12022831650766,0.0010557833057097,25.7539236023986,0.00543105883988247,7.33497210710134,NaN,NaN
0.000816578814111081,25.2634095459291,0.00535934822486963,8.2474676545432,0.00622773117891774,6.11237274744587,0.00105895673351001,25.6897412611785,0.00543789286617932,7.29263764786309,NaN,NaN
0.000820389501621256,25.3011938959692,0.00536811501371581,8.21290914814452,0.00623494692339597,6.06842710023065,0.00105992058780079,25.636086139685,0.00543743658910152,7.42317364532584,NaN,NaN
0.000821096326475126,25.3422252887625,0.00537650328382107,8.1251396964631,0.006243446962662,6.05265903769359,0.00106066383541316,25.5878489764842,0.00544440084897355,7.33827681589786,NaN,NaN
0.00082110292127994,25.2935789954543,0.00538640010236343,8.03468108948245,0.00625334674229368,6.03068621408598,0.00106116786050462,25.5477182263516,0.0054471143488676,7.25862193835403,NaN,NaN
0.000824396876813437,25.2548148386002,0.00538804265478347,8.08857862760754,0.00626116075654455,5.98930216547787,0.00105984625227122,25.6396324838071,0.00544796852972376,7.41958404783996,NaN,NaN
0.000830361360759352,25.2916463683125,0.00539270472118987,8.03021823600713,0.00627169346174616,5.98116197434863,0.00105919953312993,25.7028348039505,0.00545420241771846,7.25172763207163,NaN,NaN
0.000829759103903188,25.3666788950272,0.00539750496861421,8.09533012389073,0.00627937691917005,5.93511012383423,0.00105874667099586,25.7673488403121,0.0054537360382858,7.30488786150538,NaN,NaN
0.000828457415784346,25.4153362608009,0.00540239166017246,7.97243000510867,0.00628971088654846,5.91780510213291,0.00105852840821849,25.8301032605389,0.00545758813837043,7.3770786553881,NaN,NaN
0.000830173625899376,25.3610898256875,0.00540329564250238,8.01671524344075,0.00629860188883691,5.91154341664887,0.00106298098088356,25.7692077791236,0.00546359476620197,7.20990597247422,NaN,NaN
0.000833519719938082,25.3096213275931,0.00541106559580614,7.93655552909547,0.00630913512630146,5.8932137555047,0.00106427581983157,25.7156087761617,0.00546202560283391,7.33736517209193,NaN,NaN
0.000837289381418074,25.3620160327301,0.00541301412482523,8.0207775844247,0.00631892300432404,5.87385945491769,0.00106541955064279,25.657500673605,0.00547222805058102,7.17623212939238,NaN,NaN
0.000835942000433809,25.4235704323466,0.00541983158652748,7.98055468707657,0.00632821764449174,5.8653777173075,0.0010636800917273,25.7097497666616,0.00547097689872894,7.31594154265238,NaN,NaN
0.000832988445747453,25.3540932557656,0.00542968005880031,7.96070071071839,0.00633590372017972,5.83053997625088,0.00106223532000691,25.7867572446971,0.00548045066039318,7.16888200120701,NaN,NaN
0.000833171483180699,25.3074347174598,0.00543761486779602,7.91418404564864,0.00634586290031069,5.82239978512164,0.00106055605485267,25.884715318249,0.00547951752005708,7.3208416281093,NaN,NaN
0.000834405757023849,25.2375242650166,0.00544016858701184,7.99434375999393,0.00635361036005227,5.79228677038478,0.00105916396226732,25.9802942730194,0.00548610561543193,7.27001748592826,NaN,NaN
0.000835688472981631,25.3195178939995,0.0054436042623682,7.87968275532016,0.00636104785144568,5.76803697023753,0.00105845137544555,26.0562987482944,0.00549032538194618,7.1248951875705,NaN,NaN
0.000835935072753987,25.3764008323152,0.00544596582712849,7.97311659795103,0.00637152685219039,5.77412788248109,0.00105824713366602,26.1106358883433,0.0054906551044485,7.28534449741559,NaN,NaN
0.000836264303633308,25.4324967057832,0.00545024696871506,7.86057258787453,0.00638278381854758,5.76319839509077,0.0010619061038437,26.0561485750635,0.00549811374958116,7.14842699331128,NaN,NaN
0.000836676165619597,25.4878055144034,0.00545917260357259,7.80329930160785,0.0063899514157901,5.73894859494352,0.00106402357837478,25.9858665038932,0.00549949582699296,7.10107849314037,NaN,NaN
0.000840676546510185,25.4469973449698,0.00546232503118377,7.87436166079189,0.00640177337466528,5.73621622309594,0.00106612565179994,25.9005921552588,0.0055000323790451,7.25463349670305,NaN,NaN
0.000842282807257476,25.3700602071937,0.00546524007199436,7.78104225030141,0.00640937714320883,5.70752631869637,0.0010679384216758,25.8185086366307,0.00550664993145044,7.09714702922727,NaN,NaN
0.00084351362627796,25.28660348266,0.00546816707047666,7.87687916788053,0.0064190072038852,5.70023999376949,0.00106902630949932,25.762648036139,0.00550756976520125,7.25622887336344,NaN,NaN
0.000843633337132244,25.3421606554225,0.00547180177563572,7.76862636306877,0.00642786893240198,5.67348551942862,0.00106665726636404,25.8195003691976,0.00551436591170126,7.0878026802164,NaN,NaN
0.000844117231033671,25.4078305662102,0.00547398616207629,7.87172972156285,0.00643861478589363,5.65481431180351,0.00106494227940198,25.8995936041688,0.00551335158284686,7.14597695058282,NaN,NaN
0.000844812972183439,25.5652613046147,0.00547753578880739,7.76610885598013,0.00644738878886601,5.65134192258054,0.00106352790273629,25.9806107436067,0.00551550833839096,7.26283829095649,NaN,NaN
0.000846186233880407,25.6315252924423,0.00547891480838199,7.84386549537716,0.00645624099305298,5.6373385168617,0.00106241413636698,26.0625517875112,0.00552122320068002,7.08751779152704,NaN,NaN
0.000845589168158759,25.6939109888514,0.00548559406114763,7.77755207001943,0.00646515660122223,5.61103943782877,0.00106163064206937,26.1433338900537,0.00551989070908663,7.20722801879428,NaN,NaN
0.000847798450305765,25.7329699083101,0.00548913894911479,7.8301908546002,0.00647528092790499,5.58041410337049,0.00106145132228683,26.2047739437636,0.00553001158870644,7.07367220122436,NaN,NaN
0.000849522793386544,25.8749267425897,0.00549221046362867,7.73412507274029,0.00648290441619229,5.53863158386794,0.00106666552530287,26.1360426534686,0.00552943265264752,7.2164584123294,NaN,NaN
0.000850871824448711,25.8343187610682,0.00549560778265822,7.80598845690708,0.00649014628391516,5.51415408606672,0.00106851275223527,26.059545688298,0.00554009252809072,7.04028324683188,NaN,NaN
0.000850747668405825,26.0084425919463,0.00549845121453516,7.69498928072589,0.00649953934092979,5.47977174031803,0.00107001469136718,25.9863647332849,0.00553913321832352,7.18910909815126,NaN,NaN
0.000853336864256805,25.9595647265475,0.00550094520909518,7.78642056089988,0.00650580875664426,5.43588301751631,0.00107072813102153,25.9305052361718,0.00554530688917476,7.14238735309694,NaN,NaN
0.000852207576972248,26.0909132959914,0.00550442046103877,7.66844102415472,0.00651564821007199,5.4430554936162,0.00106732183945494,25.9940085060142,0.00554978207476493,6.99965811972977,NaN,NaN
0.000853091517712266,26.1830797259617,0.00550667954827096,7.75666820439771,0.00652328475998161,5.41100704882065,0.00106539563083662,26.0815845208186,0.00554979868322331,7.15936671898253,NaN,NaN
0.000856599382750953,26.2405696773292,0.00551055896496091,7.65236330842951,0.00653069116924461,5.39005886465588,0.00106362789206767,26.1850686202469,0.00555664694019954,7.0447844881237,NaN,NaN
0.000855546529222253,26.2849418818569,0.00551245434658593,7.69739235567414,0.00653934962419228,5.39045733555032,0.00106219841451651,26.2838374491226,0.00555874301189866,6.97407511542564,NaN,NaN
0.000857746183379165,26.373287055139,0.00551741125863428,7.64875869600713,0.00654823308570523,5.38783881252972,0.00106153391592915,26.3536572713733,0.00555935309822969,7.12455332114328,NaN,NaN
0.000859480807651701,26.5125062726869,0.0055250587999997,7.58913955086239,0.00655544606642193,5.36432902975785,0.00106163439630558,26.3945280869991,0.00556569395960005,6.97304951614396,NaN,NaN
0.000861679148820888,26.4489707510366,0.00552800705964628,7.67908321321127,0.00656480556186326,5.34463318268989,0.0010656981504917,26.3268957657751,0.00556809266710284,7.09851449493617,NaN,NaN
0.000861391393153728,26.6193873925904,0.00553125113709497,7.57872622608663,0.00657259012047065,5.32231881260134,0.00106767169671798,26.248578516916,0.00557452481500219,6.94148384936335,NaN,NaN
0.000864215197089669,26.6844628236523,0.00553437290977003,7.68005588640461,0.00658139764864196,5.31207241817292,0.0010692761576528,26.1763179751167,0.00557422134405874,7.01230717753716,NaN,NaN
0.000867709125896977,26.7590628795936,0.00553779249589486,7.56693971562615,0.00658968577933938,5.30114293078261,0.00107051153329614,26.1101141403773,0.00557716226030371,7.06011149961103,NaN,NaN
0.000871451125038967,26.8130167426825,0.00554080440980307,7.67376211868299,0.0065981825589553,5.30808770922853,0.00107136107512581,26.0523659239893,0.00558249016872097,6.90849373913597,NaN,NaN
0.000874610099168957,26.8792898810646,0.00554402498301064,7.56470828888849,0.00660680412660708,5.30746154068013,0.00106993786041677,26.0922357136566,0.00558241855048434,7.03675062708387,NaN,NaN
0.000876373621794915,26.9237191192742,0.00554643740143189,7.65133341916597,0.0066167276591636,5.29260426875893,0.00106898252293468,26.1498772996143,0.00558778089491129,6.99287776892311,NaN,NaN
0.000879815840056802,27.0132049661946,0.00554997246245839,7.57443502082189,0.00662511367444502,5.26596364324504,0.00106813235376012,26.2181266775977,0.00559020614959239,6.92439052800202,NaN,NaN
0.000880840522107389,27.1549906994285,0.00555407075375308,7.62461351438421,0.00663326208105303,5.23824145387482,0.00106744668167782,26.2936145054016,0.00559126080822085,7.0485450188232,NaN,NaN
0.000883048750811793,27.0839837654477,0.00555851306885495,7.5562975265696,0.00664311792850191,5.21661017674816,0.00106741402491168,26.3489688314702,0.00559727302302659,6.92684057073047,NaN,NaN
0.000883736397771602,27.2507502513591,0.00556019375876239,7.63205160350975,0.00665244198793872,5.19697125409369,0.00107292650047148,26.2797924990942,0.00560111073748526,6.99361847951543,NaN,NaN
0.000886157804539253,27.1769486669647,0.00556310693315652,7.52831886824352,0.00666149664911323,5.17505535489957,0.0010744950174945,26.2191027926907,0.00560575778454238,6.88091651400635,NaN,NaN
0.000886430594910863,27.3417760076911,0.00556524118548604,7.62564340364775,0.00666999424531073,5.16275968158547,0.00107554693277638,26.1682666501591,0.00560695645003283,6.96017254738508,NaN,NaN
0.00088858641482667,27.2821187764109,0.00556772986717776,7.51933594522267,0.00668074271706648,5.15530258341812,0.00107202895071177,26.2515605874374,0.00561277010124672,6.92473239442924,NaN,NaN
0.000888384043629825,27.4245889138277,0.0055699554829637,7.61173989859,0.00669010210338473,5.159344216776,0.00107111222049513,26.3215720148071,0.00562237830880021,6.88934921921127,NaN,NaN
0.000891784916036674,27.3814144166201,0.00557272144819518,7.52093799518817,0.00669954807797279,5.17630769199638,0.00107090641125817,26.3906338928926,0.00563083567682719,6.8500345800802,NaN,NaN
0.000891254075551753,27.4963372856733,0.00557518861611237,7.60796363795703,0.0067080022015017,5.16998908209885,0.00107114325327747,26.4499939558073,0.00563288408185313,6.9583492597732,NaN,NaN
0.000896965695136502,27.6574574370754,0.00557789027507399,7.5547526926743,0.00671575737721434,5.1509194035793,0.00107290639128242,26.4981209366398,0.00563716276801372,6.82707255171813,NaN,NaN
0.000898827343178464,27.5987127447058,0.00558339092133019,7.58667925984394,0.00672516926464241,5.13850988143821,0.0010757988147515,26.4608523190652,0.00563707523392384,6.95578526156901,NaN,NaN
0.000899813515294915,27.7537302921433,0.00558726482319786,7.50348709377824,0.00673309606315645,5.11369083715605,0.0010769028222587,26.4122589592303,0.005642796831323,6.84046232011785,NaN,NaN
0.000902443568703207,27.6761074510608,0.00558941848716062,7.59497559002243,0.00674267260124772,5.08107314822558,0.00107769876500627,26.3583662448212,0.00564297580999144,6.91008911579636,NaN,NaN
0.000903985361779279,27.8197752957977,0.00559338908741952,7.48889699587814,0.00675161253097911,5.04378765738884,0.00107815407509115,26.3170089749673,0.00564903684519163,6.85106017936188,NaN,NaN
0.000906859882175617,27.7608024687005,0.00559570664009516,7.58788079731806,0.00675933722957299,5.00200513788629,0.00107807984846499,26.2728503182078,0.0056524033580468,6.90997516032062,NaN,NaN
0.000907585200063495,27.8799458302152,0.00559949489010159,7.49582014037191,0.00676924334663309,4.97416909968908,0.00107761346653953,26.3202379698909,0.00565508181207438,6.81579095961965,NaN,NaN
0.000913186298423609,27.9417133077261,0.0056006906262155,7.5823880545792,0.00677820571681915,4.96551658883842,0.00107741424686567,26.3738192811987,0.00565761764010606,6.91014609353423,NaN,NaN
0.00091642588145244,27.8983106757909,0.00560505928607978,7.48912586015892,0.00678603905737203,4.94382838729827,0.00107746172430541,26.4213781041305,0.00566113114063242,6.78525089212073,NaN,NaN
0.000917921610366269,28.0032526505095,0.00560617804455439,7.55503877302528,0.0067954331722363,4.94331606757685,0.00107775589885876,26.4629144386865,0.00566200819959673,6.90769605080578,NaN,NaN
0.000920591874781684,27.9182724644602,0.0056119708322882,7.52557249687409,0.00680701784313108,4.92253865665256,0.00107907068129158,26.50584240606,0.0056668978868735,6.7870741797326,NaN,NaN
0.000922004529471456,28.0546399979124,0.00561451824959013,7.59755031318127,0.00681678409060433,4.90955989037656,0.00108111867061851,26.4282425375237,0.00566689750726451,6.9084367613981,NaN,NaN
0.000923756331471107,27.9629868710794,0.00561831702334954,7.49364592970444,0.00682594066954393,4.89214101984825,0.0010820054259545,26.3842043328111,0.00567226589605823,6.84012045369062,NaN,NaN
0.00092535819969464,28.0902860491076,0.00561978487107046,7.60006782026992,0.00683525180617962,4.88536701464279,0.00108274748900251,26.3436336214059,0.005672047895663,6.88228397971525,NaN,NaN
0.000927191084574792,28.0064465366966,0.00562404160897852,7.49456138682759,0.00684495348269789,4.87455137607946,0.00108372305700895,26.3008264789847,0.0056790664079571,6.82787024004833,NaN,NaN
0.000929279688658918,28.1105900398683,0.00562540042982829,7.54885943744406,0.00685484033952846,4.86544346992087,0.00108349320893849,26.3890359638682,0.00568217780852653,6.91350778006863,NaN,NaN
0.000934372471629047,28.1547341096684,0.00563042541475026,7.50440255090138,0.00686354736485169,4.85969410415826,0.00108320519482572,26.4440302515008,0.00568574617319351,6.80160350288974,NaN,NaN
0.000938037450902764,28.2351516011647,0.0056376242902785,7.47751099790903,0.00687212914262484,4.85588016845435,0.0010828500623422,26.5002792242118,0.00568751337242441,6.9092344497283,NaN,NaN
0.000941229593170349,28.3406068790205,0.00564501472994357,7.41537434567565,0.00688054567139936,4.84403989044817,0.00108245614043964,26.5551249638729,0.00569286637992045,6.79767203897663,NaN,NaN
0.000944123641314749,28.4435526748721,0.00564637897015526,7.50405925448021,0.00688989858146799,4.83134574623963,0.00108320714178864,26.5062601545069,0.00569404652711624,6.84445076176883,NaN,NaN
0.000946682861228657,28.5251108400066,0.00565083755437613,7.43105154890949,0.0069010649560724,4.83362272277928,0.00108396254269335,26.462372210141,0.00569842828609335,6.80633265513305,NaN,NaN
0.000948606342755333,28.6315356904549,0.00565155880979322,7.48517795131536,0.00691248982606666,4.83402119367372,0.00108492004429967,26.4154331849494,0.00570169042491129,6.75562246842774,NaN,NaN
0.00095074540166142,28.744576448005,0.00565690250437321,7.45285087165435,0.00692131268373324,4.8153499860486,0.00108773078225877,26.4648201329972,0.00570495868774137,6.80764314310408,NaN,NaN
0.000953557706059064,28.8171803250793,0.00566415460587047,7.39918219781004,0.00692967714121404,4.77925990789518,0.00108769426592347,26.5116189730982,0.00570860426072216,6.73915590218299,NaN,NaN
0.00095638138354818,28.8953164692991,0.00566741818523168,7.46366470892148,0.0069384215860961,4.76434571156048,0.0010873273252993,26.5649695843481,0.0057102908843945,6.78599160271305,NaN,NaN
0.000959662921605321,28.9821787668515,0.00566963408642275,7.38150243211932,0.0069460811450977,4.7428282832608,0.00108676959726822,26.6046807488358,0.00571898806243432,6.77864147452768,NaN,NaN
0.000964209028759006,28.9459623788372,0.00567194198101195,7.45565445909397,0.00695919798761634,4.73514348743949,0.00108562170121702,26.552630886275,0.00572825522665829,6.74234665550377,NaN,NaN
0.000964875475529897,29.0327676427077,0.0056759312902396,7.36679790207883,0.00696807422904681,4.71920465166195,0.0010866968810111,26.5024011831545,0.00573682193963395,6.69892961924598,NaN,NaN
0.000968625632501986,28.9855437540843,0.00567750910907315,7.4226980026608,0.00697658474804544,4.69404406089883,0.00108843633489001,26.4558405982452,0.00573893469571325,6.76365632946757,NaN,NaN
0.000969938670648216,29.0613415173457,0.00568229286786798,7.35638457730307,0.00698567289804451,4.67326664997454,0.0010935270721343,26.4019941805612,0.00574385835850415,6.69448535569203,NaN,NaN
0.00097595928346596,29.1130140331582,0.0056834276986887,7.41028211542816,0.006995116188296,4.64059203663058,0.00109890751349772,26.4513594162441,0.0057534423861082,6.65591142715328,NaN,NaN
0.000980162634391852,29.1933744909726,0.00568753822818403,7.36479533962195,0.00700667720871279,4.64321055965118,0.00109962061723948,26.4928046744363,0.00575957489018382,6.61813518694472,NaN,NaN
0.000982598802080883,29.0929381771251,0.00568901947785757,7.40902336188384,0.00701666113354576,4.63763196712904,0.00109917739130832,26.5384490743403,0.00576726255781649,6.57853565912429,NaN,NaN
0.000984181021680808,29.2221194666564,0.00569298130843416,7.37023086629062,0.00702553878989324,4.63068718868311,0.00109814946705476,26.5797114772697,0.00577553138371991,6.52520449647692,NaN,NaN
0.000985003307075924,29.1609793596464,0.00570118034190654,7.38464931598013,0.00703723592435819,4.64343825730514,0.00109321242109918,26.4930127758804,0.005778042113914,6.62998655642192,NaN,NaN
0.000988377591375607,29.2160738963737,0.0057099812094031,7.37835554825852,0.00704777269911526,4.64759373949,0.0010938277585795,26.4304814552335,0.00578092594318593,6.51050424010617,NaN,NaN
0.000995891556851872,29.30036967824,0.00571777642101865,7.3623350486035,0.0070583105383982,4.63137028164501,0.00109479248010853,26.3833485423658,0.00578299171775002,6.61152576935167,NaN,NaN
0.0010040772075096,29.3692093323081,0.00572073445109746,7.43208143817302,0.00706697511920436,4.6191315327444,0.00109769851028413,26.3361773821655,0.00578662007365686,6.52702778408879,NaN,NaN
0.00101001736093618,29.4545887541307,0.00572325608145841,7.34150839905198,0.00707528562428397,4.5984110462336,0.00109962045614912,26.3923530359007,0.00578944957892909,6.57802285948345,NaN,NaN
0.00101358989298271,29.4148362778379,0.00572595851647838,7.42544437403023,0.00708418483843206,4.60091572042721,0.0010997888312518,26.4535840573741,0.00579503528420126,6.66075453487232,NaN,NaN
0.00101578818803019,29.4771170584861,0.00572955438148555,7.3183931066926,0.00709418472747009,4.60723433032473,0.00109957974712456,26.5091347773112,0.00579750583708549,6.55990393884043,NaN,NaN
0.00101700698006155,29.5277629680241,0.00573184325798731,7.41302848679759,0.00710520840265363,4.60638046412236,0.00109899320376739,26.559005195712,0.00579962463939335,6.67591061314604,NaN,NaN
0.0010209400719501,29.5903859507638,0.00573567641951578,7.29968345173834,0.00711300846595186,4.59032777951784,0.00109808612161576,26.6010831508619,0.0058013335263523,6.57551583901712,NaN,NaN
0.00102373312138068,29.6696057349399,0.00573699237514746,7.38253232138286,0.00712167722543655,4.5666472235055,0.00109660690172291,26.5437409789257,0.00580439694973479,6.6596149801149,NaN,NaN
0.00102616834350416,29.7424947804238,0.00574104964490294,7.34288158473669,0.00713068377574971,4.55651467790406,0.00109680911689726,26.4933481603776,0.00581441713369647,6.63961579412214,NaN,NaN
0.00102953961931441,29.7905741742758,0.00574311727449191,7.30300198380974,0.00713939045068181,4.52139231477998,0.0010974290161893,26.439590504574,0.00581404548520055,6.73083715245381,NaN,NaN
0.00103095225968812,29.8830257726556,0.00575286940814848,7.29974066780854,0.00714893247179699,4.50010258413427,0.00109843768276201,26.3852471037921,0.00581910435620167,6.65682307095922,NaN,NaN
0.00103383879972612,29.8081975819867,0.00576135889656949,7.23920606554065,0.00715860600514195,4.48683919579082,0.00110268720509349,26.4364533810656,0.0058200627542867,6.77402627776012,NaN,NaN
0.00103532451465791,29.9336716821937,0.00576296639232683,7.34654341322927,0.00716511440807246,4.46093858765232,0.00110297319542763,26.4975038235931,0.00582437174254709,6.67294777077674,NaN,NaN
0.00103834180508529,29.8660867691277,0.00576777357093567,7.23657412631162,0.00717429880949235,4.46293094212451,0.001102853218986,26.5712954028426,0.00582613557515383,6.78844164544151,NaN,NaN
0.00104014999538714,29.9421697007986,0.0057702568053468,7.19326156117287,0.00718375732011603,4.44556899600969,0.0011023832061115,26.635281762147,0.0058298947775956,6.69437140021629,NaN,NaN
0.00104460918639255,30.0467124397438,0.00577176514597775,7.29110104120887,0.0071930431797868,4.44642286221206,0.00110039973359984,26.6918636851762,0.00583353247229514,6.75328638117503,NaN,NaN
0.00104817874732656,29.980952604499,0.00577627275121397,7.22181238020092,0.00720504182279599,4.44568284483667,0.00109987926796365,26.6271721253702,0.00583899161306229,6.7231451578412,NaN,NaN
0.00104732602632878,30.0989552923754,0.00577891319576371,7.17363644909548,0.00721301234192291,4.4137482488681,0.00110080520809688,26.586617057292,0.00584009945065751,6.78849862317938,NaN,NaN
0.00105056682770416,30.0507618311596,0.00578133910056469,7.25042041529917,0.00722229689579974,4.38187057731303,0.00110465872719614,26.5267064623336,0.00584447485661589,6.66998492840744,NaN,NaN
0.00105013789969297,30.1858175899278,0.00578558649535717,7.20069965029842,0.00723261635026446,4.35374991704837,0.00111093334940049,26.5718283777756,0.00584512373628772,6.75624922354433,NaN,NaN
0.00105271463055276,30.1231375735062,0.00579061606774536,7.2482462046317,0.0072400077507252,4.32426307085992,0.00110946670982622,26.5184959899595,0.00585072259754277,6.62696673631474,NaN,NaN
0.00105268614017194,30.2665772835155,0.00579714184905748,7.32594562795853,0.00724814861655772,4.30018404395314,0.00111086552455962,26.4686962859363,0.00585099515901204,6.72012533773403,NaN,NaN
0.001055068605972,30.2202659338028,0.00580356899216805,7.25591315803803,0.00725724717354067,4.28583909175335,0.00111405564289686,26.4086194578557,0.00585694241042526,6.63425988676225,NaN,NaN
0.0010572954343485,30.270854809659,0.00580498670577792,7.35655622551366,0.0072659129576939,4.2758203949789,0.00111756110284217,26.4517538496693,0.00586354022420181,6.60548612913733,NaN,NaN
0.00105647164033627,30.3818993883421,0.00580900438206075,7.30975348009293,0.00727403513193418,4.25236753662052,0.00111749432856903,26.50437893436,0.00586667610964907,6.64770663289984,NaN,NaN
0.00106072125105379,30.2992005495694,0.00581188377588994,7.24790290821052,0.00728270240375315,4.23551791022712,0.0011172116837645,26.5483809106944,0.00587063885280011,6.60605590651604,NaN,NaN
0.00106149336872401,30.4416136533043,0.00581364885844628,7.35455366305678,0.00729157885675355,4.22635307965503,0.00111606743065275,26.6088335830534,0.00587961149781719,6.60246630903016,NaN,NaN
0.00106443079461743,30.3614242965356,0.00581844994879956,7.25419667593214,0.00729991382221651,4.21724517349644,0.0011169291551733,26.5165955794121,0.00588353559822983,6.52600218480711,NaN,NaN
0.00106515833368166,30.4781152097281,0.00582824281694316,7.16276539575815,0.00730879728372946,4.21462665047584,0.00111790232995121,26.468288415482,0.00588385713131655,6.60805012734153,NaN,NaN
0.00106817836538875,30.3997509307807,0.00583453777768317,7.13347076781754,0.00731734072291536,4.20870651147276,0.00111912254289746,26.4259467087879,0.00588869884326818,6.56161327097657,NaN,NaN
0.0010692542378814,30.5349777905946,0.00584169473223481,7.03248440392074,0.00732832075023474,4.19914321000623,0.00112183192723358,26.3855363272691,0.00589067302575429,6.68952829249724,NaN,NaN
0.00107194759044331,30.4408722154394,0.00584337100353026,7.12094044844451,0.00733822010005033,4.21787134204484,0.00112319284797611,26.4814411473112,0.00589562132650782,6.57887752555152,NaN,NaN
0.0010737361090607,30.5817454097627,0.00584927067051874,7.07350832625162,0.00734869375514378,4.2252715157987,0.00112339443243159,26.5418413000307,0.00589541549262971,6.62360504978035,NaN,NaN
0.00107526685112151,30.5050351075907,0.00585856701556181,7.0445569947322,0.00735924100963345,4.22003446975751,0.00112328803998099,26.6047051979949,0.00589859721331804,6.69072482499253,NaN,NaN
0.00107851366073096,30.5776960183469,0.00586694301369558,7.0315117307274,0.0073707667031688,4.19897243676576,0.00112291596777645,26.6672982609509,0.00590277665502301,6.56520286846245,NaN,NaN
0.00108091485264993,30.6399197653132,0.00587346193069379,6.98167653358626,0.0073800121018768,4.18422901367154,0.00112259443934388,26.706905377831,0.00590328252226339,6.68371656323438,NaN,NaN
0.00108498009141421,30.7168582022128,0.00588013678173286,6.9385356166581,0.00739053613570455,4.16168694592902,0.00112270663383226,26.6381064130761,0.00590747711625945,6.62377598299396,NaN,NaN
0.00108600836249537,30.7754317935367,0.00588765683468754,6.84830587395824,0.00739905847660406,4.15195287122202,0.00112346862888909,26.5854125399517,0.00591303512063203,6.65876031404683,NaN,NaN
0.00108984203029625,30.8332639469958,0.00588944095221674,6.94494381652011,0.00740070000432165,4.13538786689608,0.00112462612299744,26.5226151514498,0.00591601062100671,6.61431767850736,NaN,NaN
0.00109401178205109,30.8887006858145,0.00589330637663538,6.88086181790004,NaN,NaN,0.00112608796451184,26.4740684519945,0.00592123102335453,6.56577264584116,NaN,NaN
0.00109806364206428,30.9554300936518,0.00590198019992327,6.89001638913148,NaN,NaN,0.0011310463453395,26.5285927220096,0.00592862837975022,6.53642911083753,NaN,NaN
0.00110263078558314,31.0312278569132,0.00590689195302042,6.82393182805453,NaN,NaN,0.00113111779841611,26.5949416332519,0.00593247427803912,6.45443814604098,NaN,NaN
0.00110629816417301,31.121055905925,0.00590801400012589,6.86461245396424,NaN,NaN,0.0011306794682371,26.6621749322302,0.00593688970698138,6.4891375884045,NaN,NaN
0.00110716734399165,31.2398570653482,0.00591573714172031,6.77438271126437,NaN,NaN,0.00112951765481404,26.7196342074115,0.00594519395960145,6.37945544300258,NaN,NaN
0.00111022049214336,31.1757512068789,0.00591803601919804,6.87708555726707,NaN,NaN,0.00112812311086355,26.7635863013469,0.00594623943500438,6.46309876219739,NaN,NaN
0.00110976647032605,31.3152555928363,0.00592243292791954,6.75258338851951,NaN,NaN,0.00112614864402906,26.697172329222,0.00595263477904458,6.37022504946746,NaN,NaN
0.00111299789552478,31.3730307126134,0.00592375436460266,6.79337844656961,NaN,NaN,0.00112744407954669,26.636959968565,0.00595434382032951,6.32224979417997,NaN,NaN
0.00111427398404697,31.4370795374008,0.00592729219733518,6.82948178686359,NaN,NaN,0.00112916727711484,26.5768323153374,0.0059554740792609,6.44423913096205,NaN,NaN
0.00111638981404367,31.5283904621424,0.00593069181527893,6.72117176598164,NaN,NaN,0.00113099966471086,26.5341333784704,0.00596089710070628,6.31028446922704,NaN,NaN
0.00111748749032722,31.5904431080629,0.00593215236033604,6.7723229327373,NaN,NaN,0.00113711133006407,26.6165063149242,0.00596107363063869,6.37415651338057,NaN,NaN
0.00112131384804886,31.6770202372057,0.00593891461145485,6.67517004554366,NaN,NaN,0.00113672702950025,26.6645149707445,0.0059651044007398,6.41113506525893,NaN,NaN
0.00112261925721314,31.7388447483986,0.00594084831045476,6.73890874774255,NaN,NaN,0.00113594561661643,26.7042997361878,0.00597074549974339,6.26122663692,NaN,NaN
0.00112438166487853,31.8379122538802,0.00594668453683993,6.6923920826728,NaN,NaN,0.00113384218973946,26.6548338266463,0.00597071910378808,6.3813926860902,NaN,NaN
0.00112682066848846,31.8833680983643,0.00595447465509768,6.61474987541617,NaN,NaN,0.00113429309076675,26.6047436321906,0.00597954352900851,6.24322167175272,NaN,NaN
0.00112907046730942,31.8310682120507,0.00595634398028605,6.67419737235032,NaN,NaN,0.00113509960538793,26.5555431235176,0.00597947818538642,6.37518211266225,NaN,NaN
0.00112840123870839,32.0315986376542,0.00596091545344221,6.63958164988144,NaN,NaN,0.00113621743803331,26.5096438832577,0.00598859353418299,6.23450407785844,NaN,NaN
0.00113256533850877,31.9899070161764,0.00596482748176403,6.68609831495119,NaN,NaN,0.00113889732401426,26.5926966706113,0.00598943646578958,6.35404337191206,NaN,NaN
0.00113199535585559,32.1833652652227,0.00596900182852305,6.64387285514618,NaN,NaN,0.00113861208580008,26.6535032182752,0.00599530467311273,6.25199624338488,NaN,NaN
0.00113558678658956,32.1132708701526,0.00597344565611859,6.71058679299529,NaN,NaN,0.00113791490582017,26.722827849326,0.00599985645902172,6.32162303906339,NaN,NaN
0.00113442877352012,32.2005324034783,0.00597837027150593,6.59174901519718,NaN,NaN,0.00113700692161332,26.7787735590424,0.00600511404669947,6.16328190551953,NaN,NaN
0.00113449279080426,32.3822417140508,0.00597869608705486,6.65182588890349,NaN,NaN,0.00113518732695309,26.7159624249412,0.00600527856382015,6.25176833243339,NaN,NaN
0.00113823439071843,32.280721760247,0.00598593483140359,6.5734398727343,NaN,NaN,0.00113640476138094,26.670799192435,0.00600859878280047,6.30521345055651,NaN,NaN
0.00113718522086148,32.3985533470777,0.0059872700694373,6.68501120961746,NaN,NaN,0.00114037885996894,26.6173495702949,0.00601419726072295,6.14584671773097,NaN,NaN
0.00113746506841869,32.5607571384362,0.00599275424394942,6.59598300439172,NaN,NaN,0.00114515261608402,26.6667287441427,0.00601416481915969,6.23997394069407,NaN,NaN
0.00114096338231443,32.4547885574432,0.00599678209006244,6.66195313332827,NaN,NaN,0.00114598242813768,26.7089238997028,0.00601599621697974,6.3273208128505,NaN,NaN
0.00114006500512702,32.5827151059724,0.00600183195078366,6.55913585518518,NaN,NaN,0.00114587603095223,26.7562453272649,0.00602134501526469,6.18772535506625,NaN,NaN
0.00114166237930486,32.6899954616493,0.00600672559108293,6.61612306110088,NaN,NaN,0.00114528663258619,26.7996585438398,0.00602205947066818,6.24589962543267,NaN,NaN
0.00114469787017652,32.5885325415274,0.00601125458671463,6.50638263846402,NaN,NaN,0.0011442026679648,26.7391915462857,0.00602847463422374,6.20196978953403,NaN,NaN
0.00114392716013521,32.7546716569378,0.00601279764111875,6.56754661750406,NaN,NaN,0.00114544847281248,26.6822086917217,0.00603989449476254,6.13023481755428,NaN,NaN
0.00114928215087206,32.7100142840005,0.00601907313956925,6.51267640618563,NaN,NaN,0.00114673827007515,26.6379551875886,0.00604876705335766,6.12174513461149,NaN,NaN
0.0011491484118806,32.890411819889,0.0060214509396777,6.58047744936847,NaN,NaN,0.00114939556436961,26.5886122905847,0.00605399303957669,5.9924626473819,NaN,NaN
0.00115288871869439,32.8316671275194,0.00602615994702465,6.49762857972395,NaN,NaN,0.00115024898495377,26.6331545504776,0.00605574723094473,6.11211589691126,NaN,NaN
0.0011564140254964,32.9336433507785,0.00603127201187443,6.54471740549566,NaN,NaN,0.00114977800985506,26.6864956968043,0.00606058511639724,6.04248910123275,NaN,NaN
0.00116297994070509,32.995695996699,0.00603563401004986,6.4495670807589,NaN,NaN,0.00114920572028105,26.7335291990555,0.00606717963947143,5.99730575510095,NaN,NaN
0.00116718850698069,33.036703213994,0.00603704535420416,6.5001460868126,NaN,NaN,0.00114853211623175,26.7742550572312,0.00606884284985945,6.10111919350214,NaN,NaN
0.00117574338109784,33.0544977227506,0.0060477843841167,6.45797784307779,NaN,NaN,0.00114757044193747,26.8137195038359,0.00607246500645295,5.96340400106763,NaN,NaN
0.00118401964589166,33.0999535672346,0.00605557964638853,6.47336896596064,NaN,NaN,0.00114896979651443,26.7286907994174,0.00607290277206265,6.07804320966433,NaN,NaN
0.00119178788556607,33.0826723616152,0.00606323630617794,6.4480222468636,NaN,NaN,0.00115001405140476,26.6818593329141,0.006083657075376,6.06226037627403,NaN,NaN
0.00120110736050224,33.1719300738079,0.00607216956970338,6.41878483499319,NaN,NaN,0.00115121731148075,26.6395333264648,0.00609141758902661,6.03610759459118,NaN,NaN
0.00120305099086854,33.0734899388274,0.00607453492898612,6.45660465739307,NaN,NaN,0.00115355190670627,26.5969675221984,0.00609757909274013,5.96158071345575,NaN,NaN
0.00120814739150137,33.1222537368623,0.00607838408428575,6.39721437652911,NaN,NaN,0.00115395926827394,26.692142504353,0.00610160902149549,6.01314556622912,NaN,NaN
0.00121734959261395,33.1135846172117,0.00607954739450744,6.44813667900399,NaN,NaN,0.00115380185817015,26.7477590326878,0.00610493971995727,5.9216393192081,NaN,NaN
0.00122614130473719,33.1360558878851,0.00608457696104346,6.37736040017093,NaN,NaN,0.00115347522097001,26.801504939633,0.00610858713243792,5.97736354684606,NaN,NaN
0.00122912949003921,33.0635660781746,0.00608533167102137,6.41683948860651,NaN,NaN,0.00115302984028041,26.850595444399,0.00611092584435668,5.8987342685839,NaN,NaN
0.00123313839776555,33.1484321968601,0.00609174202223592,6.3714099288705,NaN,NaN,0.00115366227073922,26.7984827921843,0.00611416418841953,5.9506409877845,NaN,NaN
0.00123870966412499,33.1139268193032,0.00609522975462824,6.42267552776655,NaN,NaN,0.00115436753358468,26.7494408879,0.00611630395279329,5.90295062118637,NaN,NaN
0.00124022092695722,33.1577857206937,0.00609730584478083,6.35321521854801,NaN,NaN,0.00115525865166798,26.6992241421332,0.00612244372777577,5.93195228976277,NaN,NaN
0.0012442477766629,33.084155237345,0.0061066025833697,6.33891120099889,NaN,NaN,0.00115630612762824,26.6509125284286,0.00612823572618041,5.97576817018566,NaN,NaN
0.00124488377351507,33.1839071470095,0.0061105440074153,6.37718875196034,NaN,NaN,0.00115835549247161,26.7012482121144,0.00612893778295722,5.92750802620882,NaN,NaN
0.00124727847447351,33.1146112234861,0.00611223393912579,6.33433391538317,NaN,NaN,0.00115848652727839,26.7547344637895,0.00613327600482687,5.96927270806836,NaN,NaN
0.00124928090677425,33.2372336395975,0.00611658394652976,6.37358413953796,NaN,NaN,0.00115832967090738,26.8146880467318,0.00613817495497454,6.0163363195499,NaN,NaN
0.0012509588612188,33.1470063548123,0.0061179873639307,6.32598036913448,NaN,NaN,0.00115791474905295,26.8780958164037,0.0061423820210367,5.93759308581201,NaN,NaN
0.00125397158841793,33.2481270728427,0.00612192176651251,6.36866355750107,NaN,NaN,0.00115746307160059,26.9203512772161,0.00614428289762993,6.02100849405534,NaN,NaN
0.00125789370087155,33.3099515840356,0.0061241244118676,6.32460718344977,NaN,NaN,0.00115674718341289,26.8692109026559,0.00614582895326266,5.92916038060708,NaN,NaN
0.00126219855629856,33.3617952008938,0.00612740165749602,6.37610164662661,NaN,NaN,0.00115719538300884,26.82381927292,0.00614956451527532,5.99012656012919,NaN,NaN
0.00126860619061867,33.4306348549619,0.0061325890582602,6.34337405447422,NaN,NaN,0.0011580294880458,26.7688857982503,0.00616079002019217,5.9822066545651,NaN,NaN
0.00127299347371955,33.4724405438036,0.00613496725191445,6.42582241162736,NaN,NaN,0.0011592058444221,26.7277533054234,0.00616721283736657,6.00989783517047,NaN,NaN
0.00128160385418463,33.4918319956538,0.00613835004419133,6.32117421923798,NaN,NaN,0.00116395884054646,26.786228900136,0.0061712475080268,5.97007039639855,NaN,NaN
0.00128538555854644,33.5906713664077,0.00614122710533549,6.4185559707124,NaN,NaN,0.00116418618060652,26.8442935598478,0.00618096743210202,5.91012981615813,NaN,NaN
0.00128802315186677,33.5210902744748,0.00614469756200671,6.30910162842652,NaN,NaN,0.00116390560863156,26.9010019634515,0.00618254356331035,5.97177972853468,NaN,NaN
0.0012882194798504,33.6850621099725,0.00614701121884736,6.40087620502169,NaN,NaN,0.00116287830410508,26.9461831147574,0.00618824128692964,5.85714051993798,NaN,NaN
0.00129144471867524,33.6101198519398,0.0061511102238398,6.32014432997444,NaN,NaN,0.00116066661610544,26.9879771879083,0.00618924789058758,5.92830571453902,NaN,NaN
0.00129127523409021,33.7300616850013,0.00615972305740738,6.2442758208939,NaN,NaN,0.00115989308095422,26.9403909762992,0.00619456814910959,5.8565137648214,NaN,NaN
0.00129220107259427,33.7768293041693,0.00616280908178851,6.3142510747442,NaN,NaN,0.00116044467711081,26.8948272843441,0.0061954315860101,5.90750884021606,NaN,NaN
0.00129357832365403,33.8325512113976,0.00616598102752654,6.21612551435722,NaN,NaN,0.00116206547718126,26.8394430880867,0.00620045541238594,5.86944771131814,NaN,NaN
0.00129417352338665,33.8791477295199,0.00616794198048591,6.31985824962346,NaN,NaN,0.00116410362333397,26.7861628800108,0.0062052425694695,5.94010010627834,NaN,NaN
0.00129412120923924,34.0471689564334,0.00617120975894863,6.23552176215383,NaN,NaN,0.0011683653804669,26.7325387679358,0.00620706286864238,5.88699685458245,NaN,NaN
0.00129683152083803,33.9868843546522,0.0061721644657083,6.30755679453121,NaN,NaN,0.00117284610300585,26.7963105812556,0.00620994716213344,5.97525537054482,NaN,NaN
0.00129634085398331,34.1134420948155,0.0061775926821684,6.27156788637762,NaN,NaN,0.00117283304242872,26.8501215787218,0.00621272424827749,5.8675674459684,NaN,NaN
0.00129978402338203,34.1803426036986,0.00618150765623156,6.30961657305829,NaN,NaN,0.00117243637762199,26.8929711910948,0.00621394441659537,5.99183589226532,NaN,NaN
0.0013036856768381,34.2974897863463,0.00618375410001296,6.24221604236682,NaN,NaN,0.0011705760014507,26.9444286614383,0.00621757476074268,5.85679865351076,NaN,NaN
0.00130591573796554,34.241140508617,0.00618597066491659,6.34222973307029,NaN,NaN,0.00116979043286519,26.8979909859586,0.00621812960022111,5.98944282727473,NaN,NaN
0.00130884297730839,34.3203602927932,0.0061899211002215,6.23363363183735,NaN,NaN,0.00117012149407181,26.841504845899,0.0062231072845657,5.897366802875,NaN,NaN
0.00131445082269618,34.2299619069622,0.00619192382218868,6.31722631039442,NaN,NaN,0.00117072302934292,26.7917255678943,0.00622362700039408,5.96403075618421,NaN,NaN
0.00131577917049929,34.3586298933563,0.00619610000159331,6.26447309367326,NaN,NaN,0.00117159503867851,26.7486531519454,0.00622903502635673,5.9178787885086,NaN,NaN
0.0013193527658134,34.2393154307958,0.00620537905988203,6.18265411329228,NaN,NaN,0.00117360971121939,26.7073491288524,0.0062312089211912,5.99929997592644,NaN,NaN
0.00132077752921474,34.3657591035953,0.00620828216057741,6.25514687423123,NaN,NaN,0.00117431164544535,26.7997349564246,0.00623494409800951,5.95445849622186,NaN,NaN
0.00132422639111834,34.2532316491824,0.00621200273125602,6.17355675813104,NaN,NaN,0.00117423111949993,26.857134043367,0.00624430255000367,5.96311911237827,NaN,NaN
0.00132646295752238,34.3723179770152,0.00621330493619338,6.21704097148037,NaN,NaN,0.00117386910508851,26.9159589088076,0.00624982060979655,5.92158234147022,NaN,NaN
0.00132778831432562,34.2803226480908,0.00621773338825514,6.15438937461521,NaN,NaN,0.00117326254019868,26.9735138377438,0.00625304449169104,5.96710755402925,NaN,NaN
0.00133095713861391,34.3581165902191,0.00622618644260316,6.09602898301479,NaN,NaN,0.0011722008157706,26.927186712304,0.00625794795287521,5.86939073358027,NaN,NaN
0.00133501815054222,34.4328307135241,0.00623008608075554,6.14397604983945,NaN,NaN,0.00117278862304519,26.8775011577009,0.00625848756414075,5.96072604738769,NaN,NaN
0.00134199172439062,34.4685908320831,0.00623196630050509,6.07743376020093,NaN,NaN,0.00117377742704645,26.8215449256159,0.00626301447873636,5.9174799443435,NaN,NaN
0.00134527904959383,34.5326966905525,0.00623548084265482,6.12263445565616,NaN,NaN,0.0011765430350497,26.7789585773879,0.00626475412767007,5.87833623842604,NaN,NaN
0.00135475072243067,34.5322974547791,0.00623763540020279,6.08006569942997,NaN,NaN,0.00117889954085804,26.8303063502338,0.00626642070468225,5.97428674900101,NaN,NaN
0.00135843064076557,34.5979432226601,0.0062445295641965,6.11914427537417,NaN,NaN,0.00117935518732014,26.8845528377583,0.00626951564987809,5.90215293285617,NaN,NaN
0.0013612901386021,34.6985506375534,0.00624543987635898,6.07422966026993,NaN,NaN,0.00117933167145985,26.9553260530495,0.00626977137760597,6.00938503552963,NaN,NaN
0.00136395395500519,34.6137985862317,0.00624943312104463,6.1318462429578,NaN,NaN,0.00117881297538068,27.0226404637597,0.0062782056397594,6.08140489619873,NaN,NaN
0.00136542346083626,34.733911520339,0.00625787512886265,6.10524077031643,NaN,NaN,0.00117760694250139,27.0733840513435,0.00628349812146002,5.98613811847821,NaN,NaN
0.0013685381179987,34.6415169556411,0.00626740346926307,6.108902598809,NaN,NaN,0.0011750799622763,27.1124930202052,0.00628564592464697,6.11587642761076,NaN,NaN
0.00136891703336394,34.7847855646047,0.00627726849185492,6.14403326590965,NaN,NaN,0.00117381523235289,27.0384777410179,0.0062909340440517,5.99063935977003,NaN,NaN
0.0013729916339888,34.7118394854389,0.00628518366452582,6.19341073448922,NaN,NaN,0.00117399969015402,26.9746350332802,0.00629092134359961,6.05701842438989,NaN,NaN
0.00137316842547957,34.8207167842094,0.00629024583684154,6.15513318352777,NaN,NaN,0.00117516263851602,26.9004741682857,0.0063004912127225,5.91497292387717,NaN,NaN
0.00137773710067639,34.7837019246484,0.00629262347394793,6.23655165141737,NaN,NaN,0.00117675880886604,26.83057694224,0.00630140247558693,6.04129256873746,NaN,NaN
0.00138591820559544,34.8075990373696,0.00629503725807514,6.13779671425823,NaN,NaN,0.00117859101002088,26.7840396711069,0.00630752319399561,5.93007202441302,NaN,NaN
0.0013934281454364,34.8386253603299,0.00629873516811267,6.22653883913299,NaN,NaN,0.00118602304697962,26.8403225145914,0.00631117282186152,5.83719831168309,NaN,NaN
0.00140233387874494,34.8713056600656,0.00630086302824903,6.14500593910299,NaN,NaN,0.00118661855546458,26.9072473033973,0.00631193173598418,5.95331894146444,NaN,NaN
0.00140756198090398,34.9047273976662,0.00630503695354357,6.1855149168021,NaN,NaN,0.00118679623777956,26.965332265515,0.00631828813173701,5.84699848259692,NaN,NaN
0.00141222299994201,34.9380350679029,0.00630986071624227,6.15147135503519,NaN,NaN,0.00118655609392456,27.0145774009446,0.00632183377076003,5.75030726142962,NaN,NaN
0.0014187308313468,34.9772172073766,0.00631172095677748,6.19758750761356,NaN,NaN,0.00118558361843779,27.0669912491538,0.00632257493263258,5.86887793393943,NaN,NaN
0.00142323679350241,35.0171978183971,0.0063147686241607,6.10958919165136,NaN,NaN,0.00118578308181206,26.9922690406,0.00632928645117131,5.76500751780037,NaN,NaN
0.001426970732629,35.0714368498957,0.00631675321059241,6.18746026318878,NaN,NaN,0.0011861901613458,26.9446457392605,0.00633191042439083,5.68791663846074,NaN,NaN
0.00143120196476243,35.0107530123411,0.0063200782907466,6.08040899585115,NaN,NaN,0.00118679398430206,26.8963494704698,0.00633288183095931,5.81833868044775,NaN,NaN
0.00143204691284187,35.1054859579973,0.00632267217686834,6.17922114908049,NaN,NaN,0.00118756713100691,26.8500356001971,0.00633884392601168,5.69321556808276,NaN,NaN
0.00143603754854361,35.0046504083764,0.00632611962415677,6.13854052317078,NaN,NaN,0.00118916256741688,26.9339740778777,0.0063413254225965,5.65515443918485,NaN,NaN
0.00143811766157887,35.1233375004359,0.00633416619210664,6.11788552182985,NaN,NaN,0.00118883978348866,26.9921595372815,0.00634307479303489,5.76426680720805,NaN,NaN
0.00144131496193191,35.0137757974824,0.00634385725746796,6.09557125445322,NaN,NaN,0.00118820835280564,27.0570632349601,0.00634758441401416,5.70404133827827,NaN,NaN
0.00144333895944596,35.1332613610886,0.00634964515446903,6.1301297608519,NaN,NaN,0.0011874227066313,27.1064248338766,0.006352273703164,5.7474013967982,NaN,NaN
0.00144598569036535,35.0277490495509,0.00635182226616447,6.08058064406174,NaN,NaN,0.00118571151385099,27.0304316170879,0.00635882958412039,5.69264579070405,NaN,NaN
0.00144826569178267,35.1393639650532,0.00636092148159216,6.07657551914799,NaN,NaN,0.00118783825214199,26.9839893677142,0.00636046478743924,5.744837398594,NaN,NaN
0.00145038459945136,35.0489655792223,0.00636995313003782,6.03801188783555,NaN,NaN,0.00119224283363369,27.0536996033826,0.00636684360452824,5.69515281117038,NaN,NaN
0.00145364217297901,35.1295541717643,0.00637064238687932,6.09208107417123,NaN,NaN,0.00119224016716139,27.1119776458608,0.00636671092345823,5.78244270558894,NaN,NaN
0.00146272195092733,35.1311511148578,0.00637604560934222,6.04115877169636,NaN,NaN,0.00119356938412453,27.0617830363684,0.00637479112945451,5.66364412212764,NaN,NaN
0.0014631602288808,35.2105990337616,0.00638021490236644,6.07657551914799,NaN,NaN,0.00119751964532297,27.0250594255672,0.00637438558384864,5.78010661833622,NaN,NaN
0.00146751458242167,35.1431852217413,0.00638345158169096,5.97644739630413,NaN,NaN,0.00120248050411817,27.0852535814186,0.00638041142071818,5.72985225353389,NaN,NaN
0.00146913273449975,35.2378611337157,0.00638573304318313,6.06084109984395,NaN,NaN,0.00120150601883766,27.1454793440272,0.0063843026172102,5.61549793362654,NaN,NaN
0.00147319338457716,35.1381092240511,0.0063896066190467,6.00488378319179,NaN,NaN,0.00119993747797831,27.0972196427123,0.00638517822248962,5.74478042085613,NaN,NaN
0.00147479589935088,35.2440207713622,0.00639860096775281,6.00516986354277,NaN,NaN,0.001200807674091,27.0469134473104,0.0063904573901578,5.65766145965118,NaN,NaN
0.00147888669476039,35.1325199232237,0.00640399749475602,5.93141834905949,NaN,NaN,0.00120183455662656,27.0075001996339,0.00639401160317018,5.71993812714432,NaN,NaN
0.00148046019347865,35.2394580768092,0.00641305017382221,5.85869672383975,NaN,NaN,0.0012043034121674,26.9626071448957,0.00639954496523597,5.61971428622901,NaN,NaN
0.00148371944819194,35.1312651822217,0.00641582475743826,5.9508718129263,NaN,NaN,0.00120548115745376,27.0113074865401,0.00640470622079266,5.65538235013633,NaN,NaN
0.00148570832360177,35.231815563433,0.00641995071830474,5.8399870688855,NaN,NaN,0.00120531483537479,27.0670017154238,0.00640892912616567,5.57521467295166,NaN,NaN
0.00148849948824827,35.1425578512403,0.00642152629406144,5.88129707156737,NaN,NaN,0.00120498867746703,27.117163923735,0.00640971833990575,5.62056895229707,NaN,NaN
0.00149209382965699,35.1803711823481,0.00642441179888379,5.93862757390425,NaN,NaN,0.00120450268373048,27.1617941114737,0.00641560850869011,5.54410482807403,NaN,NaN
0.00150139135446808,35.1612078652256,0.00642823720251313,5.8318051708474,NaN,NaN,0.00120363493033216,27.2113536541575,0.00641653683492312,5.65925683631157,NaN,NaN
0.00151246873745267,35.1787742392546,0.00642994263898862,5.88375736258582,NaN,NaN,0.0012044360642981,27.1369818231691,0.00642253030304821,5.55265148875469,NaN,NaN
0.00151824450394189,35.2509788805555,0.00643666143457064,5.79318432346477,NaN,NaN,0.00120509575345599,27.0929115181887,0.00642491072188353,5.6485450215918,NaN,NaN
0.00152298104297588,35.2009033078365,0.00643825722593761,5.86842345577316,NaN,NaN,0.00120587819768232,27.0511110525773,0.00642997869770599,5.53835007654904,NaN,NaN
0.00152428437172671,35.2960354892662,0.00644400131866019,5.80800328564566,NaN,NaN,0.00120741183162567,27.003347224459,0.00643490320556621,5.60603962913994,NaN,NaN
0.00152866446562389,35.2027854193396,0.00644607026396994,5.89582995339728,NaN,NaN,0.00120762039156039,27.0862657933565,0.00643994661872726,5.48781082305735,NaN,NaN
0.00153014215791719,35.3095524718794,0.00645016959496649,5.7878632289365,NaN,NaN,0.00120749156511183,27.1374780872072,0.00644496004154344,5.57042854297048,NaN,NaN
0.00153338076117707,35.2009033078365,0.00645651829341926,5.81973258003594,NaN,NaN,0.0012072591054252,27.1887702246539,0.00644995685466006,5.44285538787704,NaN,NaN
0.00153544274852189,35.3154839747983,0.00645904530937129,5.74260531741108,NaN,NaN,0.00120695726088542,27.2374533690757,0.00645004531284404,5.55293637744405,NaN,NaN
0.00153778654930886,35.2076332823022,0.00646055805172881,5.8172722890175,NaN,NaN,0.00120797136528431,27.1610284486572,0.00645961862575407,5.42923770852584,NaN,NaN
0.0015409124213103,35.3035639352786,0.00646733956836423,5.73837132821654,NaN,NaN,0.00120860270403404,27.1170936218013,0.00646013505212129,5.52997434908199,NaN,NaN
0.00154252080672872,35.2419105251314,0.0064691131283696,5.82591191561717,NaN,NaN,0.00120933537490883,27.0738873373063,0.00646596890308012,5.44735662916885,NaN,NaN
0.00154718021376368,35.2752752290501,0.00647410074601035,5.77842257735408,NaN,NaN,0.00121071623692148,27.117320285848,0.00646736253839346,5.54626998211313,NaN,NaN
0.00155165511682729,35.330597900505,0.00647824891813475,5.67732178131688,NaN,NaN,0.00121089463998403,27.1628428047492,0.00647331002067506,5.51379267152659,NaN,NaN
0.00155536256009012,35.2314733613415,0.0064792223507486,5.77704939166936,NaN,NaN,0.00121097581955829,27.2126654716005,0.00647604579068228,5.56455983596976,NaN,NaN
0.00155707203886355,35.3502174870828,0.00648453198356365,5.72692811417724,NaN,NaN,0.0012109813726965,27.264109186564,0.00647999667224458,5.47373732180319,NaN,NaN
0.00155965189034353,35.2375759653061,0.00649326959034438,5.71840291971796,NaN,NaN,0.0012123689885299,27.2015421484429,0.00648080646968277,5.52723941766417,NaN,NaN
0.0015621789218888,35.3451985230745,0.00650084239714733,5.65271887113239,NaN,NaN,0.00121351210943591,27.148788528389,0.00648681730920779,5.48906433329052,NaN,NaN
0.00156449440486348,35.2419105251314,0.0065066848806423,5.70129531472921,NaN,NaN,0.00121453790963545,27.195637725303,0.0064886411311926,5.55624108624057,NaN,NaN
0.00156728623594752,35.3259211385882,0.00651151998210426,5.5873209028978,NaN,NaN,0.00121514378103214,27.2689108280251,0.00649311027427779,5.51367871605084,NaN,NaN
0.00157037488554393,35.24156832304,0.00652459233895312,5.56197418380076,NaN,NaN,0.00121528830199042,27.3086457979063,0.00650150306038304,5.46456390600593,NaN,NaN
0.00157333400866878,35.2959214219023,0.00652638785693509,5.50224060651562,NaN,NaN,0.00121538153081753,27.2653104743562,0.00650290511163617,5.51857880150776,NaN,NaN
0.00157863610789059,35.251948453148,0.00653555548812593,5.48564794615864,NaN,NaN,0.00121572407384387,27.3166396857706,0.00650706159993178,5.48108744998856,NaN,NaN
0.00158035094277662,35.3621945602844,0.00653831470206037,5.56678033369726,NaN,NaN,0.00121670847847453,27.3828682050252,0.00651251354943744,5.51134262879813,NaN,NaN
0.00158357600346166,35.2753892964139,0.0065390551496002,5.47895366594565,NaN,NaN,0.00122056582958892,27.3330279325839,0.00651713863627455,5.42353993473873,NaN,NaN
0.00158539828507385,35.4091332804982,0.0065423575691133,5.54223463958297,NaN,NaN,0.00122171526977745,27.2633476658422,0.00652753460388323,5.44034836741071,NaN,NaN
0.0015888451039409,35.3109212802453,0.00654309101207477,5.46928415008245,NaN,NaN,0.00122067250118024,27.3464457396702,0.00653331275059689,5.40980829991178,NaN,NaN
0.00158988098094315,35.4463762747869,0.0065467783139322,5.51751729725809,NaN,NaN,0.0012203026328674,27.4005934780269,0.00654177096059021,5.38114849776261,NaN,NaN
0.00159376083378182,35.3791335638123,0.00654701258028507,5.46733880369576,NaN,NaN,0.00122017375282571,27.4495285701947,0.00655384222359686,5.3014366424809,NaN,NaN
0.00159377123267562,35.4701593201443,0.00655788962236133,5.4439374309854,NaN,NaN,0.00122030749913648,27.4909046877339,0.00655500859812644,5.37579259040272,NaN,NaN
0.00159557183137244,35.51327678367,0.00656411187795739,5.40537379967297,NaN,NaN,0.00122344374156791,27.4225660791231,0.0065603267147026,5.32736151321227,NaN,NaN
0.00159920874572752,35.5721355434034,0.00656750679090805,5.47626451064642,NaN,NaN,0.00122469861510907,27.3716128720289,0.00656971087501171,5.25762076205801,NaN,NaN
0.00160242454236668,35.5343222122956,0.00656962597682247,5.4065181210769,NaN,NaN,0.00122583488503797,27.3212071638767,0.00657157433354485,5.32172071716303,NaN,NaN
0.00160410545917896,35.5769263726841,0.00657511317046978,5.46922693401225,NaN,NaN,0.00122682393536922,27.2742216460551,0.00657861672023942,5.29186438251856,NaN,NaN
0.0016083277978622,35.63287641464,0.00658457712017324,5.45812701639413,NaN,NaN,0.00122676008926177,27.3278203426667,0.00658319681814596,5.36650521912973,NaN,NaN
0.0016123314616067,35.6692639037,0.00659059399924863,5.49188449781006,NaN,NaN,0.00122629252440264,27.3820839273975,0.00658619312998415,5.25739285110653,NaN,NaN
0.00161453070779101,35.7089593463109,0.00659651955967171,5.44365135063442,NaN,NaN,0.00122555291989279,27.4825670617253,0.00658749693307397,5.38023685395667,NaN,NaN
0.00161842758567561,35.7443772627784,0.00659778940625853,5.49337211563517,NaN,NaN,0.00122536455609128,27.5752687425678,0.00659225569727342,5.26821862130204,NaN,NaN
0.0016236387144817,35.7000620919326,0.00659837097401618,5.40731914605965,NaN,NaN,0.00122655935206815,27.6671638482464,0.00659400353686392,5.35795855844906,NaN,NaN
0.00162399050174907,35.7552706960237,0.0066035799509155,5.44931574158387,NaN,NaN,0.00123415313577198,27.5747814527659,0.00660202008192959,5.34194781410728,NaN,NaN
0.00162997723386998,35.7203090490115,0.0066088205776487,5.38981102857952,NaN,NaN,0.00123552273474513,27.6257117731363,0.0066103829498882,5.31796018646353,NaN,NaN
0.00164207265286568,35.6733703287977,0.00661247056288118,5.46642334657262,NaN,NaN,0.0012378563829249,27.7222654884399,0.00662058440630776,5.29568189095592,NaN,NaN
0.00164838452688253,35.6162225795216,0.00661302332523374,5.41058046206085,NaN,NaN,0.00123992138103851,27.6788077618827,0.0066269278738431,5.32855804570756,NaN,NaN
0.00165318785628602,35.5673447141228,0.00662000273065746,5.43340967406925,NaN,NaN,0.00124055267023632,27.8043332948911,0.00663056350003621,5.28559683135273,NaN,NaN
0.001656616517657,35.6347585261431,0.00662374332017344,5.37842503061042,NaN,NaN,0.00124295922146353,27.7365232727434,0.00663198774175714,5.34285945791321,NaN,NaN
0.0016582337504039,35.5822875387838,0.00662756496890334,5.46648056264282,NaN,NaN,0.0012452329517565,27.8307387114212,0.00663588437275916,5.29727726761631,NaN,NaN
0.00167060213233974,35.5612991438401,0.00662839530702893,5.37796730204885,NaN,NaN,0.00124994763597663,27.9181674447706,0.00663756487552234,5.36758779614928,NaN,NaN
0.00167643280474842,35.5306720566532,0.00663241130263494,5.43592718115789,NaN,NaN,0.00125511872522543,27.9797610729619,0.00664167292675606,5.2975051785678,NaN,NaN
0.00167786477484303,35.5785233157776,0.00663951157958464,5.40056764977646,NaN,NaN,0.00125951428970987,27.9087573071302,0.00664394652530052,5.37898334372351,NaN,NaN
0.00168253481377808,35.4821363933459,0.00664919583714049,5.40045321763607,NaN,NaN,0.00126035287296932,28.0267547300264,0.00664709947225455,5.33431279723254,NaN,NaN
0.00168532367374961,35.5401396478506,0.0066586135654533,5.40125424261882,NaN,NaN,0.00126450925021641,27.9284900806063,0.00664904044402989,5.39522199901678,NaN,NaN
0.00168859892204689,35.4444371296019,0.00666614396812565,5.42065049041543,NaN,NaN,0.00126505987304509,28.0491679669515,0.00666130920213785,5.3418908363694,NaN,NaN
0.00169566544333849,35.3973843420243,0.00667497452943142,5.47626451064642,NaN,NaN,0.00126864895580233,27.9507322241199,0.00666209022894471,5.40980829991178,NaN,NaN
0.00170141084340761,35.337727110744,0.00667664054646957,5.39959497658312,NaN,NaN,0.00126936887146698,28.0724366709349,0.00666750116165656,5.3247405372702,NaN,NaN
0.00170755960052664,35.2875374706612,0.00667907979153364,5.49062574426574,NaN,NaN,0.00127223896597496,27.9806735711573,0.00666774265560207,5.3780147221797,NaN,NaN
0.0017127834758497,35.3187348946673,0.00668206899347341,5.39187080710659,NaN,NaN,0.00127417925882367,28.0768850996376,0.00667364782235154,5.31471245540488,NaN,NaN
0.00171817674668789,35.2240589826929,0.0066841248121784,5.48324487121039,NaN,NaN,0.00128167046241632,28.1165217400015,0.00668443954310439,5.29300393727598,NaN,NaN
0.001720717320808,35.3098376402889,0.00668742794538924,5.41561547623814,NaN,NaN,0.00128550629617355,28.1703591335317,0.00668970494058875,5.33442675270829,NaN,NaN
0.0017238661719987,35.196055444874,0.0066989431601023,5.42482726353977,NaN,NaN,0.00128892637362869,28.2308691701159,0.00669266551892011,5.25254974338748,NaN,NaN
0.00172750290821397,35.2430511987697,0.0067012462029107,5.35777002926949,NaN,NaN,0.00129251723203938,28.2849917193322,0.00669399946978376,5.35317242846789,NaN,NaN
0.00173052225599396,35.2050667666161,0.00670532547611795,5.42843187596215,NaN,NaN,0.00129584352600253,28.3336963105131,0.00669902742696652,5.26645231142803,NaN,NaN
0.00173615490491731,35.1553333959886,0.00670873195252344,5.32933364238183,NaN,NaN,0.00129958574943438,28.3851954274175,0.00670377571292569,5.34986771967136,NaN,NaN
0.00174493112924386,35.1130714376916,0.00671146214739447,5.42288191715309,NaN,NaN,0.00130410471581126,28.4250601923302,0.00670730490029871,5.24685196960037,NaN,NaN
0.00175120549615639,35.0714938835776,0.0067150680133776,5.32389811571317,NaN,NaN,0.00130845986631809,28.4637273033614,0.00670830461700296,5.30656463888931,NaN,NaN
0.00176162273961952,34.971171637094,0.0067174402480075,5.38140026626064,NaN,NaN,0.00131296522246475,28.5029647257647,0.00671384234198522,5.26155222597112,NaN,NaN
0.00176496057133767,35.0690984689373,0.0067239345645543,5.33127898876851,NaN,NaN,0.00131376874554776,28.5683794401494,0.00671452343607552,5.35174798502111,NaN,NaN
0.00176823050089926,34.9629017532167,0.00672610672382749,5.42219532431073,NaN,NaN,0.00131793826631015,28.5118045520329,0.00671910613269989,5.30787512686034,NaN,NaN
0.00177283287865311,35.0006580506426,0.00672823420730347,5.33648565115639,NaN,NaN,0.0013189695383888,28.6227301139145,0.00672171618389199,5.40787105682417,NaN,NaN
0.00177482257318166,34.9409437856805,0.00673037050593693,5.44107662747558,NaN,NaN,0.00132198203401054,28.5265185854342,0.00672641725312341,5.2975051785678,NaN,NaN
0.00178416867360192,34.9129402478615,0.00673335363650657,5.3624045309554,NaN,NaN,0.0013225378050669,28.6512456825216,0.00672715535267959,5.35208985144834,NaN,NaN
0.00179230976871451,34.893149560238,0.006734896381792,5.46127390025494,NaN,NaN,0.00132556656721726,28.5566310258833,0.0067309331524408,5.39243008986109,NaN,NaN
0.00179490837494554,34.9768750052852,0.00674229235901694,5.50681789213134,NaN,NaN,0.00132610939431736,28.6838674930081,0.00673452278968744,5.29739122309206,NaN,NaN
0.00179887434787462,34.8662296623754,0.00674860041259088,5.45303478614664,NaN,NaN,0.00133170204557241,28.7343970805799,0.00673665903745524,5.38183223061706,NaN,NaN
0.00180146546588659,34.9668370772686,0.00675146912551721,5.53496819866802,NaN,NaN,0.0013349508665596,28.8307797024719,0.00674132085347089,5.30462739580169,NaN,NaN
0.00180504934239246,34.8447849979764,0.00675531948937291,5.42213810824054,NaN,NaN,0.00133957075468057,28.884331940316,0.00675109357690387,5.30724837174376,NaN,NaN
0.00180755876835067,34.9399742130879,0.00675687290452796,5.48507578545668,NaN,NaN,0.00134237207296412,28.9273334177755,0.0067556134502198,5.20013022454605,NaN,NaN
0.00181220045209652,34.867142201286,0.00676533731452465,5.35725508463772,NaN,NaN,0.00134911460231024,29.0040402973285,0.00675663918389096,5.28628056420719,NaN,NaN
0.00181905788696924,34.9449931770962,0.0067676319026216,5.43810139182536,NaN,NaN,0.00136003426618326,28.9965692183535,0.00676197971994149,5.2187619448299,NaN,NaN
0.00182388242530643,34.8692524475167,0.006772435809485,5.36383493271031,NaN,NaN,0.00136017936758282,29.0509769232558,0.00676584383283785,5.26633835595229,NaN,NaN
0.00182567699827961,35.0051637115137,0.00677651942791039,5.26158981526919,NaN,NaN,0.00136471452131099,28.9882426723202,0.00676929887359284,5.15865043137587,NaN,NaN
0.00182938657364888,34.897655221109,0.00677822820367301,5.31972134258882,NaN,NaN,0.00136564205977551,29.0981987048691,0.00677041076793496,5.27534083853593,NaN,NaN
0.0018302606642306,34.978300847333,0.00678530751169171,5.24207913533218,NaN,NaN,0.00136878932515155,29.0019871763888,0.00677511627600465,5.19591387194358,NaN,NaN
0.00183588847714471,34.9287385777512,0.00678703651995,5.34461033312429,NaN,NaN,0.00137101957725293,29.1049283790604,0.00678353745127044,5.17802286225205,NaN,NaN
0.00183738141308583,35.0195361993555,0.00679151697253928,5.29815088412474,NaN,NaN,0.00137659322650363,29.0486956777672,0.00679339985322154,5.12953480732372,NaN,NaN
0.00184300045342529,34.9228070748324,0.00679495325509976,5.21593139125239,NaN,NaN,0.00137673420108018,29.1327025428837,0.00680285563611146,5.10822513335992,NaN,NaN
0.00184582948145574,34.8417051791531,0.00679631325658693,5.31417138377976,NaN,NaN,0.00138004876926776,29.0396847580874,0.00681302028743068,5.09962149494138,NaN,NaN
0.00184815173691672,34.9316472955288,0.0068030261606863,5.24053430143688,NaN,NaN,0.00138117513979136,29.1455345487569,0.00681926221299738,5.05871147914991,NaN,NaN
0.0018531681783744,34.8111351256482,0.006804578316629,5.32550016567867,NaN,NaN,0.001384007743776,29.0791503050396,0.00682062516411953,5.14782466118035,NaN,NaN
0.00185827717919004,34.7538162753263,0.00681124647220838,5.25953003674211,NaN,NaN,0.0013862661849576,29.1475306385594,0.00682549151403379,5.05990801164521,NaN,NaN
0.00186168449960921,34.7104136433911,0.0068207954327981,5.20391601651113,NaN,NaN,0.00139832057578699,29.1035596317673,0.00682626159838125,5.11551828380743,NaN,NaN
0.00187201719203682,34.5216891899434,0.00683105457953733,5.10538994363277,NaN,NaN,0.00139889192070555,29.1920149255865,0.00683164682153695,5.05836961272269,NaN,NaN
0.00188101438723231,34.4585529040666,0.00684228587694048,4.99982629412025,NaN,NaN,0.00140283320816242,29.1078369670583,0.00683930051427609,4.99256032548154,NaN,NaN
0.0018843823960882,34.3749985600651,0.00684380136826643,5.05870163035244,NaN,NaN,0.00140411476818441,29.2204164319191,0.00684186082842679,5.09398069889214,NaN,NaN
0.00189448096872857,34.2337261299684,0.00685100089580289,4.97734037853303,NaN,NaN,0.00140742170501252,29.1318470758255,0.00684529474968691,4.97136460699348,NaN,NaN
0.00190408548111304,34.1004384153395,0.00685294644530981,5.04908933055942,NaN,NaN,0.00140964398821871,29.2318796904992,0.00684634267444646,5.08600381559018,NaN,NaN
0.0019097601311864,34.0551536719012,0.00686031688887511,5.08914057969697,NaN,NaN,0.00141146814660627,29.1706852802684,0.00685145021089546,4.99700458903549,NaN,NaN
0.00191389702813506,33.9633864777043,0.00686425762128948,5.04262391462722,NaN,NaN,0.00141465070690772,29.2175648750584,0.00685102025447176,5.05688819153804,NaN,NaN
0.00191797093051674,33.88690431026,0.00687147109629317,5.00795097608815,NaN,NaN,0.00142305459137853,29.2539507406011,0.00685748928711683,5.0133571998045,NaN,NaN
0.00192371903448866,33.8354599291751,0.00687276369380036,5.05801503751008,NaN,NaN,0.00143034462655447,29.2809264685034,0.00686117113374537,5.10110291612603,NaN,NaN
0.00192710284447266,33.7086170206023,0.00687855366502405,5.00245823334929,NaN,NaN,0.00143447207205307,29.33196933631,0.0068636223276098,5.00760244827952,NaN,NaN
0.00193511685298027,33.5603864813123,0.0068809437091853,5.09291684032994,NaN,NaN,0.00143874067130928,29.2659843105532,0.00686600374149625,5.11608806118614,NaN,NaN
0.00194319566051384,33.4525928224982,0.00688538022826488,4.98603722120289,NaN,NaN,0.00144020993629191,29.3653325515803,0.00686948541093671,5.01734564145548,NaN,NaN
0.00194999423301436,33.3912816144425,0.00688929085125772,5.07867003885101,NaN,NaN,0.0014437879007482,29.2693491476489,0.00687047181422911,5.1104472651369,NaN,NaN
0.00195223505806001,33.342860018499,0.00689312663252341,4.98409187481621,NaN,NaN,0.00144520937875215,29.3859778232519,0.00687469716895875,5.06127547735411,NaN,NaN
0.0019585462712106,33.2631839648675,0.00689393871173448,5.04273834676761,NaN,NaN,0.00144865041026311,29.282694433757,0.00688274118343504,5.01438279908618,NaN,NaN
0.00196712184290287,33.155618440781,0.00689799295717369,5.07752571744708,NaN,NaN,0.00145002558061048,29.3976121752436,0.00688394612291943,5.07210124754963,NaN,NaN
0.00197155231686818,33.1092500573864,0.00690142292093487,4.97665378569067,NaN,NaN,0.00145304537885344,29.3011725222144,0.00689193389673319,5.04526473301233,NaN,NaN
0.00197663364642171,33.0351062709004,0.00690304851845684,5.06877165870702,NaN,NaN,0.0014553476533573,29.39133875015,0.00689391810192879,5.12338121163364,NaN,NaN
0.0019859444179658,32.888472674704,0.00690740688511188,5.01561792949448,NaN,NaN,0.00145729712448439,29.3346497997591,0.00689892333284699,5.02663301272847,NaN,NaN
0.00199491919462583,32.7501659960668,0.00691155365775948,5.07895611920199,NaN,NaN,0.00146149194606266,29.3741153467113,0.00689996023736354,5.07751413264739,NaN,NaN
0.00200457559569553,32.6138554962965,0.00691571518703241,5.00257266548968,NaN,NaN,0.00146624678590201,29.4487120741875,0.00690398503901968,5.11466361773936,NaN,NaN
0.00200888878709245,32.5763843672801,0.00692483137424359,4.97081774653063,NaN,NaN,0.00146976633818603,29.3661309875013,0.00690780109446314,5.00828618113397,NaN,NaN
0.00201286536011599,32.5057196353908,0.00693513358882598,4.96938734477571,NaN,NaN,0.00147110034910449,29.4833870056137,0.00690972944170818,5.11130193120496,NaN,NaN
0.00201765522169848,32.4407012380109,0.00694419820282629,4.95702867361327,NaN,NaN,0.00147394953955851,29.4028020087301,0.00691488816950407,5.03928207053586,NaN,NaN
0.00202118444517855,32.3953594608906,0.00694947209319958,4.99387582281981,NaN,NaN,0.00147576552347738,29.5050018066179,0.00692635042211739,4.9993406762882,NaN,NaN
0.00202692660692544,32.2919003619018,0.00695361609414116,4.94421227388926,NaN,NaN,0.00148121360163015,29.5411025164744,0.00692689661292586,5.04777175347866,NaN,NaN
0.00203549284856277,32.1644871165098,0.00696146955754184,4.92115419760007,NaN,NaN,0.00148897053784915,29.5945406920441,0.00693226821587954,4.99489641273426,NaN,NaN
0.00204439705336686,32.0524159315522,0.00696436876240224,4.98643773369427,NaN,NaN,0.00149337000598814,29.6370859204059,0.00693650726983597,5.04338446766258,NaN,NaN
0.00205266164922736,31.9867131299893,0.00696851546165598,4.88957092685161,NaN,NaN,0.00149424438329482,29.6813420828841,0.00693922268204868,4.93746285296016,NaN,NaN
0.00205672102926524,31.8668283306097,0.00697383061514549,4.93665975262332,NaN,NaN,0.00149726072098874,29.6176383026159,0.0069402364794505,5.04919619692544,NaN,NaN
0.00206656116130927,31.7430082071782,0.00697624112752725,4.87360764326679,NaN,NaN,0.00150160027124092,29.6578452543519,0.00694405077503948,4.94578160268935,NaN,NaN
0.002076449437929,31.6246062835283,0.00698728895054897,4.88785444474572,NaN,NaN,0.00150192098188294,29.7257123076367,0.00694524094742714,5.04372633408981,NaN,NaN
0.00208018652073663,31.5659756585225,0.00699605665571797,4.84803205988896,NaN,NaN,0.00150407026248636,29.6406788820504,0.0069502992832521,4.98817303966546,NaN,NaN
0.00208661994153475,31.4831627523859,0.00700652711008354,4.79951283236234,NaN,NaN,0.00150978691152796,29.7125951460775,0.00695976317901522,5.04429611146852,NaN,NaN
0.00209447688750033,31.3369283919629,0.0070122574748494,4.82852137995196,NaN,NaN,0.00151173920332256,29.6547655729423,0.00696242388079269,4.95256195349601,NaN,NaN
0.00210064470713054,31.2243439038681,0.00701545459447211,4.74218233002545,NaN,NaN,0.00152013276494558,29.6483210544371,0.00696486696861047,5.05928125652863,NaN,NaN
0.00210896042742404,31.0832425748172,0.00701754885978319,4.81770754268482,NaN,NaN,0.00152875201515996,29.5969359998071,0.00696883384194782,4.94373040412599,NaN,NaN
0.00211403926859151,30.9937567278968,0.00702167713126819,4.76329505992796,NaN,NaN,0.00153299198501348,29.6413062245598,0.00697065858306196,5.04777175347866,NaN,NaN
0.00211788679229866,30.9217231876417,0.0070302414555642,4.77164860617665,NaN,NaN,0.00153392644457609,29.6857905115868,0.00697511081400158,4.94259084936856,NaN,NaN
0.00212307268653574,30.8510014220705,0.00703449253838551,4.82966570135589,NaN,NaN,0.00153729246864792,29.5985328716491,0.00697578869393191,5.01734564145548,NaN,NaN
0.00212876483881019,30.7683025832977,0.00703822625255433,4.75499872974947,NaN,NaN,0.00154083088495962,29.6595561884683,0.00698204798903676,4.96914247521651,NaN,NaN
0.00213257236702695,30.6964971777702,0.00704011906509839,4.81267252850753,NaN,NaN,0.00155103256439307,29.6692514817947,0.00698525404275934,5.04139024683709,NaN,NaN
0.00213800692645591,30.558817869634,0.00704906853605332,4.85518406866352,NaN,NaN,0.0015587000171097,29.6907522205244,0.00698777747030254,4.95358755277769,NaN,NaN
0.00214632676145463,30.476917502408,0.00705634194937112,4.82703376212685,NaN,NaN,0.00156734057049613,29.7165873256825,0.00698944136957211,5.06611858507316,NaN,NaN
0.00215172694871553,30.3487628191511,0.00706416506695437,4.79653759671212,NaN,NaN,0.0015704599755302,29.6507163622001,0.00699275882992325,4.95848763823461,NaN,NaN
0.00215826224461046,30.3050750188063,0.00707299231689168,4.74859052988746,NaN,NaN,0.00157435605591248,29.7026717282022,0.00699408023217841,5.07694435526868,NaN,NaN
0.00216402689964665,30.2388018804243,0.00708323341252256,4.69669555421925,NaN,NaN,0.00157447659314999,29.7567942774185,0.00699869330620379,5.0137560439696,NaN,NaN
0.00216786253015896,30.1695629905828,0.00708599596574413,4.78400727733909,NaN,NaN,0.00157694719788451,29.6733006925369,0.00700261258878976,5.05295672762493,NaN,NaN
0.00217424936669147,30.056351131987,0.00708729056993225,4.70207386481771,NaN,NaN,0.00158351278544024,29.7302747986139,0.00700530328649745,4.98754628454888,NaN,NaN
0.00218380725743341,29.9116566809756,0.00709078593099248,4.78137533811005,NaN,NaN,0.00158887178800622,29.834413655167,0.00700699327803514,5.07700133300655,NaN,NaN
0.00219237776328364,29.7674755331014,0.0070921491814875,4.71511912882252,NaN,NaN,0.00159126159719241,29.794491859117,0.0070151356962419,5.06418134198554,NaN,NaN
0.00219880222462252,29.7324568524072,0.00709627783548505,4.78320625235634,NaN,NaN,0.00159620137132675,29.7043826623186,0.00702105280050191,5.02577834666041,NaN,NaN
0.00220102836350062,29.6726855537632,0.00709768770091651,4.71969641443823,NaN,NaN,0.00160410270748142,29.7627825468259,0.00702202512371733,5.09210043354239,NaN,NaN
0.00220634533577457,29.5451012073255,0.00710159252788706,4.77376560077392,NaN,NaN,0.00160623125719748,29.6983943929111,0.00702695490865859,5.04993690751776,NaN,NaN
0.00221460943459256,29.4248171721725,0.00710251449378366,4.72953757851203,NaN,NaN,0.00161605945515169,29.6513437047094,0.00703011987214794,5.13209880552792,NaN,NaN
0.00221986935452455,29.3645325703913,0.00711533963756236,4.75476986546868,NaN,NaN,0.00162538283001449,29.6905811271128,0.00703551657169802,5.01831426299929,NaN,NaN
0.00222583900116176,29.308810663163,0.0071169770290829,4.70516353260833,NaN,NaN,0.00162775545683719,29.7543419385183,0.00703754079305094,4.97199136211006,NaN,NaN
0.00222917280167332,29.2027280148062,0.00712101708547788,4.77285014365077,NaN,NaN,0.00163521064043111,29.7887887453956,0.00703899923991318,5.0836107505996,NaN,NaN
0.00223486866068039,29.1305804071872,0.00712380745438787,4.67501066361478,NaN,NaN,0.00164013170009497,29.751889599618,0.00704426761820674,4.9861218411021,NaN,NaN
0.00223916720328669,29.0627673593935,0.00712715153056299,4.76318062778757,NaN,NaN,0.00164737892335329,29.7907278040609,0.00704690161599753,4.93495583249383,NaN,NaN
0.00224373206836493,28.9653538306874,0.00713047831413158,4.68016010993246,NaN,NaN,0.0016517070941631,29.7081467173748,0.00704976073448802,5.0074315150659,NaN,NaN
0.00224912721841592,28.8884153937877,0.0071330503149995,4.74195346574467,NaN,NaN,0.00166031270775481,29.621402357672,0.00705481769192927,4.90920189497608,NaN,NaN
0.00225376168115243,28.8502598605884,0.00713566215091706,4.73131127668812,NaN,NaN,0.00166405394497192,29.685562387038,0.00706656436325642,4.83490292479214,NaN,NaN
0.00225732773655451,28.7229036488784,NaN,NaN,NaN,NaN,0.00167356815660618,29.6830530170005,0.00707181361588094,4.8991168353729,NaN,NaN
0.00226376156532524,28.6887404734129,NaN,NaN,NaN,NaN,0.00167912550692136,29.8009934087595,0.00707765236307063,4.77752634275592,NaN,NaN
0.00226716625659545,28.5991405591288,NaN,NaN,NaN,NaN,0.00168372523365663,29.7509771014226,0.00708058394548767,4.88384680162344,NaN,NaN
0.00227219661122366,28.5244264358237,NaN,NaN,NaN,NaN,0.00168591266504292,29.8542034597803,0.00708532510990119,4.75097471690797,NaN,NaN
0.00227637604374177,28.4726968863293,NaN,NaN,NaN,NaN,0.00169562058690103,29.8782705996847,0.00708500128488681,4.81655609319764,NaN,NaN
0.00228196932940885,28.3578880846399,NaN,NaN,NaN,NaN,0.00170425898589392,29.9083830401337,0.00708790256520404,4.89267835099346,NaN,NaN
0.00229207809417107,28.2079465348926,NaN,NaN,NaN,NaN,0.00170877705124785,29.8546026777408,0.00709266836882138,4.76880874886163,NaN,NaN
0.00229801790006282,28.1627758588181,NaN,NaN,NaN,NaN,0.00171623177692434,29.9416892242668,0.00709302334038428,4.8450449621332,NaN,NaN
0.00230206952467193,28.0419785205279,NaN,NaN,NaN,NaN,0.00172061934612115,29.8330449078738,0.00710036269440117,4.76299701959878,NaN,NaN
0.00230799460701921,28.0044503578296,NaN,NaN,NaN,NaN,0.00172502030237972,29.8681760883977,0.00710044265886176,4.86652556931061,NaN,NaN
0.00231185331136195,27.8821701438098,NaN,NaN,NaN,NaN,0.00172679060972605,29.925492381298,0.00710881700259416,4.76066093234606,NaN,NaN
0.0023175750141113,27.8340337162758,NaN,NaN,NaN,NaN,0.0017286263883194,29.8670924967907,0.00710953452031401,4.88282120234175,NaN,NaN
0.00232162821334657,27.7321715603805,NaN,NaN,NaN,NaN,0.00173325366425337,29.8141105703187,0.00711595817697237,4.82020266842139,NaN,NaN
0.00232826370632619,27.6588262454414,NaN,NaN,NaN,NaN,0.00173682875804028,29.8718831123167,0.007117521835494,4.87541409641851,NaN,NaN
0.00233189008102458,27.5958040269283,NaN,NaN,NaN,NaN,0.00174390431691508,29.8466183185308,0.00712378388488385,4.81159903000285,NaN,NaN
0.00233763568229437,27.4851016503366,NaN,NaN,NaN,NaN,0.00175037263403733,29.8897908894019,0.00712476883449136,4.9115379822288,NaN,NaN
0.00234258779870777,27.4416419847195,NaN,NaN,NaN,NaN,0.00175509600342848,29.8306496001108,0.00713082397716838,4.82840746267483,NaN,NaN
0.00234823750448268,27.3248370041632,NaN,NaN,NaN,NaN,0.00175776554579185,29.8819776236036,0.00713486301198628,4.89427372765385,NaN,NaN
0.00235329984627887,27.2751036335357,NaN,NaN,NaN,NaN,0.0017669553102817,29.9180213023229,0.00713936321949223,4.76539008458937,NaN,NaN
0.00235843623683081,27.1728992755489,NaN,NaN,NaN,NaN,0.00176986890057623,29.8406870802605,0.00714848377441282,4.7410605905184,NaN,NaN
0.00236374254857253,27.0872346853167,NaN,NaN,NaN,NaN,0.00177291853437366,29.9106642856223,0.0071573735494613,4.72334051404048,NaN,NaN
0.00236828690296024,27.0202201090698,NaN,NaN,NaN,NaN,0.00178304368305847,29.8974900929258,0.00716879394703804,4.70886816862121,NaN,NaN
0.00237366622325099,26.8987383665967,NaN,NaN,NaN,NaN,0.00178858538033411,29.9475064002627,0.00717797793636503,4.70505066018385,NaN,NaN
0.00237775085217395,26.8491760970149,NaN,NaN,NaN,NaN,0.00179234145475961,29.8796393469778,0.00718645688252065,4.66123477976095,NaN,NaN
0.00238342948493442,26.7254130072653,NaN,NaN,NaN,NaN,0.00179483492116561,29.9585704408822,0.00718764950240313,4.71445198693258,NaN,NaN
0.00238754164435659,26.6618204519331,NaN,NaN,NaN,NaN,0.00179741740157604,29.8884221421088,0.00719710911179217,4.71633225228233,NaN,NaN
0.00239337961252844,26.55853245399,NaN,NaN,NaN,NaN,0.00180130816056404,29.9268611285911,0.00720056553031026,4.62607951549447,NaN,NaN
0.00239699012008967,26.4699591459803,NaN,NaN,NaN,NaN,0.00181234367136434,29.9168236484414,0.00721004909126276,4.67872694528739,NaN,NaN
0.00240341709287547,26.3873743745714,NaN,NaN,NaN,NaN,0.00181892926195108,29.8689745243188,0.00721392980641153,4.63360057689346,NaN,NaN
0.00240752117796616,26.2801510525763,NaN,NaN,NaN,NaN,0.00182485727909244,29.8342995928925,0.00722217100981955,4.60921410508461,NaN,NaN
0.00241373977132104,26.2191820466121,NaN,NaN,NaN,NaN,0.0018273981949414,29.8885932355204,0.00722344711138919,4.65906962572185,NaN,NaN
0.00241927409680122,26.0661036443596,NaN,NaN,NaN,NaN,0.00183082861885374,29.8045863704039,0.00723262872976374,4.70094826305712,NaN,NaN
0.0024250067789855,26.0187656883724,NaN,NaN,NaN,NaN,0.00183771213758835,29.7663755084704,0.00723723675261169,4.59907206774355,NaN,NaN
0.00243127692780684,25.8681397344422,NaN,NaN,NaN,NaN,0.00184431216904841,29.720180287327,0.00723802099295793,4.6571893603721,NaN,NaN
0.00243610316721702,25.7982734740996,NaN,NaN,NaN,NaN,0.00185069163375233,29.688242850487,0.00724455391802258,4.58949980778121,NaN,NaN
0.0024424015590968,25.68106925777,NaN,NaN,NaN,NaN,0.00185953130394868,29.6478648053394,0.00724547765295311,4.69701679914402,NaN,NaN
0.00244687588479279,25.5690551064943,NaN,NaN,NaN,NaN,0.00186959637037757,29.634462488094,0.00725108592768147,4.63639248604914,NaN,NaN
0.00245358495811778,25.4764894407507,NaN,NaN,NaN,NaN,0.0018762478489244,29.5824500909547,0.00725262563339846,4.59035447384927,NaN,NaN
0.0024576678199587,25.3522130478639,NaN,NaN,NaN,NaN,0.00188328040512002,29.5364259632229,0.00725455642937951,4.69912497544525,NaN,NaN
0.00246480978649242,25.2597614494841,NaN,NaN,NaN,NaN,0.0018902292923149,29.4656503219401,0.00725927693417313,4.58237759054731,NaN,NaN
0.0024694779835916,25.1266448359009,NaN,NaN,NaN,NaN,0.00189722698789312,29.4112426170378,0.00726213536502325,4.69661795497892,NaN,NaN
0.00247527274658296,25.0676149751217,NaN,NaN,NaN,NaN,0.00190246472536525,29.3770809658465,0.00726643914964202,4.58015545877034,NaN,NaN
0.00248033083291104,24.9278254207547,NaN,NaN,NaN,NaN,0.00190875966403291,29.2846334924223,0.00726673145284305,4.6708070397233,NaN,NaN
0.00248563366775295,24.8683963242022,NaN,NaN,NaN,NaN,0.0019159860948215,29.2630757225553,0.00727506960381427,4.58636603219829,NaN,NaN
0.00249125125991307,24.7396713041262,NaN,NaN,NaN,NaN,0.0019232942809807,29.1505532888317,0.00727596671005933,4.68493751871534,NaN,NaN
0.00249641318962066,24.6626758335447,NaN,NaN,NaN,NaN,0.00193289444518843,29.1200986615594,0.00728359874688624,4.57217857546838,NaN,NaN
0.00250209692560009,24.5565361515059,NaN,NaN,NaN,NaN,0.00194007904147666,29.0861651349169,0.0072848759212906,4.68607707347276,NaN,NaN
0.00250751303169114,24.4788562767414,NaN,NaN,NaN,NaN,0.00194357570847977,29.0285066551934,0.00729049636191548,4.60277562070518,NaN,NaN
0.00251300293364429,24.3748268409335,NaN,NaN,NaN,NaN,0.00194660550962976,28.9906950112204,0.00729326954998278,4.67285823828666,NaN,NaN
0.00251807511128271,24.2926983389798,NaN,NaN,NaN,NaN,0.00194962978982642,28.8951678563867,0.00729814209734859,4.56243538229242,NaN,NaN
0.00252304394258412,24.2023569868308,NaN,NaN,NaN,NaN,0.00195543431108607,28.8443531131288,0.00730154832453568,4.66972446270375,NaN,NaN
0.00252860111763323,24.1101905568606,NaN,NaN,NaN,NaN,0.00196510248245751,28.7591485941308,0.00730550088878946,4.54972934674716,NaN,NaN
0.00253366009466036,24.0297160316824,NaN,NaN,NaN,NaN,0.00196928327709249,28.6864338941828,0.00730592090152845,4.64157746019541,NaN,NaN
0.0025385579978262,23.9418841615375,NaN,NaN,NaN,NaN,0.00197352135970833,28.6498199040913,0.00731345315872358,4.55303405554369,NaN,NaN
0.00254411687394829,23.8555922008043,NaN,NaN,NaN,NaN,0.00197741852909209,28.6059629595736,0.00731494504406201,4.65884171477036,NaN,NaN
0.00254870317779304,23.7681025327509,NaN,NaN,NaN,NaN,0.0019821745959096,28.5479052618895,0.00732030899463805,4.58482763327577,NaN,NaN
0.00255415052111589,23.6869436033897,NaN,NaN,NaN,NaN,0.00198694063924168,28.5137436106982,0.00732535524297066,4.62864351369867,NaN,NaN
0.00255876078949012,23.6057276403467,NaN,NaN,NaN,NaN,0.00199545285966202,28.4920147474196,0.00732946987436791,4.54089779737714,NaN,NaN
0.00256453302181527,23.5285040350375,NaN,NaN,NaN,NaN,0.00199897891911409,28.4544882591327,0.00733806490058232,4.55297707780581,NaN,NaN
0.00256925940610432,23.4681053658924,NaN,NaN,NaN,NaN,0.00200227676285561,28.4125133421431,0.00734018729541794,4.51257986165519,NaN,NaN
0.00257441793366594,23.3793609568369,NaN,NaN,NaN,NaN,0.00200737489348905,28.3469275343468,0.0073422409800073,4.6120060142403,NaN,NaN
0.00257874074538837,23.3166239067334,NaN,NaN,NaN,NaN,0.00200955620524486,28.2598409878207,0.00734602803519226,4.51713808068488,NaN,NaN
0.00258298630740973,23.2435637602038,NaN,NaN,NaN,NaN,0.00201337352130762,28.1890083154007,0.00734649786089445,4.58328923435325,NaN,NaN
0.00258858578819548,23.1546482501026,NaN,NaN,NaN,NaN,0.0020174985776637,28.1538201037396,0.00735232528477455,4.52027185626779,NaN,NaN
0.00259710589091673,23.0264935668458,NaN,NaN,NaN,NaN,0.00202615932484271,28.1074537891844,0.00735464946232675,4.61098041495862,NaN,NaN
0.00260230625580462,22.9742507142141,NaN,NaN,NaN,NaN,0.00203020089416215,28.0685585536044,0.0073577428001323,4.51850554639378,NaN,NaN
0.00260724995592299,22.9073502053311,NaN,NaN,NaN,NaN,0.00203942760328307,28.0160899073673,0.00735921448448459,4.62100849682394,NaN,NaN
0.00261088460615352,22.8369136081694,NaN,NaN,NaN,NaN,0.00204686149250242,27.9848938753112,0.0073634857497565,4.54722232628083,NaN,NaN
0.00261548711909898,22.7547851062158,NaN,NaN,NaN,NaN,0.00205485685291251,27.9351056925232,0.0073744756551128,4.58585323255745,NaN,NaN
0.002619740577312,22.7134927205113,NaN,NaN,NaN,NaN,0.00206240939213169,27.8770479948391,0.00737674312840392,4.51411826057771,NaN,NaN
0.00262459447366821,22.6165354612605,NaN,NaN,NaN,NaN,0.002066522162008,27.8359285449077,0.00737889659324566,4.6145700124445,NaN,NaN
0.00263312965621354,22.5044642763029,NaN,NaN,NaN,NaN,0.00207057683965281,27.7924137872133,0.00738320604138102,4.54454437260089,NaN,NaN
0.0026375115919466,22.4479438975278,NaN,NaN,NaN,NaN,0.00207474969178505,27.7515224618307,0.00739097206422222,4.51240892844157,NaN,NaN
0.00264232058204934,22.3893703062039,NaN,NaN,NaN,NaN,0.00208484029099575,27.702589746101,0.00739476004163949,4.58061128067331,NaN,NaN
0.00264656929332302,22.3541805244641,NaN,NaN,NaN,NaN,0.00209321622714977,27.6535429680968,0.00739798131861019,4.4922388092352,NaN,NaN
0.00264981758291744,22.2891050934022,NaN,NaN,NaN,NaN,0.00210165193441643,27.6320992605043,0.00739936653674253,4.5855683438681,NaN,NaN
0.00265515867479984,22.2425656089618,NaN,NaN,NaN,NaN,0.00210634476957225,27.5791743651695,0.00740346027889269,4.51104146273267,NaN,NaN
0.00265906567879724,22.2004747517105,NaN,NaN,NaN,NaN,0.00211027775939569,27.4963081227973,0.00740501865723031,4.54990027996077,NaN,NaN
0.00266325181222133,22.1223956411727,NaN,NaN,NaN,NaN,0.00211576659785928,27.4416722933461,0.00740982899672981,4.5101867966646,NaN,NaN
0.00267028550733889,22.0159707907244,NaN,NaN,NaN,NaN,0.00211919074055506,27.3915419237348,0.00741496454210976,4.54853281425187,NaN,NaN
0.00267888814111999,21.9276256174423,NaN,NaN,NaN,NaN,0.00212775245322767,27.4124723510924,0.00741775448365248,4.45212648177392,NaN,NaN
0.0026844573127499,21.8825119750497,NaN,NaN,NaN,NaN,0.00213321704746997,27.3417537409469,0.00742000191338642,4.55571200922363,NaN,NaN
0.00268806622262412,21.8379116357943,NaN,NaN,NaN,NaN,0.00214146138087041,27.3105006777535,0.00742277655079445,4.44226933312222,NaN,NaN
0.00269316610890155,21.753615853928,NaN,NaN,NaN,NaN,0.00214759253006046,27.2515875130113,0.00742433791490605,4.54414552843579,NaN,NaN
0.00269995521058425,21.6416017026523,NaN,NaN,NaN,NaN,0.00215704761926107,27.2014571434,0.00742911703379701,4.46261038554221,NaN,NaN
0.00270823277722324,21.5374581994805,NaN,NaN,NaN,NaN,0.00216372284012435,27.1602806623314,0.00742922844601094,4.50990190797524,NaN,NaN
0.00271612847727181,21.4586946847597,NaN,NaN,NaN,NaN,0.00217006662236527,27.1305104087056,0.00743560366684859,4.46517438374641,NaN,NaN
0.00272163725485156,21.3872314813236,NaN,NaN,NaN,NaN,0.00217860371809094,27.0816917552502,0.00743852231732457,4.55924462897164,NaN,NaN
0.00272882618499136,21.2859966959294,NaN,NaN,NaN,NaN,0.00218214022077252,27.0269988946618,0.00744143797892358,4.46409180672686,NaN,NaN
0.0027368148984922,21.19325992914,NaN,NaN,NaN,NaN,0.00219132481943973,27.03583872093,0.00744346411693934,4.5681901338174,NaN,NaN
0.00274554444948324,21.114667515465,NaN,NaN,NaN,NaN,0.0021938957060368,26.9976278589965,0.0074474073467446,4.48147001677755,NaN,NaN
0.00275050231566579,21.0674436268416,NaN,NaN,NaN,NaN,0.00219744897715184,26.9497787348738,0.00744886961824417,4.54055593094991,NaN,NaN
0.0027542803594167,21.0299154641433,NaN,NaN,NaN,NaN,0.00220529745449446,26.9035264825931,0.00745350580124607,4.4922388092352,NaN,NaN
0.00275906037084089,20.9533762630171,NaN,NaN,NaN,NaN,0.00220864957478775,26.8661710877178,0.00746143519058966,4.43309591732497,NaN,NaN
0.0027665030837076,20.8467232778412,NaN,NaN,NaN,NaN,0.00221200965517875,26.820146959986,0.00746343309315026,4.53314882502666,NaN,NaN
0.00277445389644757,20.7648229106152,NaN,NaN,NaN,NaN,0.00222010328103452,26.7830767207968,0.00746717018166664,4.43679947028659,NaN,NaN
0.00278147759189917,20.7228461207277,NaN,NaN,NaN,NaN,0.00222460505346739,26.6929675239984,0.00746794554619812,4.50876235321782,NaN,NaN
0.00278587598962659,20.6455654817366,NaN,NaN,NaN,NaN,0.00222907981379634,26.6573800943767,0.00747209400002471,4.4705302911063,NaN,NaN
0.00279299357491343,20.605014533897,NaN,NaN,NaN,NaN,0.00223968082743162,26.6724933457385,0.00747809634768814,4.50152618050819,NaN,NaN
0.00280008248610837,20.5453002689349,NaN,NaN,NaN,NaN,0.00224666989663817,26.6236176611459,0.0074799998223786,4.44118675610267,NaN,NaN
0.0028072024563953,20.4702439435383,NaN,NaN,NaN,NaN,0.00225322495298958,26.5819849309796,0.0074821540520237,4.52608358553064,NaN,NaN
0.00281444289587986,20.4051685124765,NaN,NaN,NaN,NaN,0.00225608992566234,26.5209045830232,0.00748601862169204,4.47850717440825,NaN,NaN
0.00281827696608207,20.3609103753125,NaN,NaN,NaN,NaN,0.00226060252284784,26.4788726348964,0.00749683023850264,4.50671115465446,NaN,NaN
0.00282197392695248,20.3155685981923,NaN,NaN,NaN,NaN,0.00226787691378172,26.4495015992311,0.0075073950052619,4.48956085555525,NaN,NaN
0.00282600304952751,20.264409385517,NaN,NaN,NaN,NaN,0.00226964547186705,26.3889915626468,0.00751764933696103,4.50557159989704,NaN,NaN
0.00283047255353032,20.1964822703595,NaN,NaN,NaN,NaN,0.00227298098809599,26.3426822792289,0.00752367402817704,4.5417524634452,NaN,NaN
0.00283883591261223,20.1130419937219,NaN,NaN,NaN,NaN,0.0022788641593079,26.264150403285,0.00753025393537749,4.46300922970731,NaN,NaN
0.00284256916224042,20.0569208507202,NaN,NaN,NaN,NaN,0.00228345476656413,26.2259965724887,0.00753163861833366,4.57479955141046,NaN,NaN
0.0028478184590171,20.0195637890677,NaN,NaN,NaN,NaN,0.00229354970095438,26.2032411487402,0.00753626668908296,4.47429082180579,NaN,NaN
0.00285116119592706,19.9285950664176,NaN,NaN,NaN,NaN,0.00230153877135042,26.175752140603,0.00754138073287667,4.51810670222869,NaN,NaN
0.00285673982405873,19.8902684321726,NaN,NaN,NaN,NaN,0.00230986576114442,26.1471795408587,0.00754609060262164,4.44340888787964,NaN,NaN
0.00286070144370501,19.7904594888261,NaN,NaN,NaN,NaN,0.00231887472417673,26.1078280561809,0.00755167821959188,4.47463268823302,NaN,NaN
0.00286909629291238,19.677418731276,NaN,NaN,NaN,NaN,0.00232547559507737,26.0742367163618,0.00755659277632025,4.39116030225182,NaN,NaN
0.00287753828386564,19.5674577925492,NaN,NaN,NaN,NaN,0.00233212991188668,26.0442383381871,0.00756187309522732,4.44477635358855,NaN,NaN
0.00288170320835602,19.516241546192,NaN,NaN,NaN,NaN,0.0023384984138613,26.001065767316,0.00756681030167784,4.37036342792886,NaN,NaN
0.002886501917267,19.4604055715999,NaN,NaN,NaN,NaN,0.0023461351063911,25.9498518060976,0.00757033122991943,4.46563020564938,NaN,NaN
0.00288975395097095,19.386889155615,NaN,NaN,NaN,NaN,0.00235574439887535,25.9191120231392,0.0075753368435496,4.37372511446326,NaN,NaN
0.00289799060835965,19.2865669091313,NaN,NaN,NaN,NaN,0.00236448048223174,25.852499654873,0.00757894232445128,4.4539497693858,NaN,NaN
0.00290355119987079,19.2500653527075,NaN,NaN,NaN,NaN,0.00237483396700883,25.78377713453,0.00758364285788593,4.33680354032277,NaN,NaN
0.00290676432998407,19.1850469553275,NaN,NaN,NaN,NaN,0.00238184377590022,25.7258334991203,0.00758377018595311,4.38363924085283,NaN,NaN
0.00291249566737498,19.1555605417789,NaN,NaN,NaN,NaN,0.0023890935762796,25.6614453452055,0.00758515984230313,4.48266654927285,NaN,NaN
0.00291598126338589,19.0619112360789,NaN,NaN,NaN,NaN,0.00239645357345374,25.5851947147502,0.00759050955909681,4.3546945500143,NaN,NaN
0.0029244646463159,18.9587943391816,NaN,NaN,NaN,NaN,0.0024046102578046,25.5335245044341,0.0076032218160469,4.18575555722642,NaN,NaN
0.0029328751471437,18.8784338813672,NaN,NaN,NaN,NaN,0.00240880517337214,25.4782613324736,0.00761728072307153,4.00057790914526,NaN,NaN
0.00294197354225368,18.7879784618544,NaN,NaN,NaN,NaN,0.00241792631442616,25.4133028671866,0.00762608961701247,3.94342923806052,NaN,NaN
0.00294636785390803,18.7393287311832,NaN,NaN,NaN,NaN,0.00242573824347276,25.3218819542323,0.00763317921236704,3.77921939751594,NaN,NaN
0.0029515869162827,18.7077891050857,NaN,NaN,NaN,NaN,0.00243451099550688,25.2404414902905,0.00763641051452961,3.7420129346861,NaN,NaN
0.00295360985370268,18.6492725474437,NaN,NaN,NaN,NaN,0.00243879819764935,25.1928204907166,0.00764563344966159,3.65067762087869,NaN,NaN
0.00295740414393123,18.5981133347685,NaN,NaN,NaN,NaN,0.00244236906784095,25.1528416635295,0.00765194791693843,3.69506327868029,NaN,NaN
0.00296253888510317,18.5149582265404,NaN,NaN,NaN,NaN,0.00244677575942382,25.0909628796521,0.00765529323003276,3.58663464351154,NaN,NaN
0.00297183456807839,18.4590652182664,NaN,NaN,NaN,NaN,0.00245396830701227,25.0367832992986,0.00765548031971261,3.65797077132619,NaN,NaN
0.00297680207764729,18.3236672574067,NaN,NaN,NaN,NaN,0.002457474284256,24.9998841535211,0.00766389391790196,3.56942736667446,NaN,NaN
0.00298570382269744,18.2840858821596,NaN,NaN,NaN,NaN,0.00246087070458648,24.9432522342674,0.0076645385124409,3.65193113111185,NaN,NaN
0.00298774993733383,18.2223754383305,NaN,NaN,NaN,NaN,0.00246786857333131,24.8983116981426,0.00766833077437046,3.69865287616617,NaN,NaN
0.00299166926555952,18.1632315101875,NaN,NaN,NaN,NaN,0.0024751303402497,24.8556524075064,0.00767145096986808,3.59278823920163,NaN,NaN
0.00300102980799846,18.0658750151633,NaN,NaN,NaN,NaN,0.00248179177771614,24.8043814151509,0.00767268781822196,3.67580480327985,NaN,NaN
0.00300538020191307,18.014031398305,NaN,NaN,NaN,NaN,0.00248589010671914,24.7616080622402,0.00768032743088412,3.58321597923928,NaN,NaN
0.00301428927135854,17.9896209824466,NaN,NaN,NaN,NaN,0.00249345176541736,24.6916878880157,0.00768340531643497,3.67369662697862,NaN,NaN
0.00301923549723989,17.9190703179211,NaN,NaN,NaN,NaN,0.00250111317768086,24.627071609552,0.00768826256090728,3.59671970311473,NaN,NaN
0.00302467492131024,17.869051778884,NaN,NaN,NaN,NaN,0.00250535706600086,24.586066221895,0.00769360960368193,3.63677505283813,NaN,NaN
0.00303216253168564,17.8308392120028,NaN,NaN,NaN,NaN,0.00251290959642256,24.5164312033565,0.00769691704070299,3.55370151102203,NaN,NaN
0.00303950619106037,17.7870373442942,NaN,NaN,NaN,NaN,0.00251677158524817,24.4799883066766,NaN,NaN,NaN,NaN
0.00304436022817947,17.7209353069579,NaN,NaN,NaN,NaN,0.00252073299010332,24.4414922890571,NaN,NaN,NaN,NaN
0.00305510529438049,17.669547959555,NaN,NaN,NaN,NaN,0.00252851140867543,24.3711158657348,NaN,NaN,NaN,NaN
0.00306058924536384,17.6203278920647,NaN,NaN,NaN,NaN,0.0025361180424823,24.296633200533,NaN,NaN,NaN,NaN
0.00306677747786988,17.5782370348134,NaN,NaN,NaN,NaN,0.00254029188962676,24.2546582835434,NaN,NaN,NaN,NaN
0.00307235884728127,17.529131034687,NaN,NaN,NaN,NaN,0.00254413943757905,24.2165614838843,NaN,NaN,NaN,NaN
0.00307834919706488,17.4987891159097,NaN,NaN,NaN,NaN,0.00254806283241105,24.1750428159924,NaN,NaN,NaN,NaN
0.00308939810715823,17.4461470275047,NaN,NaN,NaN,NaN,0.00255218456619476,24.1357483624518,NaN,NaN,NaN,NaN
0.00309832265008431,17.4425539055442,NaN,NaN,NaN,NaN,0.00255580157967382,24.0995906214581,NaN,NaN,NaN,NaN
0.00310532961633183,17.4035428671162,NaN,NaN,NaN,NaN,0.00256288938104098,24.0223704616701,NaN,NaN,NaN,NaN
0.00311206850734143,17.363334121368,NaN,NaN,NaN,NaN,0.00257043178817395,23.9541041904247,NaN,NaN,NaN,NaN
0.00311916168274925,17.2868519539237,NaN,NaN,NaN,NaN,0.00257824738612612,23.8857238569049,NaN,NaN,NaN,NaN
0.00312567889033068,17.2200655124045,NaN,NaN,NaN,NaN,0.00258574863383017,23.8197958622853,NaN,NaN,NaN,NaN
0.00313312201117,17.1620622578997,NaN,NaN,NaN,NaN,0.00259339344202932,23.746225695279,NaN,NaN,NaN,NaN
0.00314092256565987,17.1056559464885,NaN,NaN,NaN,NaN,0.00260156621094471,23.6751078671729,NaN,NaN,NaN,NaN
0.00314790438640827,17.046169816254,NaN,NaN,NaN,NaN,0.00260595383292641,23.6359274759068,NaN,NaN,NaN,NaN
0.00315432566111791,16.9922729868469,NaN,NaN,NaN,NaN,0.00261381836844112,23.5354956432726,NaN,NaN,NaN,NaN
0.00316179296200344,16.9334142271134,NaN,NaN,NaN,NaN,0.00262335144132002,23.4545114284285,NaN,NaN,NaN,NaN
0.00316857733106287,16.8714186148748,NaN,NaN,NaN,NaN,0.0026271792358022,23.4128216671249,NaN,NaN,NaN,NaN
0.00317498762633757,16.816723313921,NaN,NaN,NaN,NaN,0.00263169961112133,23.3410764965095,NaN,NaN,NaN,NaN
0.00317917490335436,16.771837806256,NaN,NaN,NaN,NaN,0.00263990589051121,23.2489141787714,NaN,NaN,NaN,NaN
0.0031862708200419,16.6845762729303,NaN,NaN,NaN,NaN,0.00264451907190507,23.2132126868753,NaN,NaN,NaN,NaN
0.003190310950684,16.7220474019466,NaN,NaN,NaN,NaN,0.00265203259729141,23.1416386096715,NaN,NaN,NaN,NaN
0.00319312006288112,16.6250331090139,NaN,NaN,NaN,NaN,0.00265565508773638,23.1053097752661,NaN,NaN,NaN,NaN
0.00320064309994738,16.6045580172074,NaN,NaN,NaN,NaN,0.00265847459219313,23.0551223745176,NaN,NaN,NaN,NaN
0.00320835677009462,16.5191785953847,NaN,NaN,NaN,NaN,0.00266260428607455,23.0071591881205,NaN,NaN,NaN,NaN
0.00321475090796159,16.4840458473268,NaN,NaN,NaN,NaN,0.00267059119327955,22.9723701944198,NaN,NaN,NaN,NaN
0.00321969639822285,16.4289513105995,NaN,NaN,NaN,NaN,0.00267305368234472,22.9112328153262,NaN,NaN,NaN,NaN
0.0032246909094428,16.3946740677702,NaN,NaN,NaN,NaN,0.00268105618980438,22.8749039809208,NaN,NaN,NaN,NaN
0.00323104849134228,16.3525261768371,NaN,NaN,NaN,NaN,0.00268388515127589,22.8202111203324,NaN,NaN,NaN,NaN
0.0032336986387237,16.3026787388458,NaN,NaN,NaN,NaN,0.0026932076515082,22.8005353779935,NaN,NaN,NaN,NaN
0.00324157438556203,16.2269950429482,NaN,NaN,NaN,NaN,0.00269786380039132,22.7392839366255,NaN,NaN,NaN,NaN
0.00324554909368884,16.1825087710566,NaN,NaN,NaN,NaN,0.00270007351838135,22.6849902939976,NaN,NaN,NaN,NaN
0.00325681476213122,16.1506839765496,NaN,NaN,NaN,NaN,0.00270972746603349,22.6654856450703,NaN,NaN,NaN,NaN
0.0032633004278942,16.0885742969472,NaN,NaN,NaN,NaN,0.00271541928097414,22.6002990552345,NaN,NaN,NaN,NaN
0.00327357821440235,16.0026815719873,NaN,NaN,NaN,NaN,0.00272138246987617,22.546632755116,NaN,NaN,NaN,NaN
0.00328350898046982,16.0501335953383,NaN,NaN,NaN,NaN,0.0027252910950966,22.5076804883987,NaN,NaN,NaN,NaN
0.00328306548716664,16.010038916954,NaN,NaN,NaN,NaN,0.00273422091506929,22.5023765926378,NaN,NaN,NaN,NaN
0.00328630501850249,15.9417125660231,NaN,NaN,NaN,NaN,0.00274286241068305,22.4576641810619,NaN,NaN,NaN,NaN
0.00329703141584885,15.9574538622309,NaN,NaN,NaN,NaN,0.00274969796927237,22.4272665849267,NaN,NaN,NaN,NaN
0.00329922605028543,15.8833671094268,NaN,NaN,NaN,NaN,0.00275916219554699,22.3884283804839,NaN,NaN,NaN,NaN
0.00330384324065364,15.9194123963954,NaN,NaN,NaN,NaN,0.00276242269553932,22.3465675257686,NaN,NaN,NaN,NaN
0.00331050948813862,15.831922728342,NaN,NaN,NaN,NaN,0.00277108510400452,22.3022543321532,NaN,NaN,NaN,NaN
0.00331521503408966,15.8660288701255,NaN,NaN,NaN,NaN,0.00277632365452478,22.2459645997228,NaN,NaN,NaN,NaN
0.0033195033471972,15.8258771580593,NaN,NaN,NaN,NaN,0.00277924755886961,22.1998834408538,NaN,NaN,NaN,NaN
0.0033259164354446,15.7853262102197,NaN,NaN,NaN,NaN,0.00278354586171806,22.1266554606708,NaN,NaN,NaN,NaN
0.00332897175865095,15.8445842057265,NaN,NaN,NaN,NaN,0.00278588405065087,22.0830836718391,NaN,NaN,NaN,NaN
0.00333216393272418,15.7803072462114,NaN,NaN,NaN,NaN,0.00279175679622824,22.0448728099056,NaN,NaN,NaN,NaN
0.00334121996165974,15.7685012740556,NaN,NaN,NaN,NaN,0.00279720911278826,21.9798002823443,NaN,NaN,NaN,NaN
0.00334801344525736,15.7334825933614,NaN,NaN,NaN,NaN,0.00280809656354479,21.9533378346769,NaN,NaN,NaN,NaN
0.00335550217059334,15.6406317592083,NaN,NaN,NaN,NaN,0.00281999794566181,21.9330917809659,NaN,NaN,NaN,NaN
0.00335905974051782,15.6785591576799,NaN,NaN,NaN,NaN,0.00283111956460722,21.8814215706498,NaN,NaN,NaN,NaN
0.00336365684565769,15.5800049553355,NaN,NaN,NaN,NaN,0.00284157911055857,21.8188584131259,NaN,NaN,NaN,NaN
0.00337234597012487,15.5158990968662,NaN,NaN,NaN,NaN,0.00284602665042708,21.7820162984855,NaN,NaN,NaN,NaN
0.0033792264501959,15.4528768783531,NaN,NaN,NaN,NaN,0.00284822674703323,21.7343382677744,NaN,NaN,NaN,NaN
0.0033828109931393,15.5040931247103,NaN,NaN,NaN,NaN,0.0028495700918017,21.6850063340842,NaN,NaN,NaN,NaN
0.00338569234088844,15.4057100234117,NaN,NaN,NaN,NaN,0.00285294310735147,21.6248955154604,NaN,NaN,NaN,NaN
0.00338836422287822,15.4714128249746,NaN,NaN,NaN,NaN,0.00285983576316008,21.5979768186953,NaN,NaN,NaN,NaN
0.00339252164483348,15.393162613391,NaN,NaN,NaN,NaN,0.00286203436284917,21.5461355149677,NaN,NaN,NaN,NaN
0.00339425676057724,15.4362230432347,NaN,NaN,NaN,NaN,0.00286660769976709,21.495891083082,NaN,NaN,NaN,NaN
0.00339879026197685,15.3553492822832,NaN,NaN,NaN,NaN,0.00287599827754296,21.5140840158533,NaN,NaN,NaN,NaN
0.00340609732800717,15.3235244877761,NaN,NaN,NaN,NaN,0.00288303763445495,21.4625848989489,NaN,NaN,NaN,NaN
0.00341304656673039,15.2853689545768,NaN,NaN,NaN,NaN,0.00288654012475719,21.4236896633688,NaN,NaN,NaN,NaN
0.0034160562424919,15.2477267245147,NaN,NaN,NaN,NaN,0.00289581268361726,21.4255716908969,NaN,NaN,NaN,NaN
0.0034235649727311,15.176719790534,NaN,NaN,NaN,NaN,0.00290294188795979,21.4480989900965,NaN,NaN,NaN,NaN
0.00343143300151758,15.081131339649,NaN,NaN,NaN,NaN,0.00291068946995077,21.4228912274478,NaN,NaN,NaN,NaN
0.00343453690033309,15.1315491144595,NaN,NaN,NaN,NaN,0.00291919823861955,21.4454755577846,NaN,NaN,NaN,NaN
0.00343826150383347,15.0152004033584,NaN,NaN,NaN,NaN,0.00292794316550163,21.4406849422586,NaN,NaN,NaN,NaN
0.00344152647651027,15.0729755231356,NaN,NaN,NaN,NaN,0.00293885303482415,21.4303623064229,NaN,NaN,NaN,NaN
0.00344536631954248,14.9620450118162,NaN,NaN,NaN,NaN,0.00294444943137907,21.3860491128075,NaN,NaN,NaN,NaN
0.00344811156636091,15.0156566728137,NaN,NaN,NaN,NaN,0.00294769798242737,21.3456140365226,NaN,NaN,NaN,NaN
0.00345198260924801,14.9202393229745,NaN,NaN,NaN,NaN,0.00295711507919979,21.315615658348,NaN,NaN,NaN,NaN
0.00345920855502091,14.8995931301223,NaN,NaN,NaN,NaN,0.00296122450011129,21.2356580039737,NaN,NaN,NaN,NaN
0.00346769390623362,14.8201452112185,NaN,NaN,NaN,NaN,0.00296384698936677,21.1779424931129,NaN,NaN,NaN,NaN
0.00347052533915151,14.8991938943489,NaN,NaN,NaN,NaN,0.00297034874658366,21.1074520075162,NaN,NaN,NaN,NaN
0.00347403441696545,14.8011529951417,NaN,NaN,NaN,NaN,0.00297492807116983,21.073860667697,NaN,NaN,NaN,NaN
0.00347598785136835,14.8400499662059,NaN,NaN,NaN,NaN,0.00298434534110885,21.0533294582999,NaN,NaN,NaN,NaN
0.0034801863233368,14.7888337198487,NaN,NaN,NaN,NaN,0.00299036414790808,21.0221334262438,NaN,NaN,NaN,NaN
0.00348813788601293,14.7353931598969,NaN,NaN,NaN,NaN,0.00299969015267683,21.0276084154163,NaN,NaN,NaN,NaN
0.00349600039486305,14.6803556568516,NaN,NaN,NaN,NaN,0.00300837497970802,20.9994350336325,NaN,NaN,NaN,NaN
0.00350421603577392,14.6626752154588,NaN,NaN,NaN,NaN,0.00301686662481264,20.9846639690941,NaN,NaN,NaN,NaN
0.00350806905635656,14.6129988785132,NaN,NaN,NaN,NaN,0.00302553684660138,20.956946836408,NaN,NaN,NaN,NaN
0.0035178019858233,14.5463835380397,NaN,NaN,NaN,NaN,0.00303393918137024,20.9197055038071,NaN,NaN,NaN,NaN
0.00352063211132474,14.6242915475318,NaN,NaN,NaN,NaN,0.00304326898422376,20.8998016369194,NaN,NaN,NaN,NaN
0.00352525200002447,14.5178096634016,NaN,NaN,NaN,NaN,0.00304963317741128,20.8651837366304,NaN,NaN,NaN,NaN
0.00353576831129565,14.3985522345231,NaN,NaN,NaN,NaN,0.00305640816063731,20.8408884721771,NaN,NaN,NaN,NaN
0.00354730804332267,14.2941235629418,NaN,NaN,NaN,NaN,0.00306371655515304,20.784142490649,NaN,NaN,NaN,NaN
0.00354998197709378,14.238686824123,NaN,NaN,NaN,NaN,0.00307087988345913,20.7192980876365,NaN,NaN,NaN,NaN
0.00355862799419517,14.1179465195148,NaN,NaN,NaN,NaN,0.00307805285074408,20.6709927144161,NaN,NaN,NaN,NaN
0.00356162763291377,14.1637445660903,NaN,NaN,NaN,NaN,0.0030857101185896,20.6128209544576,NaN,NaN,NaN,NaN
0.00356648480496913,14.0915969584713,NaN,NaN,NaN,NaN,0.00309318579832191,20.5361140749046,NaN,NaN,NaN,NaN
0.00357033700086177,14.0514452464051,NaN,NaN,NaN,NaN,0.00310113549095693,20.4530197079835,NaN,NaN,NaN,NaN
0.00357664761915516,14.0180805424864,NaN,NaN,NaN,NaN,0.00310883756074449,20.3808182882704,NaN,NaN,NaN,NaN
0.00358192355573199,13.9073781658947,NaN,NaN,NaN,NaN,0.00311285672029542,20.3373605617132,NaN,NaN,NaN,NaN
0.00358908588344856,13.8604964793629,NaN,NaN,NaN,NaN,0.00311691305922641,20.2958989249584,NaN,NaN,NaN,NaN
0.00359925321474114,13.7440907345799,NaN,NaN,NaN,NaN,0.00312083230964043,20.2608247755717,NaN,NaN,NaN,NaN
0.00360324686450359,13.8010103491284,NaN,NaN,NaN,NaN,0.00312786069502562,20.1865132037816,NaN,NaN,NaN,NaN
0.00360566203877565,13.7203076892225,NaN,NaN,NaN,NaN,0.0031356042705753,20.1309078449978,NaN,NaN,NaN,NaN
0.00360819167958253,13.6794715729733,NaN,NaN,NaN,NaN,0.00314354500810041,20.0575658025404,NaN,NaN,NaN,NaN
0.0036192911566286,13.5787500907163,NaN,NaN,NaN,NaN,0.00315062251301222,19.972247221268,NaN,NaN,NaN,NaN
0.00362303607519011,13.6337875937616,NaN,NaN,NaN,NaN,0.00315825255159981,19.9012434554363,NaN,NaN,NaN,NaN
0.00362560211688554,13.5251954634007,NaN,NaN,NaN,NaN,0.00316249511616935,19.8655419635403,NaN,NaN,NaN,NaN
0.00363458435870378,13.4329149660667,NaN,NaN,NaN,NaN,0.00317011968658851,19.8062866119747,NaN,NaN,NaN,NaN
0.00364285691676499,13.467819579397,NaN,NaN,NaN,NaN,0.00317339908301541,19.7322601958707,NaN,NaN,NaN,NaN
0.00364555741558241,13.3770219577926,NaN,NaN,NaN,NaN,0.00318295524953175,19.6821298262595,NaN,NaN,NaN,NaN
0.00365522140825713,13.2736769261676,NaN,NaN,NaN,NaN,0.00319076852872125,19.6201369801076,NaN,NaN,NaN,NaN
0.00365933996956991,13.3356725384062,NaN,NaN,NaN,NaN,0.00319383846789549,19.5463386885525,NaN,NaN,NaN,NaN
0.00366141474398214,13.2492094766273,NaN,NaN,NaN,NaN,0.00320324243874757,19.4978051907832,NaN,NaN,NaN,NaN
0.00366738286768617,13.1994761059998,NaN,NaN,NaN,NaN,0.00320624849758111,19.4491576307395,NaN,NaN,NaN,NaN
0.00367125400521446,13.2607302803735,NaN,NaN,NaN,NaN,0.00321034981162075,19.4031335030077,NaN,NaN,NaN,NaN
0.00367306466401503,13.1574993161124,NaN,NaN,NaN,NaN,0.00321929172731164,19.3711390350305,NaN,NaN,NaN,NaN
0.00368088921166652,13.1951985798564,NaN,NaN,NaN,NaN,0.00322121830436034,19.3277953707478,NaN,NaN,NaN,NaN
0.00368336184625315,13.0958459059652,NaN,NaN,NaN,NaN,0.00322443464229215,19.2683689257706,NaN,NaN,NaN,NaN
0.00369337885885785,13.0868345842231,NaN,NaN,NaN,NaN,0.00323417125513533,19.2631220611469,NaN,NaN,NaN,NaN
0.00369936157965952,13.0425194133772,NaN,NaN,NaN,NaN,0.00323599559548697,19.2229721405481,NaN,NaN,NaN,NaN
0.0037036669551899,13.0860361126763,NaN,NaN,NaN,NaN,0.00323962736978011,19.1726706775252,NaN,NaN,NaN,NaN
0.00370900677703276,13.0193637385209,NaN,NaN,NaN,NaN,0.00324757776387903,19.1390223065688,NaN,NaN,NaN,NaN
0.00371196333701771,13.0963592091024,NaN,NaN,NaN,NaN,0.00325266943133182,19.0862685046457,NaN,NaN,NaN,NaN
0.00371495360273318,12.9905617291552,NaN,NaN,NaN,NaN,0.00326083842855489,19.0752614951634,NaN,NaN,NaN,NaN
0.00371882661947427,13.0695533786036,NaN,NaN,NaN,NaN,0.00326908857645697,19.051194355259,NaN,NaN,NaN,NaN
0.00372154959726492,12.9720257825337,NaN,NaN,NaN,NaN,0.00327873375976076,19.0740638412819,NaN,NaN,NaN,NaN
0.00372624634758046,13.021873220525,NaN,NaN,NaN,NaN,0.00328692945794446,19.0359100104856,NaN,NaN,NaN,NaN
0.00372848559799994,12.9545164421866,NaN,NaN,NaN,NaN,0.0032961458970025,19.0100749053276,NaN,NaN,NaN,NaN
0.00373499932868155,12.913965494347,NaN,NaN,NaN,NaN,0.00330313912822199,18.9779093439388,NaN,NaN,NaN,NaN
0.00374155131640365,12.8863041586196,NaN,NaN,NaN,NaN,0.00331434308362019,18.9447172220801,NaN,NaN,NaN,NaN
0.00375002186931806,12.8524831852456,NaN,NaN,NaN,NaN,0.00332442027215972,18.939356295182,NaN,NaN,NaN,NaN
0.00376045809179376,12.8345746091251,NaN,NaN,NaN,NaN,0.00332942198939522,18.8957274752132,NaN,NaN,NaN,NaN
0.00376246600108264,12.7848982721796,NaN,NaN,NaN,NaN,0.00333886780354515,18.8711470550738,NaN,NaN,NaN,NaN
0.00376622137897573,12.8490611643309,NaN,NaN,NaN,NaN,0.00334554600064758,18.8151424783295,NaN,NaN,NaN,NaN
0.00377008278722127,12.7349938005063,NaN,NaN,NaN,NaN,0.00335236794020919,18.7725402188305,NaN,NaN,NaN,NaN
0.00377279331990807,12.8183200097801,NaN,NaN,NaN,NaN,0.00335576752754041,18.7337020143877,NaN,NaN,NaN,NaN
0.00377688590546046,12.7186251337975,NaN,NaN,NaN,NaN,0.00336260607116637,18.7000536434313,NaN,NaN,NaN,NaN
0.00378556907895784,12.7093286436458,NaN,NaN,NaN,NaN,0.00336665527184526,18.6567099791485,NaN,NaN,NaN,NaN
0.0037918651892235,12.6764772428644,NaN,NaN,NaN,NaN,0.00337335522123971,18.613708501689,NaN,NaN,NaN,NaN
0.00379853532158089,12.6114018118025,NaN,NaN,NaN,NaN,0.00337790732536542,18.5788624768512,NaN,NaN,NaN,NaN
0.00380020126195507,12.687769911883,NaN,NaN,NaN,NaN,0.00338355534217372,18.5381992760175,NaN,NaN,NaN,NaN
0.00380445352488239,12.5883602043099,NaN,NaN,NaN,NaN,0.00338839076040738,18.501870441612,NaN,NaN,NaN,NaN
0.00380617884216085,12.6448235494031,NaN,NaN,NaN,NaN,0.00339370400722349,18.4569299054873,NaN,NaN,NaN,NaN
0.00381077561965323,12.6103752055281,NaN,NaN,NaN,NaN,0.00340080944285713,18.4338893260527,NaN,NaN,NaN,NaN
0.0038163391305839,12.5749572890605,NaN,NaN,NaN,NaN,0.00340487390625494,18.3816488043646,NaN,NaN,NaN,NaN
0.00382227283042687,12.5098248243167,NaN,NaN,NaN,NaN,0.00341317266298132,18.3297504694997,NaN,NaN,NaN,NaN
0.00382932733207682,12.4786274003107,NaN,NaN,NaN,NaN,0.00342500119205275,18.3212528300547,NaN,NaN,NaN,NaN
0.0038392200279884,12.4182287311657,NaN,NaN,NaN,NaN,0.00343549398132272,18.3229067330339,NaN,NaN,NaN,NaN
0.00384201345675945,12.4582663758681,NaN,NaN,NaN,NaN,0.00343845506504762,18.2788216639674,NaN,NaN,NaN,NaN
0.00384616781853229,12.3480773024136,NaN,NaN,NaN,NaN,0.00344819616864198,18.2860646183936,NaN,NaN,NaN,NaN
0.0038489425267557,12.4303198717311,NaN,NaN,NaN,NaN,0.00345456981884426,18.2469412582647,NaN,NaN,NaN,NaN
0.00385250806205441,12.3112905775802,NaN,NaN,NaN,NaN,0.0034628702456543,18.2086733651939,NaN,NaN,NaN,NaN
0.00385520639695974,12.3986091445878,NaN,NaN,NaN,NaN,0.00346664425669208,18.1560336255453,NaN,NaN,NaN,NaN
0.00385896615994126,12.2822033998049,NaN,NaN,NaN,NaN,0.00347538216570377,18.0893642261419,NaN,NaN,NaN,NaN
0.00386101563060191,12.3580581967482,NaN,NaN,NaN,NaN,0.00348589949274336,18.0565713222437,NaN,NaN,NaN,NaN
0.00386533625852491,12.2787813788902,NaN,NaN,NaN,NaN,0.00349525071915065,18.0538908587947,NaN,NaN,NaN,NaN
0.00387391480132969,12.1972232137557,NaN,NaN,NaN,NaN,0.00349856632633785,18.0176760866637,NaN,NaN,NaN,NaN
0.00387787977700024,12.2349795111816,NaN,NaN,NaN,NaN,0.00350571922021193,17.9815753768071,NaN,NaN,NaN,NaN
0.00387996166029104,12.1708166190303,NaN,NaN,NaN,NaN,0.0035116560192966,17.9276809521397,NaN,NaN,NaN,NaN
0.00388951576080175,12.1603794552403,NaN,NaN,NaN,NaN,0.00351834282517575,17.8429897133766,NaN,NaN,NaN,NaN
0.0038946712051201,12.1026043354632,NaN,NaN,NaN,NaN,0.00352245275678958,17.7798562444805,NaN,NaN,NaN,NaN
0.00389704633778006,12.1479461125835,NaN,NaN,NaN,NaN,0.00352565465384808,17.7187758965242,NaN,NaN,NaN,NaN
0.00389979329441625,12.1006081565963,NaN,NaN,NaN,NaN,0.00353369998202283,17.6821619064327,NaN,NaN,NaN,NaN
0.00390813454512062,12.0915398011722,NaN,NaN,NaN,NaN,0.00354212958123954,17.7040618631229,NaN,NaN,NaN,NaN
0.00391756565067072,12.07477189869,NaN,NaN,NaN,NaN,0.00354426212859942,17.6584939844888,NaN,NaN,NaN,NaN
0.00392480041513997,11.9754762584808,NaN,NaN,NaN,NaN,0.00355375273589391,17.6083065837403,NaN,NaN,NaN,NaN
0.00392984091576832,12.0179093178235,NaN,NaN,NaN,NaN,0.00356277478085916,17.5296036143847,NaN,NaN,NaN,NaN
0.00393558782445455,11.9083476148701,NaN,NaN,NaN,NaN,0.0035683689114363,17.5611418332642,NaN,NaN,NaN,NaN
0.00394094179804553,11.8174359259019,NaN,NaN,NaN,NaN,0.00357144848079191,17.4923052506467,NaN,NaN,NaN,NaN
0.00394362609333351,11.872017159492,NaN,NaN,NaN,NaN,0.00358092616172511,17.4677818616446,NaN,NaN,NaN,NaN
0.00394589944871135,11.7773412475176,NaN,NaN,NaN,NaN,0.00359043237807173,17.4276319410458,NaN,NaN,NaN,NaN
0.00394928911742175,11.8473215752239,NaN,NaN,NaN,NaN,0.00359325029162215,17.4680099861934,NaN,NaN,NaN,NaN
0.00395150696645165,11.7510487201561,NaN,NaN,NaN,NaN,0.00359588008349885,17.4100663507838,NaN,NaN,NaN,NaN
0.00395481010709904,11.8157819491265,NaN,NaN,NaN,NaN,0.00360551279835879,17.4059601089044,NaN,NaN,NaN,NaN
0.00395670242057646,11.7369614007237,NaN,NaN,NaN,NaN,0.00361461571804969,17.3878812384075,NaN,NaN,NaN,NaN
0.00396681292935987,11.7246421254307,NaN,NaN,NaN,NaN,0.00362337675588875,17.3983749676549,NaN,NaN,NaN,NaN
0.00397921372949714,11.7143760626865,NaN,NaN,NaN,NaN,0.00363239389617278,17.4177085231705,NaN,NaN,NaN,NaN
0.00398166520684305,11.6668099719716,NaN,NaN,NaN,NaN,0.00363465589189269,17.3586242650166,NaN,NaN,NaN,NaN
0.0039854069013984,11.7219615423808,NaN,NaN,NaN,NaN,0.00364144016776435,17.3319336928004,NaN,NaN,NaN,NaN
0.00398959995124519,11.6104036605604,NaN,NaN,NaN,NaN,0.00364679805215338,17.2750736489979,NaN,NaN,NaN,NaN
0.00399215573163621,11.6992051032978,NaN,NaN,NaN,NaN,0.00365043405004183,17.3225235551601,NaN,NaN,NaN,NaN
0.00399862602730453,11.6661255677887,NaN,NaN,NaN,NaN,0.00365283729629164,17.2737619328419,NaN,NaN,NaN,NaN
0.00400236668165316,11.7379309733162,NaN,NaN,NaN,NaN,0.00366247459589202,17.1874167910997,NaN,NaN,NaN,NaN
0.00400664108159016,11.6519812146745,NaN,NaN,NaN,NaN,0.00366662028914619,17.2263120266797,NaN,NaN,NaN,NaN
0.00401021238654536,11.7238436538839,NaN,NaN,NaN,NaN,0.00367194813240725,17.1693379206028,NaN,NaN,NaN,NaN
0.0040137863381391,11.628255202999,NaN,NaN,NaN,NaN,0.003681550242652,17.0788295058439,NaN,NaN,NaN,NaN
0.00401560891002185,11.7168855446906,NaN,NaN,NaN,NaN,0.00369218258597577,17.0424436403012,NaN,NaN,NaN,NaN
0.00402065699668396,11.6415440508845,NaN,NaN,NaN,NaN,0.00369467436470315,17.0845896507025,NaN,NaN,NaN,NaN
0.00402382481257115,11.5662595907603,NaN,NaN,NaN,NaN,0.00369698448493746,17.0155819746733,NaN,NaN,NaN,NaN
0.00402597431649274,11.644509802344,NaN,NaN,NaN,NaN,0.0037052306967781,17.0537358054696,NaN,NaN,NaN,NaN
0.00403073427132072,11.5212029820496,NaN,NaN,NaN,NaN,0.00370762047957184,16.9790820468563,NaN,NaN,NaN,NaN
0.00403390545197697,11.4766596764762,NaN,NaN,NaN,NaN,0.00371359502152379,17.0134718225964,NaN,NaN,NaN,NaN
0.00403563085832533,11.5390545244882,NaN,NaN,NaN,NaN,0.0037174586628381,16.9675047260018,NaN,NaN,NaN,NaN
0.00404041161968568,11.4909751306362,NaN,NaN,NaN,NaN,0.0037202005651397,17.0134147914592,NaN,NaN,NaN,NaN
0.00404423098940429,11.3914513556993,NaN,NaN,NaN,NaN,0.00372217759426296,16.9653375427877,NaN,NaN,NaN,NaN
0.00404607390815383,11.4817356741664,NaN,NaN,NaN,NaN,0.00373091936294179,16.9543305333053,NaN,NaN,NaN,NaN
0.00405093478694179,11.4201392977011,NaN,NaN,NaN,NaN,0.00374253910983201,16.9607750518105,NaN,NaN,NaN,NaN
0.00405308747192134,11.3665276367036,NaN,NaN,NaN,NaN,0.00375041813900492,16.9314610472824,NaN,NaN,NaN,NaN
0.00405636138099654,11.4394166821875,NaN,NaN,NaN,NaN,0.0037592563210817,16.8984970499726,NaN,NaN,NaN,NaN
0.00406081901486536,11.3113760662945,NaN,NaN,NaN,NaN,0.00376537685387565,16.8472830887543,NaN,NaN,NaN,NaN
0.00406224362318774,11.363048582107,NaN,NaN,NaN,NaN,0.00377197704970483,16.7989777155339,NaN,NaN,NaN,NaN
0.00407033846168221,11.2487530835548,NaN,NaN,NaN,NaN,0.00377528126263773,16.8388995115838,NaN,NaN,NaN,NaN
0.00407728645899805,11.2782965307853,NaN,NaN,NaN,NaN,0.00377727954214815,16.7985784975734,NaN,NaN,NaN,NaN
0.00408170579844946,11.1563585188569,NaN,NaN,NaN,NaN,0.00378771136573422,16.729513790407,NaN,NaN,NaN,NaN
0.00409123366156134,11.1171763793832,NaN,NaN,NaN,NaN,0.00379762357022488,16.7145716324569,NaN,NaN,NaN,NaN
0.00409825370197332,11.0895720773377,NaN,NaN,NaN,NaN,0.00380593958849209,16.6631865778269,NaN,NaN,NaN,NaN
0.00410313226110219,11.0024246113757,NaN,NaN,NaN,NaN,0.00381555486864458,16.649099886935,NaN,NaN,NaN,NaN
0.00410942554101822,10.9744210735568,NaN,NaN,NaN,NaN,0.00381984445992957,16.687709966829,NaN,NaN,NaN,NaN
0.00411194436621392,10.9007335565262,NaN,NaN,NaN,NaN,0.0038232621394447,16.650411603091,NaN,NaN,NaN,NaN
0.00411470046602045,10.9682044022284,NaN,NaN,NaN,NaN,0.0038249471253016,16.692500582355,NaN,NaN,NaN,NaN
0.00411911226555983,10.8382246411504,NaN,NaN,NaN,NaN,0.00382857856205902,16.6348421026315,NaN,NaN,NaN,NaN
0.00413058663233584,10.8275023089508,NaN,NaN,NaN,NaN,0.00383705876012444,16.6267436811471,NaN,NaN,NaN,NaN
0.00413754396845139,10.7700693912652,NaN,NaN,NaN,NaN,0.00384564883504387,16.6225804081304,NaN,NaN,NaN,NaN
0.00414717800824989,10.7342522390243,NaN,NaN,NaN,NaN,0.00384960127599162,16.58225939412,NaN,NaN,NaN,NaN
0.00415767312490343,10.6857736093989,NaN,NaN,NaN,NaN,0.00385874536390892,16.5734195678518,NaN,NaN,NaN,NaN
0.00416411675213947,10.6382075186841,NaN,NaN,NaN,NaN,0.00386539287120438,16.5373188579952,NaN,NaN,NaN,NaN
0.0041676571705712,10.5865350028716,NaN,NaN,NaN,NaN,0.00387180768083559,16.4958572212405,NaN,NaN,NaN,NaN
0.00417691826586162,10.5472958297159,NaN,NaN,NaN,NaN,0.00387890032808461,16.461638538912,NaN,NaN,NaN,NaN
0.0041816757895678,10.584310689277,NaN,NaN,NaN,NaN,0.00388735691301279,16.3942847658621,NaN,NaN,NaN,NaN
0.00418674669716669,10.4820492976083,NaN,NaN,NaN,NaN,0.003889865304602,16.4569619856605,NaN,NaN,NaN,NaN
0.00419160065078716,10.5607557786472,NaN,NaN,NaN,NaN,0.0038940611887893,16.3658832595294,NaN,NaN,NaN,NaN
0.00419612820996174,10.4278672997916,NaN,NaN,NaN,NaN,0.0038963526561355,16.4311268805024,NaN,NaN,NaN,NaN
0.00419693067416471,10.5074863197412,NaN,NaN,NaN,NaN,0.00390085360672276,16.3515684440887,NaN,NaN,NaN,NaN
0.00420524169921187,10.3974113136505,NaN,NaN,NaN,NaN,0.00390268033621693,16.3976496029577,NaN,NaN,NaN,NaN
0.00420660589042324,10.4856424195688,NaN,NaN,NaN,NaN,0.00390945445360993,16.3260184946167,NaN,NaN,NaN,NaN
0.00421150232234889,10.4287228050203,NaN,NaN,NaN,NaN,0.00391763866956452,16.2482280234566,NaN,NaN,NaN,NaN
0.00421549107883783,10.3101497803247,NaN,NaN,NaN,NaN,0.00392008714326691,16.3085669666292,NaN,NaN,NaN,NaN
0.00421727343971347,10.4061374669831,NaN,NaN,NaN,NaN,0.00392493113508735,16.1972421867871,NaN,NaN,NaN,NaN
0.00422291465443952,10.3038760753144,NaN,NaN,NaN,NaN,0.00392672865409665,16.2442358438516,NaN,NaN,NaN,NaN
0.00422582532283075,10.2032686604212,NaN,NaN,NaN,NaN,0.00393199921817433,16.1627383487725,NaN,NaN,NaN,NaN
0.00422807229687337,10.3065566583643,NaN,NaN,NaN,NaN,0.00394218105616286,16.0530674719097,NaN,NaN,NaN,NaN
0.0042335324328349,10.1750940215565,NaN,NaN,NaN,NaN,0.00394584660207191,16.1069618965771,NaN,NaN,NaN,NaN
0.00423565379151273,10.1190299122368,NaN,NaN,NaN,NaN,0.0039501767365137,15.9874816641134,NaN,NaN,NaN,NaN
0.00423778291119062,10.2146183631217,NaN,NaN,NaN,NaN,0.00395397937093972,16.0349886014128,NaN,NaN,NaN,NaN
0.00424270032221718,10.0940491595592,NaN,NaN,NaN,NaN,0.00395781525469881,15.9362106717578,NaN,NaN,NaN,NaN
0.00424754786520225,10.153991559249,NaN,NaN,NaN,NaN,0.003966017269289,15.9104896288742,NaN,NaN,NaN,NaN
0.00425067459369934,10.0706653499752,NaN,NaN,NaN,NaN,0.00396851710210335,15.8492381875062,NaN,NaN,NaN,NaN
0.00425262489316598,10.115607891322,NaN,NaN,NaN,NaN,0.0039757159573008,15.7959140742109,NaN,NaN,NaN,NaN
0.0042591761826449,10.084410467316,NaN,NaN,NaN,NaN,0.00398283431929574,15.74720948303,NaN,NaN,NaN,NaN
0.0042689330392642,10.0430610479296,NaN,NaN,NaN,NaN,0.00398876481956888,15.7040369121589,NaN,NaN,NaN,NaN
0.00427555516780879,10.0034226390006,NaN,NaN,NaN,NaN,0.00399513000776862,15.6683354202628,NaN,NaN,NaN,NaN
0.00427812536158635,9.93503925438782,NaN,NaN,NaN,NaN,0.00400206414294691,15.6232808218636,NaN,NaN,NaN,NaN
0.00428136680076712,9.97228224867653,NaN,NaN,NaN,NaN,0.00400947112284909,15.5634551589259,NaN,NaN,NaN,NaN
0.00428551965392285,9.91199764689527,NaN,NaN,NaN,NaN,0.00401101239263925,15.6268737835081,NaN,NaN,NaN,NaN
0.00429392658878094,9.85194117984166,NaN,NaN,NaN,NaN,0.00401495117936936,15.5280388227159,NaN,NaN,NaN,NaN
0.00429875181661652,9.8865606247624,NaN,NaN,NaN,NaN,0.00401720713741916,15.6049167956806,NaN,NaN,NaN,NaN
0.00430191757515111,9.78167568372576,NaN,NaN,NaN,NaN,0.0040211935643538,15.5140661940985,NaN,NaN,NaN,NaN
0.00430492659561764,9.87224517060243,NaN,NaN,NaN,NaN,0.00402359108407679,15.5738918570361,NaN,NaN,NaN,NaN
0.00430877854736142,9.75139079863035,NaN,NaN,NaN,NaN,0.00402635531696955,15.5201685257804,NaN,NaN,NaN,NaN
0.00431067640066254,9.82667525875453,NaN,NaN,NaN,NaN,0.00403573856573176,15.5038576205371,NaN,NaN,NaN,NaN
0.00431514334152544,9.7813905153162,NaN,NaN,NaN,NaN,0.00404177297278563,15.4711217477762,NaN,NaN,NaN,NaN
0.00431769850717191,9.7218473513998,NaN,NaN,NaN,NaN,0.00404791409849026,15.4361046295267,NaN,NaN,NaN,NaN
0.00432198915915783,9.7730065640751,NaN,NaN,NaN,NaN,0.0040569911566611,15.4577764616681,NaN,NaN,NaN,NaN
0.00432469422677477,9.66424333266842,NaN,NaN,NaN,NaN,0.0040651047003561,15.4221890320464,NaN,NaN,NaN,NaN
0.00432758709394955,9.75298774172389,NaN,NaN,NaN,NaN,0.00407313757768197,15.3817539557616,NaN,NaN,NaN,NaN
0.00433131278934964,9.64490891450016,NaN,NaN,NaN,NaN,0.0040798196080591,15.3466798063748,NaN,NaN,NaN,NaN
0.00433252217657223,9.71369153488635,NaN,NaN,NaN,NaN,0.00408615558577396,15.3118908126742,NaN,NaN,NaN,NaN
0.00433860593346465,9.67411015963924,NaN,NaN,NaN,NaN,0.0040936688088145,15.2792690021877,NaN,NaN,NaN,NaN
0.00434537070559345,9.63892037789937,NaN,NaN,NaN,NaN,0.00410214899808244,15.2595932598488,NaN,NaN,NaN,NaN
0.00435457045569688,9.59591698173753,NaN,NaN,NaN,NaN,0.00411227398239814,15.2485292192292,NaN,NaN,NaN,NaN
0.00436065381893275,9.55160181089171,NaN,NaN,NaN,NaN,0.00411783320837048,15.2137972566658,NaN,NaN,NaN,NaN
0.00436877459023941,9.46724899534348,NaN,NaN,NaN,NaN,0.0041269638416292,15.1906426149569,NaN,NaN,NaN,NaN
0.00437731867180622,9.38928395216942,NaN,NaN,NaN,NaN,0.00413498142984369,15.124372433514,NaN,NaN,NaN,NaN
0.00438104116308749,9.47597514867605,NaN,NaN,NaN,NaN,0.0041408523321708,15.0630639610087,NaN,NaN,NaN,NaN
0.00438386947855869,9.34742122964582,NaN,NaN,NaN,NaN,0.00414966910828876,15.0360312019692,NaN,NaN,NaN,NaN
0.00438619866475844,9.4478005098114,NaN,NaN,NaN,NaN,0.00416063152249702,14.9356564004723,NaN,NaN,NaN,NaN
0.00439029512086719,9.32660393574784,NaN,NaN,NaN,NaN,0.00416316563762961,14.9954250322727,NaN,NaN,NaN,NaN
0.00439099140838354,9.40285796846454,NaN,NaN,NaN,NaN,0.00416584935972488,14.9231665814224,NaN,NaN,NaN,NaN
0.00439678948445097,9.3496455432404,NaN,NaN,NaN,NaN,0.00417531394113018,14.9148400353891,NaN,NaN,NaN,NaN
0.00440443204832283,9.25491259758414,NaN,NaN,NaN,NaN,0.00418052874053651,14.8361370660335,NaN,NaN,NaN,NaN
0.00440695245371596,9.35090028424247,NaN,NaN,NaN,NaN,0.00418335548001765,14.9151822222124,NaN,NaN,NaN,NaN
0.00441054727227984,9.24863889257379,NaN,NaN,NaN,NaN,0.0041859040948229,14.8355667546614,NaN,NaN,NaN,NaN
0.00441928233446245,9.23631961728074,NaN,NaN,NaN,NaN,0.00419205274910024,14.8792526057674,NaN,NaN,NaN,NaN
0.00442569128494379,9.19947585876542,NaN,NaN,NaN,NaN,0.00419602058194611,14.7816152988568,NaN,NaN,NaN,NaN
0.00442830647961601,9.24938033043865,NaN,NaN,NaN,NaN,0.004198763661224,14.8474862623391,NaN,NaN,NaN,NaN
0.00443241045257594,9.19913365667395,NaN,NaN,NaN,NaN,0.00420115013904035,14.7918809035553,NaN,NaN,NaN,NaN
0.00443997509713568,9.17837339645789,NaN,NaN,NaN,NaN,0.0042080268482611,14.7475677099399,NaN,NaN,NaN,NaN
0.00444233058117203,9.22559728508124,NaN,NaN,NaN,NaN,0.0042093256258365,14.8027738507632,NaN,NaN,NaN,NaN
0.00444785893262155,9.19023640229564,NaN,NaN,NaN,NaN,0.00421266641067483,14.7005170217382,NaN,NaN,NaN,NaN
0.00445754210550951,9.11825989572236,NaN,NaN,NaN,NaN,0.0042160839962007,14.7579473769129,NaN,NaN,NaN,NaN
0.00445889569662642,9.16651039062013,NaN,NaN,NaN,NaN,0.00422172218326858,14.6681233358006,NaN,NaN,NaN,NaN
0.00446384681021,9.12071234404459,NaN,NaN,NaN,NaN,0.00422417864346113,14.75452550868,NaN,NaN,NaN,NaN
0.00446602215230259,9.07223371441917,NaN,NaN,NaN,NaN,0.00422680260324123,14.6662413082725,NaN,NaN,NaN,NaN
0.00446773559070228,9.17540764499845,NaN,NaN,NaN,NaN,0.00423368453986699,14.7301732130896,NaN,NaN,NaN,NaN
0.00447223475731074,9.08506629284943,NaN,NaN,NaN,NaN,0.004236446920712,14.6417749504076,NaN,NaN,NaN,NaN
0.00447434792952634,9.04234806509715,NaN,NaN,NaN,NaN,0.00424453414496949,14.6985779630729,NaN,NaN,NaN,NaN
0.00447720572628988,9.13708101075341,NaN,NaN,NaN,NaN,0.00424662583524625,14.6163960943473,NaN,NaN,NaN,NaN
0.00448108225173641,9.02010492915137,NaN,NaN,NaN,NaN,0.00425154074287274,14.5649540085801,NaN,NaN,NaN,NaN
0.00448317503096353,9.10154902692207,NaN,NaN,NaN,NaN,0.00425436148588816,14.6157687518379,NaN,NaN,NaN,NaN
0.00449070407069259,9.05118828579355,NaN,NaN,NaN,NaN,0.00425942775853581,14.5617032337589,NaN,NaN,NaN,NaN
0.0044999245843802,8.95166451085666,NaN,NaN,NaN,NaN,0.0042660354389503,14.5342142256217,NaN,NaN,NaN,NaN
0.00450233711201373,9.0384127410452,NaN,NaN,NaN,NaN,0.00427368356972181,14.4647503004948,NaN,NaN,NaN,NaN
0.0045059134255467,8.97122706375256,NaN,NaN,NaN,NaN,0.00427926646161629,14.5587376146238,NaN,NaN,NaN,NaN
0.004513731281037,8.92845180231837,NaN,NaN,NaN,NaN,0.00428188012494105,14.4623549927318,NaN,NaN,NaN,NaN
0.00451893726924722,8.88550543983844,NaN,NaN,NaN,NaN,0.00428822860628969,14.5008510103514,NaN,NaN,NaN,NaN
0.00452495715518965,8.84580999722751,NaN,NaN,NaN,NaN,0.00429490649224885,14.4722213794699,NaN,NaN,NaN,NaN
0.00453010496178127,8.88088571160355,NaN,NaN,NaN,NaN,0.00430098057061205,14.444561277921,NaN,NaN,NaN,NaN
0.00453167326263939,8.81352893326517,NaN,NaN,NaN,NaN,0.00431255394826331,14.3682536163284,NaN,NaN,NaN,NaN
0.00453627067793717,8.86451704489473,NaN,NaN,NaN,NaN,0.00431426567027077,14.4295050576964,NaN,NaN,NaN,NaN
0.00453825949608273,8.78940368581628,NaN,NaN,NaN,NaN,0.0043181248208339,14.3710481420519,NaN,NaN,NaN,NaN
0.00454157623099794,8.85721673360996,NaN,NaN,NaN,NaN,0.00432822402002383,14.2818514434489,NaN,NaN,NaN,NaN
0.00454464326368804,8.75107705157124,NaN,NaN,NaN,NaN,0.00433114319285406,14.3432739782286,NaN,NaN,NaN,NaN
0.00454765593919419,8.82727405060602,NaN,NaN,NaN,NaN,0.00433346510646077,14.2865279967005,NaN,NaN,NaN,NaN
0.00455152746480774,8.7425219992844,NaN,NaN,NaN,NaN,0.00434268968758059,14.2730686483179,NaN,NaN,NaN,NaN
0.00455370197346554,8.81039208075999,NaN,NaN,NaN,NaN,0.00434960790256347,14.2453515156319,NaN,NaN,NaN,NaN
0.00455756701368985,8.74486038024281,NaN,NaN,NaN,NaN,0.00435185686913533,14.2950826672826,NaN,NaN,NaN,NaN
0.00456627828948278,8.73813040577716,NaN,NaN,NaN,NaN,0.00435486409614769,14.2548186844094,NaN,NaN,NaN,NaN
0.00457332233180116,8.69780759266519,NaN,NaN,NaN,NaN,0.00436433031244673,14.2138132967524,NaN,NaN,NaN,NaN
0.00458287002167646,8.66860634752612,NaN,NaN,NaN,NaN,0.00436478048904374,14.2913186122265,NaN,NaN,NaN,NaN
0.00459158525709565,8.64630617789842,NaN,NaN,NaN,NaN,0.00436990766579293,14.2269304583117,NaN,NaN,NaN,NaN
0.00459660659182684,8.70128664726184,NaN,NaN,NaN,NaN,0.00437836032345715,14.2333749768169,NaN,NaN,NaN,NaN
0.00459800846271106,8.63507054256171,NaN,NaN,NaN,NaN,0.00438726607237515,14.2214554691391,NaN,NaN,NaN,NaN
0.00460156404129199,8.71223711418899,NaN,NaN,NaN,NaN,0.00439597099041217,14.2042320657004,NaN,NaN,NaN,NaN
0.00460397389682836,8.62104025681129,NaN,NaN,NaN,NaN,0.00440715190495783,14.2096500237358,NaN,NaN,NaN,NaN
0.0046070925335044,8.70773145331793,NaN,NaN,NaN,NaN,0.00441784898565784,14.183871949715,NaN,NaN,NaN,NaN
0.00461052512586951,8.67174320003129,NaN,NaN,NaN,NaN,0.0044239152506975,14.1396157872368,NaN,NaN,NaN,NaN
0.00461759073897249,8.77902355570825,NaN,NaN,NaN,NaN,0.00443151542132373,14.0779651279082,NaN,NaN,NaN,NaN
0.00462137430265976,8.70094444517037,NaN,NaN,NaN,NaN,0.00443278796465342,14.1192556712513,NaN,NaN,NaN,NaN
0.00462526082459877,8.77708441052323,NaN,NaN,NaN,NaN,0.00443843213059206,14.034507401351,NaN,NaN,NaN,NaN
0.00463170907232732,8.7364764290017,NaN,NaN,NaN,NaN,0.00444510934147976,13.9911637370683,NaN,NaN,NaN,NaN
0.00463943754634413,8.75621008294335,NaN,NaN,NaN,NaN,0.0044514512892679,13.9498731937252,NaN,NaN,NaN,NaN
0.00464222270832783,8.69683802007268,NaN,NaN,NaN,NaN,0.00445893229919196,13.8982600145464,NaN,NaN,NaN,NaN
0.0046490058216638,8.65862545319147,NaN,NaN,NaN,NaN,0.0044661022638453,13.8300507744382,NaN,NaN,NaN,NaN
0.00465550060196498,8.62349270513352,NaN,NaN,NaN,NaN,0.00447303541280886,13.7976570885006,NaN,NaN,NaN,NaN
0.00465904806326624,8.52528070488061,NaN,NaN,NaN,NaN,0.00447913384697759,13.7145056904423,NaN,NaN,NaN,NaN
0.004660257324042,8.6071240384247,NaN,NaN,NaN,NaN,0.00448023578251834,13.7716508899309,NaN,NaN,NaN,NaN
0.00466495888173465,8.5689685052254,NaN,NaN,NaN,NaN,0.0044848522249022,13.6590143939329,NaN,NaN,NaN,NaN
0.00466887047759244,8.44600388702257,NaN,NaN,NaN,NaN,0.00448873070620792,13.7030994629994,NaN,NaN,NaN,NaN
0.0046702186378429,8.54073683267883,NaN,NaN,NaN,NaN,0.00449115603348799,13.6631206358123,NaN,NaN,NaN,NaN
0.00467563945349636,8.47594657002651,NaN,NaN,NaN,NaN,0.00449933957437112,13.5706161312509,NaN,NaN,NaN,NaN
0.00467902331517334,8.3740273804493,NaN,NaN,NaN,NaN,0.00450252979242448,13.6477792599017,NaN,NaN,NaN,NaN
0.0046815437579434,8.45102285103085,NaN,NaN,NaN,NaN,0.00450464670433978,13.5574419385544,NaN,NaN,NaN,NaN
0.00468567617516245,8.38315276955526,NaN,NaN,NaN,NaN,0.00451019297755839,13.5136420251739,NaN,NaN,NaN,NaN
0.00469542536542289,8.34682231417715,NaN,NaN,NaN,NaN,0.00451272942025113,13.5786004904609,NaN,NaN,NaN,NaN
0.00469945087033521,8.29104337326696,NaN,NaN,NaN,NaN,0.00451525697543078,13.5238505987353,NaN,NaN,NaN,NaN
0.00470732584417653,8.2498080212444,NaN,NaN,NaN,NaN,0.00452424632296966,13.4440640377726,NaN,NaN,NaN,NaN
0.00471014581493303,8.31739293431043,NaN,NaN,NaN,NaN,0.0045292409811304,13.502749077966,NaN,NaN,NaN,NaN
0.00471369114412785,8.22756488529862,NaN,NaN,NaN,NaN,0.00453279884578338,13.384238374835,NaN,NaN,NaN,NaN
0.00472231915324084,8.19648152865644,NaN,NaN,NaN,NaN,0.00453623669548168,13.4620858771323,NaN,NaN,NaN,NaN
0.00473223337698883,8.15193822308296,NaN,NaN,NaN,NaN,0.00454173730092523,13.3849797796188,NaN,NaN,NaN,NaN
0.00474167711135386,8.11691954238884,NaN,NaN,NaN,NaN,0.00455200370013995,13.3821282227581,NaN,NaN,NaN,NaN
0.00475050884202834,8.0762545271854,NaN,NaN,NaN,NaN,0.00456103441546428,13.3557798373651,NaN,NaN,NaN,NaN
0.00475924741848768,8.01870754213593,NaN,NaN,NaN,NaN,0.00456672808245268,13.3252681789555,NaN,NaN,NaN,NaN
0.00476165806690841,8.08771829724976,NaN,NaN,NaN,NaN,0.00457390886306117,13.2935588666644,NaN,NaN,NaN,NaN
0.0047706341422401,8.05737637847244,NaN,NaN,NaN,NaN,0.00457702570856914,13.3540689032487,NaN,NaN,NaN,NaN
0.00477981372361656,8.02458201137289,NaN,NaN,NaN,NaN,0.0045785295466353,13.3018283815605,NaN,NaN,NaN,NaN
0.00478965585257542,8.01226273607984,NaN,NaN,NaN,NaN,0.00458705656305964,13.3122650796707,NaN,NaN,NaN,NaN
0.00479793148513512,8.12302214635345,NaN,NaN,NaN,NaN,0.00459752891499058,13.2840346667497,NaN,NaN,NaN,NaN
0.00480248655174805,8.03901153289669,NaN,NaN,NaN,NaN,0.00460260007750751,13.3308572304025,NaN,NaN,NaN,NaN
0.0048067260649849,8.12165333798755,NaN,NaN,NaN,NaN,0.00460506954045565,13.2737120309139,NaN,NaN,NaN,NaN
0.00481106528700871,8.01323230867235,NaN,NaN,NaN,NaN,0.00460827318677515,13.330458012442,NaN,NaN,NaN,NaN
0.00481256134357002,8.05406842492153,NaN,NaN,NaN,NaN,0.00461197895590025,13.24205974976,NaN,NaN,NaN,NaN
0.00482022215957913,7.95038119120504,NaN,NaN,NaN,NaN,0.00461363428215231,13.3492782877227,NaN,NaN,NaN,NaN
0.0048215978503288,8.03108385111089,NaN,NaN,NaN,NaN,0.0046178323031382,13.2307675845916,NaN,NaN,NaN,NaN
0.00482702228364497,7.97091331669345,NaN,NaN,NaN,NaN,0.00461959833688736,13.3429478314919,NaN,NaN,NaN,NaN
0.00483142310374941,7.84013508406865,NaN,NaN,NaN,NaN,0.00462347221307463,13.2240379104004,NaN,NaN,NaN,NaN
0.00483360493680252,7.9231761249329,NaN,NaN,NaN,NaN,0.00462585796581767,13.3063338414004,NaN,NaN,NaN,NaN
0.0048378072419504,7.86945039657155,NaN,NaN,NaN,NaN,0.00462950930281935,13.2270035295355,NaN,NaN,NaN,NaN
0.00484026203237238,7.82770174141177,NaN,NaN,NaN,NaN,0.00463373990964737,13.1811504952153,NaN,NaN,NaN,NaN
0.00484293260694571,7.89226386933645,NaN,NaN,NaN,NaN,0.00463564383616414,13.253237852654,NaN,NaN,NaN,NaN
0.00484688940489882,7.83654196210817,NaN,NaN,NaN,NaN,0.00463943306593343,13.1338146513275,NaN,NaN,NaN,NaN
0.00485263893398922,7.88000162772532,NaN,NaN,NaN,NaN,0.00464196968179278,13.208240285392,NaN,NaN,NaN,NaN
0.00485729872910943,7.7673601059486,NaN,NaN,NaN,NaN,0.00464453674391264,13.1606763169554,NaN,NaN,NaN,NaN
0.00485830486318092,7.8124737483412,NaN,NaN,NaN,NaN,0.0046526215878251,13.1428255710074,NaN,NaN,NaN,NaN
0.00486163623257068,7.86671277983976,NaN,NaN,NaN,NaN,0.00465667542602933,13.0867069319886,NaN,NaN,NaN,NaN
0.00486544578950791,7.73667598507981,NaN,NaN,NaN,NaN,0.00465964788039911,13.1538325804897,NaN,NaN,NaN,NaN
0.00486662930992736,7.84435557653015,NaN,NaN,NaN,NaN,0.00466158639759437,13.0974858169221,NaN,NaN,NaN,NaN
0.00487437468571679,7.72224646355601,NaN,NaN,NaN,NaN,0.00467082276328912,13.0847108421861,NaN,NaN,NaN,NaN
0.00487569631829785,7.83334807592109,NaN,NaN,NaN,NaN,0.00468097792670945,13.0369187492006,NaN,NaN,NaN,NaN
0.00488045997985844,7.72059248678055,NaN,NaN,NaN,NaN,0.00468345626837321,13.0879045858701,NaN,NaN,NaN,NaN
0.00488246366231135,7.6686918362404,NaN,NaN,NaN,NaN,0.00468514814893574,13.0297898570489,NaN,NaN,NaN,NaN
0.00488570760419426,7.76519282603594,NaN,NaN,NaN,NaN,0.00468984347602083,12.9799446431237,NaN,NaN,NaN,NaN
0.00488980427581974,7.63686704173336,NaN,NaN,NaN,NaN,0.00469240782304295,13.0724491476851,NaN,NaN,NaN,NaN
0.00489270610245376,7.67781722534636,NaN,NaN,NaN,NaN,0.00469523144552523,12.981085265868,NaN,NaN,NaN,NaN
0.00489977459202807,7.65443341576233,NaN,NaN,NaN,NaN,0.00470093760734992,13.0122812979241,NaN,NaN,NaN,NaN
0.00490261107090065,7.57544176631385,NaN,NaN,NaN,NaN,0.00470613016135687,12.9269056855145,NaN,NaN,NaN,NaN
0.00490484980678805,7.66715192682877,NaN,NaN,NaN,NaN,0.00470854961533596,13.020778937369,NaN,NaN,NaN,NaN
0.00490964309357737,7.55097431677349,NaN,NaN,NaN,NaN,0.00470946722728777,12.9542236002401,NaN,NaN,NaN,NaN
0.00491073048866916,7.61576457942582,NaN,NaN,NaN,NaN,0.00471499606579894,12.9004432378471,NaN,NaN,NaN,NaN
0.00491577178535539,7.56084114374432,NaN,NaN,NaN,NaN,0.00471699295396209,12.9948868010738,NaN,NaN,NaN,NaN
0.00491907270482642,7.62802682103696,NaN,NaN,NaN,NaN,0.00471947286013973,12.9205752292837,NaN,NaN,NaN,NaN
0.00492094139573791,7.52274264422693,NaN,NaN,NaN,NaN,0.00473190796468973,12.840503512635,NaN,NaN,NaN,NaN
0.00492405166781191,7.61091671646328,NaN,NaN,NaN,NaN,0.00473406765611576,12.9140736796413,NaN,NaN,NaN,NaN
0.00492664916225588,7.49171632126666,NaN,NaN,NaN,NaN,0.00473684664102511,12.8346293055019,NaN,NaN,NaN,NaN
0.00492952961613246,7.59158229829502,NaN,NaN,NaN,NaN,0.00474218569056194,12.8909760690695,NaN,NaN,NaN,NaN
0.0049327758857512,7.47791417024389,NaN,NaN,NaN,NaN,0.00474695433740752,12.788320022084,NaN,NaN,NaN,NaN
0.0049351151750029,7.56369282783993,NaN,NaN,NaN,NaN,0.00474860982802871,12.8934284079698,NaN,NaN,NaN,NaN
0.00493921238104781,7.4709560610506,NaN,NaN,NaN,NaN,0.00475243025830731,12.7709255252337,NaN,NaN,NaN,NaN
0.00494030722698173,7.53785656993368,NaN,NaN,NaN,NaN,0.00475505967144391,12.8698175171631,NaN,NaN,NaN,NaN
0.0049476081352703,7.46114626776169,NaN,NaN,NaN,NaN,0.00475854502058703,12.7704122449988,NaN,NaN,NaN,NaN
0.00495205772901106,7.52804677664477,NaN,NaN,NaN,NaN,0.00476234516308377,12.8148395008886,NaN,NaN,NaN,NaN
0.00495477003195341,7.42852300170788,NaN,NaN,NaN,NaN,0.00476913208645635,12.7775411371505,NaN,NaN,NaN,NaN
0.00495814424149925,7.52160197058868,NaN,NaN,NaN,NaN,0.00477569411669074,12.7399005865892,NaN,NaN,NaN,NaN
0.00496093535445277,7.40742053940034,NaN,NaN,NaN,NaN,0.00477685814210682,12.8182613691215,NaN,NaN,NaN,NaN
0.00496418674717781,7.50603177542664,NaN,NaN,NaN,NaN,0.00478163390960954,12.6943327079551,NaN,NaN,NaN,NaN
0.004967045348744,7.39658413983701,NaN,NaN,NaN,NaN,0.00478356541171745,12.7981864088221,NaN,NaN,NaN,NaN
0.00497044373833606,7.48880760348913,NaN,NaN,NaN,NaN,0.00478745089931304,12.6704936925995,NaN,NaN,NaN,NaN
0.00497387033678316,7.37588091330286,NaN,NaN,NaN,NaN,0.00478979698954422,12.759291173242,NaN,NaN,NaN,NaN
0.00497599996224834,7.41922651155618,NaN,NaN,NaN,NaN,0.00479338742244436,12.6902834972129,NaN,NaN,NaN,NaN
0.00498545376228839,7.38859942436929,NaN,NaN,NaN,NaN,0.00479824198945653,12.7354521578865,NaN,NaN,NaN,NaN
0.00499382737950121,7.36532968214909,NaN,NaN,NaN,NaN,0.00480338705003311,12.616827392481,NaN,NaN,NaN,NaN
0.00500456574479625,7.34029189578961,NaN,NaN,NaN,NaN,0.00480377847692212,12.7003780084998,NaN,NaN,NaN,NaN
0.00501712632569443,7.38015843944628,NaN,NaN,NaN,NaN,0.00480899061123258,12.6091281889571,NaN,NaN,NaN,NaN
0.00501749664105356,7.33738317801209,NaN,NaN,NaN,NaN,0.00480986266977658,12.6597718388033,NaN,NaN,NaN,NaN
0.00502135980763635,7.40485402371429,NaN,NaN,NaN,NaN,0.00481391983935067,12.6193367625184,NaN,NaN,NaN,NaN
0.00502336617967599,7.31725028829706,NaN,NaN,NaN,NaN,0.00482255570242687,12.5884829172855,NaN,NaN,NaN,NaN
0.00502726185353012,7.40137496911764,NaN,NaN,NaN,NaN,0.00482906545493139,12.5556329822502,NaN,NaN,NaN,NaN
0.00503011440074053,7.29688926385438,NaN,NaN,NaN,NaN,0.00483758962429577,12.5324783405412,NaN,NaN,NaN,NaN
0.00503249930880494,7.39173627687447,NaN,NaN,NaN,NaN,0.00484841667285562,12.5215853933333,NaN,NaN,NaN,NaN
0.00503540940539983,7.27453206054478,NaN,NaN,NaN,NaN,0.00485426070105548,12.4779565733645,NaN,NaN,NaN,NaN
0.00503770316490871,7.35717386563564,NaN,NaN,NaN,NaN,0.00486480928138925,12.5115479131836,NaN,NaN,NaN,NaN
0.00504145595977455,7.24932317313956,NaN,NaN,NaN,NaN,0.00486941995325887,12.449612098169,NaN,NaN,NaN,NaN
0.00504277208116405,7.29415164712259,NaN,NaN,NaN,NaN,0.00487817664712091,12.4223512145806,NaN,NaN,NaN,NaN
0.00504872539225371,7.24612928695247,NaN,NaN,NaN,NaN,0.00488915566539351,12.3309303016263,NaN,NaN,NaN,NaN
0.00505164627265414,7.33150870877512,NaN,NaN,NaN,NaN,0.00489710852502926,12.2656296495161,NaN,NaN,NaN,NaN
0.00505389942192809,7.26603404193985,NaN,NaN,NaN,NaN,0.0049057284415176,12.2173813074329,NaN,NaN,NaN,NaN
0.0050627469449859,7.28890454838667,NaN,NaN,NaN,NaN,0.0049130073056077,12.1773454491085,NaN,NaN,NaN,NaN
0.00506436849363868,7.24458937754084,NaN,NaN,NaN,NaN,0.00492053346380701,12.1306369477301,NaN,NaN,NaN,NaN
0.00506706974796354,7.33299158450484,NaN,NaN,NaN,NaN,0.00492737886973171,12.1725548335825,NaN,NaN,NaN,NaN
0.00507122724467263,7.21675694076766,NaN,NaN,NaN,NaN,0.00493264166447326,12.1323478818466,NaN,NaN,NaN,NaN
0.00507609475518401,7.31753545670662,NaN,NaN,NaN,NaN,0.00493907222993075,12.0756589314557,NaN,NaN,NaN,NaN
0.00508018415410716,7.19896243201103,NaN,NaN,NaN,NaN,0.00494056056451455,12.1523087798715,NaN,NaN,NaN,NaN
0.005081848646302,7.24333463653877,NaN,NaN,NaN,NaN,0.00494422514781829,12.0315168312519,NaN,NaN,NaN,NaN
0.0050846125015373,7.31171802115157,NaN,NaN,NaN,NaN,0.004947681747177,12.1024635659463,NaN,NaN,NaN,NaN
0.00508886406622146,7.20877222529994,NaN,NaN,NaN,NaN,0.00494902940953006,12.0561542825284,NaN,NaN,NaN,NaN
0.00509395014828561,7.27926585614349,NaN,NaN,NaN,NaN,0.00495460421816209,11.9967278375512,NaN,NaN,NaN,NaN
0.00509747386057412,7.1676509406412,NaN,NaN,NaN,NaN,0.00495601221511501,12.06430973515,NaN,NaN,NaN,NaN
0.00509866530024609,7.24419014176745,NaN,NaN,NaN,NaN,0.0049605869961651,11.9487646511541,NaN,NaN,NaN,NaN
0.0051059227592053,7.13103531685353,NaN,NaN,NaN,NaN,0.00496257488523092,11.995073934572,NaN,NaN,NaN,NaN
0.00510744561064572,7.17329727515052,NaN,NaN,NaN,NaN,0.00496695086941186,11.9299443758734,NaN,NaN,NaN,NaN
0.00511563843936459,7.07571264539864,NaN,NaN,NaN,NaN,0.00496749812568077,11.9886294160668,NaN,NaN,NaN,NaN
0.00512024906958972,7.16896271532519,NaN,NaN,NaN,NaN,0.00497252222629233,11.9148311245117,NaN,NaN,NaN,NaN
0.00512431581139983,7.0452566592575,NaN,NaN,NaN,NaN,0.00497377257700753,12.0189129499275,NaN,NaN,NaN,NaN
0.00512556367117964,7.11979968151682,NaN,NaN,NaN,NaN,0.00497754275477061,11.9453427829213,NaN,NaN,NaN,NaN
0.00513344746371731,6.99991488213725,NaN,NaN,NaN,NaN,0.00498260279018911,11.9830403646198,NaN,NaN,NaN,NaN
0.00513443356982471,7.08609277550667,NaN,NaN,NaN,NaN,0.00498581778677551,11.9057631736946,NaN,NaN,NaN,NaN
0.00514259114999252,6.98263367651784,NaN,NaN,NaN,NaN,0.00498778628629939,11.9905684747321,NaN,NaN,NaN,NaN
0.00514375898141462,7.07662518430924,NaN,NaN,NaN,NaN,0.00499205517030644,11.8624765405491,NaN,NaN,NaN,NaN
0.00515147865422465,6.96136011316456,NaN,NaN,NaN,NaN,0.00499325739650723,11.9764817838402,NaN,NaN,NaN,NaN
0.00515246083808272,7.04411598561925,NaN,NaN,NaN,NaN,0.00499796598748933,11.9083295748693,NaN,NaN,NaN,NaN
0.00516028381985283,6.95605598074672,NaN,NaN,NaN,NaN,0.00500735616614711,11.8381242449586,NaN,NaN,NaN,NaN
0.00516882391873253,6.95656928388393,NaN,NaN,NaN,NaN,0.00501721888718298,11.7921001172268,NaN,NaN,NaN,NaN
0.0051791792507836,6.98662603425169,NaN,NaN,NaN,NaN,0.00502680410861254,11.7547447223515,NaN,NaN,NaN,NaN
0.00518258961706913,6.93124632911489,NaN,NaN,NaN,NaN,0.00503080947596916,11.6896151636529,NaN,NaN,NaN,NaN
0.00519398992077331,6.92907904920223,NaN,NaN,NaN,NaN,0.0050316506715396,11.7506955116093,NaN,NaN,NaN,NaN
0.00519740005722604,6.83691261923201,NaN,NaN,NaN,NaN,0.00503753017384593,11.6491230562308,NaN,NaN,NaN,NaN
0.00519863201249176,6.90489676807143,NaN,NaN,NaN,NaN,0.00504657711171147,11.5664849384075,NaN,NaN,NaN,NaN
0.00520767200489514,6.74885261435949,NaN,NaN,NaN,NaN,0.00504935191979596,11.6692550476674,NaN,NaN,NaN,NaN
0.005209240742358,6.81797743683715,NaN,NaN,NaN,NaN,0.00505397878781434,11.516297537659,NaN,NaN,NaN,NaN
0.00521831990556176,6.6712297732769,NaN,NaN,NaN,NaN,0.00505577768335898,11.6274512240894,NaN,NaN,NaN,NaN
0.00522073391875154,6.77098168294144,NaN,NaN,NaN,NaN,0.00506140952762793,11.490462432501,NaN,NaN,NaN,NaN
0.00522597388547329,6.71377689998345,NaN,NaN,NaN,NaN,0.00506230069976053,11.5762942940083,NaN,NaN,NaN,NaN
0.00522807022509884,6.62417698569929,NaN,NaN,NaN,NaN,0.00506856840917025,11.4710148147109,NaN,NaN,NaN,NaN
0.00523047356344032,6.7219327164969,NaN,NaN,NaN,NaN,0.00507610999445761,11.4132993038502,NaN,NaN,NaN,NaN
0.00523560904023236,6.62332148047061,NaN,NaN,NaN,NaN,0.00508264661229189,11.351192395424,NaN,NaN,NaN,NaN
0.00524047958229403,6.66820698813555,NaN,NaN,NaN,NaN,0.00509144231998678,11.3374478913553,NaN,NaN,NaN,NaN
0.00524418606010397,6.54775185193686,NaN,NaN,NaN,NaN,0.00509737198961684,11.2932487600143,NaN,NaN,NaN,NaN
0.0052456493565003,6.59805555938348,NaN,NaN,NaN,NaN,0.00510913461313322,11.2657597518771,NaN,NaN,NaN,NaN
0.00525182197476283,6.50429218631972,NaN,NaN,NaN,NaN,0.00511055554524491,11.319254958584,NaN,NaN,NaN,NaN
0.00525334039816662,6.5953749763336,NaN,NaN,NaN,NaN,0.00511468689161503,11.2617675722721,NaN,NaN,NaN,NaN
0.00525793024492023,6.55048946866865,NaN,NaN,NaN,NaN,0.00511663146685839,11.3146924676069,NaN,NaN,NaN,NaN
0.00526002067095288,6.49670670662539,NaN,NaN,NaN,NaN,0.00512108661169391,11.2386699617004,NaN,NaN,NaN,NaN
0.00526411073631357,6.55140200757925,NaN,NaN,NaN,NaN,0.00512443729665251,11.2781925397898,NaN,NaN,NaN,NaN
0.00526794880351896,6.47258145917651,NaN,NaN,NaN,NaN,0.00512705913722899,11.2404949580912,NaN,NaN,NaN,NaN
0.00527859515819155,6.46385530584393,NaN,NaN,NaN,NaN,0.00513593116731598,11.19384348785,NaN,NaN,NaN,NaN
0.00528463058362366,6.51381681119907,NaN,NaN,NaN,NaN,0.00514445199651303,11.1434279625527,NaN,NaN,NaN,NaN
0.0052879694356612,6.4004338515575,NaN,NaN,NaN,NaN,0.00515371007051238,11.0857694828292,NaN,NaN,NaN,NaN
0.00529109622142256,6.49277138257345,NaN,NaN,NaN,NaN,0.00516317812126421,11.0562843848894,NaN,NaN,NaN,NaN
0.0052950986755653,6.42712561469244,NaN,NaN,NaN,NaN,0.00517024720816088,11.0322742761223,NaN,NaN,NaN,NaN
0.00530404727209077,6.43573770066119,NaN,NaN,NaN,NaN,0.00517347948388307,10.9786650071409,NaN,NaN,NaN,NaN
0.00531262178051546,6.40773416284227,NaN,NaN,NaN,NaN,0.00518404760053294,10.9484955355546,NaN,NaN,NaN,NaN
0.0053225793128299,6.3687801580962,NaN,NaN,NaN,NaN,0.00518525641909357,11.0012493374778,NaN,NaN,NaN,NaN
0.00533215376020739,6.35999697108171,NaN,NaN,NaN,NaN,0.00518981693243695,10.8935175192802,NaN,NaN,NaN,NaN
0.00534092550480432,6.34163212550596,NaN,NaN,NaN,NaN,0.00519298956021124,10.9743876718499,NaN,NaN,NaN,NaN
0.00534677419077267,6.37208811164711,NaN,NaN,NaN,NaN,0.0051955882983528,10.894258924064,NaN,NaN,NaN,NaN
0.00534801185285935,6.30456023226299,NaN,NaN,NaN,NaN,0.00520141014273566,10.9249987070224,NaN,NaN,NaN,NaN
0.00535185685637479,6.38691686894429,NaN,NaN,NaN,NaN,0.00520530963088209,10.8747542751367,NaN,NaN,NaN,NaN
0.00535468531260888,6.2892181718286,NaN,NaN,NaN,NaN,0.00521405988795592,10.895057359985,NaN,NaN,NaN,NaN
0.00535704303213765,6.37790554720216,NaN,NaN,NaN,NaN,0.0052252143774943,10.8539379100535,NaN,NaN,NaN,NaN
0.00536098401464658,6.32155626947285,NaN,NaN,NaN,NaN,0.00522680943952635,10.9398838338353,NaN,NaN,NaN,NaN
0.00536950803087238,6.3036476933524,NaN,NaN,NaN,NaN,0.0052300146151698,10.8250231234859,NaN,NaN,NaN,NaN
0.00537987663828858,6.29406603479114,NaN,NaN,NaN,NaN,0.00523350092691824,10.9003042246087,NaN,NaN,NaN,NaN
0.00538276758887365,6.38406518484868,NaN,NaN,NaN,NaN,0.00524003687847855,10.8350606036356,NaN,NaN,NaN,NaN
0.00538708284636796,6.26937045052313,NaN,NaN,NaN,NaN,0.00524066644480781,10.877491769723,NaN,NaN,NaN,NaN
0.0053875793202561,6.31471222764337,NaN,NaN,NaN,NaN,0.00524555693504641,10.8004997344838,NaN,NaN,NaN,NaN
0.00539012943994787,6.41320939630585,NaN,NaN,NaN,NaN,0.00524652195523679,10.873499590118,NaN,NaN,NaN,NaN
0.00539361385498915,6.30535870380976,NaN,NaN,NaN,NaN,0.0052509525183153,10.7740372868165,NaN,NaN,NaN,NaN
0.00539910947490582,6.36729728236648,NaN,NaN,NaN,NaN,0.0052524757135165,10.8590707124028,NaN,NaN,NaN,NaN
0.0054028146969923,6.2706251915252,NaN,NaN,NaN,NaN,0.00525670696022605,10.781622428066,NaN,NaN,NaN,NaN
0.00541180906183817,6.21233676861087,NaN,NaN,NaN,NaN,0.00525838268862722,10.8724159985109,NaN,NaN,NaN,NaN
0.00542149900164115,6.18285035506223,NaN,NaN,NaN,NaN,0.00526205479170619,10.8187496983924,NaN,NaN,NaN,NaN
0.00543202873461162,6.20554976046331,NaN,NaN,NaN,NaN,0.0052646398520207,10.8674542895733,NaN,NaN,NaN,NaN
0.00543618799840275,6.16402924003119,NaN,NaN,NaN,NaN,0.00527521858506667,10.8295856144631,NaN,NaN,NaN,NaN
0.00543986290258861,6.21798310312018,NaN,NaN,NaN,NaN,0.00527798505153032,10.8757808356066,NaN,NaN,NaN,NaN
0.00544766582776251,6.0831554790796,NaN,NaN,NaN,NaN,0.00528327174415994,10.8327223270099,NaN,NaN,NaN,NaN
0.00545332155608757,6.13112080556781,NaN,NaN,NaN,NaN,0.00528860456248207,10.7703302628975,NaN,NaN,NaN,NaN
0.00545832833984283,6.05486677285112,NaN,NaN,NaN,NaN,0.00529471381260595,10.7236787926564,NaN,NaN,NaN,NaN
0.00546504491570295,5.98933507233394,NaN,NaN,NaN,NaN,0.00530594662335833,10.6590625141927,NaN,NaN,NaN,NaN
0.0054659396060451,6.04551324901751,NaN,NaN,NaN,NaN,0.00531275943464343,10.6167454103798,NaN,NaN,NaN,NaN
0.00547436795103755,5.90754877247176,NaN,NaN,NaN,NaN,0.00532273420452181,10.5935337375336,NaN,NaN,NaN,NaN
0.00547655026681712,6.0012551118536,NaN,NaN,NaN,NaN,0.00532705261597106,10.5544103774047,NaN,NaN,NaN,NaN
0.00548138614086886,5.95003886549639,NaN,NaN,NaN,NaN,0.00532893628711287,10.6176579085752,NaN,NaN,NaN,NaN
0.00548439244311652,5.98847956710526,NaN,NaN,NaN,NaN,0.0053311053211864,10.5362174446333,NaN,NaN,NaN,NaN
0.0054915165654856,5.95363198745686,NaN,NaN,NaN,NaN,0.00533720104025739,10.5931345195731,NaN,NaN,NaN,NaN
0.00549588703031249,5.99247192483911,NaN,NaN,NaN,NaN,0.00534028887205651,10.4766769373817,NaN,NaN,NaN,NaN
0.00549798166886506,5.89699754131799,NaN,NaN,NaN,NaN,0.00534326432905789,10.5637064527706,NaN,NaN,NaN,NaN
0.00550034531630278,5.99378369952309,NaN,NaN,NaN,NaN,0.00534842602009127,10.4887675384711,NaN,NaN,NaN,NaN
0.00550422642486491,5.90275794319113,NaN,NaN,NaN,NaN,0.00534987818790219,10.5854923471864,NaN,NaN,NaN,NaN
0.00551182870297581,5.85336677465511,NaN,NaN,NaN,NaN,0.00535241087371454,10.511637024494,NaN,NaN,NaN,NaN
0.00551570010771381,5.9324154577855,NaN,NaN,NaN,NaN,0.00535867603239566,10.5443158661178,NaN,NaN,NaN,NaN
0.00551724944387543,5.82656094415635,NaN,NaN,NaN,NaN,0.00536483258518834,10.4982917383859,NaN,NaN,NaN,NaN
0.00552075178897777,5.92460184336352,NaN,NaN,NaN,NaN,0.00536784687405849,10.5777931436625,NaN,NaN,NaN,NaN
0.00552441622826077,5.81869029605246,NaN,NaN,NaN,NaN,0.0053695948568281,10.5242409058184,NaN,NaN,NaN,NaN
0.00552559620577136,5.88376572711435,NaN,NaN,NaN,NaN,0.00537551580609721,10.5803025136999,NaN,NaN,NaN,NaN
0.00553035753402484,5.83043923452639,NaN,NaN,NaN,NaN,0.00538026803084254,10.4897370678038,NaN,NaN,NaN,NaN
0.00553766616036525,5.77363368734178,NaN,NaN,NaN,NaN,0.0053812518182883,10.578990797544,NaN,NaN,NaN,NaN
0.00554068132425747,5.86517274681095,NaN,NaN,NaN,NaN,0.00538534332897997,10.518537792097,NaN,NaN,NaN,NaN
0.00554436137778399,5.81093371531239,NaN,NaN,NaN,NaN,0.00538631051236138,10.5988376332945,NaN,NaN,NaN,NaN
0.00555261509759553,5.79427988019401,NaN,NaN,NaN,NaN,0.00539007469365874,10.4970370533672,NaN,NaN,NaN,NaN
0.00556227825683546,5.80728355967001,NaN,NaN,NaN,NaN,0.00539210096547337,10.600035287176,NaN,NaN,NaN,NaN
0.005570653790638,5.78275907644774,NaN,NaN,NaN,NaN,0.00539506948099868,10.5073026580658,NaN,NaN,NaN,NaN
0.0055790816958522,5.76587710660171,NaN,NaN,NaN,NaN,0.00539871543780675,10.5554939690117,NaN,NaN,NaN,NaN
0.00558822001169874,5.71317798451478,NaN,NaN,NaN,NaN,0.00540094424299292,10.5016565754816,NaN,NaN,NaN,NaN
0.00558916859638574,5.77101013797381,NaN,NaN,NaN,NaN,0.00541182739375984,10.4953261192508,NaN,NaN,NaN,NaN
0.00559715785862208,5.75777832377017,NaN,NaN,NaN,NaN,0.00541685009422664,10.5447150840783,NaN,NaN,NaN,NaN
0.00560871846319053,5.79741673269919,NaN,NaN,NaN,NaN,0.0054206544399407,10.4416598191322,NaN,NaN,NaN,NaN
0.00561173151246587,5.68369157096614,NaN,NaN,NaN,NaN,0.00542206578585843,10.5480799211739,NaN,NaN,NaN,NaN
0.00561339580346004,5.77910892080535,NaN,NaN,NaN,NaN,0.00542642496641598,10.4297973425917,NaN,NaN,NaN,NaN
0.00561930793808969,5.71711330856673,NaN,NaN,NaN,NaN,0.00542768726607522,10.5324533895772,NaN,NaN,NaN,NaN
0.00562120456747299,5.64644857667744,NaN,NaN,NaN,NaN,0.00543215801996287,10.4664683638204,NaN,NaN,NaN,NaN
0.00562426465193475,5.7435199032921,NaN,NaN,NaN,NaN,0.00544074140575016,10.3962060027725,NaN,NaN,NaN,NaN
0.00562810519321014,5.63612548025132,NaN,NaN,NaN,NaN,0.00544811203691538,10.3354108105022,NaN,NaN,NaN,NaN
0.00563335569958857,5.70080167553982,NaN,NaN,NaN,NaN,0.00545007074188877,10.417364554679,NaN,NaN,NaN,NaN
0.00563646896026466,5.60133493428484,NaN,NaN,NaN,NaN,0.00545511174891047,10.3135678849492,NaN,NaN,NaN,NaN
0.00563795722402028,5.66025072770021,NaN,NaN,NaN,NaN,0.00545621370204619,10.3938677261468,NaN,NaN,NaN,NaN
0.00564876373879426,5.66247504129478,NaN,NaN,NaN,NaN,0.00546155844291991,10.2953179210407,NaN,NaN,NaN,NaN
0.00565952445661571,5.64376799362756,NaN,NaN,NaN,NaN,0.00547048157376046,10.2239149372485,NaN,NaN,NaN,NaN
0.0056679658813439,5.66795027475836,NaN,NaN,NaN,NaN,0.00547819427753909,10.1671689557204,NaN,NaN,NaN,NaN
0.00567093289508913,5.60333111315177,NaN,NaN,NaN,NaN,0.00548601701374336,10.1006706497287,NaN,NaN,NaN,NaN
0.00567229493987799,5.6560302352387,NaN,NaN,NaN,NaN,0.00548976697132141,10.0645699398721,NaN,NaN,NaN,NaN
0.00568155880508025,5.69384356634653,NaN,NaN,NaN,NaN,0.00549743005366857,10.0135841032026,NaN,NaN,NaN,NaN
0.00568464326521761,5.58827422112694,NaN,NaN,NaN,NaN,0.0055044692638064,9.9873497800841,NaN,NaN,NaN,NaN
0.00568631495536093,5.66087809820124,NaN,NaN,NaN,NaN,0.0055093270742136,9.93242879494684,NaN,NaN,NaN,NaN
0.00569156616872732,5.62226629554664,NaN,NaN,NaN,NaN,0.00551066800623013,9.98421306753731,NaN,NaN,NaN,NaN
0.00569416898747826,5.66430011911598,NaN,NaN,NaN,NaN,0.00551592098002874,9.90642259637718,NaN,NaN,NaN,NaN
0.00569754637808207,5.62551721541564,NaN,NaN,NaN,NaN,0.0055167429328314,9.98073416816725,NaN,NaN,NaN,NaN
0.00570145442785748,5.71751254434011,NaN,NaN,NaN,NaN,0.00552183024750968,9.87864843255387,NaN,NaN,NaN,NaN
0.00570590039836426,5.6290533036942,NaN,NaN,NaN,NaN,0.00552260756273942,9.96487951202171,NaN,NaN,NaN,NaN
0.00570963259904094,5.69641008203258,NaN,NaN,NaN,NaN,0.00552765190113097,9.8767664050258,NaN,NaN,NaN,NaN
0.00571279303883984,5.58103094352408,NaN,NaN,NaN,NaN,0.0055283563281252,9.92843661534185,NaN,NaN,NaN,NaN
0.00571446660819596,5.67137229567309,NaN,NaN,NaN,NaN,0.00553554935122605,9.84477193704865,NaN,NaN,NaN,NaN
0.00572207566196666,5.55764713394005,NaN,NaN,NaN,NaN,0.00553621696276839,9.93653503682626,NaN,NaN,NaN,NaN
0.00572503841707028,5.66053589610977,NaN,NaN,NaN,NaN,0.00554407209405322,9.91007258915888,NaN,NaN,NaN,NaN
0.00572968056922651,5.55445324775297,NaN,NaN,NaN,NaN,0.00554571744379071,9.9933950806288,NaN,NaN,NaN,NaN
0.0057323142402975,5.48145013490528,NaN,NaN,NaN,NaN,0.00555129203526873,9.86661486260168,NaN,NaN,NaN,NaN
0.00573460629873341,5.55821747075917,NaN,NaN,NaN,NaN,0.00555600071422565,9.91423586217552,NaN,NaN,NaN,NaN
0.0057385728577749,5.5080848643583,NaN,NaN,NaN,NaN,0.00556051989497351,9.79937515182616,NaN,NaN,NaN,NaN
0.00574486149413757,5.53603136849531,NaN,NaN,NaN,NaN,0.00556127962872165,9.9008905760674,NaN,NaN,NaN,NaN
0.00574821298930611,5.44831356571425,NaN,NaN,NaN,NaN,0.0055667314521743,9.8421485047368,NaN,NaN,NaN,NaN
0.00575695434999337,5.51173502000068,NaN,NaN,NaN,NaN,0.00557208479302725,9.70333471675749,NaN,NaN,NaN,NaN
0.00576098465353801,5.47477719412154,NaN,NaN,NaN,NaN,0.00557331173016426,9.79236032194882,NaN,NaN,NaN,NaN
0.00576675082276259,5.50933960536037,NaN,NaN,NaN,NaN,0.00557783760004426,9.7435986996307,NaN,NaN,NaN,NaN
0.00576937007487576,5.44278129856876,NaN,NaN,NaN,NaN,0.0055831607441976,9.61835832230836,NaN,NaN,NaN,NaN
0.00577123907594517,5.48703943573268,NaN,NaN,NaN,NaN,0.00558372925085368,9.68479959716288,NaN,NaN,NaN,NaN
0.00577991597957003,5.48983408614638,NaN,NaN,NaN,NaN,0.00559282295429324,9.55123267380728,NaN,NaN,NaN,NaN
0.00578998653023996,5.4587507295042,NaN,NaN,NaN,NaN,0.00559354268799381,9.6518926309903,NaN,NaN,NaN,NaN
0.0057994448243257,5.44814246466852,NaN,NaN,NaN,NaN,0.00559976209092504,9.53549207993616,NaN,NaN,NaN,NaN
0.00580629580561482,5.3754815539123,NaN,NaN,NaN,NaN,0.00560201197333178,9.47994375228955,NaN,NaN,NaN,NaN
0.00580822228131487,5.44500561216334,NaN,NaN,NaN,NaN,0.00560516567827905,9.55824750368462,NaN,NaN,NaN,NaN
0.00581314502539318,5.37884654114512,NaN,NaN,NaN,NaN,0.00561038574629477,9.42359698872194,NaN,NaN,NaN,NaN
0.00581554696167704,5.31879007409151,NaN,NaN,NaN,NaN,0.00562288976782891,9.39399782850779,NaN,NaN,NaN,NaN
0.00581764697622955,5.409473628332,NaN,NaN,NaN,NaN,0.00562666705745164,9.28757772646613,NaN,NaN,NaN,NaN
0.00582254314094549,5.33475950502694,NaN,NaN,NaN,NaN,0.00563023517735558,9.3413580888591,NaN,NaN,NaN,NaN
0.00582376890983733,5.27002627605653,NaN,NaN,NaN,NaN,0.00563362030621851,9.27771133972808,NaN,NaN,NaN,NaN
0.00582695974468847,5.37434088027405,NaN,NaN,NaN,NaN,0.00564174712260801,9.23539423591516,NaN,NaN,NaN,NaN
0.00583079244146519,5.2601024154038,NaN,NaN,NaN,NaN,0.00564844392259669,9.1977536853538,NaN,NaN,NaN,NaN
0.00583618285014812,5.34000660376287,NaN,NaN,NaN,NaN,0.00564982135892184,9.23682001434551,NaN,NaN,NaN,NaN
0.00583979975402869,5.22628144202983,NaN,NaN,NaN,NaN,0.0056518182706944,9.14391629182361,NaN,NaN,NaN,NaN
0.00584216121766698,5.30652783248038,NaN,NaN,NaN,NaN,0.00565523319992188,9.20037711766565,NaN,NaN,NaN,NaN
0.0058463220043913,5.25901877544747,NaN,NaN,NaN,NaN,0.00566036252226713,9.1201343076053,NaN,NaN,NaN,NaN
0.00585671783772006,5.23660453845595,NaN,NaN,NaN,NaN,0.00566274196740116,9.20157477154715,NaN,NaN,NaN,NaN
0.00586793972918561,5.23244107967635,NaN,NaN,NaN,NaN,0.00566478651058076,9.10507808738076,NaN,NaN,NaN,NaN
0.00587278465733778,5.29010213208965,NaN,NaN,NaN,NaN,0.00567148006717442,9.16752718263028,NaN,NaN,NaN,NaN
0.0058774348321325,5.20272653140007,NaN,NaN,NaN,NaN,0.00567397257097511,9.07177190324768,NaN,NaN,NaN,NaN
0.00588192155363711,5.29323898459482,NaN,NaN,NaN,NaN,0.00568174940743837,9.10353824667598,NaN,NaN,NaN,NaN
0.00588549110025506,5.18356321427755,NaN,NaN,NaN,NaN,0.00568564507110759,9.04394070828716,NaN,NaN,NaN,NaN
0.00588686173947875,5.27156618546816,NaN,NaN,NaN,NaN,0.00569273827304636,9.08443281570923,NaN,NaN,NaN,NaN
0.00589353055010364,5.16143414569559,NaN,NaN,NaN,NaN,0.00569670959283371,8.98879159860105,NaN,NaN,NaN,NaN
0.00589570951543021,5.26831526559916,NaN,NaN,NaN,NaN,0.00570063871697556,9.06076489376534,NaN,NaN,NaN,NaN
0.00589992801536275,5.17603476826513,NaN,NaN,NaN,NaN,0.00570525168121541,8.95770962881932,NaN,NaN,NaN,NaN
0.00590133377111939,5.13223290055651,NaN,NaN,NaN,NaN,0.00570831708843409,9.03561416225389,NaN,NaN,NaN,NaN
0.00590360997673419,5.22736508198616,NaN,NaN,NaN,NaN,0.0057093875711216,8.98217598668421,NaN,NaN,NaN,NaN
0.00590775867780779,5.12687173445676,NaN,NaN,NaN,NaN,0.00571431001611829,9.02101419112706,NaN,NaN,NaN,NaN
0.00591143494110308,5.20688999017966,NaN,NaN,NaN,NaN,0.00571591192007108,8.93729248169665,NaN,NaN,NaN,NaN
0.00591598399073714,5.10884909097249,NaN,NaN,NaN,NaN,0.00572254706449247,9.0131438941915,NaN,NaN,NaN,NaN
0.00592114687715284,5.16000830364778,NaN,NaN,NaN,NaN,0.00572530877026603,8.91003159810827,NaN,NaN,NaN,NaN
0.00592450629157389,5.04115011054264,NaN,NaN,NaN,NaN,0.00573008399465953,8.94504871635778,NaN,NaN,NaN,NaN
0.00592681325169407,5.12213793885804,NaN,NaN,NaN,NaN,0.00573593747987416,8.89691443654901,NaN,NaN,NaN,NaN
0.00593239458372853,5.09202415480837,NaN,NaN,NaN,NaN,0.00573996466990265,8.93740654397108,NaN,NaN,NaN,NaN
0.00593423622686727,5.01143556226635,NaN,NaN,NaN,NaN,0.00574665216844821,8.89058398031823,NaN,NaN,NaN,NaN
0.00593737812982962,5.10086437550477,NaN,NaN,NaN,NaN,0.00574968768131308,8.94310965769249,NaN,NaN,NaN,NaN
0.00594101050719081,5.0079565076697,NaN,NaN,NaN,NaN,0.00575552355865367,8.87552776009369,NaN,NaN,NaN,NaN
0.00594990184460238,4.98417346231229,NaN,NaN,NaN,NaN,0.00575657836469223,8.9415127858505,NaN,NaN,NaN,NaN
0.00595626709286072,4.93700660737085,NaN,NaN,NaN,NaN,0.00575909808895336,8.8470121914866,NaN,NaN,NaN,NaN
0.00595826026986036,5.00179687002318,NaN,NaN,NaN,NaN,0.00576363316628722,8.90216130117271,NaN,NaN,NaN,NaN
0.00596236572837655,4.96455387573447,NaN,NaN,NaN,NaN,0.00576723870633465,8.83794424066955,NaN,NaN,NaN,NaN
0.00596867540984918,4.9976904449255,NaN,NaN,NaN,NaN,0.00577368794505825,8.89223788329745,NaN,NaN,NaN,NaN
0.00597177425156744,4.9046685097266,NaN,NaN,NaN,NaN,0.00577623092732594,8.8264809820895,NaN,NaN,NaN,NaN
0.00597353193535434,4.94693046802359,NaN,NaN,NaN,NaN,0.00578484025381063,8.82066380609365,NaN,NaN,NaN,NaN
0.00598214750810828,4.98987683050352,NaN,NaN,NaN,NaN,0.00579402217858448,8.80537946132025,NaN,NaN,NaN,NaN
0.00598610521982129,4.93056180131477,NaN,NaN,NaN,NaN,0.00580211596001189,8.75462174919964,NaN,NaN,NaN,NaN
0.00599519088830165,4.95924974331663,NaN,NaN,NaN,NaN,0.00580578815106567,8.81672865762587,NaN,NaN,NaN,NaN
0.00600448828666592,4.95314713935202,NaN,NaN,NaN,NaN,0.00581038917515896,8.72667649196469,NaN,NaN,NaN,NaN
0.00600704685445836,4.90535291390955,NaN,NaN,NaN,NaN,0.00581492274677828,8.76608500777969,NaN,NaN,NaN,NaN
0.00601862282912146,4.91596117874523,NaN,NaN,NaN,NaN,0.00581622366994975,8.80543649245747,NaN,NaN,NaN,NaN
0.00602194362147762,4.86731144807407,NaN,NaN,NaN,NaN,0.00581913894792291,8.76488735389819,NaN,NaN,NaN,NaN
0.00603073281658266,4.78660878816823,NaN,NaN,NaN,NaN,0.00582750038440427,8.85522467524544,NaN,NaN,NaN,NaN
0.00603283313572181,4.87609463508856,NaN,NaN,NaN,NaN,0.0058298312531209,8.78872636925371,NaN,NaN,NaN,NaN
0.00603745008194116,4.83143726215126,NaN,NaN,NaN,NaN,0.00583759218698372,8.86098482010408,NaN,NaN,NaN,NaN
0.00603838817866447,4.79231215635945,NaN,NaN,NaN,NaN,0.00584121066218992,8.78268106870901,NaN,NaN,NaN,NaN
0.00604270890122865,4.86970686271439,NaN,NaN,NaN,NaN,0.00584482922537093,8.82015052585873,NaN,NaN,NaN,NaN
0.00604615462819599,4.7632249785842,NaN,NaN,NaN,NaN,0.0058499306961717,8.7818256016508,NaN,NaN,NaN,NaN
0.00604802833882781,4.82037272786028,NaN,NaN,NaN,NaN,0.00585565041544173,8.74418505108944,NaN,NaN,NaN,NaN
0.00605507611093965,4.72769299475286,NaN,NaN,NaN,NaN,0.00586197046416369,8.71515620224742,NaN,NaN,NaN,NaN
0.00605755664728922,4.81084810298094,NaN,NaN,NaN,NaN,0.00587063619520126,8.67494925051143,NaN,NaN,NaN,NaN
0.00606276311822588,4.7785670390186,NaN,NaN,NaN,NaN,0.00588117957452247,8.6350274544615,NaN,NaN,NaN,NaN
0.00606599767836087,4.83029658851302,NaN,NaN,NaN,NaN,0.00588783993178492,8.69114609348025,NaN,NaN,NaN,NaN
0.00607035643687753,4.77697009592505,NaN,NaN,NaN,NaN,0.00589185673738325,8.60776657087312,NaN,NaN,NaN,NaN
0.00607754685814486,4.83947901130089,NaN,NaN,NaN,NaN,0.0058937938808262,8.70933902625158,NaN,NaN,NaN,NaN
0.00608560994487544,4.88772950619866,NaN,NaN,NaN,NaN,0.00589741266717567,8.6036603289937,NaN,NaN,NaN,NaN
0.00608905223231989,4.78849089967133,NaN,NaN,NaN,NaN,0.00589975726928727,8.69987185747402,NaN,NaN,NaN,NaN
0.00609017312319676,4.828357443328,NaN,NaN,NaN,NaN,0.00590316261833523,8.59875565119329,NaN,NaN,NaN,NaN
0.00609278545014244,4.90210199404055,NaN,NaN,NaN,NaN,0.00590561343719274,8.68743906956133,NaN,NaN,NaN,NaN
0.00609593164912333,4.80503066742589,NaN,NaN,NaN,NaN,0.00590823294141159,8.63297433352179,NaN,NaN,NaN,NaN
0.00609737869904202,4.86896542484953,NaN,NaN,NaN,NaN,0.00591149798494,8.67306722298336,NaN,NaN,NaN,NaN
0.00610524454402907,4.75683720621003,NaN,NaN,NaN,NaN,0.00591864379334687,8.70454841072559,NaN,NaN,NaN,NaN
0.00610806879331454,4.85157015186629,NaN,NaN,NaN,NaN,0.00592236068077291,8.6136978091434,NaN,NaN,NaN,NaN
0.00611198022534858,4.76065846289815,NaN,NaN,NaN,NaN,0.0059236055545222,8.71795072797092,NaN,NaN,NaN,NaN
0.00611722994441392,4.81586706698921,NaN,NaN,NaN,NaN,0.00592728279703135,8.65675631774011,NaN,NaN,NaN,NaN
0.00612011669996865,4.7339096660813,NaN,NaN,NaN,NaN,0.00592824349083968,8.71515620224742,NaN,NaN,NaN,NaN
0.00612976997167337,4.7543847578878,NaN,NaN,NaN,NaN,0.00593901043075115,8.66930316792722,NaN,NaN,NaN,NaN
0.00613147643638609,4.71537371945981,NaN,NaN,NaN,NaN,0.0059490140647812,8.62624465933052,NaN,NaN,NaN,NaN
0.00613304307911942,4.77389027710179,NaN,NaN,NaN,NaN,0.00595593805907579,8.5594041665155,NaN,NaN,NaN,NaN
0.00613740697823196,4.71919497614794,NaN,NaN,NaN,NaN,0.00596348348643532,8.53419640386684,NaN,NaN,NaN,NaN
0.00614484243271241,4.66621068565145,NaN,NaN,NaN,NaN,0.00596986012167425,8.4918222689167,NaN,NaN,NaN,NaN
0.00614887002360947,4.7278640957986,NaN,NaN,NaN,NaN,0.00597612340191517,8.45509421655077,NaN,NaN,NaN,NaN
0.00615093978387265,4.6297091292276,NaN,NaN,NaN,NaN,0.00598531825305031,8.41414586003099,NaN,NaN,NaN,NaN
0.00615413701504312,4.70887187972182,NaN,NaN,NaN,NaN,0.00599472619515376,8.34970067497897,NaN,NaN,NaN,NaN
0.0061559627910447,4.6027321976831,NaN,NaN,NaN,NaN,0.00599673382889221,8.3880255991869,NaN,NaN,NaN,NaN
0.00615829384214118,4.67693301785095,NaN,NaN,NaN,NaN,0.00600535724991701,8.36492798861515,NaN,NaN,NaN,NaN
0.00616333732262684,4.638549349924,NaN,NaN,NaN,NaN,0.00601387826987562,8.34713427380433,NaN,NaN,NaN,NaN
0.00616700991656643,4.68902415841635,NaN,NaN,NaN,NaN,0.00602064558655226,8.28097815463589,NaN,NaN,NaN,NaN
0.0061687325760638,4.61145835101568,NaN,NaN,NaN,NaN,0.00603157982927526,8.23831886399968,NaN,NaN,NaN,NaN
0.0061720057495189,4.69980352429777,NaN,NaN,NaN,NaN,0.00604166422366371,8.10537928315343,NaN,NaN,NaN,NaN
0.00617440498189995,4.6315342070488,NaN,NaN,NaN,NaN,0.00604301099657433,8.19908144159633,NaN,NaN,NaN,NaN
0.00617652703007618,4.68583027222927,NaN,NaN,NaN,NaN,0.00604841482469176,8.10184335264615,NaN,NaN,NaN,NaN
0.0061858577977787,4.6678646624269,NaN,NaN,NaN,NaN,0.00605373560008058,8.13560578587694,NaN,NaN,NaN,NaN
0.00619372353063499,4.61271309201775,NaN,NaN,NaN,NaN,0.00605729580988867,8.04543955794133,NaN,NaN,NaN,NaN
0.00619722286724789,4.70373884834971,NaN,NaN,NaN,NaN,0.00606003059153313,8.11262223757963,NaN,NaN,NaN,NaN
0.00619930491436244,4.60752302696373,NaN,NaN,NaN,NaN,0.00606375081032902,8.03745519873135,NaN,NaN,NaN,NaN
0.00620190072762077,4.67710411889669,NaN,NaN,NaN,NaN,0.00606580326360447,8.08490510489354,NaN,NaN,NaN,NaN
0.00620624363331633,4.64214247188447,NaN,NaN,NaN,NaN,0.00606972848409177,8.0433294058644,NaN,NaN,NaN,NaN
0.00621102090903209,4.72712265793374,NaN,NaN,NaN,NaN,0.00607893693665965,7.9914310709995,NaN,NaN,NaN,NaN
0.00621244739099599,4.64579262752686,NaN,NaN,NaN,NaN,0.00608150989245849,8.05524891354217,NaN,NaN,NaN,NaN
0.00621551030580737,4.73801609117898,NaN,NaN,NaN,NaN,0.00608556338432952,7.98019593696831,NaN,NaN,NaN,NaN
0.00621819238866378,4.68822568686958,NaN,NaN,NaN,NaN,0.00608686647069202,8.02684740720951,NaN,NaN,NaN,NaN
0.00622731499245211,4.68474663227293,NaN,NaN,NaN,NaN,0.00609576293576187,8.02890052814922,NaN,NaN,NaN,NaN
0.0062330077682159,4.64356831393228,NaN,NaN,NaN,NaN,0.00609862457706477,7.95213661745893,NaN,NaN,NaN,NaN
0.00624037912191359,4.55368323123856,NaN,NaN,NaN,NaN,0.00610139323311189,8.04036378672927,NaN,NaN,NaN,NaN
0.00624404008986806,4.62474719890124,NaN,NaN,NaN,NaN,0.00610509616397451,7.92995150508262,NaN,NaN,NaN,NaN
0.00624779101983716,4.54307496640288,NaN,NaN,NaN,NaN,0.00610687546162068,8.02382475693715,NaN,NaN,NaN,NaN
0.00625518739258713,4.48672568867357,NaN,NaN,NaN,NaN,0.00611138203594801,7.91883043332585,NaN,NaN,NaN,NaN
0.00625900882522962,4.56754241594324,NaN,NaN,NaN,NaN,0.00612100341535299,7.8498227572967,NaN,NaN,NaN,NaN
0.00626084223021314,4.47537598597303,NaN,NaN,NaN,NaN,0.00612500736496988,7.88472581327177,NaN,NaN,NaN,NaN
0.00626381569754198,4.56126871093289,NaN,NaN,NaN,NaN,0.00612796111088363,7.79455958533616,NaN,NaN,NaN,NaN
0.00626688471283085,4.52271394196021,NaN,NaN,NaN,NaN,0.00613217469091979,7.83870168553993,NaN,NaN,NaN,NaN
0.00627207773026257,4.51820828108914,NaN,NaN,NaN,NaN,0.00613443485218691,7.76809713766878,NaN,NaN,NaN,NaN
NaN,NaN,NaN,NaN,NaN,NaN,0.00613807416385024,7.80807596485592,NaN,NaN,NaN,NaN
NaN,NaN,NaN,NaN,NaN,NaN,0.00614014379948919,7.75184326356274,NaN,NaN,NaN,NaN
NaN,NaN,NaN,NaN,NaN,NaN,0.00614958778798382,7.72731987456064,NaN,NaN,NaN,NaN
NaN,NaN,NaN,NaN,NaN,NaN,0.00615552194836506,7.69561056226956,NaN,NaN,NaN,NaN
NaN,NaN,NaN,NaN,NaN,NaN,0.00616387201420153,7.67473716604917,NaN,NaN,NaN,NaN
NaN,NaN,NaN,NaN,NaN,NaN,0.00617074175833679,7.63800911368324,NaN,NaN,NaN,NaN
NaN,NaN,NaN,NaN,NaN,NaN,0.00617707840232562,7.60635683252937,NaN,NaN,NaN,NaN
NaN,NaN,NaN,NaN,NaN,NaN,0.00618515398878235,7.63721067776224,NaN,NaN,NaN,NaN
NaN,NaN,NaN,NaN,NaN,NaN,0.0061893767910843,7.58633890336719,NaN,NaN,NaN,NaN
NaN,NaN,NaN,NaN,NaN,NaN,0.0061984831977167,7.5702561226728,NaN,NaN,NaN,NaN
NaN,NaN,NaN,NaN,NaN,NaN,0.00620620991964113,7.6141130671905,NaN,NaN,NaN,NaN
NaN,NaN,NaN,NaN,NaN,NaN,0.00620910856715749,7.52987807752516,NaN,NaN,NaN,NaN
NaN,NaN,NaN,NaN,NaN,NaN,0.00621233048762501,7.60920838939008,NaN,NaN,NaN,NaN
NaN,NaN,NaN,NaN,NaN,NaN,0.00621477835385277,7.52537261768524,NaN,NaN,NaN,NaN
NaN,NaN,NaN,NaN,NaN,NaN,0.00622421091290317,7.53067651344616,NaN,NaN,NaN,NaN
NaN,NaN,NaN,NaN,NaN,NaN,0.00623181680404177,7.57094049631937,NaN,NaN,NaN,NaN
NaN,NaN,NaN,NaN,NaN,NaN,0.00623534415205438,7.48180082885361,NaN,NaN,NaN,NaN
NaN,NaN,NaN,NaN,NaN,NaN,0.0062380565415253,7.56757565922373,NaN,NaN,NaN,NaN
NaN,NaN,NaN,NaN,NaN,NaN,0.00624044415233053,7.47404459419248,NaN,NaN,NaN,NaN
NaN,NaN,NaN,NaN,NaN,NaN,0.00624321080955574,7.55286162582247,NaN,NaN,NaN,NaN
NaN,NaN,NaN,NaN,NaN,NaN,0.00625075527709299,7.57504673819879,NaN,NaN,NaN,NaN
NaN,NaN,NaN,NaN,NaN,NaN,0.00625339899914068,7.50193282029021,NaN,NaN,NaN,NaN
NaN,NaN,NaN,NaN,NaN,NaN,0.00625583735835182,7.57521783161043,NaN,NaN,NaN,NaN
NaN,NaN,NaN,NaN,NaN,NaN,0.00625950195925052,7.47758052469976,NaN,NaN,NaN,NaN
NaN,NaN,NaN,NaN,NaN,NaN,0.00626151262201301,7.57054127835887,NaN,NaN,NaN,NaN
NaN,NaN,NaN,NaN,NaN,NaN,0.00626500246190731,7.48362582524446,NaN,NaN,NaN,NaN
NaN,NaN,NaN,NaN,NaN,NaN,0.00626664016269037,7.54824210370812,NaN,NaN,NaN,NaN
NaN,NaN,NaN,NaN,NaN,NaN,0.00627029186362022,7.51100077110727,NaN,NaN,NaN,NaN
NaN,NaN,NaN,NaN,NaN,NaN,0.00627867011853691,7.45556650573509,NaN,NaN,NaN,NaN
NaN,NaN,NaN,NaN,NaN,NaN,0.00628189982593552,7.5167609159659,NaN,NaN,NaN,NaN
NaN,NaN,NaN,NaN,NaN,NaN,0.00628513373655145,7.43047280536084,NaN,NaN,NaN,NaN
NaN,NaN,NaN,NaN,NaN,NaN,0.00628735169337558,7.51590544890768,NaN,NaN,NaN,NaN
NaN,NaN,NaN,NaN,NaN,NaN,0.00629117512628578,7.41330643305938,NaN,NaN,NaN,NaN
NaN,NaN,NaN,NaN,NaN,NaN,0.0062936891680075,7.48527972822367,NaN,NaN,NaN,NaN
NaN,NaN,NaN,NaN,NaN,NaN,0.00629767893510947,7.42169001022986,NaN,NaN,NaN,NaN
NaN,NaN,NaN,NaN,NaN,NaN,0.00630629635966854,7.3703619867371,NaN,NaN,NaN,NaN
NaN,NaN,NaN,NaN,NaN,NaN,0.00630903795082686,7.44364699805732,NaN,NaN,NaN,NaN
NaN,NaN,NaN,NaN,NaN,NaN,0.00631200514260171,7.35621826470799,NaN,NaN,NaN,NaN
NaN,NaN,NaN,NaN,NaN,NaN,0.0063151366021496,7.42784937304899,NaN,NaN,NaN,NaN
NaN,NaN,NaN,NaN,NaN,NaN,0.00631729518419614,7.35199796055414,NaN,NaN,NaN,NaN
NaN,NaN,NaN,NaN,NaN,NaN,0.00632630085984602,7.35484951741485,NaN,NaN,NaN,NaN
NaN,NaN,NaN,NaN,NaN,NaN,0.00633551913335684,7.34053470197409,NaN,NaN,NaN,NaN
NaN,NaN,NaN,NaN,NaN,NaN,0.0063447861712636,7.28470121864141,NaN,NaN,NaN,NaN
NaN,NaN,NaN,NaN,NaN,NaN,0.00634819562352515,7.34133313789509,NaN,NaN,NaN,NaN
NaN,NaN,NaN,NaN,NaN,NaN,0.00634964204443126,7.30141134184516,NaN,NaN,NaN,NaN
NaN,NaN,NaN,NaN,NaN,NaN,0.00635895755318563,7.25458877819232,NaN,NaN,NaN,NaN
NaN,NaN,NaN,NaN,NaN,NaN,0.00636198195654703,7.32114411532127,NaN,NaN,NaN,NaN
NaN,NaN,NaN,NaN,NaN,NaN,0.0063706233229816,7.32485113924019,NaN,NaN,NaN,NaN
NaN,NaN,NaN,NaN,NaN,NaN,0.00637930735455961,7.34196048040444,NaN,NaN,NaN,NaN
NaN,NaN,NaN,NaN,NaN,NaN,0.00638305133326691,7.3007839993358,NaN,NaN,NaN,NaN
NaN,NaN,NaN,NaN,NaN,NaN,0.00638490296445886,7.35450733059156,NaN,NaN,NaN,NaN
NaN,NaN,NaN,NaN,NaN,NaN,0.00638861553430032,7.26063407873702,NaN,NaN,NaN,NaN
NaN,NaN,NaN,NaN,NaN,NaN,0.00639019514285188,7.32285504943769,NaN,NaN,NaN,NaN
NaN,NaN,NaN,NaN,NaN,NaN,0.00639453311700966,7.25470284046675,NaN,NaN,NaN,NaN
NaN,NaN,NaN,NaN,NaN,NaN,0.00640161613407732,7.21552244920061,NaN,NaN,NaN,NaN
NaN,NaN,NaN,NaN,NaN,NaN,0.00640434161427865,7.27352311574743,NaN,NaN,NaN,NaN
NaN,NaN,NaN,NaN,NaN,NaN,0.00640748806660656,7.19943966850621,NaN,NaN,NaN,NaN
NaN,NaN,NaN,NaN,NaN,NaN,0.00641014949330059,7.27312389778693,NaN,NaN,NaN,NaN
NaN,NaN,NaN,NaN,NaN,NaN,0.00641383454033581,7.21694822763096,NaN,NaN,NaN,NaN
NaN,NaN,NaN,NaN,NaN,NaN,0.00641528968438589,7.29884494067052,NaN,NaN,NaN,NaN
NaN,NaN,NaN,NaN,NaN,NaN,0.00641944045548787,7.24917082015697,NaN,NaN,NaN,NaN
NaN,NaN,NaN,NaN,NaN,NaN,0.00642809655634407,7.20400215948334,NaN,NaN,NaN,NaN
NaN,NaN,NaN,NaN,NaN,NaN,0.00643084859073188,7.2601207985021,NaN,NaN,NaN,NaN
NaN,NaN,NaN,NaN,NaN,NaN,0.00643509113770645,7.20126466489706,NaN,NaN,NaN,NaN
NaN,NaN,NaN,NaN,NaN,NaN,0.00644685308615138,7.15906162335857,NaN,NaN,NaN,NaN
NaN,NaN,NaN,NaN,NaN,NaN,0.00644892837192285,7.1121249974313,NaN,NaN,NaN,NaN
NaN,NaN,NaN,NaN,NaN,NaN,0.00645272685313341,7.15449913238144,NaN,NaN,NaN,NaN
NaN,NaN,NaN,NaN,NaN,NaN,0.00645602980991267,7.0702641427161,NaN,NaN,NaN,NaN
NaN,NaN,NaN,NaN,NaN,NaN,0.00645927062681476,7.11742889319222,NaN,NaN,NaN,NaN
NaN,NaN,NaN,NaN,NaN,NaN,0.00646263217773037,7.04083607591358,NaN,NaN,NaN,NaN
NaN,NaN,NaN,NaN,NaN,NaN,0.00647244259464393,6.9648706011443,NaN,NaN,NaN,NaN
NaN,NaN,NaN,NaN,NaN,NaN,0.00647570151252742,7.02515251317968,NaN,NaN,NaN,NaN
NaN,NaN,NaN,NaN,NaN,NaN,0.00647850987229076,6.94268548876798,NaN,NaN,NaN,NaN
NaN,NaN,NaN,NaN,NaN,NaN,0.00648194355997613,7.00382286786158,NaN,NaN,NaN,NaN
NaN,NaN,NaN,NaN,NaN,NaN,0.00648426031655769,6.93145035473679,NaN,NaN,NaN,NaN
NaN,NaN,NaN,NaN,NaN,NaN,0.0064885482465565,6.96800731369107,NaN,NaN,NaN,NaN
NaN,NaN,NaN,NaN,NaN,NaN,0.00649390762786258,6.91531054290517,NaN,NaN,NaN,NaN
NaN,NaN,NaN,NaN,NaN,NaN,0.00649567726013746,6.95791280240417,NaN,NaN,NaN,NaN
NaN,NaN,NaN,NaN,NaN,NaN,0.00649991381944379,6.88240357673259,NaN,NaN,NaN,NaN
NaN,NaN,NaN,NaN,NaN,NaN,0.00650199251576244,6.95534640122953,NaN,NaN,NaN,NaN
NaN,NaN,NaN,NaN,NaN,NaN,0.00650534343268699,6.86329814576584,NaN,NaN,NaN,NaN
NaN,NaN,NaN,NaN,NaN,NaN,0.00650750429229183,6.94525188994262,NaN,NaN,NaN,NaN
NaN,NaN,NaN,NaN,NaN,NaN,0.00651070185417078,6.85799425000493,NaN,NaN,NaN,NaN
NaN,NaN,NaN,NaN,NaN,NaN,0.0065133310853433,6.93584175230228,NaN,NaN,NaN,NaN
NaN,NaN,NaN,NaN,NaN,NaN,0.00651536951167547,6.87111141156419,NaN,NaN,NaN,NaN
NaN,NaN,NaN,NaN,NaN,NaN,0.00651927221960752,6.90812461961619,NaN,NaN,NaN,NaN
NaN,NaN,NaN,NaN,NaN,NaN,0.00652715406944795,6.87766999234382,NaN,NaN,NaN,NaN
NaN,NaN,NaN,NaN,NaN,NaN,0.00653670974285692,6.83387007896333,NaN,NaN,NaN,NaN
NaN,NaN,NaN,NaN,NaN,NaN,0.00654498795066002,6.82366150540199,NaN,NaN,NaN,NaN
NaN,NaN,NaN,NaN,NaN,NaN,0.00655338697165399,6.79389125177619,NaN,NaN,NaN,NaN
NaN,NaN,NaN,NaN,NaN,NaN,0.00656060498442744,6.83364195441447,NaN,NaN,NaN,NaN
NaN,NaN,NaN,NaN,NaN,NaN,0.00657189608697038,6.81562011505479,NaN,NaN,NaN,NaN
NaN,NaN,NaN,NaN,NaN,NaN,0.0065774115500003,6.85172082491137,NaN,NaN,NaN,NaN
NaN,NaN,NaN,NaN,NaN,NaN,0.00658025593855986,6.78602095484063,NaN,NaN,NaN,NaN
NaN,NaN,NaN,NaN,NaN,NaN,0.00658361625369984,6.83050524186769,NaN,NaN,NaN,NaN
NaN,NaN,NaN,NaN,NaN,NaN,0.00658685996766374,6.75864600897783,NaN,NaN,NaN,NaN
NaN,NaN,NaN,NaN,NaN,NaN,0.0065946223104688,6.71929452430004,NaN,NaN,NaN,NaN
NaN,NaN,NaN,NaN,NaN,NaN,0.00660320555827941,6.68587427789254,NaN,NaN,NaN,NaN
NaN,NaN,NaN,NaN,NaN,NaN,0.00661023910068976,6.62718923769915,NaN,NaN,NaN,NaN
NaN,NaN,NaN,NaN,NaN,NaN,0.00662104043450369,6.63078219934364,NaN,NaN,NaN,NaN
NaN,NaN,NaN,NaN,NaN,NaN,0.00663034666820738,6.60950958516275,NaN,NaN,NaN,NaN
NaN,NaN,NaN,NaN,NaN,NaN,0.00663929521144804,6.56257295923548,NaN,NaN,NaN,NaN
NaN,NaN,NaN,NaN,NaN,NaN,0.00664311742617756,6.60420568940183,NaN,NaN,NaN,NaN
NaN,NaN,NaN,NaN,NaN,NaN,0.00664661173922808,6.50662541362837,NaN,NaN,NaN,NaN
NaN,NaN,NaN,NaN,NaN,NaN,0.00664964045137659,6.56462608017519,NaN,NaN,NaN,NaN
NaN,NaN,NaN,NaN,NaN,NaN,0.00665393061216324,6.47902234321671,NaN,NaN,NaN,NaN
NaN,NaN,NaN,NaN,NaN,NaN,0.00666287502858089,6.4616848775036,NaN,NaN,NaN,NaN
NaN,NaN,NaN,NaN,NaN,NaN,0.00667239123903705,6.46858564510652,NaN,NaN,NaN,NaN
NaN,NaN,NaN,NaN,NaN,NaN,0.0066814349159126,6.4628825313851,NaN,NaN,NaN,NaN
NaN,NaN,NaN,NaN,NaN,NaN,0.00668912656006563,6.43100212568237,NaN,NaN,NaN,NaN
NaN,NaN,NaN,NaN,NaN,NaN,0.00669349830583932,6.46704580440173,NaN,NaN,NaN,NaN
NaN,NaN,NaN,NaN,NaN,NaN,0.00669676624642955,6.38811471049731,NaN,NaN,NaN,NaN
NaN,NaN,NaN,NaN,NaN,NaN,0.00669945970427598,6.45974581883832,NaN,NaN,NaN,NaN
NaN,NaN,NaN,NaN,NaN,NaN,0.00670347983244667,6.38047253811061,NaN,NaN,NaN,NaN
NaN,NaN,NaN,NaN,NaN,NaN,0.00671488613323789,6.37990222673847,NaN,NaN,NaN,NaN
NaN,NaN,NaN,NaN,NaN,NaN,0.00671760190408051,6.32874529665735,NaN,NaN,NaN,NaN
NaN,NaN,NaN,NaN,NaN,NaN,0.00672007262318229,6.39575688288401,NaN,NaN,NaN,NaN
NaN,NaN,NaN,NaN,NaN,NaN,0.00672335616402717,6.31528594827481,NaN,NaN,NaN,NaN
NaN,NaN,NaN,NaN,NaN,NaN,0.00672485544374532,6.3800162890129,NaN,NaN,NaN,NaN
NaN,NaN,NaN,NaN,NaN,NaN,0.00672881332646906,6.29321489817292,NaN,NaN,NaN,NaN
NaN,NaN,NaN,NaN,NaN,NaN,0.0067300765771531,6.33690074927898,NaN,NaN,NaN,NaN
NaN,NaN,NaN,NaN,NaN,NaN,0.00673458850806464,6.29173208860535,NaN,NaN,NaN,NaN
NaN,NaN,NaN,NaN,NaN,NaN,0.00674306587666506,6.27319696901074,NaN,NaN,NaN,NaN
NaN,NaN,NaN,NaN,NaN,NaN,0.00675157393507246,6.23475798252839,NaN,NaN,NaN,NaN
NaN,NaN,NaN,NaN,NaN,NaN,0.00676181559695853,6.22215410120405,NaN,NaN,NaN,NaN
NaN,NaN,NaN,NaN,NaN,NaN,0.00677007853324522,6.20926506419365,NaN,NaN,NaN,NaN
NaN,NaN,NaN,NaN,NaN,NaN,0.00678039723658226,6.23635485437038,NaN,NaN,NaN,NaN
NaN,NaN,NaN,NaN,NaN,NaN,0.0067920797220268,6.24399702675708,NaN,NaN,NaN,NaN
NaN,NaN,NaN,NaN,NaN,NaN,0.00680048055108111,6.19101510028511,NaN,NaN,NaN,NaN
NaN,NaN,NaN,NaN,NaN,NaN,0.00680749202125868,6.13512458581522,NaN,NaN,NaN,NaN
NaN,NaN,NaN,NaN,NaN,NaN,0.00680946283074775,6.20196507863023,NaN,NaN,NaN,NaN
NaN,NaN,NaN,NaN,NaN,NaN,0.00681310139695978,6.13461130558029,NaN,NaN,NaN,NaN
NaN,NaN,NaN,NaN,NaN,NaN,0.00681447569267665,6.19061588232461,NaN,NaN,NaN,NaN
NaN,NaN,NaN,NaN,NaN,NaN,0.00681854016487195,6.1499526814909,NaN,NaN,NaN,NaN
NaN,NaN,NaN,NaN,NaN,NaN,0.00682023412343373,6.2054439780003,NaN,NaN,NaN,NaN
NaN,NaN,NaN,NaN,NaN,NaN,0.00682365908797512,6.14476284800441,NaN,NaN,NaN,NaN
NaN,NaN,NaN,NaN,NaN,NaN,0.00683223967948733,6.11037307226426,NaN,NaN,NaN,NaN
NaN,NaN,NaN,NaN,NaN,NaN,0.00683521811272788,6.18257449197741,NaN,NaN,NaN,NaN
NaN,NaN,NaN,NaN,NaN,NaN,0.00683770150584701,6.11025900998984,NaN,NaN,NaN,NaN
NaN,NaN,NaN,NaN,NaN,NaN,0.00684715463141564,6.09702778615615,NaN,NaN,NaN,NaN
NaN,NaN,NaN,NaN,NaN,NaN,0.00684981759623111,6.01068264441388,NaN,NaN,NaN,NaN
NaN,NaN,NaN,NaN,NaN,NaN,0.0068544945639764,6.0445591399191,NaN,NaN,NaN,NaN
NaN,NaN,NaN,NaN,NaN,NaN,0.00685958175827297,6.00247016065504,NaN,NaN,NaN,NaN
NaN,NaN,NaN,NaN,NaN,NaN,0.00686903587885381,5.98815534521428,NaN,NaN,NaN,NaN
NaN,NaN,NaN,NaN,NaN,NaN,0.00687199038781383,6.0284763592247,NaN,NaN,NaN,NaN
NaN,NaN,NaN,NaN,NaN,NaN,0.00687229009762959,5.9801709860043,NaN,NaN,NaN,NaN
NaN,NaN,NaN,NaN,NaN,NaN,0.00688022146611474,6.02710761193156,NaN,NaN,NaN,NaN
NaN,NaN,NaN,NaN,NaN,NaN,0.00688093427593419,5.97116006632445,NaN,NaN,NaN,NaN
NaN,NaN,NaN,NaN,NaN,NaN,0.00688741121063064,5.99722329603133,NaN,NaN,NaN,NaN
NaN,NaN,NaN,NaN,NaN,NaN,0.00688905413603567,5.9480054246155,NaN,NaN,NaN,NaN
NaN,NaN,NaN,NaN,NaN,NaN,0.00689931636443997,5.91686642369656,NaN,NaN,NaN,NaN
NaN,NaN,NaN,NaN,NaN,NaN,0.00690890576547744,5.91937579373398,NaN,NaN,NaN,NaN
NaN,NaN,NaN,NaN,NaN,NaN,0.00691810593800686,5.89194381673396,NaN,NaN,NaN,NaN
NaN,NaN,NaN,NaN,NaN,NaN,0.00692666099673726,5.89308443947824,NaN,NaN,NaN,NaN
NaN,NaN,NaN,NaN,NaN,NaN,0.00693550002705209,5.88430164434726,NaN,NaN,NaN,NaN
NaN,NaN,NaN,NaN,NaN,NaN,0.00693899985225845,5.83285955858007,NaN,NaN,NaN,NaN
NaN,NaN,NaN,NaN,NaN,NaN,0.00694221346629504,5.90192426574644,NaN,NaN,NaN,NaN
NaN,NaN,NaN,NaN,NaN,NaN,0.00694316461511379,5.8490564015489,NaN,NaN,NaN,NaN
NaN,NaN,NaN,NaN,NaN,NaN,0.0069507592323798,5.90546019625372,NaN,NaN,NaN,NaN
NaN,NaN,NaN,NaN,NaN,NaN,0.00695229757593266,5.83109159332643,NaN,NaN,NaN,NaN
NaN,NaN,NaN,NaN,NaN,NaN,0.00695938068097513,5.90768441060507,NaN,NaN,NaN,NaN
NaN,NaN,NaN,NaN,NaN,NaN,0.0069608664092624,5.83074940650315,NaN,NaN,NaN,NaN
NaN,NaN,NaN,NaN,NaN,NaN,0.00696527533441616,5.86878917502501,NaN,NaN,NaN,NaN
NaN,NaN,NaN,NaN,NaN,NaN,0.00696844404973841,5.8245330125468,NaN,NaN,NaN,NaN
NaN,NaN,NaN,NaN,NaN,NaN,0.0069724607965374,5.88219149227034,NaN,NaN,NaN,NaN
NaN,NaN,NaN,NaN,NaN,NaN,0.00697708076105267,5.81786036949274,NaN,NaN,NaN,NaN
NaN,NaN,NaN,NaN,NaN,NaN,0.0069805489718197,5.8800243090562,NaN,NaN,NaN,NaN
NaN,NaN,NaN,NaN,NaN,NaN,0.00698158842716452,5.83913298367363,NaN,NaN,NaN,NaN
NaN,NaN,NaN,NaN,NaN,NaN,0.00698839161706572,5.80343149177756,NaN,NaN,NaN,NaN
NaN,NaN,NaN,NaN,NaN,NaN,0.00699555468701343,5.83542595975471,NaN,NaN,NaN,NaN
NaN,NaN,NaN,NaN,NaN,NaN,0.00699752289900344,5.76025892090642,NaN,NaN,NaN,NaN
NaN,NaN,NaN,NaN,NaN,NaN,0.00700302126486166,5.79373619845115,NaN,NaN,NaN,NaN
NaN,NaN,NaN,NaN,NaN,NaN,0.00700588373680766,5.71799884823072,NaN,NaN,NaN,NaN
NaN,NaN,NaN,NaN,NaN,NaN,0.00700998828822787,5.78238700214552,NaN,NaN,NaN,NaN
NaN,NaN,NaN,NaN,NaN,NaN,0.00701107570371797,5.73368241096462,NaN,NaN,NaN,NaN
NaN,NaN,NaN,NaN,NaN,NaN,0.00701543776652541,5.69530045561948,NaN,NaN,NaN,NaN
NaN,NaN,NaN,NaN,NaN,NaN,0.00701962647125624,5.76653234599998,NaN,NaN,NaN,NaN
NaN,NaN,NaN,NaN,NaN,NaN,0.00701993879629,5.719937906896,NaN,NaN,NaN,NaN
NaN,NaN,NaN,NaN,NaN,NaN,0.00702390799687374,5.6748833084968,NaN,NaN,NaN,NaN
NaN,NaN,NaN,NaN,NaN,NaN,0.00702805105142447,5.73596365645318,NaN,NaN,NaN,NaN
NaN,NaN,NaN,NaN,NaN,NaN,0.007032168294457,5.68417938386271,NaN,NaN,NaN,NaN
NaN,NaN,NaN,NaN,NaN,NaN,0.00703585093753776,5.74069724084196,NaN,NaN,NaN,NaN
NaN,NaN,NaN,NaN,NaN,NaN,0.0070366218483862,5.69872232385233,NaN,NaN,NaN,NaN
NaN,NaN,NaN,NaN,NaN,NaN,0.00704314709835862,5.74748394617045,NaN,NaN,NaN,NaN
NaN,NaN,NaN,NaN,NaN,NaN,0.00704394736646609,5.67933173719951,NaN,NaN,NaN,NaN
NaN,NaN,NaN,NaN,NaN,NaN,0.00704810882434403,5.71457697999787,NaN,NaN,NaN,NaN
NaN,NaN,NaN,NaN,NaN,NaN,0.00704958551232959,5.75370034012679,NaN,NaN,NaN,NaN
NaN,NaN,NaN,NaN,NaN,NaN,0.00705492614397526,5.70790433694381,NaN,NaN,NaN,NaN
NaN,NaN,NaN,NaN,NaN,NaN,0.00705782656714508,5.77622763932639,NaN,NaN,NaN,NaN
NaN,NaN,NaN,NaN,NaN,NaN,0.00706005619417686,5.71183948541159,NaN,NaN,NaN,NaN
NaN,NaN,NaN,NaN,NaN,NaN,0.00706347742221586,5.75757845745736,NaN,NaN,NaN,NaN
NaN,NaN,NaN,NaN,NaN,NaN,0.00707241723629809,5.79932524989814,NaN,NaN,NaN,NaN
NaN,NaN,NaN,NaN,NaN,NaN,0.00707512901829438,5.74092536539082,NaN,NaN,NaN,NaN
NaN,NaN,NaN,NaN,NaN,NaN,0.00707868317283741,5.76356672686485,NaN,NaN,NaN,NaN
