E1_C01_X,E1_C01_Y,E1_C02_X,E1_C02_Y,E1_C03_X,E1_C03_Y,E1_C04_X,E1_C04_Y,E1_C05_X,E1_C05_Y,MEAN_X,MEAN_Y
-1.90307302495423E-07,-0.00655122790316369,-5.0200239019029E-08,-0.0015192435032094,-1.75451660301581E-07,-0.00527710059667689,-1.3401679140165E-07,-0.00391047370389738,1.71922300965241E-07,0.00503623050857344,0,0
-5.48913579986798E-07,-0.0188960587138871,-2.22948120349217E-07,-0.00674722849954764,-7.54884454406803E-07,-0.0227048361806602,-2.16254367943572E-07,-0.00631008256765258,1.8881024380342E-06,0.0553093987711473,6.51691944663409E-06,0.199727940432663
1.11206784247325E-06,0.0382823453661062,1.39379487158716E-06,0.0421813490302846,1.23111038951109E-06,0.0370283949430689,1.46200136074528E-06,0.0426597131334259,3.29238813529896E-06,0.0964460426597605,1.30338388932682E-05,0.399455880865326
2.60086646743745E-06,0.0895334480099038,2.95738466926809E-06,0.0895013157920127,2.60376161422347E-06,0.0783139466700116,2.92857147574289E-06,0.0854527378703938,4.81991017219367E-06,0.141192727886378,1.95507583399023E-05,0.599183821297989
3.79837840490864E-06,0.130757161006002,4.42205046652917E-06,0.133827479179769,4.12385120893716E-06,0.12403403671349,4.63119389377749E-06,0.135133528790363,6.23028161462534E-06,0.182507645421312,2.60676777865364E-05,0.798911761730652
5.23021429987421E-06,0.180047351896472,5.88819274140846E-06,0.178198326199973,5.66458217545105E-06,0.170374962121282,6.16477240447592E-06,0.179881790379279,7.69846763614267E-06,0.225516162596298,3.25845972331705E-05,0.998639702163316
6.42643162984544E-06,0.221226498716358,7.2982288667959E-06,0.220871195187179,7.30262246616581E-06,0.219642682817988,7.66027796307161E-06,0.22351912193868,9.24728978112157E-06,0.270886805585039,3.91015166798046E-05,1.19836764259598
7.62653278231657E-06,0.26253934406488,8.7466534102567E-06,0.264705838618015,8.75931356177894E-06,0.263455921385356,9.24258985246155E-06,0.269689373965377,1.06972185671382E-05,0.313360501821061,4.56184361264387E-05,1.39809558302864
8.87323980478659E-06,0.305456571757034,1.02541370584458E-05,0.310327827346744,1.03118395978929E-05,0.310151609858472,1.09467351885803E-05,0.319414602086527,1.22384335306584E-05,0.358508302751901,5.21353555730728E-05,1.5978235234613
1.02662374747531E-05,0.353409777361143,1.19004096027463E-05,0.360150077525523,1.20132783877083E-05,0.361326182031288,1.26752472140447E-05,0.369850825426567,1.36488049730901E-05,0.399823220286835,5.86522750197069E-05,1.79755146389397
1.17744552122168E-05,0.405329372648121,1.33990343852261E-05,0.405503964459568,1.34360586582211E-05,0.404119476785853,1.41540006737152E-05,0.41299934777298,1.51245981760661E-05,0.443054579519722,6.5169194466341E-05,1.99727940432663
1.30379921321864E-05,0.448825960631031,1.47647761820674E-05,0.446836324473353,1.48956985212342E-05,0.448021406119551,1.58078897130583E-05,0.461258148255168,1.65349696184977E-05,0.484369497054656,7.1686113912975E-05,2.19700734475929
1.44115706896534E-05,0.496110673591961,1.6126088546054E-05,0.488034633589797,1.65278412771489E-05,0.497111745283596,1.73506057322614E-05,0.506273033051168,1.80746631457263E-05,0.529472729573916,7.82030333596091E-05,2.39673528519196
1.62861623496083E-05,0.560642496746934,1.80706095692322E-05,0.546882977522937,1.81747278700638E-05,0.546645538279294,1.94826910500149E-05,0.568485114704081,1.98638722247982E-05,0.581885181592344,8.47199528062432E-05,2.59646322562462
1.81516917570634E-05,0.624862356668423,1.9589905038367E-05,0.592862435311245,1.96785992440773E-05,0.591877829107953,2.12279551744046E-05,0.619410147257108,2.15572308174912E-05,0.631489823681213,9.12368722528773E-05,2.79619116605728
1.98126731795235E-05,0.682040760748416,2.09645057009174E-05,0.634462897119714,2.18695334222971E-05,0.657775068491666,2.27173690606639E-05,0.662869730011786,2.36628986452425E-05,0.693172505308343,9.77537916995114E-05,2.99591910648995
2.10956292119926E-05,0.726205841374506,2.25797722152356E-05,0.683346791017099,2.33734047963106E-05,0.703007359320325,2.44641561031377E-05,0.713839199765994,2.50747915239659E-05,0.734531991254858,0.000104270711146146,3.19564704692261
2.29533909744479E-05,0.790158304238723,2.43131569390103E-05,0.735805375510271,2.48300958919238E-05,0.746820597887693,2.61119534701443E-05,0.761920251443459,2.71728521702585E-05,0.795991830824086,0.00011078763059278,3.39537498735527
2.44370111694123E-05,0.841231142177673,2.5996341423766E-05,0.786744716500233,2.6295633289737E-05,0.790899908754053,2.80277844199543E-05,0.817822250528719,2.8819046237908E-05,0.844214852153966,0.000117304550039414,3.59510292778794
2.57678676793802E-05,0.887045171323606,2.76987201175584E-05,0.838264944712011,2.83273340283553E-05,0.852007846755908,2.9815690250699E-05,0.869991524714805,3.02994037497591E-05,0.887579916621594,0.000123821469486048,3.7948308682206
2.71310893768475E-05,0.93397335487484,2.96269998869364E-05,0.896621768688231,3.00494141899708E-05,0.903803254293039,3.14238917475188E-05,0.916917209161573,3.24278931218863E-05,0.949931124422428,0.000130338388932682,3.99455880865326
2.84580620643155E-05,0.979653685492138,3.18697693889924E-05,0.964496206375733,3.14810407626837E-05,0.946862621346596,3.33823644036839E-05,0.974063449879892,3.39630223402397E-05,0.994900651706947,0.000136855308379316,4.19428674908593
2.96685200767864E-05,1.02132306025036,3.41568332195946E-05,1.03371115303666,3.33269691551003E-05,1.00238304106962,3.56073477245681E-05,1.03898620080482,3.57780958362709E-05,1.04807076672224,0.00014337222782595,4.39401468951859
3.12401735817486E-05,1.07542639817172,3.64689971697064E-05,1.10368572144918,3.52554630347177E-05,1.0603868022499,3.72246867298925E-05,1.08617850845868,3.73269179812498E-05,1.09344140971098,0.000149889147272584,4.59374262995125
3.25995114567159E-05,1.12222088319432,3.85995543727787E-05,1.16816420307069,3.69126703135327E-05,1.11023101292775,3.91131051541885E-05,1.14128063792269,3.89487690682317E-05,1.14095133645558,0.000156406066719218,4.79347057038391
3.38177371141866E-05,1.16415765500981,4.0687293724923E-05,1.23134685935122,3.84858377214468E-05,1.15754753676518,4.06131794670365E-05,1.18505128108563,4.04412980704166E-05,1.18467294821585,0.000162922986165852,4.99319851081658
3.52845274116514E-05,1.214651132658,4.22213539702398E-05,1.277773153464,4.00295174553608E-05,1.20397715293931,4.20675662373613E-05,1.22748880821315,4.20205489412301E-05,1.23093495943619,0.000169439905612486,5.19292645124924
3.65273506116215E-05,1.25743466182152,4.41215806648719E-05,1.33528098842372,4.14522977258736E-05,1.24677044769387,4.40625889275449E-05,1.2857015417598,4.39375586688071E-05,1.28709115802737,0.000175956825059121,5.3926543916819
3.79061075990883E-05,1.3048976394873,4.62683791217445E-05,1.40025099000215,4.35282299754923E-05,1.30920874719069,4.54971777627762E-05,1.32756138527198,4.61162554385613E-05,1.35091312341035,0.000182473744505755,5.59238233211457
3.93016944840547E-05,1.35293997744383,4.77965334565885E-05,1.44649854958514,4.49067787350047E-05,1.35067168045029,4.73033586105303E-05,1.38026390587223,4.83162523163997E-05,1.41535904655546,0.000188990663952389,5.79211027254723
4.14144939240039E-05,1.42567197702181,5.00437323914991E-05,1.51450703816998,4.76078496734291E-05,1.43191242240922,4.88506433839857E-05,1.42541210227177,5.0354976947315E-05,1.47508071807306,0.000195507583399023,5.99183821297989
4.28579812864692E-05,1.47536326349819,5.15763161591977E-05,1.56088864865032,4.93623662764449E-05,1.48468342837598,5.03202593351515E-05,1.4682940014111,5.26295242034481E-05,1.5417104933856,0.000202024502845657,6.19156615341256
4.46069960189272E-05,1.5355721675606,5.3535601958558E-05,1.62018382890793,5.12466286450618E-05,1.5413568280613,5.19406441766442E-05,1.51557518346732,5.43715687574764E-05,1.59274132464504,0.000208541422292291,6.39129409384522
4.66006915688792E-05,1.60420407892708,5.51759685923857E-05,1.66982734455692,5.28846689357766E-05,1.59062454875801,5.35153414756136E-05,1.56152324948811,5.60907917671288E-05,1.64310362973077,0.000215058341738925,6.59102203427788
4.8270735243839E-05,1.66169444624055,5.74320263930056E-05,1.73810393493645,5.48205347338941E-05,1.64885003685412,5.52194868117323E-05,1.61124847760926,5.80564874560411E-05,1.70068601749251,0.000221575261185559,6.79074997471055
4.95252099113089E-05,1.70487907098998,5.89838043697409E-05,1.7850664326386,5.67947345082118E-05,1.70822850491252,5.67332673873373E-05,1.65541905558283,5.99445898940753E-05,1.75599541626366,0.000228092180632193,6.99047791514321
5.07628546812791E-05,1.74748433544865,6.09165135719735E-05,1.84355730751216,5.8695215097529E-05,1.76538970381266,5.84891919383158E-05,1.70665514854412,6.17353204094389E-05,1.80845243669367,0.000234609100078827,7.19020585557587
5.19979102362494E-05,1.7900004675549,6.26927161466762E-05,1.89731171734631,6.09274320193491E-05,1.83252861392501,5.99039828384537E-05,1.74793730844095,6.32171993575818E-05,1.85186206957288,0.000241126019525461,7.38993379600854
5.34802358237137E-05,1.84102873931763,6.47745495883477E-05,1.96031563909705,6.30549676984683E-05,1.89651900183261,6.14604051204137E-05,1.79335212804757,6.47523285759351E-05,1.8968315968574,0.000247642938972096,7.5896617364412
5.51127358811745E-05,1.89722668752096,6.77393166457068E-05,2.0500403730513,6.46310838737825E-05,1.94392421643637,6.30792670438223E-05,1.84058887290261,6.70025328514006E-05,1.96274827758465,0.00025415985841873,7.78938967687386
5.68604560061324E-05,1.95739102540716,6.92246531296228E-05,2.09499210729332,6.60921981204957E-05,1.98787049115323,6.57230528378367E-05,1.91773185415222,6.90990720614015E-05,2.0241635487423,0.000260676777865364,7.98911761730653
5.8750582956087E-05,2.02245764267668,7.10481029881081E-05,2.15017639336578,6.7576902506409E-05,2.03252629200074,6.72185583964324E-05,1.96136918571162,7.11834397810686E-05,2.08522227260731,0.000267193697311998,8.18884555773919
6.01604105235531E-05,2.07099020857154,7.2639745860535E-05,2.198345349144,6.92562255407241E-05,2.08303568342608,6.91602789536722E-05,2.01802661721695,7.34442941105761E-05,2.15145093221563,0.000273710616758632,8.38857349817185
6.15313998660201E-05,2.11818578918005,7.49888217511019E-05,2.26943700836771,7.11552317463413E-05,2.14015253694305,7.10624036407252E-05,2.07352868149158,7.54830187414913E-05,2.21117260373322,0.000280227536205266,8.58830143860451
6.32506386259788E-05,2.17736967118958,7.66956298777489E-05,2.32109128747683,7.37044411636642E-05,2.21682570443595,7.2670605137545E-05,2.12045436593835,7.76023794958682E-05,2.27325640106458,0.0002867444556519,8.78802937903718
6.48507734959402E-05,2.23245346498761,7.8296131615885E-05,2.36952834504975,7.57965916339831E-05,2.27975180314758,7.4115854399365E-05,2.16262526985879,7.93565955402303E-05,2.32464377961666,0.000293261375098534,8.98775731946984
6.62877878209057E-05,2.28192192058293,7.97297913831637E-05,2.41291615215611,7.71839866956956E-05,2.32148080870618,7.61382896150627E-05,2.2216378730267,8.1174711908845E-05,2.37790303145511,0.000299778294545168,9.1874852599025
6.75357894508757E-05,2.3248837144513,8.15222352116667E-05,2.46716208194717,7.94972947210164E-05,2.39105871489261,7.78150224256674E-05,2.27056323152659,8.26961482005728E-05,2.42247144303541,0.000306295213991802,9.38721320033517
6.9100969918338E-05,2.3787642214916,8.32379022040229E-05,2.51908446285098,8.13771339385334E-05,2.44759907842844,7.96958262595429E-05,2.3254431749847,8.44199355191004E-05,2.47296745335588,0.000312812133438437,9.58694114076783
7.05017352333043E-05,2.42698482415298,8.47306210760299E-05,2.56425961525523,8.33749238520514E-05,2.50768707261749,8.14106320222503E-05,2.37547946351411,8.64814816943916E-05,2.53335765104718,0.000319329052885071,9.78666908120049
7.26015885982538E-05,2.49927116196884,8.66264183378074E-05,2.62163339931761,8.55452166584709E-05,2.57296347663689,8.31041169317803E-05,2.424893631227,8.84791275454302E-05,2.59187597545211,0.000325845972331705,9.98639702163316
7.43868523407109E-05,2.56072791896519,8.81043724336323E-05,2.66636171539739,8.83863540483965E-05,2.65841702999652,8.50001499464968E-05,2.48021794669691,8.99168848411129E-05,2.63399312439549,0.000332362891778339,10.1861249620658
7.65656767631585E-05,2.63573279352998,9.02260707709954E-05,2.73057209522422,9.04195291707149E-05,2.71956931338154,8.64225554370553E-05,2.52172229259964,9.15326501829279E-05,2.68132477749377,0.000338879811224973,10.3858529024985
7.7918541600626E-05,2.68230444767152,9.17438897625119E-05,2.77650686938008,9.21578275530306E-05,2.77185252013349,8.84358531442482E-05,2.58046827256046,9.33081663353742E-05,2.73333611380797,0.000345396730671607,10.5855808429311
7.98242038405801E-05,2.74790585905558,9.3558480755288E-05,2.83142305365785,9.40243973172474E-05,2.82799377522083,9.01597964154604E-05,2.63077118429696,9.5120196958822E-05,2.7864170920001,0.000351913650118241,10.7853087833638
8.20716424605261E-05,2.82527274095961,9.49611344925844E-05,2.87387250448282,9.65691835834703E-05,2.90453390656422,9.26710883361572E-05,2.70404812904385,9.67587838450129E-05,2.83441727127208,0.000358430569564875,10.9850367237965
8.47242932279623E-05,2.91658883601799,9.69780029190548E-05,2.93491034640588,9.87881310519903E-05,2.97127370822808,9.41711626490052E-05,2.7478187722068,9.84643139280397E-05,2.88437846065359,0.000364947489011509,11.1847646642291
8.60460874854305E-05,2.96209090193044,9.87674937923214E-05,2.98906690893205,0.000100698932327208,3.02874532481038,9.61737999296094E-05,2.80625369175935,0.000100020743254477,2.92997194570024,0.000371464408458143,11.3844926046618
8.73523464528991E-05,3.00705817372835,0.000101042745801978,3.05792438653339,0.000103341027917631,3.10821225144269,9.91511047840438E-05,2.89312842006753,0.000101587822634957,2.97587740962794,0.000377981327904777,11.5842205450945
8.87298088328659E-05,3.05447658521791,0.000102436540673565,3.10010573556368,0.000104808039699145,3.15233590769221,0.000102110134621469,2.97946990196154,0.000103232495266315,3.02405586254624,0.000384498247351412,11.7839484855271
9.01292795403323E-05,3.10265262170308,0.000104057713098356,3.14916836399085,0.00010651537602376,3.20368786139769,0.000104179780297774,3.03986005836604,0.000105321427294857,3.08524829164599,0.000391015166798046,11.9836764259598
9.20698961827856E-05,3.16945731984487,0.000105436743193761,3.19090287669666,0.000108517589088378,3.26390889173624,0.000105973777800855,3.09220708135685,0.000107492516883153,3.14884741497107,0.00039753208624468,12.1834043663925
9.34486531702524E-05,3.21692029751065,0.00010701066833477,3.23853562888552,0.000110587623803197,3.32616980970039,0.000108247494500431,3.15855182271956,0.000108994174503088,3.19283643720082,0.000404049005691314,12.3831323068251
9.55588633952017E-05,3.2895631647362,0.000108411845594448,3.28094039607804,0.000112234510396111,3.37570360269609,0.000109877016850428,3.20609962798286,0.00011100399184446,3.25171130889839,0.000410565925137948,12.5828602472578
9.74852393551553E-05,3.35587763493966,0.000110137847930131,3.33317556240898,0.000113784087664825,3.42231060040287,0.00011168624353435,3.25889102298548,0.000112569549788648,3.29757220441452,0.000417082844584582,12.7825881876904
9.96394662351035E-05,3.43003575215642,0.000111902238683889,3.38657250318355,0.000115161162040638,3.46372918827931,0.000113396480542806,3.30879399991135,0.000114313115778968,3.34864760408554,0.000423599764031216,12.9823161281231
0.000100922422267573,3.47420083278251,0.000114455068485768,3.46383050368499,0.000117349147451458,3.5295377368967,0.00011543262202126,3.36820653788988,0.000115878673723156,3.39450849960166,0.00043011668347785,13.1820440685558
0.000103281197132516,3.55540040584077,0.000116012752372976,3.51097173591693,0.000118911994173472,3.57654384305197,0.00011685198167565,3.40962200939025,0.000118252114338252,3.46403522166692,0.000436633602924484,13.3817720089884
0.000105247705924969,3.62309642750679,0.000118135927187957,3.5752267993762,0.000120859655041189,3.6351240942134,0.000118530237404339,3.45859180509133,0.000119980465965654,3.51466493722214,0.000443150522371118,13.5814999494211
0.000106585035472436,3.66913328753379,0.000120820163497857,3.65646164316545,0.00012311546210221,3.70297253045639,0.000119935890795973,3.49960734178107,0.000121806189515728,3.56814703111849,0.000449667441817753,13.7812278898538
0.000109046084329877,3.7538535885128,0.000123184004164606,3.72800013871364,0.000124597217720723,3.74753964053757,0.000121670494493773,3.55022131392583,0.000123975757667731,3.631701586032,0.000456184361264387,13.9809558302864
0.000111948594344807,3.8537709555801,0.000124759405783233,3.77567757453494,0.000126373850079239,3.80097582725181,0.00012340357527349,3.60079084886941,0.000125725409403218,3.68295525934934,0.000462701280711021,14.1806837707191
0.000114377278014749,3.9373771021538,0.000127285658987984,3.85213126965233,0.000128653247279459,3.86953378962545,0.000125394029209422,3.65887027081252,0.000127806734250302,3.74392484639118,0.000469218200157655,14.3804117111517
0.000116767123459692,4.01964626344115,0.00012961111123666,3.92250799075689,0.000130217568385174,3.91658424116389,0.000126805774273391,3.70006355630699,0.000129920009259512,3.80583037007621,0.000475735119604289,14.5801396515844
0.000119070230202136,4.0989294909223,0.000131785962768279,3.98832698135181,0.00013204727855689,3.97161686167209,0.000128750540666799,3.75680986221468,0.000131487088639992,3.85173583400392,0.000482252039050923,14.7798675920171
0.000121303428139582,4.17580614488799,0.00013336579381976,4.03613846807046,0.000134372381651811,4.04154953092385,0.00013078515922717,3.81617796299203,0.000132906588700174,3.89331816200833,0.000488768958497557,14.9795955324497
0.000122838832634546,4.22866162987542,0.00013620653675719,4.12210977689913,0.000136005998791426,4.09068421547106,0.000132379654461233,3.86270371262818,0.000134736876559122,3.94693396113943,0.000495285877944191,15.1793234728824
0.000124609855694503,4.28962815893344,0.000138539371393956,4.19270991616592,0.000137953659659143,4.14926446663249,0.000133829472477305,3.90500792815216,0.000136512392711569,3.99894529745364,0.000501802797390825,15.3790514133151
0.000126852115884449,4.36681677613262,0.000139896254325088,4.23377417438502,0.000139338105953456,4.19090478142475,0.000135638699161227,3.95779932315477,0.000138587631813485,4.05973661084916,0.000508319716837459,15.5787793537477
0.00012846778604441,4.42243536404519,0.000142425460485076,4.31031723676731,0.000140781527595769,4.23431891154363,0.000137915461696971,4.02423293891985,0.000140956508119705,4.12912962767968,0.000514836636284094,15.7785072941804
0.000130603888419359,4.49596955479499,0.000144960572555537,4.38703903367938,0.000142506556524784,4.2862030098471,0.000140256186792248,4.09253291713451,0.000142776145924612,4.18243344792971,0.000521353555730728,15.9782352346131
0.000132034429706824,4.54521517950924,0.000147219583311394,4.45540499132381,0.000143902797888697,4.32819808770469,0.000142577113952431,4.16025521173382,0.000144820956300694,4.24233339309363,0.000527870475177362,16.1779631750457
0.00013344684648929,4.59383687775653,0.000149335375738284,4.51943663662084,0.000145529043109812,4.37711104533607,0.000144279736370466,4.20993600265379,0.00014708028919391,4.30851748429037,0.000534387394623996,16.3776911154784
0.000134733686344259,4.63813565691126,0.000152071288764821,4.60223540754575,0.000147255546422527,4.4290394890227,0.000146378317490369,4.27117046588073,0.00014856825388722,4.3521053908159,0.00054090431407063,16.577419055911
0.000136279447699222,4.69134767130839,0.000153931650563761,4.65853678442939,0.000148861150271842,4.47733161128976,0.000148645942517608,4.33733745843872,0.000150649578734303,4.41307497785774,0.000547421233517264,16.7771469963437
0.000137706105164188,4.74045959749401,0.000155635505735172,4.71010169627362,0.000150642205781458,4.53090083415351,0.000150557204713166,4.39310614592044,0.000152587888569964,4.46985513421104,0.000553938152963898,16.9768749367764
0.000139202671434152,4.79197809719508,0.000157959481506229,4.78043373374572,0.000152536788835975,4.58788465152099,0.000153042607026433,4.46562765824726,0.000154579448675836,4.52819518496965,0.000560455072410532,17.176602877209
0.000140497278934121,4.83654427340707,0.000159399047183981,4.82400027538188,0.000154388614763191,4.64358245277667,0.000155957472239418,4.55068046130703,0.000157307383946904,4.60810634693312,0.000566971991857166,17.3763308176417
0.000141747869779091,4.87959519962786,0.000160919819130734,4.87002441680263,0.000156264030829608,4.699989780163,0.00015792203656792,4.60800445083007,0.000159426744701281,4.67019014426447,0.0005734889113038,17.5760587580744
0.000144154545121533,4.96244372120597,0.000162623674302145,4.92158932864686,0.000157956623317224,4.75089828003682,0.000160565822361934,4.68514743207968,0.000160864501996964,4.71230729320785,0.000580005830750434,17.775786698507
0.000146227211728983,5.03379416932138,0.00016502295043173,4.99420023137378,0.000159895437882741,4.80921245889926,0.000162084171691792,4.72945132165679,0.000163482893855027,4.78900952953754,0.000586522750197069,17.9755146389397
0.000147634450081449,5.08223760286382,0.000167256861068077,5.06180656726659,0.000161946305609459,4.87089688688226,0.000165440683149169,4.82739091305895,0.000166577495272402,4.87966167869186,0.000593039669643703,18.1752425793723
0.000149431365291406,5.14409545544607,0.000168972528060433,5.1137289481704,0.000163613833574175,4.92105151524228,0.000167010811693886,4.8732056674762,0.000168220646467468,4.92779556319858,0.000599556589090337,18.374970519805
0.000150899450196371,5.19463349927048,0.000171419051473802,5.18776972713563,0.000165797395833894,4.98672702771016,0.00016878348834379,4.92493056965048,0.000169745125631779,4.97245311160204,0.000606073508536971,18.5746984602377
0.000152291153258837,5.24254213869837,0.000172809893390153,5.22986170890102,0.000167370563241808,5.03404355154759,0.000170294223083227,4.96901227322169,0.000171450655714806,5.02241430098355,0.000612590427983605,18.7744264006703
0.00015426154587379,5.31037185889304,0.00017424502963505,5.27329419963983,0.000169878489915531,5.10947504831186,0.000172044055961869,5.02007061737826,0.000173264207774545,5.07553984758726,0.000619107347430239,18.974154341103
0.000155830610163752,5.36438606446198,0.000175628489163309,5.31516276324299,0.000172898027733158,5.2002943930345,0.000174436560272005,5.08988146043306,0.000174736958104938,5.11868206999699,0.000625624266876873,19.1738822815357
0.000157408736706214,5.4187122332644,0.00017816360123377,5.39188456015506,0.000174906138332576,5.26069280490571,0.000176469655914292,5.14920512400923,0.00017642118807988,5.16801930161638,0.000632141186323507,19.3736102219683
0.000158685219701183,5.46265448300943,0.000179790679569034,5.44112592311202,0.000178494788258409,5.36862946753017,0.000179425639915548,5.23545773150088,0.000178945250887857,5.24195829642809,0.000638658105770141,19.573338162401
0.00016006786051115,5.51025115920385,0.000181553593845173,5.49447818025414,0.000182727743861147,5.4959450625979,0.000180977493443256,5.28073923950396,0.000181406934807872,5.31406998636501,0.000645175025216775,19.7730661028336
0.000161596791968613,5.56288381331022,0.000184782650396191,5.59220128441646,0.000185194387791269,5.57013488863353,0.000182872003539889,5.33601911777269,0.000183506516890457,5.37557439434582,0.000658435991617219,19.9124843359425
0.000163040279331079,5.61257509978659,0.000186415634641928,5.64162138190322,0.000187189228937387,5.63013419205625,0.000185532541432828,5.41365090823529,0.00018528811878807,5.42776400430634,0.00068881488391161,20.3095273539332
0.000165177676313527,5.6861538567126,0.000187816811901606,5.68402614909574,0.000189278430640306,5.69297160000156,0.000188378875332029,5.49670403724193,0.000186771519172505,5.47121820559713,0.000714218903918445,20.5541024760039
0.00016754421882347,5.76762082682813,0.000189232753937466,5.72687775261273,0.000191534237701326,5.76082003624455,0.000190545987765717,5.559938174522,0.000188400977440945,5.51895097439963,0.000811867673419431,23.0128057826714
0.000169065382635934,5.81998608387723,0.00019066198427189,5.77013150882175,0.000193287279920642,5.81354669682815,0.00019219987680506,5.60819697500419,0.000189940670968174,5.56405420691889,0.000839205055837054,23.3166338225629
0.000170653866038396,5.87466878208935,0.000192145844278188,5.81503855943133,0.000196762402301573,5.91806876494889,0.000193815692892301,5.65534484545686,0.000191634029560867,5.61365884900776,0.000920481424246595,25.2735623295403
0.000173274151618333,5.96487072274244,0.000194976251872291,5.90069708283287,0.00019867615234419,5.97562907229751,0.000195257896317952,5.69742687497493,0.000193934441233959,5.68104628731716,0.00102055998679235,27.8067329615269
0.000172075345073361,5.92360244357013,0.000196934061194033,5.95994757945803,0.00020078746980261,6.03913166099029,0.000196975747916828,5.74755203790671,0.000196508711439563,5.75645603971102,0.00106149315600146,28.527239236689
0.000174325372908307,6.00105845782658,0.000198602480902606,6.01044008412352,0.000203665466785035,6.12569384892906,0.000198714920368881,5.79829932165501,0.000198416592549389,5.81234482783272,0.00112752280042217,30.0168922455464
0.000177163152548239,6.09874751608328,0.000201165646047813,6.0880108700521,0.00020529171200615,6.17460680656044,0.000201174433074718,5.87006540156177,0.000199906078678991,5.85597730276983,0.00115784907339908,30.4123226077426
0.000179088233900693,6.16501742011052,0.000203619551849273,6.16227506717957,0.00020858548519198,6.27367439255184,0.000202584655220604,5.91121424985505,0.000201835259896902,5.91249004865364,0.00118258676605785,30.6364763957806
0.000177886838140722,6.12366000858579,0.000205946480575567,6.23269647191657,0.000210570005652198,6.33336327829241,0.000205138588847656,5.985735436235,0.000203729448080103,5.96797772107111,0.0012033023656359,30.7373626839181
0.000181228220098141,6.23868530938895,0.000207462823089465,6.27858656243998,0.000212233110465813,6.38338487050292,0.000207040713534709,6.04123750050964,0.000205348256294501,6.01539851099254,0.00122269246145168,30.7976254629512
0.000179795089595676,6.18935055232227,0.000209399961724552,6.33721148821089,0.00021420436147273,6.442674647795,0.000208709831754893,6.08994067300363,0.00020680883513456,6.05818418610963,0.00124311502715489,30.889530966106
0.000181673565078131,6.25401607400588,0.000210932545492251,6.38359309869122,0.000216719660064953,6.51832787147509,0.000211010960979983,6.1570852839876,0.000208229856631034,6.09981108252563,0.00126410393300449,30.9987934355311
0.000183315127388091,6.31052598544269,0.000213294909681381,6.45508691060696,0.000219229061122376,6.59380371362252,0.000212707491725681,6.20658832610285,0.000209704128397718,6.14299787334693,0.00128458276662555,31.0924234153253
0.000181769366033128,6.25731397104557,0.000216076593514083,6.53927087413774,0.000221458329276796,6.66085393296853,0.00021430807863208,6.25329182454371,0.000211228607562029,6.18765542175039,0.00130802511298144,31.2768779480113
0.000184746963283057,6.35981617633316,0.000218462581345105,6.61147962417263,0.00022418299035442,6.7428042010581,0.000215875161340629,6.2990177045586,0.000212658757676253,6.22954972863587,0.0013323487265898,31.4883412069439
0.00018752648558549,6.45549975666032,0.000220974069773675,6.68748648296555,0.000225961097096636,6.79628473315551,0.000217589967103337,6.34905399308802,0.000215446028962699,6.31119905865097,0.00135558342824097,31.6664319277775
0.000189705310007937,6.53050463122512,0.000223560858560773,6.76577220701328,0.000228118120449756,6.86116202872643,0.000219120499777867,6.39371338027457,0.000217038972760138,6.35786218557554,0.00137881076084391,31.8442968049684
0.000192284168147875,6.61928045423941,0.000225892216719921,6.83632766264762,0.000231156825255483,6.95255786343022,0.000220666261633238,6.43881713947293,0.000219029011429718,6.41615766792257,0.00141144465527139,32.3104502263334
0.000193550294282845,6.66286617457475,0.000227464665383312,6.88391573120404,0.000235706773353724,7.08940771587849,0.000223660318586598,6.52618067699409,0.000220481983088318,6.45872050098175,0.00143086085937699,32.3715131617893
0.000195049449767809,6.71447380662824,0.000230887140502315,6.98749239121696,0.000237787128754443,7.1519790515248,0.000225731487180987,6.58661527059978,0.000222642422622571,6.52200764542577,0.00145664422849128,32.6277144235654
0.000193845464792838,6.67302726275108,0.000232664819554636,7.04129148468355,0.000239431066579958,7.20142415375417,0.000228095056047525,6.65558180683215,0.000224271880891011,6.56974041422827,0.00148552630876193,32.9788837453776
0.000196578381225272,6.76710646073461,0.000235343149954063,7.12234759394302,0.000241154621125273,7.25326390667447,0.000230339837303503,6.72108224137243,0.000226153897583879,6.62487153935309,0.00150607530655869,33.0746640887625
0.000199470534380202,6.86666729839222,0.000237918126920215,7.20027584893117,0.000243187796247592,7.31441619005949,0.000231897782503547,6.76654149818024,0.000227740755636151,6.67135639263134,0.00152497089969692,33.1197715475349
0.000201131515802663,6.92384570247221,0.000240239149736036,7.27051851913838,0.000244781605027306,7.36235354926123,0.000234046619920226,6.82924238904614,0.000229187641549584,6.7137409520442,0.00154378833468671,33.1624836466372
0.000202989277565118,6.98779816533643,0.000241972534459811,7.32297710363155,0.000246521377793322,7.41468110139635,0.000235868029948821,6.8823892816582,0.000231081829732785,6.76922862446167,0.00156223501584077,33.1938330304835
0.000204252814485087,7.03129475331933,0.00024383437273637,7.37932316414764,0.00024855012976454,7.47570034863187,0.000237590450301949,6.93264775619352,0.000232601744588221,6.81375246763039,0.0015797078618311,33.1953367037658
0.000206526145255033,7.1095529587476,0.00024556332802729,7.43164769774347,0.000250618690095659,7.53791692121286,0.00023969207725802,6.99397109382282,0.000235025392600944,6.8847499472778,0.00159765620763331,33.2114133050828
0.000208830546604977,7.18888075240496,0.000247215506482063,7.48164868245204,0.000252205126956873,7.58563255349878,0.000241341397543111,7.04209658270146,0.0002372588610772,6.95017637547767,0.00161549696529489,33.2241925881011
0.000210070780589948,7.23157514921605,0.000248600442487941,7.52356192968764,0.000255072803253399,7.67188432375539,0.000242913049005912,7.0879557743199,0.000238681404009965,6.99184784030525,0.00163350478304699,33.2420918619495
0.000213139000364874,7.33719698683849,0.000250367786196934,7.5770482377271,0.000256617957371013,7.71835828531268,0.000245256819937357,7.15634462693692,0.000241121787821897,7.06333557248004,0.00165149884459202,33.259569541066
0.000215497775229817,7.41839655989675,0.000251994864532198,7.62628960068406,0.000257987659828325,7.75955514627329,0.000247402611517867,7.21895664340046,0.000242574759480497,7.10589840553923,0.00166863706798172,33.2508178347334
0.000214187632439849,7.37329558957021,0.000253461006807077,7.67066044770427,0.000259506275039339,7.8052308909336,0.000249024519277444,7.26628226265785,0.000243988173795512,7.14730245989732,0.00168595133289843,33.2474613787042
0.000216181327989801,7.44192750093669,0.000254860707589137,7.71302053126434,0.000262090869665462,7.88296834762247,0.000251531242443889,7.33942589580121,0.000245829111708503,7.20123023790948,0.00170483607324179,33.2922362253603
0.00021909290025723,7.54215683123747,0.000256272220192143,7.75573808388399,0.000264274431925182,7.94864386009035,0.000254050148955006,7.41292502655401,0.000247762857235289,7.25787668902804,0.00172523870147494,33.3835306929078
0.000221551359899671,7.62678799986405,0.000258548948679418,7.82464024511779,0.000267683207039612,8.05117038596865,0.000256607128418226,7.48753508733632,0.000249177792986596,7.29932531179771,0.00174429324140654,33.4335094894247
0.000222803245352141,7.66988349226105,0.00026006233823808,7.8704409683763,0.000269226886773526,8.09760000214277,0.000258119386075747,7.53166122810871,0.000250845287162329,7.34817229088971,0.0017618653782798,33.4380561899708
0.000224688193872096,7.73477184482572,0.000262099877351205,7.93210438115363,0.000272090139918952,8.18371873624988,0.000260983994991957,7.61524760352952,0.000252366723454057,7.39274070247001,0.00177898261110793,33.4286611733033
0.000227206205459535,7.82145305755806,0.000264056210195329,7.99131019414635,0.000273919850090669,8.23875135675809,0.000263184611623496,7.67945935923556,0.000254038781938666,7.44172138679676,0.00179723555835772,33.4540730779451
0.000228451617874505,7.864325719074,0.000265919524949506,8.04770093829488,0.000275351476663382,8.28181072381164,0.000265377613664614,7.7434489289357,0.000255862984052448,7.49515891228153,0.00181664844640773,33.5150343842559
0.000231780053756925,7.97890535811505,0.000268001358391177,8.11070486004563,0.000277033748465097,8.33240880600331,0.000267428984323909,7.80330583892603,0.000257684143293646,7.54850730094315,0.00183622335852221,33.5809613392848
0.00023407150903187,8.05778749001028,0.000269708166517824,8.16235913915475,0.00027851255531621,8.37688722531816,0.00026999357837755,7.87813808571425,0.00025931664443467,7.5963292065688,0.00185426718926496,33.5999643248653
0.00023614935406932,8.12931620283054,0.000271987847960336,8.23135066765343,0.000279991362167323,8.421365644633,0.000271461671410632,7.9209755476524,0.000260865466579649,7.64169984955754,0.00187144689304995,33.5924838930955
0.000237937207026777,8.19086209217931,0.000273349160324322,8.27254897676988,0.000281501131076137,8.46677531699432,0.000273283081439227,7.97412244026446,0.000262586211025593,7.69210672305486,0.00189120618479119,33.6640616411733
0.000239947732474229,8.26007336383654,0.00027550777060214,8.33787644740788,0.00028291506504445,8.5093025394499,0.000274760311980813,8.01722652540969,0.00026528676044341,7.77121565360988,0.00191181367025855,33.761634491292
0.000242109726999177,8.33449887811058,0.000277081695743149,8.38550919959674,0.000285083883467169,8.57453459808613,0.00027621165291497,8.05957517813485,0.000268991457813767,7.87973973580791,0.00193133485679641,33.8259148863388
0.000243522143781643,8.38312057635787,0.000278552267450883,8.43001409751428,0.000287466487526391,8.64619673728134,0.000277967577465948,8.11081127109614,0.000272288410257941,7.97631948370241,0.0019505078164265,33.8795229624073
0.000246225284241578,8.47617475228852,0.000280673965788246,8.49422447734111,0.000288986577121104,8.69191682732482,0.00027949506430431,8.15538178388034,0.000274669458054495,8.04606904782557,0.00197628790180736,34.1356235856348
0.000248307013101528,8.54783716363741,0.000282481174392931,8.54891724345665,0.000290836928664621,8.74757028319733,0.000281031688651177,8.20021891987162,0.000277406521943313,8.12624762025852,0.0019911953226451,34.3255016957561
0.00025195651164394,8.67346921437903,0.000284102346817722,8.59797987188382,0.000292812602822639,8.80699309663891,0.000282533285882109,8.24403400023574,0.000278970558451209,8.17206394736307,0.00199877082020786,34.2663934808755
0.000255727703291349,8.80329048568458,0.00028674671823193,8.678008257597,0.000295845410093566,8.89821154981003,0.000283958737208836,8.28562722054083,0.000281505271313228,8.24631492105584,0.00201710566852088,34.2457545100636
0.000257422344508809,8.86162761034609,0.000288109507073535,8.71925125034589,0.000298008330981486,8.96326622691361,0.000287089856789765,8.37699010616825,0.000283195587033337,8.29583042632155,0.00203408021542144,34.1834255656831
0.000259772057121252,8.94251522017086,0.000289574172870796,8.76357741373364,0.000299756950049701,9.01585985134771,0.00028882598340565,8.42764851551419,0.000285044132127787,8.34998104639161,0.00205108596119613,34.1220527919176
0.000261548258611209,9.00366001393373,0.000291923248761363,8.83466907295735,0.000303426691079034,9.12623551004627,0.000290435707820554,8.47461863716214,0.00028723956469675,8.41429326430197,0.00206835610233216,34.0687831014282
0.000263084957713672,9.05656006509737,0.000293736363276521,8.88954057360268,0.000304917292999748,9.17106869242645,0.000293222647914475,8.55593871532274,0.000289155052988035,8.47040489448157,0.00208524130068497,34.0037158384955
0.000265222354696121,9.13013882202338,0.000295540618925969,8.94414397245333,0.000306745528787764,9.22605696755148,0.000295791810722368,8.6309042737145,0.000290641496245053,8.51394823259552,0.00210191682200667,33.9322224777843
0.000266421161241092,9.17140710119569,0.000297491045859621,9.00317105091626,0.000308809665967783,9.28814050398298,0.000298124921227224,8.69898206592326,0.000293091008674735,8.58570337523979,0.00211957384966241,33.8908099305966
0.000270758096365988,9.32070379150588,0.000298850881745989,9.04432467640025,0.000310481617083598,9.33842816849248,0.000301070244801892,8.78492361300663,0.000295890451451514,8.66770925254754,0.00213735738229979,33.8532744574839
0.000273668374025918,9.42088855563045,0.000300662519783529,9.09915149341313,0.000313647118887527,9.43363770614849,0.000303829772370299,8.86544382154598,0.000297746603727422,8.7220827146755,0.00215415233899263,33.7854415042534
0.000274906018795888,9.46349382008912,0.000302609993761943,9.15808920461117,0.000315754013194846,9.49700725869178,0.000305442542621371,8.91250281759629,0.000300403031492779,8.79989916129469,0.00217010873326992,33.6919086255358
0.000277244079940832,9.54398033432799,0.000304632768098887,9.21930578106402,0.000317163524012058,9.53940144499786,0.00030695784611506,8.95671783277104,0.000302491963521321,8.86109159039444,0.00218772993583376,33.6493981252614
0.00027939960142828,9.61818301772097,0.000306646683570121,9.28025425572218,0.000318689511141572,9.585298916574,0.000309080793924309,9.01866329121687,0.000303990578268673,8.90499147580103,0.00220482124150436,33.5906475569615
0.000280711038825749,9.66332855422372,0.000308134973009273,9.32529535722909,0.000320759545856391,9.64755983453815,0.00031068594958496,9.06550010126128,0.000305391821093354,8.94603898286649,0.00222242844067319,33.5477078862381
0.000282197248235713,9.7144905245151,0.000309714804060754,9.37310684394775,0.000322761758921009,9.7077808648767,0.000312502790859303,9.11851368226979,0.000308344928935598,9.03254626974384,0.00224065025358157,33.5236046515592
0.000284192238393165,9.78316700205778,0.000311389129679801,9.42377808314302,0.000324926154192628,9.77287988736344,0.000315183126687336,9.19672315634774,0.000311488216314308,9.12462460806873,0.00225874722478227,33.4956753181597
0.000285801435515626,9.8385627590893,0.000313097414284066,9.47547704588459,0.000326469833926542,9.81930950353756,0.00031706697635738,9.2516919742082,0.000313222653686877,9.17543259727027,0.00227628531795559,33.4506177145284
0.000287277288065591,9.88936819997097,0.0003145842272456,9.52047346375906,0.000328830322230263,9.89030646198529,0.000318632536147845,9.29737341702192,0.000316187933019455,9.26229643144027,0.00229368649720826,33.4013640278223
0.000285917950190623,9.84257371494838,0.000316382576984576,9.57489812807991,0.000330901831328782,9.95261172533261,0.000320091491672422,9.33994425575298,0.000317858470067772,9.31123254735543,0.0023112549384805,33.3572365205873
0.000288324625533065,9.92542223652648,0.000318282803679208,9.63240596303963,0.000333549824454006,10.0322560334976,0.000322127633150876,9.39935679373151,0.000319259712892453,9.35228005442088,0.00232920909031493,33.3249301163782
0.000289564859518036,9.96811663333757,0.000319784381416924,9.67784921723857,0.000336367371704731,10.1170000607266,0.000324145499612322,9.45823608529587,0.000320957635794021,9.40201840174449,0.00234709237903191,33.2904519276906
0.000291067898825499,10.0198579639197,0.000321365688946023,9.72570538758967,0.000337865345543945,10.1620549700226,0.00032593492836115,9.51044979668314,0.000325199400175359,9.52627513323036,0.00236561794750303,33.2756580719961
0.000292398755335467,10.0656719930656,0.000323203903580691,9.7813365099866,0.000340346733311067,10.2366882498899,0.000328382257722315,9.58186037898045,0.000327686948512334,9.59914448616414,0.00238456524991917,33.273789349555
0.000294530973887916,10.1390724852868,0.000324986012065866,9.83526965435053,0.000341850604685081,10.2819205407185,0.000330505205531563,9.64380583742628,0.000330287083134896,9.67531190155487,0.00240377076251245,33.2798341493387
0.000293308864407945,10.0970020149427,0.000326651478819204,9.88567279175113,0.000344063654618801,10.3484829608497,0.000332250469655953,9.69473086997931,0.000331738533357205,9.71783016620247,0.00242328801675375,33.2954330824544
0.00029603401319538,10.1908138158689,0.000328740694648966,9.94890013166411,0.000346368116341922,10.4177947947372,0.000333936339975063,9.74392285168629,0.000333145861927053,9.75905594691424,0.00244208954132403,33.2890966189046
0.000298198596935328,10.2653284624954,0.000331126682479988,10.021108881699,0.000347731921264434,10.4588142741651,0.000335809529218518,9.79858060913849,0.000335105471870798,9.81646006102967,0.00246018081198007,33.2609925774925
0.000300034350370284,10.328523300364,0.00033278033741238,10.07115455004,0.000349299191137548,10.5059534164699,0.000337498445373795,9.84786146524783,0.000337367847636598,9.88273328904957,0.00247961798824883,33.2741373129369
0.00030183773861774,10.3906039838273,0.000334249432642495,10.1156147643251,0.000352247958537574,10.5946441828006,0.000340321935501734,9.93024803623676,0.000340468534799139,9.97356371185021,0.00249770620917476,33.2459398046162
0.000303133640725209,10.4352147262155,0.000335618127394573,10.1570364916038,0.000354242799683693,10.6546434862233,0.000342636770989581,9.99779258203135,0.00034285566834086,10.0434915496197,0.00251583166590389,33.2188834842981
0.000304634090817673,10.4868669244452,0.000337140375818944,10.203105316657,0.000355640515431305,10.696682909464,0.00034461504158084,10.055516506365,0.000344349718779336,10.0872577297915,0.00253399013986154,33.1928390627925
0.000306638143227625,10.5558553652214,0.000339014025916449,10.2598088462327,0.000357949400305526,10.766127779501,0.000346460818298781,10.109374394196,0.000345877240816231,10.1320044150182,0.00255267217474775,33.1828405272012
0.000308059622262591,10.6047890267022,0.000340720834043096,10.3114631253418,0.000359877894185143,10.8241315406813,0.000348891395561019,10.1802961672803,0.000347728828783264,10.1862441719114,0.00257168595550211,33.1830092062782
0.000309644221842553,10.6593380263857,0.0003426107253944,10.3686581748744,0.000361427471453857,10.8707385383881,0.000351468172959333,10.255483911678,0.000349560638078504,10.2399045394541,0.00258920123438035,33.1372523992571
0.000311776440395001,10.7327385186068,0.000344174315192081,10.4159781416361,0.000364578229420786,10.9655046222124,0.000354172875476712,10.3344043809748,0.000351821492408012,10.3061331990624,0.00260710847420766,33.1035082546184
0.000313361039974963,10.7872875182903,0.000345689181228361,10.4618235485271,0.000365970047633598,11.0073666639205,0.000356789248745212,10.4107474926032,0.000353466165039369,10.3543116519807,0.00262507936176144,33.0717147600417
0.000315525623714911,10.8618021649168,0.000347545113594447,10.5179908745134,0.000368035659197317,11.0694945457352,0.000358994434131003,10.4750925599127,0.000354998251385139,10.399192042442,0.00264227724323234,33.016230484239
0.000318984814954828,10.9808829877552,0.000349051120765018,10.5635681796097,0.000369742995521932,11.1208464994406,0.000361289471683756,10.542059422092,0.000356708345777041,10.4492869370583,0.00265933555076477,32.9564686022
0.000320324733717296,11.0270089801346,0.000351691062746372,10.6434625144255,0.000372041559710253,11.1899809517954,0.000362926608624174,10.5898294133612,0.000358786627751541,10.510167387277,0.00267646942982658,32.8990228061646
0.000322421997867245,11.0992061855981,0.000354478652489546,10.7278252124861,0.000373423057237165,11.2315325758214,0.000364601818516695,10.6387103346599,0.00036023807797385,10.5526856519246,0.00269448829098956,32.8686995875733
0.000324484307614696,11.1702001043038,0.000356274049273285,10.782160509542,0.00037508026451598,11.2813767864992,0.000367831927773091,10.7329616383641,0.000362934063082791,10.6316608772449,0.00271217447723366,32.8281806811379
0.000326125869924656,11.2267100157406,0.000358453330237758,10.8481135510343,0.000377041194836998,11.3403561461091,0.000370483328157526,10.8103268056196,0.000365525069087604,10.7075608821661,0.00272975269223611,32.7843527152769
0.000329915186077065,11.3571552135131,0.000360018396513058,10.8954782014285,0.000378763274998614,11.3921515536463,0.000373220011954671,10.8901804561412,0.000367090627031792,10.7534217776822,0.00274725013906519,32.7380493987457
0.000333927174719469,11.4952657935941,0.000361611515863103,10.9436918408391,0.000380362981313128,11.4402662943807,0.000375711505940275,10.9628797172728,0.000368523820018599,10.7954052213909,0.00276466920929283,32.6893440274843
0.000336535808831906,11.5850666386613,0.000363423153900642,10.998518657852,0.000381804928571741,11.4836360791164,0.000377773537026159,11.0230476876714,0.00037006503498212,10.8405530223217,0.00278266529449797,32.6583227804474
0.000338145005954367,11.6404623956928,0.000366327385375655,11.0864113628759,0.000384476511836165,11.563989913412,0.000381160506845219,11.1218760230971,0.000371869458424109,10.8934111584559,0.00280048579395781,32.6219202517228
0.000339826701096827,11.6983538585922,0.000368589349086748,11.1548666877852,0.000386556867236884,11.6265612490583,0.000383964199038065,11.2036849104707,0.000373346773063376,10.9366870861004,0.00281773714272663,32.5680746202801
0.000341847583404278,11.7679216596591,0.000370387698825723,11.2092913521061,0.0003883939493271,11.6818155964823,0.000386458738859837,11.2764730460046,0.000375420490729001,10.9974338310843,0.0028370238153283,32.5766067795367
0.000343072282099249,11.8100812623557,0.000372512350118323,11.2735910991978,0.000390761809549322,11.7530342818459,0.000388018206977965,11.3219767400136,0.000377037777507108,11.0448100525942,0.00285567690650651,32.5657211887602
0.000346315273886671,11.9217195337667,0.000375195109950605,11.3547812593546,0.000392665238906039,11.8102841715124,0.000390415280042354,11.3919208946719,0.000378603335451296,11.0906709481103,0.00287324106792296,32.521462514217
0.000347516669646642,11.9630769452914,0.00037733157306415,11.4194384755059,0.000394926943501859,11.878309989288,0.000392778848908892,11.4608874309043,0.000380161286214025,11.1363090015686,0.0028906080297954,32.4711601469285
0.000349959593999083,12.0471733198035,0.000379318911938256,11.47958264478,0.000396293697191772,11.9194181594823,0.000394811944551178,11.5202110944805,0.000381638600853293,11.179584929213,0.00290914344608018,32.4566681030879
0.000351391429894049,12.096463510694,0.00038141551015611,11.5430334028552,0.000397734170066684,11.9627435988348,0.000397021698691221,11.5846894733936,0.000383400424079114,11.231195149823,0.00292663085011157,32.4100569989104
0.000353557308241497,12.1710227234966,0.000383091312252774,11.593749325683,0.0003994223394032,12.0135190625592,0.000399852803409581,11.6672982303884,0.000385741914532083,11.2997859352451,0.00294364780290998,32.3490276935249
0.000355391767068952,12.234172995189,0.000385682530472727,11.672169100628,0.000402169116236324,12.0961345113962,0.000401939201184811,11.7281771960059,0.000387920611301837,11.3636079006281,0.00296246881998718,32.34328862853
0.000358304633943882,12.334446891666,0.000388675350604832,11.7627428235988,0.000403625807331938,12.1399477499636,0.00040419921162163,11.794122002558,0.00038932337556281,11.4046999761051,0.00298080589096713,32.3227177771253
0.000360835591606321,12.4215737661605,0.000391898501245377,11.8602871932313,0.000405405388457854,12.1934726274442,0.000407272460315363,11.8837962745406,0.000390968048194168,11.4528784290234,0.0029989123470569,32.2950791328121
0.000362619560741279,12.4829859569806,0.000393992146507995,11.9236485840416,0.000406950542575468,12.2399465890015,0.000409826393942415,11.9583174609205,0.000393387131898015,11.5237422034361,0.00301639100795637,32.2482000726246
0.000364452724961234,12.5460916624968,0.00039577425499317,11.9775817284056,0.000408820061107084,12.2961765348551,0.000412013304311197,12.022129281816,0.000395256977100549,11.5785167812682,0.00303466180294296,32.2255980210856
0.000365762867751203,12.5911926328233,0.000397587369508328,12.0324532290509,0.000410309188644098,12.3409653718521,0.000414040308281147,12.0812751965874,0.000397676060804396,11.6493805556809,0.00305307671334444,32.2074127611358
0.000368660199336133,12.6909317351858,0.000399336995485903,12.085403333501,0.000412298132255416,12.4007872937422,0.000416236356158433,12.1453536406899,0.000399869971937067,11.7136482051797,0.00307082656489174,32.1688450434469
0.000370177479326097,12.7431632937063,0.000400721931491781,12.1273165807366,0.000414664518093937,12.4719616337226,0.000418155232944411,12.2013445141775,0.000401867617788106,11.7721665295846,0.00308809499496186,32.1155229128938
0.00037171029460606,12.7959296463413,0.000403010471800001,12.19657621103,0.000416902632550557,12.5392779253676,0.000420016238843193,12.2556467740203,0.000404073700411111,11.8367907263761,0.00310533888162067,32.0614485856883
0.000374180405716,12.8809619105538,0.000405148411391165,12.2612781108137,0.000418508236399872,12.5875700476347,0.000421496515220948,12.2988397335679,0.000407200251990612,11.9283788121736,0.00312377244770822,32.0438350777431
0.000375749470005963,12.9349761161227,0.000408435050569293,12.3607438766415,0.000420889366075393,12.6591878414467,0.000423517427518561,12.3578078995346,0.00040917964060615,11.9863623156395,0.00314121799482623,31.995941159627
0.000377189073545928,12.9845337040704,0.000410708826101331,12.4295566706104,0.000422928438732511,12.7205175063644,0.000425052528947344,12.4026005983247,0.000410688905407544,12.0305741799272,0.00315831086535995,31.9372385506262
0.000378639033945893,13.0344478214279,0.000412154297689556,12.4733019467763,0.000424736033148728,12.7748849461251,0.000427600370902059,12.4769440358999,0.000413381847643902,12.1094602684243,0.00317616941653615,31.9020022156838
0.000379916811548363,13.0784346373491,0.000414088483369407,12.5318375052823,0.000426609974831445,12.8312479281283,0.000430049223181308,12.5483990553984,0.000416765521956704,12.2085804157789,0.00319345121757927,31.849089873363
0.000378008092342375,13.1252736885479,0.000416077298721131,12.5920263581889,0.000428022434416057,12.8737308052007,0.000432150850137379,12.6097223930277,0.000419963581041916,12.3022632169207,0.00321023396542864,31.7808827483813
0.000379829496924031,13.1760791294296,0.000418069067028092,12.6523045783603,0.000429785797321273,12.9267678834664,0.000434279889618964,12.6718456002783,0.000423493313238725,12.405661931787,0.00322740133652813,31.7244634029198
0.000383053738480228,13.2317422835184,0.000420100700230744,12.7137892566079,0.000431443004600088,12.9766120941443,0.000435968805774242,12.7211264563876,0.000425258179337129,12.4573612892201,0.00324478170242139,31.6745718367
0.000388958486908284,13.2835727464529,0.000421839990864992,12.7664265756308,0.000433027967077602,13.024283381047,0.000438574518616154,12.7971585076077,0.000427182796246165,12.5137403298692,0.00326224742903153,31.6272963715872
0.000395509154636822,13.3211865991759,0.000423577805021621,12.8190192110214,0.000434680751205317,13.0739945555754,0.000441253331526102,12.8753235444845,0.000429536458189468,12.5826876625839,0.00327971372490985,31.5800383531775
0.000399610404697309,13.3718137753527,0.000425026229565082,12.8628538544522,0.000436503089458534,13.1288054491678,0.000443470700256566,12.9400241094035,0.00043337808482608,12.6952229018241,0.00329699018040908,31.5269621827655
0.000405291394199935,13.414329907459,0.000426563242765635,12.9093695158299,0.000438012858367347,13.1742151215291,0.000445053012145956,12.9861943614302,0.000436382921502243,12.7832455146952,0.00331362525860465,31.4542293373019
0.000410150900671036,13.4523448557678,0.000428893124447165,12.9798802878318,0.000439686283866863,13.2245471314218,0.000446990163948944,13.042718481332,0.000438444467677534,12.8436357123865,0.00333069422322702,31.3947940694925
0.000418659312991183,13.5187930244999,0.00043172205556365,13.0654941276009,0.000441684073780381,13.2846351256108,0.000449055240870996,13.102975326133,0.000440359955968819,12.8997473425661,0.00334837286380263,31.3540439064277
0.000419112701400526,13.5762833918134,0.000434254214678874,13.142126557248,0.000443786544936599,13.3478716420046,0.000451799539258562,13.1830511626605,0.000442109607704306,12.9510010158835,0.00336611906530665,31.3153643236721
0.000424523998734433,13.629807369444,0.000436632820121805,13.2141118891207,0.000445636896480116,13.4035250978771,0.000455293113343509,13.2849901021689,0.000443781666188915,12.9999817002102,0.0033842312084944,31.2878999752629
0.000423047669581363,13.5885390902717,0.000438699888787295,13.276668974547,0.000447796868600636,13.4684910842144,0.000457064267075329,13.336670567142,0.000445782354912537,13.0585891614383,0.00340183922018781,31.244985206468
0.000427786782763863,13.6689364721581,0.000442324641339992,13.3863672922052,0.000450372616924559,13.5459624686042,0.000458469920466962,13.3776861038317,0.000447976266045208,13.1228568109371,0.0034196143464776,31.2071920989769
0.000426422851212598,13.62561814888,0.000444062455496621,13.4389599275957,0.000453311063638685,13.6343428172528,0.000461952834125321,13.4793139829319,0.000434218406613703,13.1920269857097,0.00343728876457535,31.1663125270993
0.000431653093046469,13.6970577293479,0.000446532602551881,13.5137156446801,0.000455025771881801,13.6859164978741,0.00046357931063915,13.5267729137928,0.000449468795047394,13.1665784226974,0.00345472353872191,31.1180884432636
0.000439499336886411,13.7755833318334,0.000448617388948789,13.5768089336957,0.000458335763288331,13.7854718830803,0.000424483128157609,13.6095594195924,0.000435405188110618,13.2564729088548,0.00347221813754473,31.0716978421758
0.000447685700891291,13.8186788242304,0.000450076148835577,13.6209563625537,0.000459785082465444,13.8290633947319,0.000424432799718806,13.6867468380432,0.000434708076147982,13.2983672157403,0.00348972215575118,31.0255959225898
0.000456936733278788,13.8825421547422,0.00045166336227515,13.6689912674346,0.000463441554041477,13.9390399449819,0.000427510584772818,13.7692667206357,0.000436524722740919,13.3416431433848,0.00350750319497124,30.9879840322203
0.000463740662521294,13.9179722648307,0.00045309554556481,13.7123343909085,0.000451588667009265,13.9684852794037,0.000429005499527389,13.8339228483535,0.00043941125229627,13.3879942914283,0.00352534483855722,30.952229520216
0.000465058902795971,13.9669950586639,0.000454911613035204,13.7672952588187,0.000452388736028829,14.0311453058164,0.000430329574601544,13.8774713055105,0.000440774277192449,13.4642062752306,0.00354371889578369,30.9327922085
0.000470581190583739,14.0050991393252,0.0004562817842649,13.8087616697298,0.000452824491852482,14.0762445604955,0.00043145265490132,13.9375504015068,0.000443685652765461,13.5215658209344,0.00356148469842624,30.8947133535976
0.000471960395528222,14.0603166316519,0.000458853808275817,13.8866005574531,0.000453180192302954,14.160855551575,0.000432025169360626,13.9906528569177,0.000446517419456177,13.5770534933519,0.00357975381907359,30.8720599875793
0.000477322211503145,14.1025653667008,0.000460907588642742,13.9487554901873,0.000451977416410599,14.2065756416185,0.000430790927923149,14.0778830828353,0.000447830650514453,13.6353935441105,0.00359842211208589,30.8616402965331
0.000484652098118969,14.1892911456094,0.000462505137425642,13.9971031804953,0.000451284846595029,14.3015191069755,0.000430032467636957,14.1556926221026,0.000452528307371675,13.6867809226626,0.00361795179658135,30.8776201871061
0.000493179324028317,14.2505250717247,0.00046406282131285,14.0442444127273,0.000449992300026559,14.3975268615285,0.000428977167431735,14.2019517485317,0.000455270730731792,13.786123912075,0.00363637799386628,30.8597808430456
0.000490063939877945,14.2099252851955,0.000466010295291265,14.1031821239253,0.000448642273026415,14.4870158447562,0.000432208024687801,14.2439004664462,0.000454948853214587,13.7434719421927,0.00365454492842535,30.8339957186681
0.000497666687988703,14.2417455350109,0.000468021257807262,14.1640412313186,0.000445872681466285,14.5587666747177,0.000433603173886357,14.3070012921227,0.000457849027851734,13.8186142841171,0.00367194415383699,30.7846821514241
0.000507586303839952,14.2995032993817,0.000470334898234992,14.2340604833636,0.000446952849597101,14.6243978418024,0.000435474313030038,14.3741014659055,0.000461140627964623,13.880430670979,0.00368928741606144,30.7336534468039
0.000510485932671407,14.3391671962103,0.000472982222604437,14.3141782363416,0.00044889712927092,14.7081219252186,0.000434628107045554,14.4553326696637,0.000468574047994794,13.9225032515108,0.00370714248944702,30.6983105259259
0.00051741240408999,14.3991532693917,0.000475563105481062,14.3922852258596,0.000451169586258278,14.7664361040811,0.000435306396463366,14.5408742819365,0.000473786199336243,13.9752276824102,0.00372597046771333,30.6927848046704
0.000520295420791673,14.4586045484585,0.00047697314160645,14.4349580948468,0.000453413620541116,14.8082094550228,0.000437331339113906,14.5859780411349,0.000472593165746479,13.9315952074731,0.00374395321959106,30.6613549231482
0.000524286656184807,14.5148916290142,0.000478383177731837,14.477630963834,0.000452915608302746,14.8586301556818,0.000435228682343996,14.6773409267623,0.000478733516933327,13.9709491148985,0.00376132019459269,30.6110529582381
0.000524871195293481,14.5687721360545,0.000481469015953889,14.5710197556489,0.000455138298036282,14.9368554115855,0.000434868344183217,14.7293768893448,0.000484549078695562,14.0277738396634,0.00377879740451617,30.564129429119
0.000527980043476959,14.61070890787,0.000483045894050134,14.6187418751027,0.000455190495296991,15.0061229000898,0.000433112123413595,14.8133187623751,0.000490428995600723,14.0939579308602,0.00379662183114577,30.5278472587222
0.000532635648809729,14.6694916942937,0.000484823573102455,14.6725409685693,0.000454671226690972,15.0706897779785,0.000435131890784258,14.938009548888,0.000497265237119238,14.1411558787237,0.00381484404986768,30.5037564612539
0.000539362311630748,14.7489531864797,0.00048715788421684,14.7431857914685,0.000456068811679025,15.1514427207226,0.000437327411333359,15.0300389925331,0.000501427973120968,14.2339918800454,0.00383315887924985,30.4825039582567
0.000540676459364655,14.799268399423,0.000488576779207936,14.7861267622504,0.00045661966507627,15.2085152288565,0.000437040290328864,15.0830081363404,0.000504825698226535,14.3283432073609,0.00385084693065973,30.4420422146761
0.000544308632100583,14.8547978549831,0.000489969097601905,14.8282634276482,0.000455365754827643,15.2847892879009,0.000438475993958192,15.1372215217808,0.000507529345263168,14.370282082658,0.00386848269573201,30.3999780203352
0.000549932999360586,14.923919994288,0.00049296191773401,14.918837150619,0.000455479719066215,15.3488240211916,0.000436298813228211,15.2431598093955,0.000508185502680693,14.4181039882836,0.00388608057167838,30.3567526152192
0.00055436949065348,14.9879170233284,0.000495260793385558,14.9884095663395,0.000455652530838912,15.408734633848,0.000437480739000825,15.3043942726225,0.000513133777752434,14.4624941262176,0.00390413597483002,30.3275493208793
0.000558828585617971,15.0636795228888,0.00049745779208145,15.0548988114211,0.000456939031379074,15.4678913749906,0.000437111255319013,15.3514088314716,0.000510317753630274,14.4088337586749,0.00392196964144035,30.2915503337162
0.000560979368793273,15.1377039415769,0.000499790626718216,15.1254989506879,0.000459338215186391,15.5125028304549,0.000435237866114679,15.4381946853774,0.000525205305285907,14.4677977671957,0.00393925704335026,30.2388096445202
0.000562972978385013,15.2133773087849,0.000502161849773056,15.1972608643983,0.000463664924862431,15.5550743982937,0.0004358939451318,15.5034284967106,0.000518492927012806,14.4321430379314,0.00395682587264467,30.1946940292335
0.000563249706293457,15.2692187275785,0.000504129994438126,15.2568241464506,0.000468000119449202,15.596448640787,0.000437309214687178,15.5662182619789,0.000531284559896407,14.5112074000749,0.00397460103538127,30.1569020387496
0.000564190985616559,15.3165925728919,0.000505576942503969,15.300614106249,0.000475324340286984,15.6305502404411,0.000438873897815101,15.6091445983194,0.000533145460852463,14.5641546730323,0.00399252158620089,30.1235658440791
0.000565003376191433,15.3784949916503,0.000507550993079511,15.3603561228311,0.000482663617002794,15.6771572381479,0.000446470295949794,15.6744672840549,0.000537945210082573,14.6077425795578,0.00401060295310398,30.0951582764084
0.000566997167258195,15.4432050795102,0.000510514283659252,15.4500361731529,0.000487739614068735,15.7237198904715,0.000449010476172444,15.7301915343355,0.000540675088005563,14.6627399994479,0.00402887594753368,30.0726236325219
0.000567758366867767,15.4987345350703,0.000512578399369505,15.5125038913143,0.000492933032782433,15.7641628799183,0.000451437566283049,15.6813106130367,0.000544671600280358,14.7156872724053,0.00404659259941134,30.0330384246377
0.000569291326183179,15.5621076376438,0.000514261583854261,15.5634432323042,0.000501289149434374,15.8073109377382,0.000452837000492631,15.7639638072328,0.000552864267943033,14.7863727731716,0.00406414063832647,29.9882856341229
0.000571119024765032,15.6261937990366,0.000515927050607598,15.6138463697048,0.000508311926611603,15.8748933016822,0.000455494819725685,15.8044460975083,0.00055669641000506,14.8408353721227,0.00408199301762192,29.9528601458482
0.000573152031633162,15.6828819751783,0.000518596522141316,15.6946343771696,0.000509689622334458,15.9591495296964,0.000458764088380639,15.8561265624814,0.000553495538975464,14.8832644999472,0.00409934874079187,29.9022133393014
0.000575755884919996,15.7352472322274,0.000520261988894653,15.7450375145702,0.000508881632996212,16.0230068814545,0.000459754269823197,15.9172277141048,0.00055580181385125,14.9469081916839,0.0041170732283104,29.8628682750042
0.000579385735213146,15.783512401065,0.000521642495467676,15.7868167109085,0.000510609816429159,16.1027398803858,0.000460674787815692,15.9783733029294,0.000559293932933013,14.9962899917148,0.00413494905899329,29.828161515471
0.000582695254717064,15.8522334447839,0.000523011190219754,15.8282384381871,0.000512347715165039,16.1716969512079,0.000463101823885542,16.0255211733821,0.000565091980231389,15.035777604375,0.00415251770175594,29.7840401834336
0.000586357784844687,15.8938136871897,0.000525279059841319,15.8968724976263,0.000512464003477778,16.2176387681672,0.000464940457162275,16.0786680659941,0.000571582455689695,15.0779838901415,0.00417004308467829,29.7385930411146
0.000591378315473422,15.943504973666,0.000526847079071855,15.9443265152853,0.000513278259585306,16.2779484892721,0.000468001414836571,16.1315038981979,0.000575996135497403,15.1213489546091,0.00418748910688476,29.6907136833197
0.00059534432229381,15.9990344292262,0.000528923006603054,16.0071517025063,0.000517081131813112,16.3341784351258,0.000471406299826869,16.1862505300525,0.000580477734422354,15.1750538905634,0.00420543612701185,29.6581887093966
0.000599060365829514,16.0542519215529,0.000530462972758843,16.0537567311489,0.000518545180455956,16.3947542285296,0.000473592257267259,16.2464185004511,0.000590898818906107,15.2070094416665,0.00422385878181479,29.6402407967653
0.0006047770914292,16.102205127157,0.000533142779635888,16.1348575240408,0.000523185977414758,16.4567490741948,0.000475307137207808,16.3056088524237,0.000599627059491188,15.2973496119397,0.00424124172049347,29.5904280802439
0.000608890498128645,16.1562638989021,0.000534545433373185,16.1773069748657,0.00052577899559499,16.5057063772093,0.000477983926852459,16.3571560057933,0.000607454043735291,15.3851048143413,0.00425889712167625,29.5489656855632
0.000609592200708029,16.215314082383,0.000537179469444066,16.2570225751518,0.000528475931886243,16.545572876675,0.000479015185236756,16.4145244325175,0.000606702168908019,15.4361356456008,0.00427693624861269,29.5192635642903
0.000610729748432714,16.2603259203571,0.000538647088196563,16.3014381058044,0.000531293579746671,16.6185653773652,0.00047959512082563,16.4613168053607,0.000608858146046874,15.483467298699,0.00429473517482339,29.4821998672554
0.000613367075865504,16.3072095377322,0.000540322890293228,16.3521540286322,0.000534197990657824,16.6646845758571,0.000479632172432717,16.5257951842739,0.000613695225296623,15.526475815874,0.00431266773735594,29.4492318027578
0.0006148596541983,16.3506169933626,0.000541833326896653,16.3978653846258,0.000541742642811263,16.7122671719935,0.00048050314733197,16.5866741498913,0.000615894825799395,15.6383870973521,0.00432978801663318,29.3913692059651
0.000616672450256699,16.4295882576103,0.000544037707980636,16.4645780478697,0.000546341835477889,16.7738629092102,0.00048210300186969,16.6300892954448,0.000618332987908746,15.7082703667101,0.00434741264185328,29.3489636018904
0.000619229878447135,16.4828002720074,0.000545793239868684,16.5177068868495,0.000551718777891995,16.8124433925641,0.000490582657595953,16.6786591563353,0.000620733636577012,15.7569836405673,0.00436521210848675,29.3119164675165
0.00061950575947214,16.5898036610924,0.000547398171039674,16.5662779953198,0.000557495203537136,16.8542167435058,0.000493930369569602,16.7260292127939,0.000619005254737717,15.8014183469129,0.00438272314698266,29.2660297029536
0.000620014749685363,16.7315241014466,0.000549874224005407,16.641212446934,0.00056143347273447,16.9157237899562,0.000496207103903538,16.7785984217906,0.000615983193239614,15.8680035538138,0.00440049152410294,29.228029749615
0.00061771420745571,16.8014929980994,0.000552097799298426,16.7085059973997,0.000565761461331307,16.9699581935674,0.00049808137916576,16.8198361444862,0.000615324388954991,15.9279480673893,0.00441923438779206,29.2198954708436
0.000620031264590944,16.8651780639064,0.000553645147842307,16.7553344442045,0.000568920243201034,17.0247690871598,0.000500945000695185,16.868494879779,0.000616765250838164,15.9905221172481,0.00443730281610819,29.1910913665352
0.000620146726375057,16.92396085033,0.00055607985943473,16.8290177541101,0.000572888527097234,17.068804052643,0.000503573397191819,16.9083994864393,0.000618313642766426,16.057642145088,0.00445531278844844,29.1604957268601
0.000621395885309783,17.0144301880404,0.000558471753176225,16.9014052386748,0.000580323783854316,17.1032604153625,0.000506109135544878,16.9487040279101,0.000619928976153562,16.116472448374,0.00447259771213552,29.1076790860822
0.00062454090887148,17.1336447094074,0.000560893176470084,16.9746863958884,0.00058577266720855,17.1438807863419,0.000511519261469312,17.0189148057755,0.00062298423413293,16.1591689866679,0.00449067011570339,29.0789968136988
0.000628289511258308,17.1894861282011,0.000563499159466219,17.053553007158,0.000592665339462753,17.2082259373148,0.000515318191315095,17.0985462702913,0.00062968302875938,16.2219658785845,0.00450994681988428,29.087223464783
0.000631883875340814,17.266407348343,0.000565750787833984,17.1216955466402,0.000596538922238482,17.2760743735578,0.000520836967587464,17.1443610247085,0.00063428087415192,16.2759382250083,0.00452983003517286,29.1140382256912
0.000636164358231394,17.3600408845644,0.000567369007303539,17.1706688078024,0.000599277511350503,17.3375814200082,0.000521944474323297,17.1984855357466,0.000636379705715354,16.3417657689124,0.00454799810881785,29.0882880115633
0.000639827440703805,17.4174421195255,0.000568925214713129,17.2177653564019,0.000603809323043683,17.3832571646685,0.000523363768160588,17.2498549403114,0.000638022144960641,16.2903783903603,0.00456598347951123,29.0569383904558
0.000644472478020585,17.4751998838962,0.000570499139854137,17.2653981085908,0.000608015330026082,17.4574913360873,0.000525163990038432,17.2932700858649,0.000639187217020176,16.3914149794128,0.00458455095582314,29.0434289095028
0.000642113761657858,17.4195812959836,0.000572502719982044,17.3260337978218,0.000608619738910952,17.5083998359611,0.000530043461685379,17.3427731279801,0.000641056040161802,16.4432034736691,0.004602772987872,29.0193323909532
0.000646181416589041,17.4829989647333,0.000575111655933415,17.4049897763563,0.000616212927926008,17.54564995782,0.000533138388888975,17.3899209984328,0.000639811747130573,16.4998053563761,0.0046204712745613,28.9791843341223
0.000650965668703343,17.5418708835093,0.000577369190211653,17.4733110503682,0.00062057234685276,17.5930108270406,0.000535725708443869,17.4335583299922,0.000639954978354011,16.5700897414382,0.00463732369910205,28.9131126325074
0.000655887055139083,17.5799749641706,0.000578724596665167,17.5143306249549,0.000626161782512774,17.6420124754383,0.00053878750234626,17.4832835581134,0.000638030497192239,16.6807531073921,0.00465423484810052,28.8488406945827
0.000658873792507923,17.6204856183473,0.000580781329987329,17.576574924954,0.000630870917416738,17.7124772892881,0.000540770374968403,17.5393633060033,0.000636387732355493,16.7746141821802,0.00467149542587947,28.795277910151
0.000658741673941804,17.6825663018106,0.000582398072979265,17.6255035024839,0.000630357029038871,17.7567783270702,0.000543660388038995,17.5927768218225,0.000636401337069856,16.8634835948713,0.00468929499021739,28.7582337701838
0.000660351605140053,17.7688909851333,0.000583809585582271,17.6682210551035,0.000632036715263259,17.8032966340107,0.000546061920731048,17.6496120021325,0.000637399105941503,16.9101467217959,0.00470603750249974,28.6887935216383
0.000660698768964439,17.8490209699624,0.000586294497413713,17.7434236085124,0.000633293981712963,17.917086887213,0.000550641102623294,17.7016924019163,0.000639288233468096,16.9533335126172,0.00472282850829949,28.6208394830167
0.00066061325696974,17.8992916167296,0.000612947419319807,17.7894924335656,0.000632510538663783,18.0060437258427,0.000551585819295279,17.6550777778778,0.000641479850350152,17.0104702162631,0.00473941884616299,28.546735453752
0.000661428393429111,17.9428773370649,0.000612737920706601,17.8379294911385,0.000632974307061221,18.0708766760304,0.000553693071635121,17.7453741706768,0.000645268328680827,17.0604314056446,0.00475648243699296,28.4871354921026
0.000661728942762356,17.9861065279905,0.000615656003361037,17.909199884892,0.000634956539503657,18.1401885099179,0.000554700344344729,17.6967598725852,0.000647908007601142,17.1064705748071,0.00477379897394147,28.4352877219156
0.000663254511307716,18.053267755542,0.000618208812164665,17.9820342057812,0.000636872396472956,18.2073717654134,0.000557633053825236,17.7794575039824,0.000651369232177557,17.1573677008318,0.00479144749837648,28.39361457142
0.000664821497113874,18.1269802109967,0.000620485466542845,18.0539301703889,0.000636727517967925,18.2542891808023,0.000560321497675206,17.8266942488374,0.000656364327744647,17.223819202498,0.00480933822173474,28.3593642366444
0.000668259232037884,18.172660541614,0.000620425079564243,18.1278815820893,0.000643255056764746,18.3074592952176,0.000564035661082675,17.8880175864667,0.000660652454030501,17.2660254882646,0.00482655866362078,28.304571383421
0.000669035152695887,18.2242681736675,0.000620841760927228,18.2049161644285,0.000643467783778084,18.3592990481379,0.000567258940350609,17.9404090466587,0.000666505040404635,17.3347054105098,0.00484428741375098,28.2653569579413
0.000672858585997796,18.2848336071396,0.000621734093330283,18.2571513307594,0.000648058443005389,18.4008506721638,0.000566791206710408,17.983779755011,0.000672290990727639,17.3992404704781,0.00486283191700522,28.2511434079061
0.000676472187111221,18.330959599519,0.000622317430709097,18.3207808233644,0.000650527468570564,18.4422249146571,0.000576947018313943,18.0332827971263,0.00067360686953701,17.4958647867841,0.00488041340180301,28.2074156534247
0.000680793043064698,18.3958479520837,0.000623630334580783,18.3619791324809,0.000654781690465498,18.4870137516541,0.000578278777352261,17.9879124147208,0.00067771565709475,17.5646784142641,0.00489765451805854,28.1532564200077
0.000681883310889826,18.4441576870975,0.000628144751951098,18.3990665474121,0.000654020275516844,18.534197239342,0.000581669656311518,18.0521686076281,0.000680096286602075,17.6395979141306,0.00491509753341505,28.1052849094778
0.000682166756240187,18.4876988412566,0.000629218164402002,18.4473248704553,0.000655407774724286,18.5853718115148,0.000586555242284246,18.1108701503877,0.000683274206379606,17.7135369089423,0.0049329243805988,28.0690769232565
0.000683575342789859,18.5387271130193,0.000635972198158744,18.4860655797871,0.000657837431889799,18.6305597569603,0.000584583396433167,18.0670106328224,0.000685555716856595,17.7920664501468,0.00495162942617109,28.0597836099678
0.00068565715768884,18.5981783920861,0.000638685817049155,18.5402221423133,0.000656596703228827,18.6906920965326,0.000591293193116651,18.1047378166248,0.000684240124155246,17.8590973411636,0.00497125879093902,28.0788184616594
0.000689711188341446,18.6484490388533,0.000647603736078644,18.5721709395131,0.000656256076407451,18.7481637131149,0.000592726074344564,18.1765483337327,0.000682723829063578,17.91681343416,0.00498946401739144,28.0542068919124
0.000693716048013156,18.7178831413915,0.000661790991699078,18.6237358513573,0.000656306311196135,18.8110898118265,0.000598681174294655,18.2496919668761,0.00068317244136617,17.9709640542301,0.00500722089213617,28.015854418369
0.000695635439526276,18.8009990600269,0.000667959930517727,18.6740049378606,0.000657590897792866,18.8851466017126,0.000607114004405801,18.3020834270681,0.000682631777430733,18.0125018138229,0.00502507178847467,27.9803834810227
0.000697013668684254,18.865976544944,0.000672276983819788,18.7239165553043,0.000659930550514832,18.9392036237912,0.000610166861580998,18.3602072862123,0.000679646068293897,18.0598780353328,0.0050428411485614,27.9424136532466
0.000695818470358487,18.909695963808,0.000680644174834692,18.7850884481247,0.000659582492811629,19.0329054184196,0.000614137049747612,18.4309957476931,0.000683839209971789,18.1418839126405,0.0050606044218669,27.9042572802342
0.00069756370528851,18.9874639412979,0.00069075572196814,18.8161435726756,0.000659829666655806,19.1192458794425,0.00062024124955312,18.4925412713283,0.000683682496904281,18.0945968279538,0.00507873607897114,27.8773909865322
0.000693917085149725,19.1160819258458,0.000699400981908471,18.8610506232851,0.000660323908411441,19.1846553196114,0.000626936621565144,18.5697286897791,0.000686266293131573,18.1953660065369,0.00509747060566421,27.8690011988408
0.000690900256115044,19.221035270825,0.000711443586496882,18.9137326259405,0.00065952216809141,19.2431025346233,0.000631902480171321,18.6137659561491,0.000688839723027363,18.2507199737196,0.00511573751707168,27.8462801249223
0.000691308505592585,19.3000511012489,0.000716502007173099,18.9539032115107,0.000660505174317342,19.3517043779953,0.000635348755820487,18.6565145436849,0.000692390759579848,18.2971156901747,0.00513337518790704,27.804274337646
0.000690120161531522,19.421583063779,0.000719332121739798,18.9954589896867,0.000660732136947238,19.422435264144,0.000639137443188027,18.703262479327,0.000695562162224223,18.3442245012151,0.00515161158806166,27.7806181670548
0.000690863039405007,19.5018021809606,0.000722893656193665,19.0510454284512,0.000662142766812702,19.4881107766119,0.000645164140826225,18.7443224532179,0.000699347972620088,18.3859405344542,0.00516969764292582,27.7523542741394
0.000691188341297324,19.6237352390766,0.000730832848974583,19.086881701674,0.00066151533320253,19.52997281832,0.000648943682672731,18.7860489851265,0.000701273004930191,18.4865760078025,0.0051877266036207,27.722340581962
0.000693253846524905,19.6847017681346,0.000734630372918855,19.1762489665686,0.000662260977944406,19.5839411496322,0.000651713966689052,18.8340855996028,0.000702440378081648,18.5523589832951,0.00520577317805515,27.692866708629
0.00069522356628045,19.7279309590603,0.000738094264355981,19.2312545181113,0.000660708446421779,19.6501044613149,0.00065856695769601,18.8644362080092,0.000702582428041553,18.6123034968706,0.00522324071412018,27.6456466989656
0.00070215236014181,19.7951813189642,0.000744264456941358,19.3061889697255,0.000662270027447183,19.7080638771121,0.00065990895815983,18.9087400975863,0.000700813641037485,18.6656518855322,0.00524057257118696,27.5942684536356
0.000704114386668931,19.8604707671148,0.000745134604883367,19.3609264194735,0.000661901670348046,19.8084618245984,0.00066412628734641,18.9581542652992,0.000702778609866892,18.718019769139,0.00525885831679717,27.5721246028289
0.000704910693699663,19.8118490688675,0.00074669322768606,19.4078442335432,0.000660768648031897,19.873250429403,0.000668814745968107,19.0260987459044,0.000704364108025916,18.8228892415875,0.00527749275566098,27.5606673633813
0.000707520478036649,19.899421605124,0.00074858198765961,19.4752271512738,0.000660935025547542,19.9183940294653,0.0006741139227069,19.0866666511136,0.000705112419762862,18.9169285900219,0.00529594881726059,27.5437432888916
0.000708689895444883,19.8391235687092,0.000749078392671027,19.5295177646973,0.000661143836492366,20.0223396076049,0.000677398503143944,19.1701197149309,0.000704941248076909,19.0200598944187,0.00531488055288214,27.5413974815566
0.000710855339176942,19.9128805903401,0.00075022267151531,19.6002519548614,0.000661237364624761,20.0941347829496,0.000680763826790129,19.2265105232292,0.000705066537442449,19.1196257258891,0.00533276718797492,27.507021851256
0.000714168951221629,19.9803092149488,0.00075268281104569,19.6606195422978,0.000660208670550368,20.1466397166174,0.000685996476197402,19.2612604145524,0.000704646274580688,19.1675813367495,0.00535033536053305,27.4628861085785
0.00071672631892039,20.0371756557953,0.000754881056647854,19.7262597983629,0.000660938985993726,20.1902312282689,0.000684941384786018,19.320939575738,0.000706500332812128,19.2361721221715,0.00536781423697842,27.4160136543556
0.000718356462936064,20.082945118765,0.000759002660381641,19.7717924198267,0.000661394318009028,20.2775029423384,0.000688434903637977,19.3867066334854,0.000709940458766647,19.2987907404419,0.00538534493285192,27.3707293412382
0.000720075183128745,20.139276765497,0.000764346467725447,19.8299258256407,0.000662471703406349,20.3431784548062,0.000691949535933418,19.4449193670321,0.00071039876515011,19.3672923890408,0.0054036185126682,27.3482126380456
0.000721200513722798,20.1845114343522,0.000766025190563911,19.8802842794089,0.000662992356865888,20.397545894567,0.000695201192915837,19.4875790801655,0.00071226164160663,19.4274597446742,0.00542155156620145,27.315259621541
0.000722497315507125,20.2497563163266,0.000771446752544569,19.9318045076206,0.000665430088811396,20.4447293822549,0.000694023811830621,19.5336604577898,0.000714011937372462,19.4841953326159,0.00543966312025011,27.2877772174328
0.000727357555798036,20.2926289778425,0.000771188183823761,20.0024940141523,0.000667564366095733,20.4978108059038,0.000694206409586904,19.5855631087688,0.000715807587146083,19.535047890229,0.0054581030999152,27.2703602702465
0.000730162995700142,20.365672940654,0.000774172492791754,20.0598231145823,0.000669151675273816,20.5500496672726,0.000695638036999045,19.6336441604463,0.000714872422589773,19.5982458978499,0.00547685394246562,27.2624705244247
0.000732559218257921,20.4181718962317,0.000777209040134056,20.1023619326721,0.000671895507903744,20.5923551628123,0.000697740586740185,19.6775481152128,0.000716226853049752,19.6445524774818,0.00549505337784381,27.2376814721514
0.000737180252674879,20.4995051678186,0.000778307805312713,20.1555801389169,0.000674036444337032,20.6368335821272,0.000701427313584553,19.7238072416418,0.000717199165088254,19.7050763804078,0.0055124512072816,27.1883251216591
0.000738432338969125,20.5606945277577,0.0007772037261328,20.2172882353267,0.000676020864143389,20.6891167888791,0.000704527310091995,19.769844182065,0.000718507447303514,19.760385779179,0.00552942295075149,27.1259102588567
0.000741839224648327,20.6008486525247,0.000779178927869376,20.2843583676301,0.000677658946075602,20.7352359873711,0.000709680000582947,19.8109930303583,0.000718561558985232,19.8361966472771,0.00554639555159845,27.0635216726039
0.000744274118582406,20.6782155344287,0.000780793884010234,20.342178988017,0.000679390000423694,20.7926189131871,0.000711330810993727,19.7606901186218,0.000718717763039837,19.9042080433486,0.00556356379818836,27.0071291588227
0.000747211745462025,20.7342352179272,0.000783248123099974,20.3962014996458,0.000680861850426042,20.8573188272253,0.000713446006974104,19.8498311441902,0.000717835182242536,19.9593391684734,0.00558215383198465,26.9943110106281
0.000750340390940929,20.8099085851352,0.000789198828261738,20.4327973946202,0.00068278199394153,20.912750556182,0.000713589568002723,19.7949512007321,0.000717570552987328,20.0400971302569,0.00560189891589149,27.0168923762013
0.000752296857287663,20.8667750259817,0.000795503660532191,20.4680080969887,0.000685741512681597,20.9622400037945,0.000716210647240337,19.8762712788927,0.000717540799378081,20.1120305465475,0.00561954657947238,26.975192842593
0.000754423448168399,20.9266274006344,0.000799824427216929,20.5361059528384,0.000689701995218293,21.0021508486434,0.000718704890011239,19.9502592188584,0.000718726603216623,20.1578468736521,0.00563662015355071,26.9158988435457
0.000755490809863558,20.9814437973751,0.000800276245259867,20.5911115043811,0.000692309610617225,21.0455649787622,0.000719467266497832,20.0530869023905,0.000723580708101045,20.2088777049115,0.00565467914505033,26.8868055234596
0.00075621688621253,21.0437027455433,0.000800030574246367,20.6412018563545,0.000697114540323623,21.0837020082844,0.000719671554249318,20.0065611527543,0.000725141584031287,20.2644099457405,0.00567233915610325,26.8454844102352
0.000756321046160845,21.0966027967069,0.000797257542992008,20.7350374844939,0.000701007143574486,21.133191455897,0.000722884485062981,20.1045451813577,0.000727311613462262,20.3239533436118,0.00569020649388927,26.8105173637957
0.000756812916551745,21.1412135390951,0.000795543506750622,20.8129657394821,0.000701970741096539,21.0902207796098,0.000730802913830114,20.1432055463848,0.000731017998397275,20.3855468884158,0.00570736983378663,26.7539744716642
0.000756083505240973,21.2312372150434,0.000792093310912487,20.9176594903062,0.000704239780327771,21.1751421883714,0.000733025819007041,20.2327465067638,0.000732449940252789,20.4606892303402,0.00572461131501629,26.6998264238281
0.000756985447779359,21.2939418249737,0.000792807131906836,20.9695371875776,0.000703842982773044,21.1294220983279,0.000736612518513542,20.3032683450375,0.000733797426185572,20.5267841847137,0.00574157844247269,26.6372700912908
0.000754646060618103,21.3987169052481,0.000791239856707298,21.0816037377555,0.000706101301201032,21.2113280210343,0.000736102089516167,20.2605641947029,0.000734968240441055,20.4816809521945,0.00575790592670811,26.5551102291743
0.000756342987290108,21.5419080294172,0.000794185751705438,21.1513548880058,0.000706273566132749,21.2754957904746,0.000738775272466583,20.350371778289,0.000735852003385887,20.5829403833049,0.00577426473762271,26.4739104545907
0.000757699294024342,21.6523430140706,0.000797392613934647,21.1976024475887,0.00070936921392216,21.3461823312402,0.000739526779040677,20.4368465717866,0.000735961570366587,20.6506398004954,0.00579073475880336,26.3961190077568
0.000757399736317044,21.6967754917539,0.000798879382541127,21.2574785150682,0.000713727129036215,21.4052503816164,0.000741239098361665,20.4878160415408,0.000733870071240951,20.7245342268955,0.00580720574316831,26.31835708021
0.000759833344086526,21.7534636678956,0.000800246214646627,21.3171311643854,0.000716952969930305,21.4568684076209,0.000740337653598577,20.5296314478518,0.00073293044667081,20.7940163805492,0.00582360822045091,26.2384955750061
0.000760138356830304,21.8221847116145,0.000799875088272684,21.3681598726402,0.000723939112912774,21.5069786905977,0.000741908346128992,20.6034416390128,0.000733817304944493,20.856902409289,0.00584028864178698,26.1671523879754
0.000762087432406984,21.882839277439,0.00079998605849542,21.4114583124817,0.00072769732469442,21.564982451778,0.000748653627939401,20.6333923126086,0.000734594148659718,20.9287466887564,0.0058566000628866,26.0845002292979
0.000763309721574041,22.0225096736874,0.000799820213559455,21.4956869596449,0.000729716142803022,21.6305249280964,0.000750991454648607,20.703603090474,0.000736986569734673,20.9910533281457,0.00587330097025805,26.0137848900853
0.000763860831188993,21.980795732753,0.000801294956644176,21.5933206965424,0.000731305141032639,21.6912337576498,0.000749950266450456,20.6618765585654,0.000735779179329045,21.0936943800151,0.00588987335553809,25.9391306572237
0.000764488747051197,22.0704183131153,0.000803912077261379,21.6694169226002,0.000733319213935723,21.7504791895587,0.000754392107615894,20.6995593051666,0.000736188954757003,21.1805582141851,0.00590676069051284,25.8741288766258
0.000769082480339047,22.1778227977862,0.000802884328822712,21.7513667045086,0.000734946076752304,21.8190814973155,0.000757756490110695,20.7807460717236,0.000734768194537633,21.2637228701939,0.005923601763079,25.8077092642345
0.000770726982453108,22.2415969959456,0.000802430849055509,21.8831387365958,0.000735621743026077,21.8773513307947,0.000758425999659875,20.8705536553097,0.000734441389245125,21.3340518236677,0.00594097567179901,25.7576198011518
0.000771250480560862,22.1955155697424,0.000800239417402954,21.9515493778726,0.000738528526539988,21.9266190514915,0.000759074186971735,20.95449552834,0.00073384744911633,21.3826313922902,0.00595839994942958,25.7090740242923
0.00077266756257016,22.2743977016376,0.000798263044546485,22.0809084938077,0.000741930001593328,21.9945561785008,0.000764826463885431,20.9977329250888,0.000734564377518743,21.468871268698,0.00597508490072399,25.6378696696128
0.000775579408532246,22.3138387675852,0.000795272869867177,22.1825190739929,0.000742357828222766,22.1013842065461,0.000764683111650651,21.0660329033034,0.000734634333571598,21.542364579394,0.0059914466943387,25.556761307629
0.00077936558552552,22.4116169581944,0.000796375620986494,22.2592855545374,0.00074071283147218,22.1955738003893,0.000769472276979748,21.1107367276912,0.000734553299453173,21.5985207779851,0.00600796980494455,25.4805969242628
0.000782993907687376,22.4538211270671,0.000795482342104023,22.3530318154119,0.000739759602026763,22.3307828736605,0.000769473686601344,21.1871242765207,0.000736794017738783,21.6725043412084,0.00602478780037271,25.413470052977
0.00078502991032642,22.5262857295878,0.000794458913269689,22.4102268649445,0.000739143299350571,22.3724675338359,0.000771603671852844,21.3028831855963,0.000736104787594283,21.773318088203,0.00604244218786002,25.3719765909631
0.000786101183087325,22.5907729865666,0.000796678198589364,22.4508442868392,0.000735823048507567,22.4721116098085,0.000773047893568949,21.3786486136093,0.00073573983786149,21.877385329243,0.00605987374149166,25.3236538060738
0.000783999231702032,22.6656441626028,0.00079978430404672,22.4901211997604,0.000735073769993201,22.5329091301282,0.000773593389052832,21.4435269273331,0.000736382411632365,21.9523493975211,0.00607622408900033,25.2421946484106
0.000783519965150967,22.7450165224363,0.00080416282796523,22.5422669988264,0.000731490156092973,22.5857688268612,0.000771269983856863,21.5042281441458,0.000737049138986553,22.0372967899931,NaN,NaN
0.000780101196478384,22.8816564187023,0.000809966547444667,22.5951724196441,0.000729502014332473,22.6705571994734,0.000770721245225667,21.6004791219031,0.000739712767885019,22.1016090079035,NaN,NaN
0.00078062800865486,22.9305009478307,0.000815756333496456,22.6483012586239,0.000726743514053262,22.7856778141707,0.0007687897418533,21.7046843586718,0.000742603146638716,22.166545183576,NaN,NaN
0.00077765777827188,22.974933425514,0.000817830929214962,22.6955318581208,0.000728119745616479,22.8380940570721,0.000768443827311239,21.7740508297148,0.000745686223978298,22.2160606888417,NaN,NaN
0.000776435778589837,23.1129103070664,0.000819242566335329,22.7587591980338,0.000728079927433024,22.8886477938806,0.000769315847232426,21.8452392260062,0.000746003336073931,22.2774313915878,NaN,NaN
0.000772589160458748,23.2232561593673,0.000821373876973177,22.8243994540989,0.00072840734188922,22.9556536678434,0.000769358438719052,21.8962086957604,0.000743414368098741,22.3580110797249,NaN,NaN
0.000774147711296952,23.26546032824,0.000822026990513432,22.8890566702502,0.000729201161890571,23.0237238310023,0.000769532674194382,21.9792173875658,0.000743009115003755,22.466847140804,NaN,NaN
0.000773740400873402,23.3264714234743,0.00082359774126699,22.9550990790073,0.000730216370179292,23.0978249662716,0.000769185295989968,22.0682251015307,0.00074063402585521,22.546178913417,NaN,NaN
0.000775826134757849,23.4443043933788,0.000824233753112886,23.0125175467022,0.000732151979703544,23.162569225693,0.000768079877192522,22.1483009380582,0.000739317028101448,22.6411987669062,NaN,NaN
0.000781714883892596,23.5280888046573,0.000826952781839567,23.0633675204272,0.000732339485752126,23.2594195425261,0.000767626671041589,22.2441075438037,0.000739680879073567,22.6987365862563,NaN,NaN
0.000782902888762772,23.5746158926227,0.000830014463863234,23.1065765930038,0.000734274089776069,23.3103723877831,0.000763472103528251,22.3764859661209,0.000743465182614439,22.7725864442449,NaN,NaN
0.000789095296065307,23.6613862377074,0.000833131988620695,23.1510368072889,0.000734766232349434,23.3705047273553,0.000760829437113241,22.485490420617,0.000747773206074939,22.8227704756843,NaN,NaN
0.000793685602220805,23.7298844505453,0.000835209534559522,23.2014399446895,0.000735212845686576,23.4175551788938,0.000760867273013149,22.5293055009811,0.00074995747033548,22.7702243184311,NaN,NaN
0.000794664206263936,23.7851019428719,0.000837288116218689,23.2722188184861,0.000737685844724393,23.4928536395085,0.000759578627972422,22.6308000684777,0.000751341675472419,22.8606090571159,NaN,NaN
0.00079722425935552,23.8273061117447,0.000838103402635649,23.3450084557428,0.000738824450258597,23.5575535535468,0.000760573356207859,22.6856355747347,0.000751422220761657,22.7951380605045,NaN,NaN
0.000799446143855179,23.8854204055251,0.000839236643761007,23.4180661947942,0.000737691242703612,23.6021650090111,0.000762207545927281,22.7326501335838,0.000751651374395386,22.9024142271783,NaN,NaN
0.000804556839283887,23.9480804492792,0.000839138449034207,23.461498685533,0.000741777953747881,23.6538717257819,0.000762042140150377,22.7765096511491,0.000752760440891606,22.9463141125849,NaN,NaN
0.000808636650854026,24.0149297135972,0.000840057115373757,23.5379970642828,0.000749315624803287,23.6909444661081,0.000758969578100554,22.8591184081439,0.000750772031980947,23.0009995535939,NaN,NaN
0.000814839739236179,24.0467053972364,0.000840947260718849,23.6020733932123,0.000757698153159129,23.7230505235199,0.000759805695307138,22.9112432451288,0.000748960722141629,23.1202646229827,NaN,NaN
0.000821901824764626,24.1285734629378,0.000841798446978116,23.6678477001748,0.000761444501926978,23.7653116736764,0.000757258299590538,23.0456213414991,0.000747134382351816,23.2086883515581,NaN,NaN
0.000823025611387946,24.0703254706287,0.000842613079255915,23.7277684512867,0.000764009556062018,23.8157767197186,0.000754670350495907,23.1320961349967,0.000747568616770829,23.2931009230911,NaN,NaN
0.000823634713660949,24.1651622936078,0.000843469620839856,23.7891637622693,0.000766366315315688,23.8663748019103,0.000753226282480144,23.2225702766005,0.000747056362827374,23.3466275853991,NaN,NaN
0.000828976248407053,24.2029098448594,0.000844558602066313,23.8693708825123,0.000768372860279758,23.9193675347929,0.000751148710447614,23.3341965259663,0.00074655437341284,23.4497143213843,NaN,NaN
0.000830772061465917,24.2748842194418,0.000847504497064452,23.9391220327626,0.000769383684965104,23.9627373195286,0.000751638339718636,23.376189681082,0.000745632568714299,23.5240990003118,NaN,NaN
0.000832766034007701,24.3286310279535,0.000849888687434766,23.9867547849514,0.000770712111746524,24.0414060292639,0.000750353039590291,23.465241832248,0.0007464232813002,23.5864056397011,NaN,NaN
0.000837598662791413,24.3671362042006,0.000851118808414508,24.0453797107223,0.000771768514196687,24.1190991405696,0.000750323145225438,23.5338528708709,0.000748206650677005,23.6405562597711,NaN,NaN
0.000841659660772353,24.4391997111354,0.000850872040574982,24.1287593688691,0.000771584130581751,24.1708945481068,0.000749108867286219,23.6249046960901,0.000750854048177726,23.6937263747864,NaN,NaN
0.000842161304867759,24.4836321888188,0.000854274788465239,24.1879651818618,0.000773843132560963,24.2474790248333,0.000750539972187393,23.6678310324306,0.000753057945456601,23.7475650159754,NaN,NaN
0.000844315075894253,24.5247222032862,0.000855015979116425,24.284481827948,0.000776932756224056,24.3002056854169,0.000749372414940002,23.7767466125244,0.000756074875574239,23.8022504569844,NaN,NaN
0.000848076697642917,24.6302549085563,0.00085640761883371,24.3383702886795,0.000774769253724795,24.3665463786323,0.00074756779996962,23.9058366819542,0.000757223736419747,23.8621058337368,NaN,NaN
0.000849263831870496,24.5818114750138,0.000859335260799867,24.4330995894679,0.000777850119056669,24.4225989429533,0.000748720250017802,24.0057315102083,0.000758291908922007,23.9056046034391,NaN,NaN
0.000850562653639231,24.6725927759577,0.000862647519880752,24.5227349561572,0.000785710177066729,24.4577204864202,0.000751386955095514,23.9634717318855,0.000759496225066498,23.9573485292839,NaN,NaN
0.000852415927904436,24.6180883424504,0.000863914903492725,24.6011547311023,0.000792010351978451,24.5081411870793,0.00075013640878929,24.0261726227514,0.000761020565214028,24.0103403706528,NaN,NaN
0.000853373827277028,24.6943856361253,0.000867814117500086,24.6609861149493,0.000800136458722043,24.5475198873301,0.000750516394625718,24.0998050651077,0.000761055981168352,24.0584742551596,NaN,NaN
0.000861729461012753,24.7429182020202,0.000873135031732085,24.7076805108567,0.000801486719489619,24.4994494919789,0.000751177856663813,24.1556626269918,0.000762767765651011,24.1054493609652,NaN,NaN
0.000864584253370778,24.7858354297123,0.000877766810370148,24.8040631060456,0.000807350190481508,24.5770095671351,0.000753033055538407,24.2643115838785,0.000764887105204573,24.1543854768804,NaN,NaN
0.000865441525071316,24.7434084299585,0.000881835194520883,24.8450826806323,0.000809501194944339,24.521489147412,0.000755376996573394,24.3437208623883,0.00076701664785191,24.1969483099395,NaN,NaN
0.000868631929531511,24.8264797824177,0.000884886656499579,24.9067014097772,0.000814426240850339,24.5757678964064,0.000755462806980902,24.4291291630575,0.000769170344082559,24.2494944671927,NaN,NaN
0.000869399036432077,24.7710840253862,0.00088735493804016,24.9626453176012,0.000821856889112146,24.6028629255205,0.000757881376899249,24.4722776854039,0.000769739764669149,24.2934834894225,NaN,NaN
0.000871842667792481,24.8616870616252,0.000888617790595502,25.0067927464592,0.00082856179077281,24.6372749428568,0.000760623596918214,24.5217807275192,0.000772155463471623,24.3429989946882,NaN,NaN
0.000873458929723443,24.8115055472105,0.000891607291353378,25.0565256293731,0.000834830076695293,24.6765206069581,0.000762279422592084,24.5663956775046,0.000775124575251823,24.3870325853295,NaN,NaN
0.00087433619603387,24.8892735247004,0.000893667626574653,25.0975452039597,0.000840088367069435,24.7307993559525,0.000763993414369263,24.6111439390935,0.000778838780569826,24.4516122137093,NaN,NaN
0.000885872997030633,24.9394550391151,0.000895543986039356,25.1404414911092,0.00084634684950733,24.8031266758952,0.000766628918278336,24.6530037826057,0.000781854325818769,24.5042475077857,NaN,NaN
0.000889153558371081,24.9867843182522,0.000898764454626634,25.1800311894575,0.000854059519699355,24.8830814017423,0.000769037872099958,24.7035288803481,0.000785713696609243,24.5603591379653,NaN,NaN
0.000889335097804513,24.9396333038199,0.000898493321862188,25.2230168438719,0.000856946581435838,24.8264523474402,0.000771632299067293,24.7491214487594,0.000786866528639393,24.6046155706645,NaN,NaN
0.000893807877539255,25.0248883989135,0.000903583431799574,25.2830716458811,0.00086298632160961,24.8937686390852,0.000778485812585217,24.7846267725028,0.000790436382905569,24.6445042990289,NaN,NaN
0.000895087370106517,24.9552760316704,0.000903837898962439,25.2414265004401,0.000872234923980479,24.950309002621,0.000782251870911649,24.841017580801,0.000795456833503224,24.7012398869706,NaN,NaN
0.000897548839269613,25.050424817883,0.000906231921202456,25.3178801955575,0.000866556440848634,24.9027264064846,0.000783576991007739,24.894875468632,0.000801929183682185,24.7509782342942,NaN,NaN
0.000898057063984148,24.9924442226312,0.000914871607771728,25.362876613432,0.000877844659036427,24.9926144981607,0.000786784591788441,24.9629976980419,0.00080773505136355,24.7934519305302,NaN,NaN
0.000899543295744792,25.0749362147996,0.00091752757845156,25.4351300470994,0.000880899064135804,25.0384676243537,0.000789549806500915,25.0121452425477,0.000814153310928508,24.8833909850993,NaN,NaN
0.000908508318372453,25.1026118102272,0.00091776521647805,25.3916081890956,0.000885711795201706,25.0807287745103,0.000790151118367864,24.9687745341954,0.000815367198283577,24.8376192264063,NaN,NaN
0.000915291784911116,25.1445040158665,0.000920769740895512,25.462565797422,0.00088893959856782,25.1386881903074,0.000792663129669867,25.047650566291,0.000815330092936811,24.9459204665464,NaN,NaN
0.000920943453300227,25.1875549420873,0.000928544301183776,25.4967487762442,0.00089150018091783,25.1807276135482,0.000799759446208716,25.0814672763895,0.000817349885182004,24.8990344975639,NaN,NaN
0.000925608340484389,25.2266840448014,0.000928945522794399,25.5439793757411,0.000893956298315841,25.2361149971217,0.000801917548445589,25.1565217091836,0.000817643801168981,24.9990905815617,NaN,NaN
0.000928570341133596,25.2859124929872,0.000932969428999849,25.5878587028043,0.000898963869254967,25.2965134089929,0.000804394963836776,25.2008255987607,0.000818686028008908,25.0471353292453,NaN,NaN
0.000930596691051482,25.351246507314,0.000936628497447263,25.6418812144332,0.00090517787648554,25.3907916936024,0.000809873865047903,25.2565498490413,0.000820366510775897,25.1122052101525,NaN,NaN
0.000934073891663278,25.4229980510153,0.000939953218142683,25.7023381691344,0.000913588055813025,25.4670657526468,0.000811678163142933,25.3060973283577,0.000822225110640031,25.2004060966699,NaN,NaN
0.000934382505094712,25.4709512566194,0.000942554933519122,25.7497028195286,0.000910282746039795,25.4071551399904,0.00081298891155558,25.3601774021946,0.000825818486606322,25.1591357475466,NaN,NaN
0.000935781196956531,25.5294666459857,0.000942153916766706,25.8162367482427,0.00091792826015027,25.4478198563531,0.000814223568475254,25.4133687320078,0.00082680157218665,25.248495412765,NaN,NaN
0.000940007742997311,25.635043917432,0.000944201681350253,25.88428992046,0.000920432279387265,25.5194376501651,0.000815033868586913,25.4834461982697,0.000828308173197447,25.1764282912397,NaN,NaN
0.000939580990308661,25.5916810279777,0.000945089258056201,25.9527005617368,0.000919593847468347,25.4743827408691,0.000814802770653841,25.5551678409753,0.000829716633720278,25.2726514918416,NaN,NaN
0.000943043590855372,25.6600455422869,0.000953377168109538,25.9904582311548,0.000925937179013535,25.5347368073572,0.000816521883670141,25.616357867001,0.000830894494305539,25.2036150223037,NaN,NaN
0.000950293017964336,25.6885678950626,0.000959550971648488,26.0266966570696,0.000925404133450287,25.5984611229658,0.000818348183372023,25.6727931125004,0.000832913900408122,25.2893200777726,NaN,NaN
0.000960571507078048,25.7093357331774,0.000963658805489416,26.0756699182319,0.000930855526117526,25.641165726954,0.000821500754167959,25.7149195792197,0.00083425513336406,25.2301777956055,NaN,NaN
0.000967779948287653,25.7544367035039,0.000968930159009443,26.1349650984895,0.000932412361937412,25.6928280983416,0.000827020680385553,25.7493584101347,0.000838033999232729,25.2916822035864,NaN,NaN
0.000976730499753298,25.8201272472404,0.000972479068313985,26.2165127277059,0.000936847510038093,25.7559759239691,0.000833471995560879,25.8045049767999,0.000841485814952298,25.3458328236564,NaN,NaN
0.000982818686615844,25.8576519676109,0.000976684054567283,26.2564152114814,0.000941618323738271,25.8435137103375,0.000836115129393359,25.853474772501,0.000843337286867793,25.4320727000643,NaN,NaN
0.000986149705101786,25.9064964967392,0.000980162424548028,26.3219214166492,0.000943844069625792,25.9195660424661,0.000839398090362227,25.903910995841,0.000844471667143146,25.380284205808,NaN,NaN
0.000993410252571525,25.951864864123,0.000982075937621767,26.3824677386153,0.000944418512340387,26.0091880618433,0.000842910841407638,25.9549249027964,0.000845496522573225,25.4928194450482,NaN,NaN
0.00100152178566132,25.9902363418416,0.000985971383734853,26.4230404768775,0.000944230164128343,26.0918478560635,0.000846005925469797,25.9979401135393,0.000847698912113109,25.432741226238,NaN,NaN
0.00101179417016958,26.0354710106968,0.000998557937117569,26.477733242993,0.000947011636453339,26.1654168467348,0.000849603182224409,26.0362894181582,0.000847613092389395,25.537655267098,NaN,NaN
0.00101797117517583,26.068940209032,0.00100331271809422,26.5249191588574,0.000952568684811726,26.2287420538949,0.000854720858164129,26.0728167975287,0.000849678931076725,25.4859113412533,NaN,NaN
0.00102334435347822,26.1134172528915,0.00100566936867881,26.5794331904432,0.000958974330175758,26.2796062083856,0.000859716453223854,26.1091664280944,0.00084894049772609,25.5740230909475,NaN,NaN
0.00102519097079319,26.0675586575694,0.00100581689288302,26.6285851861352,0.000962871863870978,26.3555698497478,0.000868038491007923,26.1477823559204,0.000856504033094524,25.6068254418706,NaN,NaN
0.00103175098878451,26.1305752307332,0.00101017169942168,26.7079433173617,0.000967806488369667,26.400136959829,0.000876253080324555,26.2169710781587,0.000858503256798436,25.6669482290924,NaN,NaN
0.00103894482992903,26.1722891716676,0.00101289160033391,26.7759518059465,0.000970235325273711,26.4517106404503,0.000876851831571945,26.165379487588,0.000860070670045551,25.7192715442877,NaN,NaN
0.00104902650621609,26.2283088551661,0.00101971606439126,26.8285891249695,0.000971107366010928,26.4080747834156,0.00088114206419768,26.2239921559452,0.000860379065718687,25.7849208145455,NaN,NaN
0.0010567147137496,26.2622237152634,0.00102335841272549,26.882879738393,0.000972450165119151,26.5045703371834,0.000889511502043108,26.281493894273,0.000860579238912385,25.8449990333557,NaN,NaN
0.00106612529473539,26.2793371269288,0.00102769207711754,26.9303784396845,0.000972944711072801,26.4595154278874,0.000898049742513097,26.3002463931713,0.000863247429627261,25.8988822429563,NaN,NaN
0.00107312464549604,26.3635671999695,0.00103045197283593,27.0170646866324,0.000974579423777479,26.5534832948148,0.00090856954880144,26.3905872231715,0.000867799635787986,25.9411330971344,NaN,NaN
0.00107092469133984,26.3087062370525,0.00102978796532927,27.1221605901485,0.000974609134278333,26.6464755633125,0.000908067742814131,26.3477497612334,0.000870058988365842,25.9868602874158,NaN,NaN
0.0010781691106132,26.3446265750794,0.00102882294786787,27.1762724690422,0.000975310665415028,26.6979605531675,0.000912526673141138,26.3892985443373,0.000877536357351391,26.0510388000914,NaN,NaN
0.00107847760306129,26.3998886335823,0.00102761259305664,27.2321716932338,0.000978114487789634,26.7488690530413,0.000919066256525724,26.4461781618485,0.000884407159152154,26.093557064739,NaN,NaN
0.00109060553170557,26.4502484127018,0.00102730851067021,27.2853452158462,0.000981665410190219,26.8207972645355,0.000927961175474242,26.4903931770233,0.000887706498029167,26.1324652880486,NaN,NaN
0.00109784476166831,26.504530015328,0.00102647446742871,27.3373569640149,0.000984434062529703,26.8860736685549,0.00093635569805705,26.5681582790894,0.000890667687623798,26.1776576573911,NaN,NaN
0.00110354683463096,26.6014614485891,0.00102588849371098,27.3864642760745,0.000986228162776458,26.9498866749299,0.000936936521809293,26.6293927423163,0.000894296153952954,26.2269948890104,NaN,NaN
0.00110235388241686,26.5586779194256,0.00102561757899292,27.4337395592038,0.000988536826076773,26.8992885927382,0.000937474021717365,26.6778737288044,0.000893623297376212,26.2747276578129,NaN,NaN
0.00110740257689758,26.628557683726,0.00102545332148736,27.4943305648024,0.000987478029121859,26.9915713351053,0.0009382666052332,26.7606157974028,0.000896822600999664,26.3545496829532,NaN,NaN
0.00110768192970717,26.6733912569953,0.0010266359597899,27.5515702979674,0.000987643723086279,27.0420363811475,0.000938321111654256,26.8382475878654,0.000898241060127112,26.3066386405044,NaN,NaN
0.00111026544127351,26.7249097566964,0.00103049802018822,27.5937516469977,0.000987500123502047,27.1006166323089,0.000936096792644771,26.8994820510923,0.00089974071749471,26.4004105784694,NaN,NaN
0.00111112040637071,26.7726401314194,0.00103776567626802,27.641429082819,0.000989677557419849,27.1636314217869,0.000938500101663564,26.9852014121698,0.00090383614519468,26.4580375346427,NaN,NaN
0.00111384716478366,26.827634792865,0.00104589704132731,27.6720373710454,0.000989014182041678,27.2474885413525,0.000938369762373167,27.0512350931243,0.00091101707331245,26.4957424108396,NaN,NaN
0.00111604199012091,26.897202593932,0.00104765701413892,27.7296792569025,0.000990078659271835,27.3271771949007,0.000939506743780695,27.123489982244,0.000914100741283799,26.5504278518486,NaN,NaN
0.00111816430698586,26.969310667043,0.00104959866662594,27.7951407784378,0.000991751033573573,27.2792841810821,0.000943592375990556,27.1801029765482,0.000914754494922825,26.4915975485627,NaN,NaN
0.00111916227696298,27.0351349093081,0.00105013069892168,27.8370540256734,0.000992207507799428,27.37928302012,0.000950477924799735,27.2419595605916,0.000918640687231423,26.5659376590786,NaN,NaN
0.0011215884939624,27.0956112104278,0.00104973411079679,27.8809780363692,0.000994312621423893,27.3351150184873,0.000954148764363032,27.2905294214821,0.000920456926614038,26.6257930358309,NaN,NaN
0.00112375564730078,27.1644659526753,0.00105075435158215,27.9805331694618,0.000994144113948454,27.3930300889012,0.000955848436392041,27.3530525635433,0.000922025521124687,26.6884562225128,NaN,NaN
0.00112680585325723,27.2074723127199,0.00105146915378524,28.0517141959504,0.00100318756577359,27.4252248370793,0.000957444475441688,27.4213081045567,0.000926379489224744,26.737927159367,NaN,NaN
0.00112913036165419,27.2637148270994,0.0010545294664249,28.1228505388066,0.0010085681200582,27.5221638446787,0.000958545658005162,27.5096048233027,0.000932963137028278,26.7849022651726,NaN,NaN
0.00113477799799421,27.304403745981,0.0010580428095508,28.1631104916416,0.00101066120318109,27.5716532922913,0.000958753706151228,27.5910582130668,0.000940732303446329,26.8600891755085,NaN,NaN
0.00114523981247878,27.3668855250302,0.00106043131293136,28.2407259612026,0.00101172074996689,27.6248677520897,0.000960292206531822,27.6426498036376,0.000939717305334848,26.8136934590535,NaN,NaN
0.00115425175205595,27.4131897821145,0.00106472858687672,28.2855883281798,0.00101242880354229,27.6688140268066,0.000964077392128417,27.70597281532,0.000947159910432986,26.8908413794989,NaN,NaN
0.00115809711570132,27.47700854645,0.00106864091663778,28.3291101861835,0.00101590208282552,27.7398553306375,0.000968561407192803,27.7677849621623,0.000948082896395059,26.8267965720581,NaN,NaN
0.00115996708634713,27.5451947960544,0.0010762933533671,28.374910909442,0.0010230186041515,27.7910742481934,0.000973026765562719,27.810266926491,0.000952961256665374,26.8836658652345,NaN,NaN
0.00116093744481705,27.6066515530507,0.00108126298168754,28.4240182215016,0.0010290247662845,27.8387455350962,0.000976998312468395,27.8830994992261,0.000956030668739443,26.9344292860245,NaN,NaN
0.00116213099402818,27.5641799871207,0.00108364274343033,28.4942608917088,0.00103319067278742,27.9008734169108,0.000981379792563369,27.9217154270521,0.000961152906302241,26.9957999887705,NaN,NaN
0.00116572529761901,27.644755633712,0.00108472008731029,28.564995081873,0.00103428612168816,27.9556399651201,0.000987804872003352,28.02476529659,0.000965135060877175,27.0489701037858,NaN,NaN
0.00116544374334999,27.5853489208214,0.00108622696234305,28.6363548428914,0.00103598615583708,28.0167035577387,0.000992050630839692,28.0820004117107,0.00096937206989158,27.1271876661093,NaN,NaN
0.00116891275888024,27.659685302743,0.00108781957048807,28.693460525159,0.00103899398654686,28.0792305480019,0.000996478831626492,28.1384800944113,0.000969804043586106,27.1867756323921,NaN,NaN
0.00116833536857493,27.6166343765222,0.00109018414503648,28.7392612484176,0.0010426968170791,28.1359926384535,0.000999179974703716,28.1917158614257,0.000970663550261047,27.1361459168369,NaN,NaN
0.00117312860008225,27.6741247438357,0.00110049835705126,28.7520407672975,0.00104604217880322,28.1867681021779,0.00100184176523067,28.2600158396404,0.000971860005655116,27.244981977916,NaN,NaN
0.00118353866333701,27.6657017365316,0.00110968013902054,28.7625861045551,0.00105006625407956,28.2288518708018,0.00100754732039979,28.3421802246234,0.000971056605462075,27.2025528500915,NaN,NaN
0.00118520014845061,27.7364728243563,0.00111762889111318,28.8218812848127,0.00105197755108218,28.3099152312281,0.00100926355907941,28.4034146878503,0.000974980127790312,27.2763135712569,NaN,NaN
0.001184139201739,27.6876282952279,0.0011242703606227,28.8956986456157,0.00105458183690663,28.357630863514,0.00101344085634618,28.4668710111363,0.000973708198820314,27.3478458718433,NaN,NaN
0.00118732539267507,27.779300919696,0.00112658728895912,28.9368969547321,0.00105738871543523,28.4063664396127,0.00101754948324955,28.523128507831,0.000978808848932031,27.4116232688147,NaN,NaN
0.00118701995648958,27.7361608611228,0.0011296012636651,29.0291686557359,0.00106268852191989,28.4833500247877,0.00102535434922347,28.5831631666261,0.000981541373722118,27.3588542695036,NaN,NaN
0.00119064675843986,27.8210148606305,0.00112872743706975,29.1215297240045,0.00106714560993945,28.5270302272056,0.00103501357994937,28.6413759001727,0.000983249859270764,27.4524925022338,NaN,NaN
0.00119045630010508,27.8658930000759,0.0011290823752583,29.1909680888277,0.00106875198812126,28.5821515384801,0.00104180286497348,28.6851021061345,0.000985397098919408,27.3880911475003,NaN,NaN
0.00119421345844321,27.9459338525527,0.00112906138345829,29.2718007799249,0.001071551982609,28.6628601358411,0.00104682328298873,28.7675331143246,0.000988119034473112,27.4742864554966,NaN,NaN
0.00119892458924875,27.9951794772669,0.00112870397246561,29.3183164413026,0.00107415170846678,28.7244558730578,0.00105054575568913,28.8369884597699,0.00098921123768839,27.4159018363264,NaN,NaN
0.00120059772330875,27.9524850804559,0.00112800899094263,29.3627319719552,0.00107876116327732,28.7710185253814,0.00105444659412281,28.8995560390323,0.000992702847757249,27.4860079477422,NaN,NaN
0.00120256274560678,28.0335509549855,0.00113105132970238,29.4094710514951,0.00108153095782736,28.8490220543692,0.0010570371536668,28.9524363084373,0.000996328544349014,27.5312448854962,NaN,NaN
0.00120364584878911,27.9736094479803,0.00113367593819062,29.4682747117958,0.00108262171005117,28.9187329967052,0.00105702022031105,29.0012283553336,0.00099809942972384,27.5969832925772,NaN,NaN
0.00120784514627274,28.0528926754615,0.00113928956342646,29.5124221406538,0.00108447342743985,28.9880004852094,0.00105902049581189,29.0529088203067,0.00100003340224532,27.6550113644547,NaN,NaN
0.00120811238709561,27.9932185655136,0.00115173826753398,29.4888291827216,0.00108470969524194,29.0511483108369,0.00106177891577632,29.1486265516499,0.00100148575028838,27.7174071406671,NaN,NaN
0.00121322796937657,28.0557894769153,0.00115518494825355,29.5344511714503,0.00108471996626139,29.1009038307484,0.00106334218717716,29.2287468253786,0.0010031391061295,27.7766831280689,NaN,NaN
0.00122227198387148,28.1319530720616,0.00115557831360013,29.4819925869572,0.0010839869343642,29.2081753126254,0.00106534382141706,29.282471401606,0.00100546717206153,27.8296304010263,NaN,NaN
0.00122375562746349,28.0756659915058,0.00116550965287129,29.5341830696557,0.00108400715445401,29.2885734923042,0.00106732429027821,29.3261976075677,0.00100797188860315,27.877764285533,NaN,NaN
0.00122730271164644,28.1558851086874,0.00116645816826589,29.4846289212716,0.00108384015079127,29.3347813815625,0.00106729794961958,29.3957862646167,0.00101047660514477,27.9258981700397,NaN,NaN
0.00122990827453959,28.2033480863532,0.00117889588257199,29.5191693691534,0.00108446695825434,29.384270829175,0.00106905505644709,29.4398679681879,0.00101348602028716,27.965162940642,NaN,NaN
0.00123189149759036,28.2670331521601,0.00118676037995957,29.5669361722396,0.00108605622990445,29.4428510803365,0.00107302702199318,29.4827498673272,0.00101985322313182,28.0009959435525,NaN,NaN
0.00123836257645463,28.341414100258,0.00119053856723401,29.6050959943496,0.00108798723093343,29.5002340061524,0.00107646315903465,29.527720314922,0.00102201860912752,28.0450741026055,NaN,NaN
0.00124312819645476,28.3945369823027,0.00119777234699468,29.6447303763304,0.00109076641883732,29.5483487468868,0.00107958797849762,29.6198386329695,0.00102209284177276,28.0905338824174,NaN,NaN
0.00124355230840282,28.3514860560819,0.00120626921054525,29.6233269163881,0.0010893379681114,29.5997893913586,0.00107984687654072,29.6860500627287,0.00102385908371231,28.1408070506799,NaN,NaN
0.00124732430877273,28.4202962321532,0.00121076144345452,29.6629166147364,0.0010921128694691,29.6596556586319,0.00107989709795075,29.7441294846718,0.00102547164736205,28.1955370601005,NaN,NaN
0.0012534312487328,28.4562611363563,0.00121164198816447,29.5929867299564,0.00109765180579547,29.7126483915145,0.00107993885320928,29.7982095585086,0.00102709223499994,28.2449634285431,NaN,NaN
0.00125531698462494,28.5558219740139,0.00121822854823143,29.6290464213414,0.00110005704450663,29.6668839560878,0.00108171257862267,29.858555277712,0.00102952882881915,28.2910471661171,NaN,NaN
0.00125713900204306,28.6187939810014,0.00122789755748159,29.6779303152387,0.0011016207732429,29.7513619110178,0.00108116822992579,29.9526732698126,0.00103310817356104,28.3535766475643,NaN,NaN
0.00125745176850693,28.661800341046,0.00123634894868996,29.7495581780518,0.00110242196672195,29.6971718527898,0.00108113603567049,30.04403615544,0.00104022523536507,28.3912369553496,NaN,NaN
0.00126054608503672,28.7454064876197,0.00124222457687721,29.7905777526385,0.00110429375861466,29.7831132053642,0.00108108622974265,30.1263782892277,0.00104318473468326,28.4468137645902,NaN,NaN
0.001265163337291,28.8584708766696,0.00125168814115459,29.8030444860913,0.00110880810217399,29.8566821960355,0.00108104698001018,30.2333386324696,0.00104643157142013,28.519683117524,NaN,NaN
0.00126462457370975,28.9413639644239,0.00126133628081612,29.8254309859474,0.00110807478798078,29.9012936514999,0.00107938101362314,30.304527028761,0.00104574244307821,28.6163520022417,NaN,NaN
0.00126333958145377,28.9988988979136,0.00126970757998306,29.802821067929,0.00110893771766017,29.9502066091313,0.00108152484909986,30.3581182933848,0.00104494163008511,28.7023244681801,NaN,NaN
0.00126369944634218,29.0495706402666,0.00127500915095114,29.8530454707998,0.00111171398612032,29.9994299844448,0.00108576308188334,30.4433488452493,0.00104626602082782,28.6569092567798,NaN,NaN
0.00126151368464879,29.1210993530869,0.00127406698527813,29.8080490529254,0.00111437949208166,30.0461700183011,0.00109563151280601,30.4580575588401,0.00104503881486641,28.7774668101045,NaN,NaN
0.00125976720315277,29.2662068228331,0.00128920608809467,29.8207392045404,0.00111713988440231,30.0892737307378,0.00110893028016149,30.5002728999618,0.00104521175933167,28.8358959976862,NaN,NaN
0.00125754174172461,29.3749928589666,0.00129542781040359,29.866942080491,0.001120281101081,30.1294949932688,0.00111634141499705,30.5271574066761,0.00104457128393155,28.8800187251507,NaN,NaN
0.00125535591953954,29.4501759982363,0.00130463003246282,29.8406681046119,0.00112627503859806,30.1858579752719,0.00112788040892944,30.5955462592931,0.00104862266087356,28.9196846114572,NaN,NaN
0.00125437269437001,29.5265624242636,0.00131128658673762,29.8820451482582,0.00113009921572211,30.2491831824321,0.0011311642061264,30.6428718785505,0.00105081289288692,28.9747711681704,NaN,NaN
0.00125440092663339,29.591807306238,0.00131208708072956,29.8284247893214,0.00113042302718334,30.3226191369539,0.00113825043599283,30.6964631431743,0.00105596058728286,29.022281094915,NaN,NaN
0.00125444974258396,29.6432812397628,0.0013265101143881,29.8547434488328,0.001132273086298,30.2750808862006,0.00114391005476295,30.7401004747337,0.00106268948217773,29.0866824496485,NaN,NaN
0.0012538404825951,29.705540187931,0.00133592105871,29.8744936143746,0.00113263175472081,30.3798246812372,0.00115258579281831,30.7691179671047,0.00106386200777737,29.1472063525746,NaN,NaN
0.00125686289556932,29.755142342055,0.00134053951014207,29.9281586569438,0.00113402361978056,30.3321533943344,0.0011551258161824,30.828974877095,0.00106575618594956,29.1892789331064,NaN,NaN
0.00126128931069934,29.8375897680471,0.00133962816154467,29.8858879406486,0.00113467922042583,30.4385379685481,0.00115576971848323,30.8933643816058,0.00106940911126977,29.2361649020889,NaN,NaN
0.00126546477883845,29.8807743927966,0.00134873797370046,29.9619841667064,0.0011368689097371,30.3845252918527,0.0011596572302554,30.966463577548,0.0010722206753781,29.2961094156644,NaN,NaN
0.00126639952219466,29.9294852233963,0.0013485406162263,29.9200709194708,0.00113648494991895,30.4766749980703,0.00115910614085122,31.0111229647345,0.0010765345235374,29.3720985574088,NaN,NaN
0.00126707331080847,30.0024400538553,0.00135731815866486,29.9886156116451,0.00114001374716182,30.5478936834339,0.00116481634773652,31.0653363501749,0.00108338770907173,29.4014245722286,NaN,NaN
0.00126744130028674,30.0541813844375,0.00136758745664158,29.9956756255717,0.00114190764646118,30.5049673525298,0.00117140610164861,31.105951952054,0.00108270980184939,29.4502715513206,NaN,NaN
0.00126759811883998,30.1231698252136,0.00137173752685823,30.0525578896772,0.00114122566073861,30.603990593138,0.00118290093656146,31.107907188906,0.00108393725266739,29.4073967393804,NaN,NaN
0.00126826341199417,30.1682707955402,0.00137340193468787,30.0956329113564,0.00114241029382142,30.65627379989,0.00119739741415282,31.1171501267516,0.00108320179265931,29.4913190583861,NaN,NaN
0.00126924824954582,30.2404234348274,0.00137682047599416,30.136339700516,0.0011424962940148,30.7218162762084,0.00120558765214237,31.0710687491272,0.0010849498882518,29.4331127128622,NaN,NaN
0.00127440046737924,30.2049041923864,0.00138472633757191,30.1748569916856,0.00114320772569327,30.7827024872944,0.00121072649346084,31.1175944987634,0.00108659291901285,29.5329459548021,NaN,NaN
0.0012747421999263,30.3180131476125,0.00139562471782763,30.1578772113556,0.0011451202045595,30.8329458064207,0.00121188662852592,31.0717797443461,0.00108690862517208,29.4762549352719,NaN,NaN
0.00127945850420302,30.251475846528,0.00140080892093388,30.2035438837167,0.00114561212224097,30.9164481629211,0.00122070326101431,31.1161725083256,0.00108935855866534,29.5635644535577,NaN,NaN
0.00127958790064381,30.3538443532869,0.00140671356071996,30.2666371727324,0.00114777859271257,30.8702402736628,0.00122982002639884,31.1621205743464,0.00108971607592575,29.6160214739877,NaN,NaN
0.00128526001589732,30.2930115227576,0.00140717625294703,30.3161019538516,0.00114849312907361,30.9501949995099,0.00122703918618715,31.089465750416,0.00108896084072932,29.6577820756385,NaN,NaN
0.00128507091213853,30.4036247721157,0.00140777439593904,30.3966665431541,0.00115660627912145,30.9823454023048,0.00123969243072088,31.0910654896585,0.00109089271576404,29.7427740365221,NaN,NaN
0.00128828215017233,30.5070183009276,0.00140940295843797,30.4478293023063,0.00116426725924068,31.0323226491322,0.00124583781239142,31.1271929342184,0.00108850056061339,29.8741617138608,NaN,NaN
0.00129092067951889,30.4321025587152,0.00140880824308247,30.4895638150121,0.00116624082153355,31.0826546590248,0.00124431467678093,31.0681358938493,0.00108785016734352,29.9422622467555,NaN,NaN
0.00129058502276448,30.493024521597,0.00140886342508301,30.5326835203238,0.00116686749228638,31.1332083958333,0.00125457098629802,31.0809782449905,0.00108515743690272,30.0109867374123,NaN,NaN
0.00129249299145846,30.5775665578712,0.00141250626402162,30.596625798356,0.00116828309224926,31.1818109357826,0.0012619194082374,31.1139950854677,0.0010835684169048,30.1371599105961,NaN,NaN
0.00129544586797214,30.4993529186191,0.00142166760590095,30.6439904487501,0.00117039082111945,31.2469986490356,0.00126605604720285,31.1512334600571,0.00108042788946605,30.2646255677158,NaN,NaN
0.00129502359453346,30.5789035431575,0.00142920764851193,30.673347595268,0.00117225143354959,31.3118759446066,0.00126427996996374,31.0960868933919,0.00108085739883093,30.3076786533023,NaN,NaN
0.00130117518949194,30.6225783958453,0.00143885234734876,30.6829098926118,0.00117391556558356,31.3713874488145,0.00127671868321501,31.1681195965058,0.00107701660266555,30.4594786631448,NaN,NaN
0.00130862479606823,30.6584096015197,0.00144193703150743,30.7397027894523,0.00117678617356204,31.4212316594923,0.00127619926555516,31.116261382728,0.00107692408238723,30.5158131353823,NaN,NaN
0.00131263232529332,30.6157597708848,0.00145205409750034,30.7695961395596,0.00118060423837812,31.4889027142026,0.00128323710227358,31.1582101006425,0.00107721197007024,30.598353833629,NaN,NaN
0.00131748994068308,30.6696402779252,0.00145883490128636,30.8411793187402,0.00118547919508122,31.543979680094,0.00129391917927302,31.1737631210557,0.00107995290587508,30.5537408536371,NaN,NaN
0.00132029181663005,30.6136651606029,0.00146102773705225,30.9101261636065,0.00119099026441958,31.6409630330766,0.00130149551003891,31.200158818557,0.00107919993140314,30.6203260605381,NaN,NaN
0.00132119027946413,30.6898287557492,0.00146246221277282,30.9837201062472,0.00119232740100363,31.6950644005384,0.00131062136900919,31.2335755938449,0.00107965626228614,30.681607626461,NaN,NaN
0.0013314410360873,30.713537961494,0.00146434195855062,31.0383681887303,0.00119312482399994,31.7567044831382,0.00131828445238671,31.2637928906477,0.00108127691135918,30.7869673514368,NaN,NaN
0.00133306555943091,30.754538843609,0.00146514166959794,31.1339464785352,0.0011954681104944,31.6959956535848,0.001324787662481,31.3140069279819,0.00108136497250766,30.8829677099808,NaN,NaN
0.00133728157418822,30.7093041747538,0.00147341575524682,31.1740723804729,0.0011950883005122,31.7774581224596,0.00133112416104734,31.3667983229845,0.00108310129760024,30.9533858002777,NaN,NaN
0.00134121984851806,30.767774997944,0.00148586456837753,31.1526242368981,0.0012034140319876,31.7977239625661,0.00133694050959628,31.4059474972246,0.00108555332858027,31.0137314295574,NaN,NaN
0.00134901868355538,30.8081965197683,0.00149451480206135,31.1856454412767,0.00120631483990378,31.8502732416171,0.00134689135513154,31.44416349024,0.00108375374887343,31.0644502819358,NaN,NaN
0.00135559177348049,30.8685391223593,0.00150399448682436,31.1860475939688,0.00120796175947333,31.8059722038349,0.00135858728868933,31.4646934771854,0.00108643289655157,31.16891863868,NaN,NaN
0.00136238825146127,30.9114117838752,0.00151564822239348,31.1601757707817,0.00121021546940605,31.8805167929359,0.00136523301373756,31.5065088834964,0.00109315922531421,31.2209299749942,NaN,NaN
0.00137035751349096,30.9365471072588,0.00152692570090447,31.1392638307964,0.00121270222765002,31.8270806062216,0.0013711383098653,31.5484131642098,0.00109140736214224,31.2864455400172,NaN,NaN
0.00137928186059735,31.0112400185901,0.00153406020889458,31.0914076604453,0.00121379152458974,31.9297401682494,0.00138049557943304,31.5586337204813,0.00109194175468511,31.4418110227861,NaN,NaN
0.00137936560249406,30.9695260776557,0.00154376414337239,31.0592354450832,0.00121627258065648,31.8774569614975,0.00138393140275739,31.6118694874958,0.00109093867101155,31.4946691589204,NaN,NaN
0.00138141596323149,31.059995415366,0.00154868891216637,31.1036956593683,0.0012161326811244,31.9720900091723,0.00139072894513916,31.6461750068072,0.00108810659979709,31.5976667580824,NaN,NaN
0.00138325885095573,30.9935026804577,0.00154873388731011,31.0557501217523,0.00121952736031854,32.0496944297117,0.00139722875838579,31.6912787660056,0.00108726857877065,31.6500346416893,NaN,NaN
0.00138503224973773,31.0914591357717,0.00156061711230144,31.0455175699219,0.00122174926944367,32.0907582545228,0.00140428331756063,31.784596888485,0.00108639907260709,31.6987479155465,NaN,NaN
0.00138692076824689,31.0229163567577,0.00157055009351458,31.0751428182345,0.00122639307402786,32.1293387378767,0.0014083758483891,31.8297450848845,0.00108473453689782,31.7732662997088,NaN,NaN
0.0013868721575305,31.1066116356838,0.00157050857238371,31.0264376588669,0.00123263699890012,32.1636620644466,0.00141328453397862,31.8664057758585,0.00108322367947836,31.843327842713,NaN,NaN
0.00139368659429732,31.1467211942746,0.00157658544155668,31.0760364908834,0.0012430220502188,32.1935951980832,0.00141765237369496,31.9238186397839,0.00108157517156167,31.9372780543243,NaN,NaN
0.00139398132564404,31.0987234224943,0.00158659257304719,31.0830071375452,0.0012488167246062,32.2446367341066,0.00142398657237085,31.999361881791,0.00108248864774831,32.0266822879544,NaN,NaN
0.00139742841083084,31.1698064735524,0.00159634474677047,31.1219712650393,0.00125307462880221,32.1959011580078,0.00142772979286233,32.0519755279889,0.00108219907067286,32.1005767143545,NaN,NaN
0.00140005551735825,31.0963168489788,0.00160445114727728,31.1003890705672,0.00125529576619446,32.264592156531,0.00142945611821436,32.0934354366905,0.0010798990285902,32.1922093685636,NaN,NaN
0.0014025328648313,31.1668205397462,0.0016083641311775,31.1567798147157,0.00125647080293352,32.197009792587,0.00143397608898137,32.1350730941968,0.00108410107011203,32.2916860632108,NaN,NaN
0.00141257061202005,31.1712771573674,0.00161058462894048,31.1115152950466,0.00126097132100703,32.248494782442,0.00143667571646096,32.1903974096667,0.00108667032521802,32.3709286990006,NaN,NaN
0.00141819118919766,31.2234195835354,0.00161460328884445,31.1619184324472,0.00126982138824305,32.2296036492135,0.00143930683043572,32.2343902388355,0.00108981447895023,32.4464275882176,NaN,NaN
0.00142351140643676,31.2700803700294,0.00162241981295046,31.1986483783189,0.00127369282330791,32.2709335463236,0.0014450555536432,32.2766500171583,0.00109367837118968,32.5521884288976,NaN,NaN
0.00142454051227762,31.2257370246985,0.00162416574331122,31.2543688679807,0.00128442708341588,32.2846806151049,0.00144768462950936,32.3175766794457,0.00109566975344289,32.4933135572001,NaN,NaN
0.00142558204048329,31.3163400609375,0.001628022278256,31.3524494412026,0.00129302775866627,32.304813419062,0.00145381579635502,32.3497936503017,0.00109546471390904,32.6021496182791,NaN,NaN
0.00143199184429966,31.354087612189,0.00163803120862921,31.3948095247627,0.00130327751007261,32.3719523291743,0.00145793184438796,32.3997410644287,0.00109779819644556,32.5514307659008,NaN,NaN
0.00143694817252098,31.3964254795904,0.00164846830736529,31.4109849997086,0.00130954314997184,32.4101780494628,0.00146870762455291,32.4252035807052,0.00109811648980473,32.6231413401335,NaN,NaN
0.00144445971955358,31.4286913911679,0.00165718230774672,31.4365440374685,0.00131699154866352,32.4720398589785,0.00147573866757602,32.4569317423482,0.0011028857315561,32.68170423295,NaN,NaN
0.0014527054596053,31.4755750085429,0.00166798878189155,31.422111224188,0.00131947661785597,32.4101337040797,0.00148117884367113,32.5111895649898,0.00110667946413753,32.722261487488,NaN,NaN
0.00145501284026022,31.3859969943568,0.00167576280365794,31.3908326814749,0.00132290509998278,32.4840131124331,0.00148501649863293,32.5922874571445,0.00111026049915585,32.774406529037,NaN,NaN
0.00145780875634424,31.4933123466753,0.00168376319449732,31.4235411004263,0.00132373539971758,32.4410424361459,0.00148555248294337,32.6428569920881,0.00111943999891062,32.8111309001791,NaN,NaN
0.00146074721426786,31.400748398683,0.00168494530087207,31.360581862308,0.00132935891173076,32.4841904939658,0.00148427659011792,32.7111125331016,0.00112919101673874,32.864880404545,NaN,NaN
0.00146267473037084,31.4849339055474,0.0016952390248794,31.3543708373979,0.00133605199890622,32.5241013388146,0.00148543975427277,32.7747021679911,0.00113927998024408,32.9206354874319,NaN,NaN
0.00146687314929215,31.4205357809211,0.00170471177348142,31.3280521778864,0.00134301711041293,32.5649877820931,0.00148726741271371,32.8331815247448,0.00114251156235758,32.8549416487626,NaN,NaN
0.00147734833024917,31.413360626551,0.00171748427163228,31.3647374401256,0.0013527802847129,32.5719056618669,0.00149122558102261,32.8989930196933,0.00114310719364681,32.9420283249905,NaN,NaN
0.00148713409416882,31.3919688619692,0.00173055423648409,31.3827002603695,0.00135960238312942,32.6235680332545,0.00149358520054482,32.9626715289852,0.00114627501124915,32.8721450556326,NaN,NaN
0.00149487708543556,31.3627780165504,0.00173581182011126,31.4454360803255,0.00136191282366292,32.5591341915152,0.00149519472311455,33.0162627936091,0.00114646270044087,32.9438110614537,NaN,NaN
0.00149573846551631,31.4164802588858,0.00174105235655567,31.5020055590039,0.00136456127162115,32.6305746037946,0.00149622378653169,33.0746977131616,0.00115029897604127,32.8884125258594,NaN,NaN
0.00149912065120839,31.3255652594133,0.00174299657768183,31.5631327681918,0.00136502365516507,32.5764732363329,0.00149724568954837,33.1704154445048,0.0011516563798438,32.9305296748028,NaN,NaN
0.00150297725619789,31.3989211854583,0.00174804417868551,31.6099165313642,0.00136841203681241,32.6382463550822,0.00149872691198903,33.2363158138557,0.00115627750296386,32.971710887103,NaN,NaN
0.0015052211682652,31.3068474654043,0.00175751495827595,31.5997286631662,0.00137614062279699,32.6807735775378,0.00150415982381313,33.2927510593551,0.00115701573359333,33.0379395467113,NaN,NaN
0.00150957122434884,31.3785098767532,0.00176809330578851,31.5964667579975,0.00138340458046961,32.7084007512498,0.00150643018414492,33.2483582953756,0.00115872719160054,32.9813376640043,NaN,NaN
0.00150923829763949,31.3236934800124,0.00177774128191525,31.6156360363174,0.00139042534664622,32.748400286865,0.00150877538004842,33.2947062962071,0.00115951678435805,33.0892377884402,NaN,NaN
0.00152019513600175,31.2894666566816,0.00178574811831124,31.6654136028638,0.00139554376826581,32.7889763124613,0.00151791864295014,33.2669330454691,0.00116182403600821,33.0254603914688,NaN,NaN
0.00152897610735846,31.3192814285675,0.00178694224361366,31.6194341450755,0.00140240550850248,32.8346964025047,0.00152750533694203,33.2684439103093,0.00116188348355955,33.1177615718516,NaN,NaN
0.00152736722035811,31.2682531568047,0.001795143166788,31.6467805281332,0.0014048659917528,32.7912379270027,0.00153192784099072,33.3425651618786,0.00116478878957716,33.071633265866,NaN,NaN
0.00153395056792112,31.2991820830958,0.00180142194427403,31.6083526042285,0.00140799972902107,32.8464479290436,0.00153527523924724,33.3982005377568,0.00116445406209909,33.1431209980408,NaN,NaN
0.00154169159969513,31.2408003922581,0.00180984640851243,31.5891833259086,0.00140958054653798,32.7978897344775,0.00153516444586742,33.4412157484997,0.0011684887591816,33.1022517646216,NaN,NaN
0.00154212476736732,31.2901351493248,0.0018187693078795,31.5545088271295,0.00141298753852971,32.8444967321843,0.00153691784213015,33.4884524933547,0.00116826168373491,33.1441015030955,NaN,NaN
0.00154448321800419,31.2142389512358,0.00182891648889136,31.5184491357445,0.00142314143772949,32.8579333832834,0.00154283484439848,33.5435990600199,0.00117856299814419,33.1147309198641,NaN,NaN
0.00154842027458083,31.2970874728139,0.00183809367869833,31.5483871694842,0.00143347010229846,32.8728334320269,0.00155187227935368,33.5226247010626,0.0011804157531258,33.2071658054817,NaN,NaN
0.00155017305799677,31.2139715541785,0.00184228560370953,31.6056715862817,0.00144095489254193,32.8459601298287,0.00155746751277143,33.5786155745502,0.00118333315611879,33.1359900521879,NaN,NaN
0.00155524539242727,31.2822023699591,0.00184509413344275,31.6615261268408,0.00144887489176807,32.8684432390936,0.00156491016038728,33.6266966262277,0.00118347606175077,33.2487481334861,NaN,NaN
0.00155641920483464,31.2023397821872,0.00185259707036219,31.7290430954688,0.00145722822568652,32.9116356422966,0.0015727288235984,33.6638016892135,0.00118686686162886,33.1867980413895,NaN,NaN
0.0015639858538983,31.250649517201,0.00186111917761733,31.7104547043707,0.00146296386730095,32.9466241496141,0.00157379723956581,33.7071723975659,0.0011871541586801,33.2641688038929,NaN,NaN
0.0015723891225639,31.2252467967601,0.00186416758035251,31.7667560812543,0.00147398347891362,33.0089294129614,0.00157759031686766,33.7517873475512,0.00119305814754971,33.3144419721554,NaN,NaN
0.00157941033525662,31.267673796514,0.00187006659225594,31.8288663303561,0.00147640814823065,32.9416131213164,0.00158362548065737,33.7968466695484,0.00119524937740516,33.3581190155041,NaN,NaN
0.00158247371829077,31.2032756718876,0.00187027913692448,31.8952215245404,0.00148100022308899,32.9937632919189,0.00159238582829247,33.8483049485156,0.00120095127901575,33.3970272388137,NaN,NaN
0.00158501606248273,31.2823360684877,0.00187355080157163,31.9543826539007,0.00148874239191643,32.9521673225098,0.00159680472880516,33.7903144009749,0.00120759095256632,33.4710999388602,NaN,NaN
0.00158649518217253,31.2042115615881,0.00188344750136129,31.9835163822563,0.00149837742376539,32.9621893791051,0.00160394787095912,33.8203095117718,0.00120864334124859,33.4267989377493,NaN,NaN
0.00159028416554197,31.2800186273247,0.00189188978253889,31.9307896959685,0.00150240613831453,32.9032987102615,0.00160476930487062,33.7673403679645,0.00121171195908573,33.4806821473499,NaN,NaN
0.00159161655868085,31.2118769438965,0.00190275117272037,31.899377102358,0.00150646087218791,32.9661361182068,0.0016158048203595,33.7991129668086,0.00121835224345178,33.5298856737346,NaN,NaN
0.00159585513245752,31.2794838332101,0.00190880974753794,31.8634067782379,0.00150442262347343,32.9221454981068,0.00161846943539335,33.736234327138,0.00121931858773747,33.4827768626942,NaN,NaN
0.00159669230440427,31.2215923703107,0.00191280857357362,31.9076882579932,0.00151512787438284,32.9671560620196,0.00162780752470291,33.7787607286679,0.00122140790864147,33.5560027629206,NaN,NaN
0.00160085048708547,31.2760522376418,0.00191444845953764,31.8524146046559,0.00151605634152283,32.8950061236096,0.0016371424270114,33.7728061437097,0.00122156616893141,33.5110778040477,NaN,NaN
0.00160509046801008,31.357028979819,0.00192661728924294,31.8644345017842,0.00152179075274507,32.9395732336908,0.00164687383092439,33.7648518846984,0.00122443416599709,33.5815404627561,NaN,NaN
0.00160558399543535,31.449102699873,0.00193852144492858,31.8270343014258,0.00152352101760921,32.8950061236096,0.0016558328225609,33.7481879342556,0.00122982099244767,33.6222314225289,NaN,NaN
0.00160521682402772,31.5446971478477,0.00194971936332593,31.8320835518923,0.00152920940128283,32.9519899409771,0.00166496119126821,33.7154821541867,0.00122964124650923,33.6654182133503,NaN,NaN
0.00160408858191358,31.6261641179633,0.00196137954445167,31.8232808763002,0.0015322526180441,32.9119904053619,0.00167254024056496,33.6891753310877,0.00123521323638672,33.7053069417146,NaN,NaN
0.001603392273879,31.683921882334,0.00197099730313035,31.8515209320069,0.00153692037354779,32.9586860938351,0.00168557216518408,33.7231253527897,0.00123771000967506,33.6385880295789,NaN,NaN
0.00160968656333931,31.715251904211,0.00198065173140778,31.8330219081737,0.00154609753329091,32.9876879744252,0.0016938994301833,33.6997069477675,0.0012403379786466,33.7231343063467,NaN,NaN
0.00161913171524091,31.7098148307132,0.00199039598776134,31.825961894247,0.00155275878000573,33.0376652212526,0.001701756975369,33.7341457786825,0.00124251344486579,33.6489724694771,NaN,NaN
0.00163187379864604,31.7465373599119,0.00199919354079116,31.7943705661068,0.00155956249296975,33.0811236967546,0.0017046751064777,33.6900640751113,0.00124627487788946,33.7190340124814,NaN,NaN
0.00164178187069479,31.8130300948202,0.00200281321405998,31.8415117983387,0.00155968551973756,33.0313681768431,0.00170900672976231,33.7366786991498,0.00124668444882826,33.6681368864567,NaN,NaN
0.0016521384284612,31.8396806681949,0.00201352690331428,31.8672048869959,0.00156915646736752,33.0864894881176,0.00171657292297324,33.7085055136013,0.00125290104852824,33.7000924375597,NaN,NaN
0.00166180727879656,31.8472123519748,0.00202129173416195,31.9294491869951,0.00156876578212076,33.0364235505239,0.00172434507428637,33.7411668564691,0.00126027683415381,33.7513461108771,NaN,NaN
0.0016731965510112,31.8574625725035,0.00202342179103307,31.9704240779493,0.00157669308439402,33.0885293757432,0.00172567510893323,33.6844649877626,0.00126058797849662,33.7050840996567,NaN,NaN
0.00168027523282997,31.8221215947674,0.00202310596227695,32.0119798561253,0.0015763385746827,33.0378869481684,0.00173577719735578,33.6924636839751,0.00126502353097944,33.7636469924732,NaN,NaN
0.00168078066700778,31.8835337855876,0.00202281335370221,32.0714090872803,0.0015830791535664,33.0972210708436,0.00174731577475323,33.6772217239701,0.00127544600033189,33.797652690509,NaN,NaN
0.00168398876452816,31.83232724912,0.0020230236022896,32.1474606297056,0.0015839174795526,33.0350044982626,0.00174917567833201,33.7186816326717,0.00128490265459527,33.8280037787952,NaN,NaN
0.00168478007956273,31.8885251973233,0.002024719753892,32.2114922750026,0.00158858706081807,33.0891058657244,0.00175929689402473,33.7336125322684,0.00128847894437574,33.8688284438027,NaN,NaN
0.00168814846742093,31.8441372858161,0.00202687625372281,32.2788751927332,0.00159874283430822,33.1311896343483,0.00177100949915641,33.7311684862034,0.00128857195348324,33.8218087695855,NaN,NaN
0.00168891382006295,31.8947198958168,0.00203458147394241,32.320609705439,0.00160472760336332,33.1940713876768,0.00178108984775397,33.706461402347,0.00129374282380412,33.8606724244835,NaN,NaN
0.00169252154269817,31.8532733519396,0.00204209283861822,32.2795901308524,0.00161331432529318,33.257973084818,0.0017877519317117,33.6767773519583,0.00129487227630417,33.9218648535833,NaN,NaN
0.00169973175400577,31.8898176164334,0.00205163508422961,32.3036746087415,0.0016249198058769,33.2344700317404,0.00179563785566463,33.6446936927059,0.00129846223135016,33.9614416030666,NaN,NaN
0.00170917177708842,31.8990873810855,0.00206053875595005,32.2199374815352,0.00163626370951211,33.2151354446803,0.001805989122163,33.6911750051408,0.00130212397489545,33.9999041422604,NaN,NaN
0.00170993150905838,31.9449014102315,0.00206857434457507,32.1769518271209,0.00164525114506521,33.2726514066458,0.00181416148564541,33.7186816326717,0.00130562845599289,34.0718821269626,NaN,NaN
0.0017146425635328,31.9003798001957,0.00207709306551711,32.1466116406891,0.00165397056941275,33.3195688220347,0.00182561038310653,33.7389005592089,0.00130886887739918,34.113776433848,NaN,NaN
0.00171744891872974,31.9673181968661,0.00208437586746787,32.1081837167844,0.0016547017844237,33.2696802659737,0.00183152843039679,33.804356556548,0.00131574363020087,34.1707348638476,NaN,NaN
0.00171863085572697,31.8885251973233,0.00209140726809337,32.0619808408339,0.00165936703061438,33.314291721438,0.00184221787553779,33.852837543036,0.00131808505599067,34.2348688081117,NaN,NaN
0.00172213163579687,31.9622822189542,0.00209837238789372,32.0286468510282,0.0016697619735993,33.2888374715011,0.00185288469269042,33.8541706590715,0.0013192530197739,34.3058217193475,NaN,NaN
0.00172265879508396,31.8917785281868,0.00210635267890092,31.9951341266927,0.00167145922501472,33.349945409503,0.00186293180306349,33.8537262870597,0.0013199819433491,34.3711590107242,NaN,NaN
0.00172672235747437,31.9564886160466,0.00211446542253523,31.93373881571,0.00167381487283536,33.2794805956532,0.00187371458677033,33.8460386512554,0.00132171313617722,34.4167970641825,NaN,NaN
0.00172674861440558,31.8951209914027,0.00212343028572004,31.9016112839804,0.00167704272473007,33.3586814499865,0.00188304938415554,33.8617694204734,0.00132576380050117,34.4854769864277,NaN,NaN
0.00173283429735032,31.9363447043988,0.00213206604745434,31.8693943849859,0.00167872841732971,33.2935824274998,0.00189256557846926,33.8664353265973,0.00132727791648721,34.4288305353091,NaN,NaN
0.00174028682336641,31.8941851017022,0.00214039456512958,31.828151392237,0.00168272526064067,33.3530939317077,0.00190171547715499,33.9098060349496,0.00133038335533109,34.502858666944,NaN,NaN
0.0017436744720147,31.9651344542317,0.00214294159570394,31.7873105521801,0.00169242825995712,33.3312316578072,0.00191396223728236,33.9682853917034,0.00133830701445959,34.5404298379062,NaN,NaN
0.00174634690686865,31.9078669177993,0.00215095029868241,31.7640750633075,0.00169865663063896,33.3785481816446,0.00192464180665026,33.9363794812557,0.00134030803024252,34.5860233229528,NaN,NaN
0.00175064485669216,31.9792619320909,0.00216022983928572,31.7226086523964,0.00170072369443762,33.3063095524683,0.00193279216957856,33.9002075994946,0.00134350794468146,34.6409761744314,NaN,NaN
0.00175086487810715,31.9192312927334,0.00217203208686188,31.7104547043707,0.00170384301972603,33.387239876745,0.00194348297451136,33.8939419541282,0.00134384354801533,34.5922629005741,NaN,NaN
0.00175652204618497,31.9743596527076,0.00218098733622338,31.6537958584275,0.00170514218579039,33.3261762841263,0.00195461548614286,33.9056289380387,0.00134708038526358,34.6632158118099,NaN,NaN
0.00176050837888641,31.9333142044164,0.00219103944285765,31.6128209674733,0.00171009770505459,33.3810315231019,0.00195980711054367,33.9616642487275,0.00134750195225917,34.7374667855027,NaN,NaN
0.00176992585878914,31.9271640720991,0.00219793473198496,31.5773868469425,0.00171993746844301,33.3538034578384,0.0019613182803372,33.9197155308129,0.00135212018365554,34.8087316756196,NaN,NaN
0.0017794371041795,31.9132148589447,0.00220556330098781,31.5377077813293,0.00172021032191127,33.4131819258968,0.00196457453604777,33.9736622930462,0.00135600352460788,34.853077245142,NaN,NaN
0.00178940838700973,31.899399344319,0.00220837975468485,31.5848490135612,0.00172180336404412,33.3559320362303,0.00197424249575976,33.9532656177043,0.00135841502755284,34.8104698436712,NaN,NaN
0.00179773853436657,31.8643703298164,0.00221169296024515,31.5285029530451,0.00172407491258835,33.4429376780007,0.0019763879517574,33.9830829796965,0.00135981448642915,34.8933670892106,NaN,NaN
0.00180218998867459,31.9098278295526,0.0022138290810917,31.5790401413431,0.00172483044012093,33.3767300209348,0.00198454213017377,33.9220707024755,0.00136145415593705,34.8378794167931,NaN,NaN
0.00180965393750983,31.8662421092173,0.00222460041855658,31.5866363588591,0.00172815304166471,33.4533588430446,0.00199403909229404,33.9414897593914,0.00136412609404769,34.9144925162996,NaN,NaN
0.00181886427853662,31.8797010944333,0.00223637097687158,31.5545981943944,0.00173655016723925,33.4799217275606,0.00199868072740611,33.8996743530805,0.00136992067917433,34.948854761628,NaN,NaN
0.00182577192052656,31.847479749032,0.00224744279236341,31.4929794652495,0.00174716508288049,33.4498999031577,0.00200889758050238,33.8924755264892,0.00137524879175934,34.9842420804228,NaN,NaN
0.001828295511621,31.9280999617995,0.00225601380619136,31.4489214036564,0.00174955733411837,33.505242941348,0.00202083009888476,33.8670130102127,0.00137748504914712,34.9184591049303,NaN,NaN
0.00182858303367269,31.8729270356491,0.00226473671833944,31.4303330125583,0.00175255474822293,33.454290096091,0.00202837836565329,33.8948751353529,0.00138007499566468,35.0025596975823,NaN,NaN
0.00183385646286535,31.9423611381874,0.00227240522104278,31.4629967478773,0.00175664200610818,33.501739656078,0.002029057075817,33.8368845878122,0.00138035742460777,34.9567433704778,NaN,NaN
0.00183674949523823,31.9870164467518,0.0022819042490697,31.459868893606,0.00175842555303946,33.4531371161287,0.0020412379360471,33.8530152918408,0.00138531936494503,34.9998855928875,NaN,NaN
0.00184340114566915,32.0727172036075,0.00228898952341742,31.4310479506775,0.00176143101114648,33.5125155841871,0.00204524695635851,33.7900033405666,0.00139477911453726,34.991863278803,NaN,NaN
0.00184659161062102,32.1521341296173,0.00229956421205889,31.4106722142815,0.00176254779572099,33.4660416226299,0.00205688284256295,33.8032011893173,0.00140396535521407,35.0170889997575,NaN,NaN
0.00184856791099569,32.0929502476077,0.00230625541900335,31.3656311127746,0.00176661210818706,33.5191673916619,0.00205885416800855,33.7283245053279,0.00141257223725081,35.0523426133175,NaN,NaN
0.00185032847981061,32.1789629676969,0.00231889984523713,31.3517791867159,0.00177673174579483,33.5182804839986,0.00207107667962663,33.7634298942606,0.00142214442536372,35.1119751480119,NaN,NaN
0.00185332961993007,32.1364022694144,0.00232667829563104,31.2978907259844,0.0017861487189309,33.5179700663165,0.00206959535226269,33.7192148790858,0.00142768057189286,35.1503485503826,NaN,NaN
0.00185453222486533,32.1863163867719,0.00233262507595783,31.2572733040898,0.0017904815894435,33.5774372251412,0.00206975500936622,33.6754442359229,0.00143052193086186,35.2243321136058,NaN,NaN
0.00185936937755125,32.2466589893629,0.00234320539248196,31.2378806076077,0.0017935556896937,33.5348213119193,0.00207791174840215,33.6226528409203,0.00143388531947406,35.2850342901782,NaN,NaN
0.00186037081139324,32.2016025852126,0.0023496068931545,31.1996314182327,0.00179625244962165,33.6192992668493,0.00208977873148693,33.6209197900742,0.0014353464857422,35.339006636602,NaN,NaN
0.00186378234195799,32.2562852834247,0.00235599451491099,31.1626780541988,0.00179564959307807,33.577925024356,0.00209967303249254,33.5784378257455,0.00143703110293155,35.4402660677124,NaN,NaN
0.00187285756072803,32.2673376951253,0.0023632470994137,31.1333209076809,0.00180234532627678,33.6188558130177,0.00211670143400162,33.5960349574131,0.00143887157663235,35.3899483310382,NaN,NaN
0.0018763864967302,32.3125723639805,0.0023754517810438,31.0825156175883,0.00180909657743514,33.6599639832119,0.00212489407469942,33.6190978648258,0.00143912749034906,35.4595196215151,NaN,NaN
0.0018778204774882,32.2559733201912,0.00238182530583785,31.0425684501804,0.00181402293303946,33.6175697969059,0.00213700584592571,33.6579804158589,0.00144078280062293,35.4100041162494,NaN,NaN
0.00188157128133446,32.3263878786062,0.00238648752656444,31.0794324469494,0.00181567994726516,33.6676357344995,0.00213715646243149,33.5875030147864,0.00144327818992656,35.4872857419296,NaN,NaN
0.00188390609202155,32.252140629037,0.00238950747600494,31.0149092816955,0.00181529185951306,33.5973483021825,0.00214496138244616,33.55150888183,0.00145263686517172,35.445614277102,NaN,NaN
0.00188619517469954,32.3333847682715,0.00240008183757684,30.9880991022271,0.00182048778753976,33.639875524638,0.00214596494459099,33.5060496250222,0.00145226680335818,35.4948623718982,NaN,NaN
0.00188955680046359,32.4023732090476,0.00241187878433993,30.98139655736,0.00182309312739312,33.7226240096246,0.00214549778750251,33.4585462569601,0.00145469058669996,35.4489569079705,NaN,NaN
0.00189105732191123,32.4578135322554,0.0024209327669501,30.9467667422133,0.0018254310028819,33.7905167912507,0.00214771217669814,33.4129536885488,0.00145669345599706,35.5359544473753,NaN,NaN
0.0018930734062715,32.5038503922824,0.00243283118572989,30.9062386875835,0.00182923095566597,33.8478553716835,0.0021652960045577,33.4229964960156,0.00145894822569079,35.4760990706229,NaN,NaN
0.0018954532586662,32.5615190243007,0.0024434331415991,30.873619635897,0.00183350890358849,33.9241294307279,0.00217221071537419,33.4544580344515,0.00146148232988276,35.5548514538853,NaN,NaN
0.00189614353842644,32.6219953254204,0.00245311920462611,30.8739324213241,0.00184140851523706,33.9756144205829,0.00217124807541802,33.3867357398522,0.0014630207012547,35.5040434646838,NaN,NaN
0.00190334605650561,32.6805998471391,0.00246298706294582,30.829472207039,0.00184602454101489,34.0358797963046,0.00217511327397169,33.3476310028132,0.00146753091377679,35.5614475787992,NaN,NaN
0.00191010350016004,32.7205311410251,0.00247516004872066,30.8135201502553,0.00184760491762354,34.0988502403994,0.00218463349256733,33.3408765482338,0.0014712477870296,35.6342723633214,NaN,NaN
0.00191814142800769,32.7785117362769,0.00248585713347907,30.7868887053167,0.00184819509976738,34.1956562118494,0.00219519516114297,33.350030611677,0.00147277190250426,35.5795423539008,NaN,NaN
0.00192113248404455,32.7056906043465,0.00249619031377067,30.7338939172342,0.00184968779600664,34.2494028162458,0.00219867143608028,33.3024828064137,0.00147481735607175,35.6565565691116,NaN,NaN
0.00192368178764513,32.7578330305145,0.00250661233433557,30.7277722595889,0.00184869500404719,34.3034598383244,0.00220754111343286,33.3305671175598,0.00148082005676138,35.719799145144,NaN,NaN
0.001930986058979,32.7195952513246,0.00251497675185312,30.6795139365458,0.00185087727135217,34.3504659444796,0.00221645390583577,33.3579848706883,0.00148486398016329,35.799977717577,NaN,NaN
0.00193949775368899,32.6861260529894,0.00251763988333441,30.7280403613836,0.00185250449577089,34.3946339461123,0.00221936712449919,33.3108814374368,0.00148879257332084,35.8425851190477,NaN,NaN
0.00194808586793704,32.6597874428481,0.00251979852889977,30.6730348098409,0.00185505288428249,34.3370292933805,0.00222375252395278,33.3597623587355,0.00149834832643084,35.899365275401,NaN,NaN
0.00195631577433103,32.6302400680196,0.00252426884990598,30.7204888275,0.00185564274447725,34.4147224046862,0.00223125799044085,33.323234979365,0.00149698778693203,35.9556997476385,NaN,NaN
0.001967042265229,32.6404011561959,0.00253448530988082,30.7305426448006,0.0018605473850546,34.3684258246616,0.00224171581724329,33.324701407004,0.00149746383156823,36.0032096743831,NaN,NaN
0.00197636774974209,32.6334933988831,0.00254456090266037,30.767540692467,0.00186480812938824,34.4056759465205,0.0022467939318389,33.3628729628182,0.00150089357100753,36.0504521906582,NaN,NaN
0.0019872165934214,32.6304628989006,0.00255445596710212,30.7645022054606,0.00186634483329996,34.3546344104972,0.00224820988286929,33.3131032974958,0.00150098521631405,36.1173939448518,NaN,NaN
0.00199568315711931,32.6672299942755,0.00256176155314149,30.7353684771049,0.00186913588421764,34.4184917622553,0.00225370362633955,33.3562073826411,0.00150141244477072,36.1656615345933,NaN,NaN
0.00200037637379104,32.6181626342661,0.00257317197488397,30.6962256150811,0.00187268354747434,34.3428385385752,0.00226350803861498,33.335766270098,0.00150319102765824,36.1225193121836,NaN,NaN
0.00200357960029861,32.6644668913504,0.0025826084965741,30.6704878427914,0.00187380048651016,34.4248774974311,0.00227597988622019,33.3484308724345,0.00150394082606646,36.2144639452737,NaN,NaN
0.00200750844803455,32.6037677593497,0.00258946220346485,30.6400136054623,0.00187781515068158,34.3672728446993,0.00228768235274418,33.3482086864286,0.00150677246988688,36.1580849046246,NaN,NaN
0.0020123239123437,32.6462393252797,0.00259474623664579,30.6744200024468,0.00187836600407882,34.4243453528331,0.00229797550612726,33.3553186386175,0.00150697995445066,36.2418735183956,NaN,NaN
0.00201430857927494,32.5735073257017,0.00259631339622805,30.6149460876594,0.0018891348785054,34.3631930694481,0.00231222829253433,33.3518080997242,0.00151374550711454,36.2746313009071,NaN,NaN
0.00201949300092915,32.6092493990237,0.00260400682216045,30.5892529990021,0.00189074605042133,34.4458528636683,0.00231512656296258,33.395800928893,0.0015149650769984,36.3188877336063,NaN,NaN
0.00202226066891035,32.5538982081684,0.00261286989285307,30.5297790842147,0.00189571642257364,34.3634591417471,0.00231596492917708,33.3508304812982,0.00151710134038406,36.3799910258829,NaN,NaN
0.00203353387442413,32.5419099067674,0.00262758236022555,30.5439437957005,0.00189695447443384,34.410642629435,0.00232247723285713,33.3885132278994,0.00152010875984227,36.4420748232143,NaN,NaN
0.0020384646557749,32.5043406202207,0.00262752576092349,30.4729415037417,0.00190321432397419,34.472327057418,0.00233316197539943,33.3906017763549,0.00152713886102649,36.5142310815628,NaN,NaN
0.00204608456836021,32.5321944803532,0.0026399599253817,30.4925129347537,0.00191027079815137,34.4289129272991,0.00233996390771552,33.4227743100097,0.00153412981904434,36.4854844560935,NaN,NaN
0.00204778182630338,32.4586157234272,0.00264063611535082,30.4076140331037,0.00191126821635716,34.5117944484352,0.00234916784435209,33.4425933017363,0.00154171642853513,36.513785397447,NaN,NaN
0.00205171460094451,32.5050091128639,0.00265308803564255,30.447293098717,0.00191576917533893,34.4517507996293,0.00235559020736669,33.4847642056567,0.00154600510420132,36.4751891530184,NaN,NaN
0.00205206229335452,32.4548275984491,0.00265403928321109,30.3966218595217,0.00191607925837153,34.5455856304072,0.00236224256925167,33.540932827949,0.00154606051913287,36.527155920921,NaN,NaN
0.00206206919129846,32.4537580102201,0.00266476319251037,30.4039052916106,0.00192172434870144,34.5937003711416,0.0023721304930969,33.5718611199708,0.00155272418302902,36.5594234509052,NaN,NaN
0.00206467204503963,32.3697507680604,0.00266535211644842,30.3579705174547,0.00192312425776366,34.6563603975542,0.00237970567391757,33.6096327409743,0.00155552743792518,36.6070670828845,NaN,NaN
0.00207188787701929,32.411063613409,0.00267737346986702,30.3766482758177,0.00192397861435067,34.7287764082633,0.00239071338719095,33.6170537535715,0.00155685561731508,36.6703542273286,NaN,NaN
0.00207476469694496,32.3037928272667,0.00268277258801683,30.3158338520569,0.00192478132939348,34.7924563784887,0.00239993645109769,33.6438049486823,0.0015567340762293,36.7395689705127,NaN,NaN
0.00208187558258454,32.3397131652936,0.00268847232794611,30.3532340524153,0.00192743100774392,34.8543181880044,0.00240949826809329,33.6952632276494,0.00155735793408907,36.8168951646046,NaN,NaN
0.00208257824511099,32.2915816949846,0.00268921200546076,30.310248398001,0.00193524839855736,34.7892191655176,0.0024125440718968,33.6554030581904,0.0015636246330347,36.8542880619204,NaN,NaN
0.00208745380344736,32.2452774379003,0.00269969172215374,30.3418397261412,0.00193474901921654,34.8502827581363,0.00241159057535619,33.7062836535423,0.00157394136442107,36.8692184797998,NaN,NaN
0.002096495532232,32.1643898280756,0.00269967511765785,30.2895151925454,0.00193705760321074,34.8867790084814,0.0024132288412928,33.7594305461543,0.00158094837041522,36.8298645723744,NaN,NaN
0.00210261542314251,32.2049896146047,0.00270735225297576,30.3274069128608,0.00194246221849848,34.7964031175904,0.0024148513768069,33.810755513518,0.00158364181435808,36.8781767305275,NaN,NaN
0.00210200309105162,32.1577049016438,0.00271248488503503,30.2912578542109,0.0019425380447296,34.8546729510697,0.00241736553114079,33.8710123583189,0.00158736888982067,36.7985775474451,NaN,NaN
0.00210707094623214,32.1030222034316,0.00272106201735001,30.2578344971403,0.00195090518638279,34.7903721454799,0.00242101698165207,33.9384680297112,0.00158936780811684,36.8711349214978,NaN,NaN
0.00211449667089196,32.1551200634235,0.00273002425738408,30.2289688705793,0.00195280740310511,34.8556485494993,0.00243080184801692,33.9410453873796,0.00159318905376675,36.7848950450899,NaN,NaN
0.00211714209915545,32.0569407772284,0.00273782002751874,30.1866087870192,0.00196192287517649,34.8027888527662,0.00244241573261452,33.9473554699473,0.00159581317353995,36.8508562942287,NaN,NaN
0.00212377566189726,32.1040026593083,0.00274361467829083,30.2257069654106,0.00196965268267774,34.7709488676535,0.00245043094978317,33.8957194421754,0.00159823064335373,36.7698309219758,NaN,NaN
0.00212315435041334,32.0580994978099,0.00274360326558481,30.1657862142987,0.0019761376909882,34.7228341269191,0.00246021289092879,33.8239977994698,0.00160191177506076,36.8369955182273,NaN,NaN
0.00212914380860489,32.0097451966199,0.0027492947544807,30.205465279912,0.00198356869197662,34.6607062451044,0.00246782282662432,33.7786274170644,0.00160273533658476,36.7889953389553,NaN,NaN
0.0021350737856057,32.0623332845501,0.00276093166091345,30.1777167441622,0.00199272786752244,34.6135227574165,0.00247992048900175,33.7351233971085,0.00160772183771565,36.8255414364511,NaN,NaN
0.00213349354639073,32.0022580790163,0.00276514522526973,30.2217748057553,0.00200158582429962,34.5764500170903,0.00248999341646974,33.7167263958197,0.00161139820311711,36.7653740808177,NaN,NaN
0.00214570974083393,32.0327413435453,0.00276618575579842,30.1718185046791,0.00200726046179353,34.5242555011046,0.00249652542397167,33.6704672693906,0.00161376685763536,36.8311570563103,NaN,NaN
0.00214552054490459,31.952165696954,0.00277733717272731,30.1947858917571,0.00201446049590188,34.4658082860927,0.00250378385436307,33.6336288296119,0.00161620719796634,36.7539199990416,NaN,NaN
0.00215456766823404,31.9880860349809,0.0027791298357911,30.1274029740265,0.00201846135233855,34.5156968421537,0.0025085254118897,33.5892360656324,0.00161838910058381,36.8267447835638,NaN,NaN
0.00215826353568483,31.934071829412,0.00279062948598213,30.087902642943,0.00202174976272091,34.4261191681597,0.0025175548512691,33.5518643794395,0.00161998451572859,36.7615857658334,NaN,NaN
0.00216999598432699,31.9210139397818,0.00279687033350859,30.1262858832153,0.00202692424914112,34.4626154185048,0.00252579991044956,33.5183587297493,0.00162373258889449,36.820460637531,NaN,NaN
0.0021799984188604,31.8944524987595,0.00279867703902322,30.06082436168,0.00202928491558777,34.3963190706726,0.00253356782973968,33.4922296554551,0.00162568951266803,36.7621205867724,NaN,NaN
0.0021910477444654,31.8804587194289,0.00280368273072075,30.1061335649816,0.00204079409418114,34.365853792438,0.00254412092829328,33.4622789818593,0.00163711871128722,36.7701429008568,NaN,NaN
0.00219369312015694,31.834644690283,0.0028071443937765,30.0624329724481,0.00204790485592576,34.3321956466155,0.00255195291921865,33.4320616850564,0.00164539754533278,36.8094522398707,NaN,NaN
0.00220538812309573,31.8210520065383,0.00281082581021975,30.117170422196,0.00205391652612162,34.2937481994111,0.00256256434073411,33.3981116633544,0.00164969039578878,36.7469673268351,NaN,NaN
0.00220949821572645,31.7801848229519,0.00281195567822019,30.0690014664178,0.00205774973499738,34.3516189244419,0.00257037621130266,33.3682054269599,0.00165315498073435,36.8071346824685,NaN,NaN
0.00221585438515139,31.8116039771814,0.00281798741530871,30.1085911647662,0.00206062128219651,34.2644359011389,0.00257780574315632,33.3266566438559,0.00165486951388669,36.742198506796,NaN,NaN
0.0022153813283497,31.7617789921764,0.00282034478773225,30.0675715901795,0.00206502481472844,34.3142801118167,0.00258395666575913,33.292484436148,0.00165880423715079,36.7981764317408,NaN,NaN
0.00222676454853083,31.7441307863964,0.00283117437303527,30.0688674155205,0.00206677368993699,34.254546880693,0.00258840712993464,33.3300338711457,0.00167031575295452,36.7562375564438,NaN,NaN
0.00223643046358695,31.7322316173478,0.00283943671890856,30.0426381232739,0.00208185408145133,34.22452505629,0.00259078044387625,33.2788866525867,0.00168015992206015,36.6987443055052,NaN,NaN
0.00224589039702866,31.7192182938939,0.0028478554462411,30.0203409906827,0.00208953890655734,34.1753460263597,0.00260170511510278,33.2793310245986,0.00168352608040974,36.7635467759429,NaN,NaN
0.00225657174107511,31.7021940145809,0.00285346901696534,30.0634160123619,0.00209216321835724,34.2184940841795,0.00261204153934202,33.3384325021688,0.0016858278943877,36.6874239289638,NaN,NaN
0.00226753512332398,31.7153410365635,0.00285732320791145,30.1153830768981,0.00209586949742314,34.140313173659,0.0026218569254005,33.3694496685929,0.00168965132002723,36.7461650954266,NaN,NaN
0.00227958399168963,31.672156411814,0.00286107631501612,30.1539450517002,0.00209925286044446,34.1979178263908,0.0026278478782354,33.3305226803587,0.00169021713538807,36.7032011466632,NaN,NaN
0.00228914722235677,31.6657834486157,0.00287138544426421,30.1764656024537,0.00210245838419155,34.1266547956441,0.00263706284164304,33.3625619024099,0.00169436673532091,36.7465216427193,NaN,NaN
0.00230083220962436,31.6669867353735,0.00287906066508214,30.2315605212612,0.00211176263235678,34.117519646712,0.00264048518355279,33.3168804595962,0.00169826948461871,36.7895301598943,NaN,NaN
0.00230982006997059,31.6430992649238,0.00289180070421539,30.2880853163071,0.00211790440747567,34.0823094124788,0.00264349999708698,33.2609784605109,0.00170142866741742,36.7498197051762,NaN,NaN
0.00232087806459053,31.5972852357779,0.00289344916828239,30.2369672407874,0.00212808489474265,34.0400926077053,0.00265376576584224,33.270576895966,0.00170313181709644,36.8269676256217,NaN,NaN
0.0023294418129887,31.616448691549,0.00289913770695795,30.2734737684968,0.00213854278656905,33.978585561255,0.0026600058978057,33.2133417808453,0.00170485624793481,36.7680927539241,NaN,NaN
0.00233709610709509,31.5840045152667,0.00290341603240876,30.2198980931925,0.0021407160706509,34.0522875880758,0.00266709855782052,33.1542847404762,0.00170926536592611,36.8218868267016,NaN,NaN
0.00234346119542138,31.617696544483,0.00291365599831115,30.1437124998698,0.00214542677979815,33.9591622834286,0.00267588461973275,33.0958942581248,0.00171731315245634,36.7725941634937,NaN,NaN
0.00234364432347778,31.5729521035661,0.00292423281949899,30.1104231936965,0.00214728698209755,34.0272324465874,0.00268050885196611,33.0584781347307,0.00173049352181316,36.7140758390888,NaN,NaN
0.00235033084728288,31.6178302430116,0.00293410067122461,30.1207004291594,0.0021514224460198,33.9804480673479,0.00269059244055276,33.0430139887198,0.00173499650458403,36.7736638053717,NaN,NaN
0.00235780214223593,31.6715324853471,0.00293845067414866,30.1604241784051,0.00216351080365774,33.9811132480954,0.00269102144907694,32.9981768527286,0.00173525121596949,36.7168836490184,NaN,NaN
0.00236440906925705,31.7044668895677,0.00294746389219622,30.1468403541411,0.00216755430066442,33.9368565556964,0.00269569046881683,32.9538729631515,0.00174297881614295,36.7606052607786,NaN,NaN
0.00237646821110003,31.7292902497178,0.00295826058238886,30.1593964548588,0.00217997950576547,33.9310916558849,0.00270670032406935,32.9994655315628,0.00174543102966042,36.6966495901609,NaN,NaN
0.00238356833140916,31.6777271838405,0.00296715168347157,30.1026929252831,0.00218809008909617,33.8751277823302,0.00270615859108553,32.9489848710216,0.00175578796260641,36.7109560502782,NaN,NaN
0.0023883610105717,31.7193965585988,0.0029784646736496,30.1219962545004,0.00219076481204806,33.9365904833974,0.00271556315684408,32.9429858488622,0.0017661188682712,36.7039142412485,NaN,NaN
0.00239894584324602,31.728488058546,0.00298697803267288,30.1507725137964,0.00219358746078343,33.884174240496,0.00272769395252272,32.8969044712379,0.00177774384062141,36.6881815919607,NaN,NaN
0.00240296554494951,31.7866914846789,0.00299255127492728,30.2234727837883,0.00220382575043117,33.8675890671921,0.0027381986579283,32.8553112509328,0.00178923700735692,36.6921036121797,NaN,NaN
0.0024073548773262,31.8466775578602,0.0030038202777644,30.2552875300908,0.00221049957448853,33.8196517079904,0.00274470975972785,32.8868172265699,0.0018005323634258,36.6566271565618,NaN,NaN
0.00241062645927362,31.8953883884599,0.00301471734314771,30.2673074272191,0.00221448346110374,33.8719349147423,0.00274946678694788,32.8132736586159,0.00181026063272302,36.6724043742612,NaN,NaN
0.00241425068889471,31.9388849764429,0.00301783034344263,30.2227578456691,0.00221675101842426,33.7954391287821,0.00275875935849886,32.7873223331264,0.00182215717973963,36.7021760731969,NaN,NaN
0.00242564002160102,31.9454807705222,0.00302891302652451,30.2103357958487,0.00222169996672116,33.8365916443595,0.00276693370920733,32.7435516899634,0.0018304558697084,36.6634906919452,NaN,NaN
0.00243696453906346,31.9325565794208,0.00303875355651079,30.2317839394235,0.00222266465792518,33.7851066545046,0.00277801406519075,32.7291984739821,0.00183466774748112,36.7130953340341,NaN,NaN
0.00243963923586851,31.8862077561603,0.0030468010484462,30.2583707007296,0.00223705538131663,33.7193424512703,0.00278646084939766,32.7545276786551,0.00184268799987516,36.6745882264287,NaN,NaN
0.00244605440255081,31.8459199328646,0.00305626117189889,30.25801323167,0.00224184314708719,33.6749083773387,0.0027887156361655,32.7041803297174,0.00185374707524567,36.6759252787761,NaN,NaN
0.00245626349202677,31.8289847859041,0.00305928221157133,30.2149382099908,0.00224710768647955,33.7237769895869,0.00280122913621143,32.6790288738491,0.00185983584051559,36.711936555333,NaN,NaN
0.00246080020844307,31.790078514071,0.00306839470798354,30.2341074883107,0.00224960525370842,33.6510505611957,0.00281181557686007,32.6599208773414,0.00185982142138059,36.6562260408576,NaN,NaN
0.00247117747088001,31.7956492860975,0.00307263724261523,30.1896919576581,0.00226324619139758,33.6067938687967,0.0028220742911909,32.628326027302,0.00186593472726043,36.7156803019057,NaN,NaN
0.00248181496215926,31.8208291756573,0.00308514260713049,30.1834362491154,0.00226770906090049,33.5622267587155,0.00283009138960958,32.5838888261213,0.00186742330479447,36.6470003796605,NaN,NaN
0.00248780449668192,31.8662421092173,0.00308785367056994,30.132452224493,0.0022730965874076,33.6048870173206,0.00283424025722659,32.6395242019995,0.00187412845331635,36.6848389610921,NaN,NaN
0.00248879945504869,31.8188682639039,0.00309826459890432,30.1275817085563,0.00227835755458251,33.5518499390548,0.00284072293042912,32.6064184871199,0.00187612855199205,36.6216855218829,NaN,NaN
0.00249070498031654,31.9034548663543,0.00310614178254691,30.0957222786213,0.00228541078736687,33.4904315833708,0.00284908416495764,32.5773121203466,0.00188138585373613,36.6768166470077,NaN,NaN
0.00249258574510559,31.8606267710146,0.0031130143420972,30.0520663697203,0.00229278788014105,33.5236906207448,0.0028604327224165,32.5732683350392,0.00188502352443297,36.585139424387,NaN,NaN
0.00249354724516584,31.9161562265747,0.00312000071966145,29.997999174459,0.00229528932378539,33.4424055334027,0.00286744056300499,32.5351412164262,0.00188984227479822,36.643969727673,NaN,NaN
0.0024961219667339,32.0068038289899,0.00312706763854808,29.9372741179631,0.00229971776420852,33.4929149248281,0.00287699893227041,32.5071457796824,0.00189461408179782,36.5688719541602,NaN,NaN
0.00249558320315265,32.0896969167443,0.00313464867036214,29.8951374525652,0.00230539906085139,33.4321174045084,0.00288603182043273,32.4924370660916,0.00189868574294108,36.6299752464368,NaN,NaN
0.00249920212247976,32.1588636222253,0.0031412317961985,29.8636354916899,0.00230909992891161,33.4825381051674,0.00289823118049874,32.5320306123435,0.00189829574270147,36.5852731296218,NaN,NaN
0.0025005602360445,32.1109549827974,0.00314960877775969,29.8430810207641,0.00230982356745495,33.4051554115438,0.00290529201191066,32.5736238326486,0.00190826935577874,36.6334961509516,NaN,NaN
0.00250113531182676,32.1954524528953,0.0031545262354056,29.7985761228465,0.00232112714571878,33.3970845518077,0.00290927976192002,32.522298865285,0.00190842733084465,36.5709666695045,NaN,NaN
0.00250785737441446,32.1593092839874,0.00316185132824367,29.7691296090637,0.00233256082890564,33.3922509050427,0.00291815942207446,32.495503232973,0.00191430578126225,36.6092063666404,NaN,NaN
0.00250847447237426,32.2138137174947,0.00317118233746485,29.7525966650582,0.00233799200148307,33.3545573293522,0.00292698347674516,32.476795171276,0.00192059970893632,36.6482482951847,NaN,NaN
0.00251589097567436,32.2819108347466,0.00318178877647318,29.6984401025321,0.00234467117499105,33.3946899011168,0.0029310352464545,32.4038292869373,0.00192554936887676,36.6946885800514,NaN,NaN
0.00252325420753307,32.3217529962801,0.00319373030381425,29.6829795657053,0.00235354642353877,33.3743353702439,0.00293828824188964,32.3588144021413,0.00192882581705286,36.7598475977818,NaN,NaN
0.00252495757800142,32.2724182392134,0.00319955993432559,29.642094042016,0.0023568476716577,33.422627492511,0.00294713576288228,32.2705621205966,0.00192913142192089,36.7053849988307,NaN,NaN
0.00252593655291432,32.3544200034435,0.00320940205174227,29.6399045440261,0.00236641181659544,33.4656425141814,0.00295528988831064,32.248787892018,0.00193411295402504,36.7689395537442,NaN,NaN
0.00253414526278466,32.3264770109586,0.00321674943806459,29.6101005611837,0.00237897127645546,33.4524275899981,0.00296185272817058,32.2794939980339,0.00193631831690748,36.7046719042454,NaN,NaN
0.00254134342259721,32.2548591657859,0.00322495004076345,29.576275051421,0.00238368036283083,33.5016509653116,0.00296392037038926,32.1835096434837,0.00194067474933719,36.7706777217958,NaN,NaN
0.00254939214458809,32.2018254160936,0.00323566941900609,29.5492861374229,0.00239321799900747,33.5132251103178,0.00297680382258722,32.2125271358546,0.0019449601664368,36.7186663854816,NaN,NaN
0.00255400816324973,32.241845842332,0.00324539034615507,29.5222078561598,0.00240031430911918,33.5488344529996,0.00297951333005087,32.1210753758249,0.00194818779843337,36.7845830662089,NaN,NaN
0.00255687588279904,32.1432654605511,0.00325099999204433,29.48806956097,0.00241191208540058,33.56369015636,0.00298980418354351,32.1509371750182,0.0019467331694821,36.7274017941513,NaN,NaN
0.00256045515496335,32.1973242322962,0.00325623862717694,29.4523673386446,0.00241873800282843,33.5207638254559,0.00298990128460941,32.1091662059084,0.00195841681533044,36.7770510046518,NaN,NaN
0.0025647051278,32.1173725121719,0.00326780121979753,29.4440561830094,0.00242869883938817,33.5022274552928,0.00300005725412426,32.097745845205,0.00195834219565859,36.7181315645426,NaN,NaN
0.00256767628931725,32.1642561295469,0.0032747904930705,29.3920891184731,0.00243628102530396,33.4738020646838,0.00300449240757041,32.0467319382496,0.00196969512558093,36.7635913443545,NaN,NaN
0.0025739327542847,32.1195562548063,0.00327990870109776,29.3465118133769,0.002439710190982,33.5423600270574,0.0030149944463804,32.0753939330111,0.00197084139922649,36.695045127344,NaN,NaN
0.00258170359902533,32.0801151888587,0.00328445961793795,29.38838037698,0.00244241245009728,33.4759306430757,0.00301756776200973,32.0149593394055,0.00198030151566162,36.7305215829619,NaN,NaN
0.00258562238643784,32.1352881150091,0.00328674022352746,29.3185398594648,0.00244483896292716,33.5455972400285,0.00302884325811812,32.0626404562723,0.00198308059590675,36.6521703154038,NaN,NaN
0.00258822182096638,32.0610854316162,0.0032910460755758,29.3675578042595,0.00244805018885148,33.4731812293195,0.00303167181526652,31.9755435419582,0.00198923707668876,36.7068111880012,NaN,NaN
0.00259117740663204,32.1143420121895,0.0032921144184482,29.3160822596802,0.00244980857222213,33.5556192966239,0.00303929753226709,32.0063385223764,0.00199806123828874,36.6900088968355,NaN,NaN
0.00259509556536864,32.0599267110346,0.0033029688658746,29.3126863036142,0.00245268240384237,33.4938905232577,0.0030394852014327,31.9435487571082,0.0020065047277711,36.7454074324298,NaN,NaN
0.00259724109082193,32.1072559901718,0.00331357272964971,29.3176015031834,0.00245410252411887,33.5721601245445,0.00305274325855159,31.9419934550668,0.00201803732201301,36.7217861742922,NaN,NaN
0.00260175581640309,32.0687508139246,0.00332439423404822,29.2696559655674,0.00245694939719422,33.5257305083704,0.00305632353212066,31.898000625898,0.00201772112702459,36.7691623958021,NaN,NaN
0.00260894054133181,32.021733498021,0.00333537184075391,29.2750180014611,0.00246647125428855,33.5736678675722,0.00306469600116134,31.9513252673148,0.00202007411970915,36.7129616287993,NaN,NaN
0.00261224126291773,32.0808728138543,0.00333915375459921,29.2218891624812,0.00247115742602227,33.5202316808579,0.00306622880690931,31.9069769405365,0.00202230117272925,36.7881931075468,NaN,NaN
0.0026153896135215,31.9990938805053,0.00334894210731687,29.2044625458268,0.00247331647448757,33.5750425744503,0.00307797998029845,31.9101319818203,0.00202435306092704,36.7200925746522,NaN,NaN
0.00261833701410563,32.0549352992989,0.00335947876356967,29.2040157095023,0.00247630421294225,33.4913184910341,0.00308497240418156,31.8619176185393,0.0020278309039278,36.7955914638692,NaN,NaN
0.00262236433270643,31.9973112334568,0.00336749282187281,29.1764012246498,0.00248076522590585,33.5476814730373,0.0030948798220021,31.8522747458831,0.00202924748935737,36.7363154764674,NaN,NaN
0.0026344207207452,31.9917404614303,0.00337758754646398,29.15084218689,0.00248297101624851,33.4764184422906,0.00309888580901276,31.9070213777377,0.00203619374543434,36.7745551736033,NaN,NaN
0.00264399544264289,32.0289977847435,0.00338349831792526,29.1150952809321,0.0024957100263363,33.4274167938928,0.00310489745559799,31.9472814820073,0.00203667186737359,36.8251403207469,NaN,NaN
0.00264603270768737,31.9760086012274,0.00339114923492396,29.076131153438,0.00250503981741537,33.3923839411922,0.00310994431814242,31.9952292220812,0.00204238940975016,36.8700207112083,NaN,NaN
0.00264848910060347,32.0334989685409,0.00340224027146834,29.1183125024683,0.00251665482806318,33.3379278106652,0.00311795639813979,32.0262463885053,0.00204454367554486,36.8117252288612,NaN,NaN
0.00265188516046055,31.9898241158532,0.00340856499211868,29.1607172696608,0.00252768491783612,33.2970413673867,0.00312613837877166,31.9895856975313,0.00204712995628552,36.8989901787355,NaN,NaN
0.0026542154710046,32.0398719317392,0.00341628693245146,29.202183680572,0.00253176464778236,33.3382382283473,0.00312950976480835,32.0376223120076,0.0020481603704901,36.8436362115527,NaN,NaN
0.00265853331534772,31.9915621967254,0.00342694691811242,29.1589746079954,0.00253305290780464,33.2539820003331,0.00313213957408481,31.9835422381707,0.00205160395861636,36.9113801971548,NaN,NaN
0.00266480670282303,31.9575136380995,0.00343463706675493,29.123674538362,0.00254302816521977,33.2745139127387,0.00314162415069495,31.9886969535077,0.00206196901735308,36.916238154017,NaN,NaN
0.00267791510283262,31.9010928590151,0.00344689212017686,29.1310920213482,0.00254466778174221,33.2005901590021,0.00314990406756809,31.9639454324501,0.00206695857344539,36.9744890679525,NaN,NaN
0.00268502694841927,31.8298315432521,0.00345667260344231,29.1234511201998,0.00254991461923329,33.2359334293848,0.00316008224748362,31.9728328726862,0.00207422147297252,37.034745560409,NaN,NaN
0.00269005010394915,31.8685149842041,0.00346570696363649,29.1417267258707,0.00255626003220968,33.1719873868604,0.00317098909824378,31.9508364581018,0.00207910072928235,37.0843502024979,NaN,NaN
0.00269230770078671,31.7859338596833,0.00347659873480081,29.1044605764096,0.00256093531565238,33.2249357743598,0.00317909043953706,31.9763434115795,0.00207788612930921,37.1591359971297,NaN,NaN
0.00270176298934287,31.7583919627843,0.0034845677700427,29.0689817722465,0.00256319001333433,33.1836945680161,0.00318205774808661,31.9232409561686,0.00208010299941925,37.2107016493281,NaN,NaN
0.002708248100088,31.7229172865195,0.00349522682900652,29.0075417776314,0.0025700812214289,33.2161997338763,0.00319005002249702,31.8895131204725,0.00208161782890736,37.2710918470194,NaN,NaN
0.00271476906791353,31.6855708308539,0.00350522506191857,28.9491849536551,0.00258235396268178,33.1650695070866,0.0032039022310824,31.8818699218694,0.00208324464845438,37.329743876659,NaN,NaN
0.00272498902786385,31.6513885736993,0.00351590542656379,28.9228216105112,0.00259407946240791,33.1152252964088,0.0032118287094661,31.8408988223808,0.00208477106590496,37.385810938427,NaN,NaN
0.00273042956998016,31.6106105224653,0.00352694844190909,28.8981562454003,0.00259808154923678,33.1555352497061,0.00321852591289836,31.7941508867388,0.00208764036622047,37.43242949694,NaN,NaN
0.00274351891443386,31.5740216917952,0.00353866080689754,28.8734908802894,0.00260002462042038,33.0757135600084,0.0032305398008714,31.7818862192129,0.00208947483268501,37.4806079498583,NaN,NaN
0.00274801000006525,31.5371654640679,0.00354505629810625,28.8267518007494,0.0026051409428577,33.111012485008,0.00323836985861147,31.7269174013525,0.00208928934366663,37.5238838775028,NaN,NaN
0.0027573227755946,31.5110051186315,0.0035537648407339,28.7998075703837,0.00261943277563967,33.1232961561449,0.00324671123456502,31.6723040811014,0.00209344258919265,37.5940791257418,NaN,NaN
0.00276524841098434,31.4663052438908,0.00356484124179396,28.7735335945047,0.00262427788513167,33.0864451427344,0.00325255402869589,31.6201792441165,0.0021008633417994,37.6259901084333,NaN,NaN
0.00277444084579704,31.4301620749829,0.00357284163922743,28.7515045637081,0.00262753771419727,33.1545153058933,0.00325742602727799,31.6584396743331,0.00210973285740717,37.6033047869389,NaN,NaN
0.00279106199312075,31.4131823618461,0.00358294772860711,28.7300564201334,0.00263105034412908,33.0921656971628,0.00325948771097671,31.6059149025376,0.0021105129798727,37.6585250488869,NaN,NaN
0.00279964193020698,31.4381394205248,0.00359323478901143,28.7024866189134,0.00263528540883864,33.1563778119862,0.00327081583541436,31.5536567539491,0.0021162736559,37.6126195849592,NaN,NaN
0.00280044568849944,31.3820751708501,0.00360230226895648,28.6590541281746,0.00263749188273252,33.0797933352596,0.00327808916000016,31.5217508435014,0.00212503947047732,37.6340124225177,NaN,NaN
0.00281059571230664,31.3917905972644,0.00361035555890343,28.6351037011828,0.00264783664833289,33.0774430299519,0.0032848712867293,31.489178375036,0.00213982034687594,37.5951933360313,NaN,NaN
0.00281638462808082,31.3580540018719,0.00362159369674742,28.6083828889793,0.00265628678255407,33.1020990629918,0.00329177951862034,31.4453632946719,0.00215041832594187,37.5539675553195,NaN,NaN
0.00281955773916339,31.403689766313,0.00362614309385698,28.5654866018299,0.00265975794490396,33.0382860566169,0.00329923073836372,31.4189675971705,0.00215716471423289,37.5196944468143,NaN,NaN
0.00282100973919911,31.3406731931492,0.00363623136629745,28.5775958662231,0.00266257490921316,33.1166000032869,0.00330757237504638,31.3953270061424,0.00216896083808534,37.4308696025347,NaN,NaN
0.00282601805269721,31.3905873105066,0.00363912815645866,28.5043147090095,0.00266503087214986,33.0434744664472,0.0033185978579036,31.3508453677606,0.00217564896097254,37.4606858698819,NaN,NaN
0.00282593906082997,31.342099310788,0.00365047245431668,28.5359954044146,0.00266800252732421,33.1065779466915,0.00332644625862101,31.3234720518333,0.00218496317824942,37.4176327842954,NaN,NaN
0.00283514744236403,31.3263674505852,0.00365222588573666,28.4649484288234,0.00266983128154263,33.0519444346318,0.00333740646690975,31.3336926081049,0.00219679541049053,37.3779668979889,NaN,NaN
0.00284324155317313,31.2859013625847,0.00366017086993503,28.5049849634962,0.00267285621878412,33.111012485008,0.00334726611901652,31.2958765499002,0.00219966925243874,37.4441955575972,NaN,NaN
0.002850696401632,31.2510060466107,0.00366141242340306,28.459318291135,0.00267402893144902,33.0615230373955,0.00335754866426896,31.2608155981686,0.00220075453131054,37.3755602037636,NaN,NaN
0.00285687388265192,31.2065290027511,0.00367105575285588,28.4968078587583,0.00267841230129526,33.1169991117354,0.00336734905226248,31.2517948463289,0.0022069488511251,37.4088973756256,NaN,NaN
0.00286343309049232,31.1709206279577,0.00367983963842195,28.525539434422,0.00268963157729278,33.1166443486701,0.00337517748948163,31.2205999311001,0.00220840948731262,37.3675824580907,NaN,NaN
0.00287314573310321,31.1399025693142,0.00369277409140313,28.5660674890517,0.00270054128632117,33.1265333691159,0.00338548679192764,31.1995811349417,0.00222154668176727,37.3138775221364,NaN,NaN
0.00287958845080104,31.1076366577367,0.00370098578633251,28.5309908375805,0.00270992779497457,33.1904350662572,0.00339266442717461,31.1722522562156,0.00222919110908412,37.3547467555556,NaN,NaN
0.00288889158152895,31.123056554706,0.00370859277050188,28.5056105343504,0.00271171941668584,33.1438280685504,0.00339961530354029,31.1401685969631,0.00224009593571677,37.3253316039126,NaN,NaN
0.0028962257868128,31.0964505475075,0.00371554149066454,28.5337165391598,0.00271408539293006,33.209148817953,0.00341166117486931,31.136702495271,0.00224041602115495,37.3825128759701,NaN,NaN
0.00290440182476839,31.123903312054,0.00372420090207891,28.5826898003221,0.00271633297280373,33.158462044995,0.00341632784278348,31.0975977582321,0.0022420375653835,37.3345572651097,NaN,NaN
0.00290597355268429,31.0587029962559,0.00373402717156797,28.5979269189866,0.00271729891215102,33.2269756619854,0.00342574050904113,31.0863107091322,0.00224626349544834,37.3963736519716,NaN,NaN
0.00291120489128802,31.1130737312345,0.00374396758614056,28.6091871943634,0.00272050544139842,33.1695040454031,0.00343103989667924,31.0467171628802,0.00225653067696941,37.3250641934431,NaN,NaN
0.00291163889792393,31.0625356874101,0.00375434922372402,28.6316183778519,0.00272190840661462,33.2299911480407,0.00344171622605805,31.0055683145869,0.00225812254920758,37.3749362460014,NaN,NaN
0.0029172076108081,31.0997930107234,0.0037557078724959,28.5851474001067,0.00272558106798668,33.1757123990463,0.00345026324744941,30.963264099063,0.00225940496649538,37.3146351851333,NaN,NaN
0.00292698543953263,31.1150792091641,0.00376573948452862,28.5799194151104,0.00273691826394435,33.1437393777841,0.00345881084328701,30.9436672933423,0.00226914018031979,37.3106240280911,NaN,NaN
0.00293697932603446,31.1130291650583,0.00377693210870699,28.5356826189875,0.00274401898843696,33.1017442999265,0.00346661832392125,30.9158940426044,0.00227678277430619,37.280050097747,NaN,NaN
0.00294853419888089,31.1044278930494,0.00378642305582939,28.4833134017592,0.00275082597357133,33.0548712299207,0.00347727693670423,30.8874097966476,0.00228076806457741,37.2347685915814,NaN,NaN
0.00295737043790423,31.041901547824,0.00379196384566027,28.5211157548097,0.00275381779143137,33.112342846503,0.00348535784497631,30.8647023868443,0.00229241423735209,37.203169587771,NaN,NaN
0.00296544646894395,31.0115074156474,0.00379570040937474,28.4536881534466,0.00275680831261955,33.0285744177037,0.00349295884394463,30.827730635462,0.00230349999118671,37.1409075167933,NaN,NaN
0.00297554658003073,30.9868177540259,0.003806925976581,28.4540009388738,0.00275952409302263,33.0946933840032,0.00349884004947439,30.7853375455356,0.00231378051238184,37.1108238389766,NaN,NaN
0.00298773405827716,30.9812915481757,0.0038073142046493,28.4102109790754,0.00276196837818437,33.0260023854801,0.00350875791961975,30.7652074934008,0.0023185352130119,37.1478601889998,NaN,NaN
0.00299646712897813,30.9535268203956,0.00381829678509848,28.4036871687381,0.00276457298595791,33.0928308779103,0.00351106914809943,30.7036619697656,0.00231893993691026,37.0897875487107,NaN,NaN
0.00300829023427338,30.9729131070478,0.00382242889462341,28.3266972700313,0.00276567375768267,33.0413015426721,0.00352269170764237,30.7273914351961,0.00232862002102716,37.0514141463401,NaN,NaN
0.00301750783716715,30.9411819895849,0.00383311712212676,28.3452856611294,0.00277057736198219,33.089549319556,0.00352447311807266,30.642027571728,0.00233987774166865,37.0289516669036,NaN,NaN
0.00302000082098348,31.0016582907045,0.00383321755842313,28.2910844149708,0.00278147739536069,33.0666671018427,0.00353548851320472,30.6741112309805,0.00234900074703092,36.9992245363796,NaN,NaN
0.00302220515429937,30.939533041065,0.00384311169616773,28.2698150059259,0.00279534186017256,32.9901713158825,0.00353608402446302,30.6132767025641,0.00236082583113968,36.9876367493687,NaN,NaN
0.00302460552988959,30.9870851510832,0.00384941861306705,28.2363022815904,0.00279900655269734,33.0411685065226,0.00354632000482946,30.6130100793571,0.00236838722776992,36.9614305233595,NaN,NaN
0.00302809950826674,30.9306643719988,0.00385707297089044,28.2101623566087,0.00280256251562592,32.9441408081568,0.00355422719908443,30.5692394361941,0.00237842979817395,36.9485056840012,NaN,NaN
0.00303698817184803,30.9475549527832,0.00386729599203917,28.1846926861137,0.00280687476479351,32.9911912596953,0.00356429939419487,30.5890584279207,0.0023895121714557,36.9070124928199,NaN,NaN
0.00304596985917742,30.9030779089236,0.00387207301198846,28.2304487257398,0.00280882800993938,32.9186422128367,0.00356937568158121,30.5240023653922,0.00239255740976273,36.977831698821,NaN,NaN
0.0030472865713208,30.946039702792,0.00387752540423292,28.1752197560348,0.00282341963698343,32.8454279852308,0.00357409466094927,30.5635959116442,0.00239525113804562,36.8976976947996,NaN,NaN
0.0030551890665336,30.9711750261755,0.00388296035452526,28.215792494297,0.00283121563471898,32.7955394291697,0.00357540154404405,30.5113822002569,0.00240026238339159,36.9493970522328,NaN,NaN
0.00306283804242629,30.9156901367916,0.00388899122602232,28.1834862280376,0.00283860594873388,32.7691095808032,0.00358569542978468,30.4802761594305,0.00240218128471115,36.8906113173584,NaN,NaN
0.00306527403313023,30.9759881732064,0.00390121480822948,28.1753091232997,0.00284690092455505,32.726138904516,0.00359736445034307,30.4341059074038,0.00241597219243739,36.8381542969284,NaN,NaN
0.0030683110303301,30.9315556955231,0.00391351909529381,28.1636913788634,0.0028549693567526,32.6740330792967,0.00360610478359739,30.4073991494942,0.0024227461148646,36.7930956328207,NaN,NaN
0.00308167581652765,30.9301295778843,0.00392359628209784,28.1223143352172,0.00286283898447981,32.6346543790458,0.00361493960431004,30.3699385888989,0.00242574779124287,36.8552685669752,NaN,NaN
0.00308886952084938,30.8817307105181,0.00393482600537364,28.0946551667323,0.00287057348865799,32.5878699998064,0.00362753154662192,30.397267467625,0.00242979558314284,36.7779423728834,NaN,NaN
0.00309325512363534,30.9210826441132,0.00394600933620418,28.0870589492163,0.00287849151653658,32.539223114474,0.00363049937768243,30.3493197275511,0.00243293786317717,36.8420763171474,NaN,NaN
0.00309530607345007,30.8775860561303,0.00395505801800128,28.0578805372281,0.00288108275748363,32.6020161770361,0.00363486068759079,30.2571125351012,0.00243552603691544,36.7646164178209,NaN,NaN
0.00310710699851545,30.8596258871169,0.00396530360519224,28.0374154335673,0.00288219643737556,32.5364737007177,0.00364986628842848,30.2677774633846,0.00243985326511623,36.8217531214668,NaN,NaN
0.00311719984773524,30.8801263281744,0.0039751837549976,28.0152970355058,0.00288709114663361,32.589111670535,0.00365224576968389,30.1865906968275,0.00244026411912115,36.7770510046518,NaN,NaN
0.0031245864617376,30.8355155857862,0.00398644533106936,28.0107393049962,0.00289300304855439,32.5490677895367,0.00365659082560603,30.1441976069012,0.00244642021287655,36.818232216952,NaN,NaN
0.00313423533330251,30.8202739535217,0.00399633307117486,28.0282106052831,0.00289519494298065,32.607603695315,0.00366979583786073,30.1589507576932,0.00244961941381343,36.7561484196206,NaN,NaN
0.00314102599329677,30.7719196523317,0.0040025723989707,27.9818289948028,0.0028975515963016,32.5509302956297,0.00367991642717194,30.1336215530202,0.00245142921768175,36.8150678597298,NaN,NaN
0.0031476511131509,30.73876241723,0.00401284661617932,27.9759307553197,0.00290056207303463,32.6144772297056,0.00368183314022044,30.0595891758532,0.00245317374929992,36.7558810091511,NaN,NaN
0.00316014792280913,30.6886254689915,0.00401876409916111,28.0173524825984,0.00290274382427615,32.5574047215718,0.00369519765166737,30.0914950863009,0.00246423530918379,36.7437138327897,NaN,NaN
0.00316586371727454,30.6452625795372,0.00403075594378241,28.0590423116718,0.00291706758570042,32.5373162629979,0.00369345084030611,30.0410588629609,0.00247331446739327,36.6877359078449,NaN,NaN
0.00317126707149361,30.6867536895906,0.00404083793420106,28.0572996500063,0.0029251948169035,32.459844878608,0.00370461162472881,30.064699453989,0.002483685981828,36.6634906919452,NaN,NaN
0.0031718589855329,30.6394244104534,0.00405120072571907,28.0381750553189,0.00292841937887679,32.49980006884,0.00370761358217718,30.0069310924542,0.00249409922574504,36.7224992688775,NaN,NaN
0.00318339534724851,30.6177652488144,0.00406074832665513,28.0578805372281,0.00293245456733604,32.4121292463221,0.00371896851469093,30.043058537014,0.00250669940185744,36.737206844699,NaN,NaN
0.00319293670806386,30.6044845283032,0.00406975738863315,28.0722686668762,0.0029367623447186,32.4507540750591,0.00372471514890728,30.0079087108801,0.00251820725188427,36.6984323266241,NaN,NaN
0.00320225620103513,30.5660239182323,0.00407883917699294,28.0908570579743,0.00294166063922054,32.3673847547083,0.00373021845759174,29.9692927830541,0.00252855697526276,36.6848835295037,NaN,NaN
0.00321191777366407,30.5213240434916,0.00408247956950378,28.0518035632153,0.00294989371135361,32.3307111228305,0.0037378370682326,29.9413417835115,0.00253930773657899,36.6464655587215,NaN,NaN
0.00322170903727244,30.5120097126633,0.0040939187302871,28.0293723797268,0.00295706304721187,32.2950574347656,0.00374819079147999,29.9609385892322,0.00254683259742652,36.6177189332522,NaN,NaN
0.00323214317183842,30.5250676022934,0.00410627798789968,28.0018472621392,0.00296398093155529,32.2496034170211,0.00374710068762285,29.9024147952773,0.00255385306508102,36.5854068348565,NaN,NaN
0.00323168477559347,30.4749752202312,0.00411266533709818,27.9595318622116,0.00297107818976318,32.2129741305265,0.00375331437400439,29.9364536913816,0.00256098098116175,36.5317464673138,NaN,NaN
0.00324235586200202,30.4873646172181,0.00412405286572885,27.9089499902812,0.00298173261051433,32.1780743139754,0.0037576277581822,29.9905782024197,0.00256514632366314,36.5768942682447,NaN,NaN
0.00324933441592158,30.4014855956576,0.00413024274183591,27.8773139785085,0.00298927583816119,32.1502697587307,0.00376473792389353,30.0190180111753,0.00256788658721735,36.5012171053813,NaN,NaN
0.00325969524770378,30.415880470574,0.00414209837252992,27.8728902988962,0.00299504344807099,32.1093389700691,0.00377410977393855,30.0424364161975,0.00257232611088481,36.5441810541447,NaN,NaN
0.00325768361883432,30.3466246327406,0.00415441839849868,27.8417011234479,0.00299705373274027,32.1548373331967,0.00378458087546723,30.0158185326903,0.00257316720705638,36.4834788775724,NaN,NaN
0.00326340423966031,30.3068270373833,0.00416241922543084,27.8829887998293,0.00300035550994912,32.0692950890708,0.0037928551464848,30.0830520180766,0.00258337602137106,36.4804036571733,NaN,NaN
0.00327056411480577,30.3345471989871,0.00417219954516149,27.8721306771446,0.00300563245919625,32.1296491555588,0.00380130909003943,30.1278891540679,0.00259111134012493,36.5312562147864,NaN,NaN
0.00327171172285389,30.2636869788101,0.00418196850010364,27.8571616602747,0.00300679486118864,32.0739513543031,0.00381073226055718,30.1236676199557,0.00259426490182999,36.4574509252095,NaN,NaN
0.00328243412121109,30.2751404860965,0.00419275940547292,27.8107800497944,0.0030178387764474,32.055148911841,0.00381472528866422,30.0846517573191,0.00259681356732699,36.52769074186,NaN,NaN
0.00328532402099027,30.2139065599813,0.00420430501201644,27.7426375103122,0.00302097003518019,31.9999389098002,0.0038229406103384,30.115624486542,0.00259926795995009,36.4626654293644,NaN,NaN
0.00329494797436053,30.2283460010739,0.00421561172017265,27.7480889134708,0.0030300715935841,31.9473009399829,0.00383414905765705,30.0755421310771,0.00260363113330183,36.5171725967271,NaN,NaN
0.00330019071994396,30.1838689572144,0.00422163040920725,27.6955856453452,0.00304194732126589,31.9386092448825,0.00384371103256395,30.0660770072256,0.002603978120993,36.4724259115005,NaN,NaN
0.00331237367428818,30.1565053250202,0.00423220034215162,27.6913853838951,0.00305036906356008,31.8383886789288,0.00385467704251408,30.0369706404523,0.0026157587673172,36.4294173943255,NaN,NaN
0.00331882702049367,30.1216100090462,0.00424324110933326,27.732226223952,0.00306327162877696,31.8781221422449,0.00386229580896077,30.0616777243087,0.00261814029286403,36.4970722431044,NaN,NaN
0.00332773425569746,30.1479040530113,0.00424541439697703,27.6909385475706,0.00306191610674041,31.8158168788976,0.0038738683028995,30.0799858511951,0.00262142030413046,36.4171610811409,NaN,NaN
0.00332724494971604,30.0959398915481,0.00424738074805264,27.7484910661628,0.00306632578235784,31.7529794709523,0.00388438549768575,30.0877623614018,0.0026239431257677,36.4878020134957,NaN,NaN
0.00333677880669771,30.1424669795134,0.00425932352916044,27.7576958944469,0.00307599534921929,31.7751965079181,0.00389033511074431,30.1351768550615,0.00262666339034469,36.4082919672364,NaN,NaN
0.00334704794554864,30.1378320971874,0.00427008513718472,27.7933534331399,0.00307541781069765,31.7312945785844,0.00390017882152926,30.1957003230696,0.00263018530428713,36.4717128169152,NaN,NaN
0.0033541412274325,30.1058781488434,0.00427328993456733,27.744112070183,0.00307828954313561,31.6642887046216,0.0039074592535275,30.1657496494738,0.00263216678885431,36.4067766412427,NaN,NaN
0.00335922266223937,30.1654185602626,0.00428410536839632,27.7413416849712,0.00308766130898454,31.6700092590499,0.00391916522182244,30.1489523874275,0.00263807474890856,36.4414508654522,NaN,NaN
0.00335978958967261,30.1027139503323,0.00429149144124648,27.7044776882022,0.00309248209707936,31.5846887418398,0.0039242780912929,30.1039819398327,0.00264324121976676,36.3964813381676,NaN,NaN
0.00336582408165205,30.1375647001301,0.00429800167716629,27.6655582443405,0.00310781632158684,31.6324043741257,0.00393010876064276,30.0685654904917,0.00265043408162218,36.3573502728001,NaN,NaN
0.00337536604738415,30.0877397151251,0.00430484636986128,27.622349171764,0.00310585708309218,31.5786577697293,0.00393413042614066,30.1075813531283,0.00265293672086075,36.4024089369078,NaN,NaN
0.00338578124737759,30.1133207002708,0.00431181394927758,27.5825360552534,0.00311029687046566,31.5408311578893,0.00393547148755857,30.0630997147465,0.00265834362702342,36.326776342456,NaN,NaN
0.0033896903662295,30.0639413770279,0.00431858640619518,27.5447783858354,0.00311958706825317,31.532982025069,0.0039456901699696,30.0455470202801,0.00266211982495727,36.3800355942945,NaN,NaN
0.00339389356685915,30.1041846341473,0.00432602039781532,27.5178788391021,0.00313007333425549,31.4667743680031,0.00395617156696453,30.0125746170041,0.0026664099258596,36.2834112779884,NaN,NaN
0.00339708199598717,30.0606434799882,0.00433922729843336,27.4864215618592,0.00314022247937422,31.4091253698882,0.00396736318690347,29.9428082111505,0.00267032375410696,36.3428209706249,NaN,NaN
0.00340213526694206,30.0999954135834,0.004345823867093,27.4450445182129,0.00314751736906436,31.4553776045296,0.00397801699111172,29.9464076244461,0.00267417450939353,36.2530156212907,NaN,NaN
0.00340258075688879,30.0443768256708,0.00435312387976131,27.4160001571222,0.00315251269763648,31.3948905018921,0.00398058131807858,29.8768189673972,0.00267873820171414,36.2950882018225,NaN,NaN
0.00340834005701081,30.0781579872395,0.00436264941185361,27.385615287058,0.00315869668129265,31.4418522626642,0.00399114706287141,29.8921053646034,0.00268070978859529,36.224090722175,NaN,NaN
0.00341328794234445,30.0402767374593,0.00437083072580015,27.3563921914374,0.00316965273094319,31.3936488311635,0.00399308358255961,29.8260272464477,0.00269159718238294,36.2032327055555,NaN,NaN
0.0034231565407857,30.0319874286839,0.00437962843577067,27.3827555345814,0.00317730381052065,31.4342248567598,0.00400232080935596,29.839136220796,0.00270108900774405,36.2040349369639,NaN,NaN
0.00343269344611025,30.0419256859792,0.00439095803703869,27.3996459476464,0.00317837716504121,31.3799461077654,0.00400418938998556,29.7844340261426,0.00270801031600079,36.2354110987164,NaN,NaN
0.00343226864499461,29.979042811344,0.0044020909349717,27.3874919996208,0.003187907917177,31.4234932740337,0.00401425855495349,29.7516393716713,0.00271414085112046,36.2945979492951,NaN,NaN
0.00343929071249048,30.0190186714062,0.00440942427884318,27.3557666205832,0.00319079383670293,31.3541370947631,0.00402299559628344,29.6981369814498,0.00271823566712095,36.2310433943816,NaN,NaN
0.00344003845345706,29.9530161644362,0.00441755390612545,27.2973204293421,0.00319397533909995,31.4266417962385,0.00403201876447849,29.6556994543223,0.00272116812113214,36.3067205572449,NaN,NaN
0.00344699625805385,29.9892930318728,0.00442193461710193,27.3376250658095,0.0031962896560489,31.3536492955483,0.00403949010352595,29.6857834395216,0.00272305633155151,36.2411604238103,NaN,NaN
0.00344873377599629,29.9429887747885,0.00442525268738253,27.267248344705,0.00319979586947473,31.4061098838329,0.00404042734713309,29.6279262035844,0.0027346227734576,36.2418735183956,NaN,NaN
0.00345478531146694,29.9811819878022,0.00443800317120123,27.2549156621495,0.00320158580213448,31.3510329179416,0.00404593358103677,29.6636092761324,0.00274497432928254,36.1537172002898,NaN,NaN
0.00346412520665037,29.9399137086299,0.0044486845170552,27.2478556482229,0.00320702688412921,31.3875291682866,0.00405839523809901,29.6609430440616,0.00275549261784732,36.0847252991635,NaN,NaN
0.00347483318641751,29.9370169071761,0.004457943017941,27.2314120714822,0.00321393988655687,31.3368423953286,0.00406816479268178,29.6317478028859,0.00276139681032209,36.1267087428721,NaN,NaN
0.0034884666285056,29.9379973630528,0.00446271267223062,27.1871305917269,0.00321801887554775,31.2973306589283,0.00407974016200994,29.5932207494623,0.00276376210358718,36.0371708040073,NaN,NaN
0.00349658810885521,29.9165164661186,0.00447347133662867,27.1648781427682,0.0032216181980997,31.359990685341,0.00408922390239199,29.6014860688819,0.00276937042564223,36.0878896563857,NaN,NaN
0.00350443428428376,29.9499856644538,0.00448091620243295,27.1324378256114,0.0032233553470047,31.2834505539976,0.00409769943101853,29.5695801584342,0.00277377102993219,35.9916218873722,NaN,NaN
0.00351412713751894,29.9339418410175,0.00448899167684093,27.1059851152026,0.00322830041888614,31.3331617285259,0.00410616131821369,29.6132619271948,0.00277916349766013,36.0363685725988,NaN,NaN
0.00351656825704182,29.9795330392824,0.00449262611439953,27.0595141374573,0.00323399900729955,31.2890824176596,0.00411633902755353,29.6345473465603,0.00278571643349576,35.9605577045008,NaN,NaN
0.00352260957952681,29.9460638409472,0.00450243107820718,27.0396746046507,0.00324331087158544,31.2638942400216,0.00412382458142587,29.6685418054635,0.00279082997481978,35.9961678653534,NaN,NaN
0.00353438650169236,29.9516791791499,0.00450882334663759,26.9844009513134,0.00325464118350227,31.2638942400216,0.0041345598082128,29.6461010188673,0.00279797324644246,35.9308751423883,NaN,NaN
0.00354398577091494,29.9324711572025,0.00451949955521327,26.9860095620815,0.00326878662509098,31.2700139028985,0.0041438064942473,29.6559660775294,0.00280942148656422,35.894061634423,NaN,NaN
0.00355222137431211,30.0014595979787,0.00452790112633986,26.955401273855,0.003277055052498,31.2391495162154,0.00415556953168833,29.6114400019463,0.0028147437542667,35.9336829523178,NaN,NaN
0.00355439308828521,29.9423648483216,0.00453681931792734,26.9927121069486,0.00328490425299457,31.2723198628231,0.00416513652396381,29.583311253599,0.00281859954001514,35.8728025020992,NaN,NaN
0.003556888636511,29.9954877303663,0.00454460518849251,27.0299335727772,0.00328960128224177,31.2208348729681,0.00417527033606598,29.5123450433135,0.00282756536454843,35.9024850642116,NaN,NaN
0.00356370961716444,30.0829711342704,0.00455433326325477,27.0886031821805,0.00329733638178953,31.191034775481,0.00418473076803739,29.5292311797621,0.00282834090412982,35.8521227591259,NaN,NaN
0.00356766340685419,30.1387234207116,0.00455700831782871,27.0424896734949,0.00330614684685845,31.1345387573283,0.0041867347562085,29.4641751172337,0.00283821898233479,35.8748972174434,NaN,NaN
0.00356987818720273,30.0849320460237,0.00455869835094409,27.0958866142695,0.00331080543390018,31.1877532171267,0.00419826011186772,29.4377794197324,0.00283811405878936,35.8226630390713,NaN,NaN
0.00357032950305571,30.1692512514168,0.0045633833012477,27.1409723994088,0.00330923162825884,31.13848549643,0.00420278076200426,29.4804391328658,0.00284771936088068,35.8196323870839,NaN,NaN
0.00357525492946027,30.258428170017,0.00456681326185409,27.1868624899322,0.00331580167091542,31.0985746515812,0.00420756219459214,29.426136873023,0.0028529429773143,35.7561669689935,NaN,NaN
0.00357902391821982,30.2140402585099,0.00457727462308598,27.1865497045051,0.00332031874867966,31.1508578583332,0.00421887270630451,29.4216487157038,0.0028639204068669,35.6924787088453,NaN,NaN
0.00358000448175569,30.2984485962554,0.00458516016678517,27.1545562236728,0.00331980325055638,31.099594595394,0.00422822187642589,29.380366555807,0.00287451364069498,35.6399325515921,NaN,NaN
0.00358335570513934,30.2580270744311,0.00459634131715183,27.1040637190073,0.00333048632777948,31.12265419464,0.00423971085774208,29.4040960212374,0.00287726590030598,35.6894034884462,NaN,NaN
0.00358684609866827,30.319795794661,0.00460881029122041,27.0951716761503,0.00333042386837486,31.0684197910288,0.0042508408606893,29.4251148173959,0.00288274864777146,35.62295198678,NaN,NaN
0.00358937425039742,30.2724665155238,0.00461207005915127,27.0300229400421,0.00334006966955565,31.1026987722156,0.00425929658267614,29.3852546479368,0.00288778235642431,35.6950191083053,NaN,NaN
0.00359257937590605,30.3516160444763,0.0046222784382216,26.9908353943858,0.00334115287608939,31.036579805916,0.00426287967654115,29.4372461733182,0.00289209233431756,35.6364116470773,NaN,NaN
0.00359550195551971,30.2836971919293,0.00462907575726258,26.9483859435608,0.00335095218627172,31.0864683619771,0.00427041576764613,29.4074732485272,0.00289721536611728,35.6946625610127,NaN,NaN
0.00359682899371238,30.342301713648,0.00463827519263628,26.9221566513142,0.00335242734809748,31.0172895642391,0.00428037894780898,29.3856101455463,0.0028984962967338,35.6364562154888,NaN,NaN
0.00359999648412289,30.3831688972344,0.00464610363983494,26.8642466636625,0.00335883837368966,31.0478878786232,0.00429107309765417,29.3669020838492,0.00290851648544982,35.6290578591665,NaN,NaN
0.00360261601840522,30.324430676987,0.00465394328828732,26.8072303486597,0.00336743575901864,31.0287750184789,0.00430040637944174,29.3847214015227,0.00291919356438515,35.6104282631259,NaN,NaN
0.00360374410280349,30.4000594780188,0.0046638230019999,26.7765326931684,0.00337679502683113,31.0453158463996,0.00430134670617941,29.3402397631408,0.00292587698240194,35.5688459351215,NaN,NaN
0.00360964975068694,30.3483627136129,0.00467217064489268,26.7274700647412,0.00338703984779311,31.0859805627622,0.00430561896148021,29.3805443046117,0.00292957841849393,35.627408827938,NaN,NaN
0.00361251957447149,30.4177968161512,0.00467842297941902,26.6626341140601,0.00339873114333137,31.1078428366628,0.00431330195747345,29.3402397631408,0.00294052859913437,35.5921106459665,NaN,NaN
0.00361613572415495,30.3591477282562,0.00468667122832987,26.6334110184395,0.00340488947814098,31.0734308193265,0.00432338842039679,29.3247311799288,0.0029419069795725,35.6566902743463,NaN,NaN
0.00361911727221317,30.4180196470322,0.00468865453075323,26.585510164456,0.00341194920258652,31.1128095195773,0.00433265611600423,29.2919365254575,0.00294465862748402,35.5849797001136,NaN,NaN
0.00362253129085628,30.3715816914193,0.00469800209655279,26.5654918971196,0.00341837705241438,31.0772888676618,0.00434114993567284,29.2700734224766,0.00294805765583942,35.6554869272336,NaN,NaN
0.00363361757823127,30.3873581177984,0.0047048908311003,26.5108438146365,0.00341977025379906,31.1273104598724,0.00435007041203991,29.2085723360426,0.00294965386522113,35.5872081206926,NaN,NaN
0.0036364099829321,30.313289132934,0.00471226865291706,26.4762586831223,0.00342331572969183,31.0686858633278,0.00436069359163124,29.2054172947587,0.00295427557897295,35.6335592687361,NaN,NaN
0.00363976867341692,30.3628467208818,0.00472359963016317,26.4104843761598,0.00342660616882587,31.1362682272718,0.00436420498393759,29.2543870904598,0.00295483139484518,35.5886788782748,NaN,NaN
0.00364420123780463,30.3197512284848,0.00473493404823398,26.3575342717097,0.00343019019285684,31.0802156629508,0.00437397265621758,29.2747837658017,0.00296679946532079,35.5696927349416,NaN,NaN
0.00365254066701286,30.2650685302726,0.00474196101363787,26.3886787635255,0.00343275374317918,31.1423878901486,0.00438390385302445,29.2441220969871,0.00297171621400398,35.5244557971876,NaN,NaN
0.00366131802184248,30.2182294790738,0.00474455902881981,26.3083822760176,0.00343666781881405,31.0895725387986,0.00439406687696371,29.2738950217781,0.00297456292902633,35.5848905632904,NaN,NaN
0.00366991102294277,30.1918017365801,0.00475522819221132,26.2811252602248,0.00343915787585498,31.1401706209903,0.00440478783593774,29.2867818101205,0.00297805830579067,35.5016367704584,NaN,NaN
0.00367884903897998,30.1785655822451,0.00476717807960898,26.2655306725006,0.00344729734054953,31.1187961463046,0.0044072006041947,29.3692572555118,0.00298173705478691,35.5781607331418,NaN,NaN
0.00368094146654718,30.137965795716,0.00477219760889915,26.1989967437865,0.00345761113447931,31.1413679463358,0.00441113525529911,29.4302695327328,0.00298381983749005,35.5085448742534,NaN,NaN
0.00369233269033483,30.1286960310639,0.00478502327212147,26.2391226457243,0.00346380205070492,31.1775981243819,0.00442465686323,29.4101839177992,0.00298878880397337,35.5577929690496,NaN,NaN
0.00370183348869255,30.1064129429579,0.00478443244687162,26.1927857188764,0.00346661790358109,31.1348491750105,0.00443052944574969,29.3679241394764,0.00299996019499425,35.5149181571094,NaN,NaN
0.00370859482757329,30.0585934358825,0.00478750894769666,26.1434549886545,0.00346722705767148,31.1920547192938,0.00444006283414828,29.3547707279269,0.00300062732955876,35.5832861004736,NaN,NaN
0.00371941624122042,30.0402321712831,0.00480048132404333,26.1619093288553,0.00347018191051215,31.1481527899601,0.00445015211947304,29.3216650130473,0.00300302280471114,35.5212468715538,NaN,NaN
0.00372456858003718,29.9974040759434,0.00480506301663572,26.095956287363,0.00347151891038595,31.2033184466178,0.00446106910884088,29.2974467384039,0.00300468416435669,35.6052583273826,NaN,NaN
0.00373076787041722,29.963489215846,0.00481282846029913,26.0605221668323,0.00348236629671995,31.1579087742564,0.0044676827996506,29.2561201413059,0.00300657247657864,35.5355533316711,NaN,NaN
0.0037387802513943,29.9415626571497,0.0048210401552285,26.0254455153611,0.00349463270077296,31.1344944119451,0.0044792583777726,29.2310131226388,0.00300823680956675,35.6153753568114,NaN,NaN
0.00375132257877382,29.945395348304,0.0048287353321261,25.9793320066754,0.00350765446487079,31.1542724528369,0.0044841152744192,29.1941302456588,0.0030101232279071,35.5643445255519,NaN,NaN
0.0037585437736194,29.9086728191053,0.00483837500930193,25.9449702933234,0.00351050363124278,31.1980856914043,0.00449231800284215,29.1406278554373,0.00301277775335647,35.6194756506767,NaN,NaN
0.00376459163207129,29.8738666354837,0.00484834252756746,25.9407700318734,0.00352046306104701,31.2337393794692,0.00450103889510918,29.1152542135632,0.00301848480741524,35.6531248014199,NaN,NaN
0.00377095672039758,29.9075586647,0.00485120893674583,25.8733424305104,0.00352312286483112,31.2816323932878,0.00451178718677576,29.1080998241731,0.00302882381868705,35.6666735985403,NaN,NaN
0.00377399866494138,29.8593826282148,0.00486325351034582,25.9098936418523,0.00352701367309772,31.2153803908387,0.00452289868988707,29.1056557781082,0.00303820813418679,35.6328907425624,NaN,NaN
0.00377489590210253,29.9112130911494,0.00486404755878115,25.8392041353206,0.00352788787042134,31.2630516777415,0.00452950715453438,29.0695727707495,0.00304556567166272,35.5798097643703,NaN,NaN
0.00378352111494335,30.0047574950184,0.00487551545201123,25.8882220801153,0.00353288019136806,31.2259789374153,0.00453952196783433,29.0685951523235,0.00305457817363734,35.5497260865536,NaN,NaN
0.0037915283750212,30.0462486050717,0.00487810029692788,25.823162711272,0.00354289481718286,31.2426971468686,0.00454651104680507,29.0328232053731,0.0030644678599885,35.5381382995427,NaN,NaN
0.00379373832900916,29.9888919362869,0.00488517179478864,25.8525198577899,0.00355609490111624,31.2362670663096,0.00455663795923589,29.0301125361011,0.00307181623346417,35.5659935567804,NaN,NaN
0.00379670796239512,30.0297145536971,0.00489507451063623,25.8354060265626,0.00356805145590409,31.1604364610969,0.00456445390602163,29.0063386334694,0.0030747594803169,35.4944166877824,NaN,NaN
0.00380349593699655,29.9960225244808,0.00490498209120411,25.8042615347468,0.00357220522597272,31.2089503102798,0.00456684174639977,29.0644180554125,0.00307720892498098,35.572411408048,NaN,NaN
0.00380976199419348,29.9621076643835,0.00491219435383108,25.7497921867935,0.00357468276722615,31.1407914563546,0.00456852166582984,29.022958146711,0.00308179230998708,35.4847007740579,NaN,NaN
0.00381375426586479,30.0049803258994,0.00492445410184443,25.7946992374031,0.00358435360413287,31.1098827242884,0.00457172461594711,29.0622406325547,0.00308421424069869,35.5434419405208,NaN,NaN
0.00381557418696739,29.9486486791675,0.00492340604212128,25.7514007975616,0.00359307529515045,31.0526771800051,0.00457579681657217,29.1510705977148,0.00309544768577058,35.5451801085724,NaN,NaN
0.00381914551601686,29.9906745833354,0.00492676465232402,25.7104259066074,0.00360002333090299,30.9886867920975,0.00457885390682312,29.2111941309122,0.00310643000361504,35.574639828627,NaN,NaN
0.00382831290373184,29.9428105100837,0.00493848367432137,25.7618567675543,0.00361054600620817,30.9633212329269,0.00458077997208102,29.269184678453,0.00311787655346036,35.5482107605599,NaN,NaN
0.00383827684836397,29.8804178633869,0.00493829604628781,25.6918821991417,0.00361516083237133,30.9248294403394,0.00458293749987165,29.3215317014438,0.0031276232938121,35.4839431110611,NaN,NaN
0.00384472866643816,29.8394615474481,0.0049474712125716,25.7368786170162,0.00362294880385549,30.8941867805721,0.00459249022433423,29.328730528035,0.00312884958443428,35.5467400029777,NaN,NaN
0.0038526397622545,29.7877202168659,0.00494851628075102,25.6664572122792,0.00362989803034717,30.8641649561692,0.0046028453593087,29.3111333963675,0.00313433430740022,35.4875085839875,NaN,NaN
0.00385702504674265,29.7479226215086,0.00495834724483149,25.7191838985671,0.00363580687611397,30.8262939989459,0.00461434515965485,29.2768723142572,0.00313972677512816,35.5322552692141,NaN,NaN
0.00386110013709612,29.7064760776315,0.00495747764200545,25.6751705206064,0.00364922250944725,30.8281121596557,0.00462520095172414,29.2566978249212,0.0031410784964019,35.4843442267653,NaN,NaN
0.00386713371378073,29.7474323935703,0.00496769098822518,25.6788345784671,0.00365862082371032,30.8217264244799,0.0046321915462925,29.2188373295153,0.00314094219040593,35.5703612611153,NaN,NaN
0.00386775989627746,29.6958247615168,0.00497772216416513,25.6650273360409,0.00366738851149898,30.8604399439833,0.00463979322463036,29.1828876337601,0.00314510404966787,35.4943721193709,NaN,NaN
0.00388087733617175,29.6343680045204,0.00498030125898775,25.7063150124222,0.00367190215375602,30.8097531710253,0.00464396069911205,29.1267190114678,0.00314528748245093,35.5640325466709,NaN,NaN
0.00388585486091672,29.6751014895782,0.00498877806402955,25.7292377158677,0.00368075016146283,30.7420377709318,0.00465082712275655,29.0680619059093,0.00315075540445507,35.6045006643858,NaN,NaN
0.00388867811486236,29.6065587105642,0.00499855559048059,25.7731617265634,0.00369215870299105,30.6951203555428,0.00465933353778186,29.0170924361551,0.00315513759912566,35.6442111191038,NaN,NaN
0.00389411158450643,29.6487183132607,0.00500958893089688,25.7776300898082,0.00370315813416696,30.633480272943,0.00466804105145211,28.9846977164944,0.00315787470679987,35.6970246868265,NaN,NaN
0.00389703734136602,29.5856126077445,0.00501978528444545,25.7762002135699,0.00370837171556635,30.6682913987278,0.00467678744709693,28.9496367647629,0.0031619839823028,35.6291024275781,NaN,NaN
0.00390372043011905,29.5428736447572,0.00503175331585189,25.7334826609502,0.0037088398012875,30.6130370513038,0.00468084151564397,28.9107097765286,0.00316025120188483,35.7357546364897,NaN,NaN
0.00391579080538644,29.5285233360169,0.00504067866824082,25.7470664852142,0.00371644730522523,30.5820839738544,0.00468956031786713,28.8647172733067,0.00316637418077783,35.6935483507232,NaN,NaN
0.00392090893623744,29.4863191671442,0.00505049685023127,25.7677996906698,0.003721196170131,30.6243007786278,0.00469968649899315,28.8434318539411,0.00316526629642914,35.8060390215519,NaN,NaN
0.00393074368966297,29.4567272261394,0.00506185399128501,25.777808824338,0.00372160969486422,30.5614190252993,0.0047115981657139,28.7997056479794,0.00316926178979413,35.7543842325303,NaN,NaN
0.00393956863477023,29.4370289762537,0.00507169561809732,25.7659676617394,0.00373347060043541,30.5816405200227,0.00472174023412099,28.7761094941525,0.00316998594794777,35.8384402567707,NaN,NaN
0.00394935745495247,29.4277592116016,0.0050807758801324,25.7545286518329,0.00373466525301918,30.5126834492006,0.00472979145892753,28.7218516715109,0.00317437355922285,35.774484586153,NaN,NaN
0.00395985663880931,29.3970085500153,0.00509006235689669,25.7397830531253,0.00374748123154864,30.5346787592506,0.00473843683520057,28.6615059523076,0.00317791746782669,35.8189192924986,NaN,NaN
0.00396846582859766,29.3763744104292,0.00509841955250709,25.7689167814809,0.00374776898643361,30.4780497049484,0.00474653964120895,28.6105809197545,0.00318536976612171,35.7643675567243,NaN,NaN
0.00397438792297529,29.4132752043327,0.00510589009151461,25.8026082403462,0.00375296431021521,30.4388040408471,0.00475361139657412,28.5724982383427,0.0031970591752337,35.7838885209965,NaN,NaN
0.00397533315801638,29.3692438222353,0.00511442869424245,25.8341995684865,0.00376430524587809,30.3993366498299,0.00476221036481972,28.542814187954,0.00320151977645534,35.6991194021707,NaN,NaN
0.00398462034994265,29.4129632410992,0.00512499687622163,25.8504197270649,0.00377373243262948,30.3627517087185,0.00476927961150062,28.5140633187901,0.00320345146806862,35.7623619782032,NaN,NaN
0.00398702168547994,29.3533336973276,0.00512904122911111,25.8027422912436,0.00377930830734862,30.3227521731034,0.00477887717645774,28.4751363305559,0.00320900740908582,35.666807303775,NaN,NaN
0.00398955700185189,29.4142556602094,0.00513945505315421,25.7999719060318,0.00378576676724493,30.2867437219731,0.0047815600284929,28.5183292901035,0.00321095594291232,35.7163228090407,NaN,NaN
0.00399194178575109,29.3707590722265,0.00514218518729959,25.7400958385524,0.0037962516661448,30.2311789568669,0.00478465229225912,28.4653601462962,0.00321762312953136,35.6635983781412,NaN,NaN
0.00399739156506655,29.4114034249318,0.00515138259915012,25.7289249304406,0.00380204994352716,30.2757904123313,0.00478639539305559,28.51895141092,0.003225875773058,35.6297709537518,NaN,NaN
0.00400784463420508,29.4119382190464,0.00516431143084274,25.7137324954085,0.003805310760342,30.2280747800454,0.00479555077968559,28.5312605156471,0.00323536228273321,35.5840437634704,NaN,NaN
0.00401829238512992,29.3894323000593,0.00517354708653424,25.7416597656881,0.00381828904585728,30.2188065949638,0.00480792563220092,28.5072199898083,0.00324336084587359,35.5520882123673,NaN,NaN
0.00403164476480209,29.35048146205,0.00517522358099132,25.6933120753801,0.00382967856691037,30.1902481682053,0.00481879908893076,28.4568282036695,0.00324622222400354,35.5998655495814,NaN,NaN
0.00404235641366829,29.3718732266318,0.0051801089546067,25.7308910102683,0.00384051796664603,30.1205372258694,0.00482762643657857,28.4081250311755,0.00324957638629634,35.5395199203017,NaN,NaN
0.00404526647369294,29.3224493372127,0.00518865319181128,25.7087279285744,0.00385242676518067,30.0922005260267,0.0048313557559623,28.4485628842499,0.00325908049205427,35.5370240892532,NaN,NaN
0.00405006556783902,29.3700905795833,0.00519748237299659,25.7506858594424,0.00386005607232703,30.0428441145637,0.00483476466733999,28.3783076691833,0.00326298240586372,35.4971799293004,NaN,NaN
0.00404999653115131,29.3104610358116,0.0051988436994308,25.7020253837073,0.00386270223586415,30.0888302769061,0.00484429659207623,28.3847955005556,0.00327239097674935,35.4692355352396,NaN,NaN
0.00406045186224094,29.3219145430981,0.00520213192065635,25.7577011897367,0.00386506459136234,30.0310038972585,0.00485435901528412,28.3593329842791,0.00328078304266852,35.427029249473,NaN,NaN
0.00406684259466198,29.2820723815646,0.00521199338133695,25.7519816847834,0.00387006057270816,30.0735311197141,0.00486692712772714,28.3333372215884,0.00329014375484928,35.4485112238547,NaN,NaN
0.00407741196454834,29.2415171612117,0.00522073804185331,25.7223117528384,0.00388099253472896,30.0182767722901,0.00487194937716263,28.2918328756857,0.00330042773821615,35.4235529133698,NaN,NaN
0.00408417038398928,29.2716884625072,0.00522453879516997,25.7654761417825,0.00388419415128307,30.0639081715672,0.00488297438944415,28.2597492164333,0.0033138773197123,35.3898591942151,NaN,NaN
0.00409024536209525,29.2217743451498,0.00522557954374505,25.7198094694213,0.00388498061083318,30.0163255754308,0.00489145550988551,28.231887091293,0.00332521181806355,35.3092349376663,NaN,NaN
0.00409581816752019,29.2577392493528,0.00522935510786876,25.7612311967,0.00389581778355186,30.0071904264987,0.0048959172117314,28.1814953051542,0.00332796664380678,35.3710958929398,NaN,NaN
0.00409574686888137,29.1871909924093,0.005241197343657,25.8224924567853,0.00390410514325237,29.9802727789174,0.00490841184628902,28.1235936320158,0.00333281936293851,35.2740258925179,NaN,NaN
0.00410895479187344,29.2178525216431,0.00525011569877926,25.863020511415,0.00391320355732064,29.9521134606074,0.00492059511133286,28.0952871348637,0.0033339884263664,35.3294244281122,NaN,NaN
0.00410741273218166,29.163169823431,0.0052596161441077,25.8877752437909,0.00392180664482685,29.9318476205008,0.00493190086745851,28.0836445881544,0.00333904667474517,35.2788838493801,NaN,NaN
0.00411488859568916,29.1376334044615,0.00526940875532401,25.8992589373298,0.00393245422119021,29.8853736589435,0.00493577704084797,28.0392073869737,0.00335090729679455,35.2812459751939,NaN,NaN
0.00412523714192933,29.1071947061087,0.00527885871983742,25.8636460822693,0.00394340982105696,29.8839102612991,0.00494851714291663,28.0229433713416,0.00335832562543909,35.2365438583789,NaN,NaN
0.00412686335903982,29.045871647641,0.00528820606759059,25.839338186218,0.00395259021331738,29.8661277626497,0.00495931273077402,27.9995694035206,0.00336538040940324,35.2679200201314,NaN,NaN
0.00413395469727039,29.0821485150776,0.00529687816525997,25.8086852143591,0.0039607385730534,29.8403630950307,0.00496632459564442,27.9500219242041,0.0033722308655676,35.2330675222756,NaN,NaN
0.00413787865815408,29.0215385154293,0.00530821487281785,25.8007762114159,0.00397201487082327,29.8284785323424,0.00497200951005124,27.9137611680407,0.00338130442375114,35.2590063378153,NaN,NaN
0.00414549521201843,29.055542507879,0.00531793328583928,25.7791046496789,0.0039823469134953,29.8603185174551,0.00497642752029508,27.954910016334,0.00339261951375694,35.179719133614,NaN,NaN
0.0041488717244665,29.0122241846009,0.00532653560075313,25.8021614040218,0.00399048359545636,29.8389883881526,0.00497813226373341,27.9027407421479,0.00339512076812681,35.222727650789,NaN,NaN
0.00415976840039015,29.0217167801341,0.00533879705181417,25.7708381776762,0.00400001293196111,29.8719370078444,0.00498961481805943,27.8687462832447,0.00339929085498206,35.1331451435126,NaN,NaN
0.00416998305004649,29.0132046404776,0.00534740641191219,25.82276055858,0.004009320606758,29.9009832338177,0.00499937146356836,27.876922728262,0.00340452102980027,35.182482375132,NaN,NaN
0.00417268541885042,28.9675688760365,0.00535744850995378,25.859222402657,0.00402023875216852,29.8884334903819,0.00500938042432439,27.8409285953056,0.00340680402606454,35.1128665162435,NaN,NaN
0.00417693907662557,29.0093273831472,0.00536803445436057,25.8408127460887,0.00402720923502786,29.8442654887492,0.00502045534535157,27.818398934307,0.00341680600788236,35.0871059743501,NaN,NaN
0.0041787483692205,28.9556251408117,0.00537736846831366,25.8285247471657,0.0040331975011452,29.7934456796417,0.00502374353248285,27.8635915679078,0.00342443534381356,35.0412005104224,NaN,NaN
0.00419007410443613,28.9183232513223,0.00538500206557161,25.7780322425002,0.00403742206994341,29.8312722914818,0.0050245052846934,27.8125776609524,0.00343168060600654,34.9722531777077,NaN,NaN
0.00419989493112472,28.8938564205819,0.005391902655512,25.7371467188109,0.00404011821675072,29.7691887550503,0.00503386569037969,27.7969357661368,0.00343570732035234,35.022660051205,NaN,NaN
0.00420769943148633,28.837970435612,0.0053993780658339,25.7020700673397,0.00404930139174463,29.7513619110178,0.00503926447792141,27.7496101468794,0.00343925102446703,34.9293337973559,NaN,NaN
0.00421963407958023,28.8577578178502,0.00541003247812381,25.6589503620281,0.00405571505448453,29.7181915644101,0.00504907981309736,27.7062838757283,0.00344308534563468,34.9827267544291,NaN,NaN
0.00423018171643759,28.900407648485,0.00541713447258471,25.6298613173048,0.00406525181299558,29.6501214012513,0.00506078938808653,27.6512261834654,0.00344473829338148,34.9125315061901,NaN,NaN
0.0042342866960888,28.971668964248,0.00542879416310607,25.6114069771041,0.00406955306793943,29.6962849451264,0.00507225354644719,27.6288742712716,0.00345525931131622,34.9077181177394,NaN,NaN
0.00424225809908625,29.0150318537023,0.00543834444170447,25.6289229610234,0.00407039335639765,29.6404097623381,0.00508173462128639,27.6506040626489,0.00346016803601126,34.8677848209635,NaN,NaN
0.00424977031944699,29.0558099049363,0.00544680032924014,25.5695384135009,0.00408076617422486,29.6142459862705,0.00508999901547812,27.6942413942083,0.00346224637976828,34.9204646834514,NaN,NaN
0.00425256761100007,28.9816517877195,0.00545085204778929,25.611898497061,0.00408418904235609,29.6669726468541,0.00510041566041554,27.7211259009226,0.00346558174453111,34.8365869328573,NaN,NaN
0.00425544909957047,29.0350420668215,0.00545318073568357,25.5552396511178,0.00408674755630136,29.5953991984253,0.00510889683173943,27.7676072133576,0.0034699382787634,34.8984478881307,NaN,NaN
0.00425900092586316,28.9763484127503,0.00546354134014362,25.5479562190289,0.00409073395222957,29.649766638186,0.00511841313097644,27.7505877653054,0.00347153428453994,34.8384588061436,NaN,NaN
0.00426413715232298,29.021493949253,0.0054737259473225,25.5349085983543,0.00409223516415709,29.593980146164,0.00512764800594706,27.7688958921918,0.00348210342621985,34.8318626812298,NaN,NaN
0.0042649806787616,28.9732287804155,0.00548350091172848,25.5284294716494,0.00409777364182413,29.6289243080983,0.00513996317676146,27.746810603205,0.00348713116711988,34.7962970887887,NaN,NaN
0.00426802313099795,29.0419498241344,0.00549007004962559,25.4960785217575,0.0041035909308061,29.5903881701276,0.0051481400880895,27.7112608422605,0.00349417965773975,34.7625142328108,NaN,NaN
0.00426952699532711,28.9938183538254,0.00550281774675877,25.4837905228345,0.00411498200420048,29.5713640007497,0.00515602465330336,27.6771330717537,0.00350419530482308,34.7355057753932,NaN,NaN
0.00427040065303016,29.0436433388304,0.00551069881391291,25.4185971030938,0.00412529008707748,29.5303001759385,0.00516781627619997,27.6930860269776,0.00351394004949063,34.6940571526235,NaN,NaN
0.00427500568023409,29.1082197281616,0.00551719468031229,25.3713218199646,0.00413184668360146,29.5734482337584,0.00516818879107704,27.6418943712175,0.00352454723380825,34.6578676024203,NaN,NaN
0.00427834378703171,29.1715482645588,0.00552868700616707,25.3523312761744,0.00413909750821501,29.6384585654788,0.00517454274656283,27.5942576915518,0.00353102846276344,34.6090651917399,NaN,NaN
0.00427919543806018,29.1243526839503,0.00553841908005817,25.3250742603816,0.00414094131831146,29.5963304514717,0.00517761948870039,27.5528866572527,0.00354471927380098,34.5415886166073,NaN,NaN
0.00428183228155958,29.2004717129204,0.00554820328330038,25.2808821478911,0.00414482324928767,29.6640458515652,0.00519238516085384,27.5651957619797,0.00355191016015594,34.4952374685638,NaN,NaN
0.00428436067525544,29.1385247279858,0.00556019890900414,25.2323557230533,0.00414596535188412,29.6150442031675,0.00519579767787303,27.5134708598054,0.0035645505983791,34.4192037584078,NaN,NaN
0.00428686104984181,29.1952129041274,0.00557113444946299,25.1782885277921,0.00415637662966786,29.6137581870557,0.00519699549303219,27.4588131023532,0.00357748896414132,34.3675489693862,NaN,NaN
0.00429352947803808,29.1527413381974,0.00557977294337122,25.1449545379864,0.00416258135362823,29.542495156309,0.00521156686023603,27.4627680132583,0.00358350549245018,34.3352814394021,NaN,NaN
0.00429990664667221,29.0960977282319,0.00558732294006327,25.0958025422943,0.00417221606352811,29.5334043527601,0.00521784184989216,27.4142870267702,0.00359288492054206,34.35440128797,NaN,NaN
0.00430763931188966,29.0512641549627,0.00559654073749215,25.0467399138671,0.00417611275921079,29.486176519689,0.00522500176959605,27.3428320072717,0.00359492603519802,34.2574649927829,NaN,NaN
0.00431275024928507,29.0993064929192,0.00560652142602297,25.0273025337525,0.00418602482514148,29.436554035927,0.00524006496103806,27.3877135804642,0.00360639419267815,34.1985901210853,NaN,NaN
0.0043152234804582,29.0249701109976,0.00561069429351641,24.9840040939111,0.00419021744754632,29.3771755678686,0.00524156588835334,27.3128813336759,0.00361142484636957,34.2489524261711,NaN,NaN
0.00431883543245698,29.0723439563109,0.00561943403480087,24.9672924153758,0.00419999599079786,29.3509231010347,0.00525362764591069,27.3638952406313,0.00361178778023447,34.1977433212653,NaN,NaN
0.00432211151454746,28.9967597214554,0.00562280111408339,24.9283282878817,0.00421045790462549,29.344581711242,0.00525938405308233,27.3172361793917,0.00362274706432401,34.1716262320793,NaN,NaN
0.00432600030751831,29.0439553020639,0.00563445773876715,24.9592940451677,0.0042098315954748,29.2695936683094,0.00526617731150582,27.2751985870748,0.00363257068507208,34.1911026279398,NaN,NaN
0.0043294562878473,28.9711787363097,0.00563363277742118,24.9156381362666,0.0042151351724422,29.2307471126566,0.00527784873477247,27.2981726200852,0.00363751317581245,34.1496094367586,NaN,NaN
0.00433260820240621,29.0184188830944,0.00564549086773114,24.9047353299495,0.00423215381950405,29.2664894914879,0.00527780091712344,27.2524467400703,0.0036395584459585,34.2048742671182,NaN,NaN
0.00433683228126171,28.9779082289177,0.00564650271373058,24.8391397575168,0.00423358737703763,29.1969115853014,0.00527962063402933,27.1984999778369,0.00364164766417593,34.1361943448729,NaN,NaN
0.00434196507266946,28.9354366629877,0.00565903708984467,24.8549577634031,0.00423580334134255,29.1329211973938,0.00529344697358451,27.1912567140445,0.00364665880771932,34.192038564583,NaN,NaN
0.00435349160018889,28.9176101925029,0.00565821262569717,24.7662160693627,0.00425231657606173,29.1469786838572,0.00530137956524125,27.2162748583092,0.00365203164242892,34.1304004513675,NaN,NaN
0.00435976168943491,28.8860573397448,0.00566984635726913,24.7857428167422,0.00425288178403471,29.0923008264144,0.00529899480799364,27.1715710339215,0.00365727267152382,34.0884170076588,NaN,NaN
0.00436599934081316,28.846571707621,0.00567319562620653,24.7255986474681,0.00425635979077238,29.0400619650456,0.00530128173497602,27.1258895911078,0.00366184605792531,34.1448406167195,NaN,NaN
0.00437413908240718,28.8040555755147,0.00568204316944701,24.7447232421556,0.00427229891360158,29.0483988970807,0.0053107148872429,27.1235788566464,0.00366301084387682,34.0822219984492,NaN,NaN
0.00438614122321806,28.7799898403602,0.00569215466866295,24.7199685097798,0.00427920097920963,29.0828552598001,0.00532046729967608,27.1297556276105,0.00367210254752342,34.0705896430267,NaN,NaN
0.0043969041156215,28.7553893110912,0.0057065824580186,24.7301116943453,0.00427805672002678,29.0405497642604,0.00532510417920142,27.0807858319094,0.00367998635086748,34.0362719661099,NaN,NaN
0.00440583492236368,28.7349780023861,0.00570828435971503,24.6877962944177,0.00428274234491952,28.99137073433,0.00533416460779739,27.1162467184516,0.00368514995018572,33.991347007237,NaN,NaN
0.00441841188115068,28.7126057819277,0.00571385580308675,24.7251071275112,0.00429511358440221,28.9949627103664,0.00534548395131367,27.1250452842853,0.00369585900308734,33.9856868189663,NaN,NaN
0.00442416903238522,28.679448546826,0.00572253012913751,24.7931602997285,0.00430241160955245,28.951947688696,0.00535602461136912,27.1200683177531,0.00370331535418586,33.941430386267,NaN,NaN
0.00442937995293734,28.6392052897065,0.00572615231653387,24.8348948124343,0.00430436084157261,28.8890215899844,0.00536430081767747,27.0984718379793,0.00371216375098803,33.9605056664234,NaN,NaN
0.00443472454394603,28.6890748408878,0.005737681734892,24.8872193460301,0.00431139145088688,28.8523923034898,0.0053730971210152,27.1297556276105,0.00371842218108891,33.9255194633329,NaN,NaN
0.00443643255138021,28.6055578266665,0.00573945319470349,24.8416420409338,0.00431961869300799,28.8827245455749,0.00538304274144079,27.1164244672563,0.0037277226312977,33.8878591555475,NaN,NaN
0.00443981976866706,28.6533773337419,0.0057439118238516,24.8785507213353,0.00432038024466689,28.834476768691,0.00539330119398976,27.1106476311028,0.00373234296018083,33.9321601566583,NaN,NaN
0.00444090329529111,28.5678548415911,0.00574622947402696,24.8242154242794,0.00433229009723044,28.841172921549,0.00540051112630985,27.0838519987909,0.00373306235202889,33.8888842290139,NaN,NaN
0.00444545010370973,28.6079198340057,0.00575662772270041,24.8442336916158,0.00433785301525383,28.7939450884779,0.00541060370355897,27.0775419162232,0.00374528334181094,33.8276472315025,NaN,NaN
0.00444628996104929,28.5353660991326,0.00576608369667766,24.8171107267203,0.00434893936394177,28.833944624093,0.00542031456847471,27.0998493912159,0.00374848751265854,33.8846056615021,NaN,NaN
0.00445644706524846,28.510854702216,0.00577176786123729,24.8772995796268,0.00435025691545863,28.7810849273599,0.00542774854114522,27.1305110600305,0.00375133917563991,33.8020203948439,NaN,NaN
0.00446701754774412,28.5506522975733,0.00578155631638406,24.9167552270778,0.00436088638866552,28.7890670963297,0.00543541120588232,27.1906790304292,0.00375582492917095,33.8618757715962,NaN,NaN
0.00447088219307264,28.4825997464976,0.00578836926530629,24.8525895308834,0.00436952816102017,28.7703089992507,0.00544448804427033,27.2289838978469,0.00375618765943068,33.8189563912444,NaN,NaN
0.00447552375068511,28.5538164960843,0.00579482278630675,24.7952604304535,0.00438067877712344,28.7423714078566,0.00545557101280859,27.2404042585503,0.00376860151103634,33.7940872175826,NaN,NaN
0.00447839898990754,28.4928499670263,0.00579978920503706,24.7263582692197,0.0043838921199811,28.8048097073534,0.00546525083551974,27.2291172094504,0.00377317886862247,33.8349118825901,NaN,NaN
0.00448176886124481,28.5555991431328,0.00580327130818275,24.6458383635496,0.00438555263126904,28.7411740825111,0.00546994765642239,27.2659556492292,0.00377551850144926,33.7675244442807,NaN,NaN
0.00448935865840512,28.5827845106221,0.00580750455606071,24.5833259617558,0.00438903630940643,28.796118012253,0.00547669121489408,27.227784093415,0.00377861750477884,33.8406166392724,NaN,NaN
0.00449728064053526,28.6112177310454,0.00581187210996007,24.5293928173919,0.00439043971553089,28.7450764762296,0.00548077679516866,27.2668443932528,0.00378027094135483,33.7797361890537,NaN,NaN
0.00450443715695975,28.6450880249665,0.00581542491596435,24.4681315573066,0.00439945182520777,28.7618390310661,0.00548082315126083,27.2186300299718,0.00379117328347411,33.7638252661195,NaN,NaN
0.00451303498442062,28.6222255765698,0.00581814204337923,24.4267098300279,0.00440687370626282,28.727471359113,0.00548833760535862,27.2480474571534,0.00379403694251227,33.8063880991787,NaN,NaN
0.00451933054420609,28.5768126430097,0.00582089753025237,24.3717936457501,0.0044105782258466,28.7927034177492,0.00549622509579171,27.2882186870207,0.00379706941070931,33.7251398848679,NaN,NaN
0.00452918551836876,28.5553763122518,0.00582343860587449,24.323535322707,0.00441223235140608,28.7355422188491,0.00550516961187422,27.2366715336511,0.00380201994650553,33.7943546280521,NaN,NaN
0.00453660872327134,28.5137515036698,0.00582693605974935,24.2706745855218,0.00441527202257651,28.7880028071337,0.00551040550127059,27.28066436282,0.00380304471943275,33.7349449354155,NaN,NaN
0.00454121875831087,28.5709299077497,0.00583097096235031,24.2016830570231,0.00441738073919594,28.737404724942,0.00551864841847191,27.2089871573156,0.00381203679503611,33.7476469327159,NaN,NaN
0.00454414884967793,28.4919140773259,0.00583552260102943,24.1480180144539,0.00442076118277353,28.796118012253,0.00552584768967333,27.1792586697257,0.00381977474047336,33.720772180533,NaN,NaN
0.00454756832335752,28.5586296431152,0.00583957274533637,24.1045408400826,0.00442179279629166,28.7425044440061,0.00553489353884476,27.1447309644084,0.00382272263164537,33.810711235102,NaN,NaN
0.00455041271333514,28.4921369082069,0.00584443102844698,24.0481054123016,0.00442734810706992,28.7761182444454,0.0055394307556319,27.1861019987075,0.00382360818578522,33.7513906792886,NaN,NaN
0.00455359394900758,28.5388422608771,0.00584542178021731,24.0064602668607,0.00443185468004728,28.7372273434094,0.00554093701298015,27.1411315511127,0.0038274052585521,33.8312572728405,NaN,NaN
0.00455779518222478,28.501183841978,0.00584876482164449,23.9335365787067,0.0044353608934731,28.789687931694,0.00554520926828094,27.1814360925836,0.00382734371439799,33.9119706662125,NaN,NaN
0.00456624402118362,28.4773855038808,0.00585147085682885,23.8933659931365,0.00443737066207893,28.7311076805326,0.00555363791935709,27.135799086971,0.00383352931779005,33.9495864055862,NaN,NaN
0.00457493481982064,28.4455206878892,0.00585592457993325,23.8337580274517,0.00444319772376796,28.7678256577935,0.00555594052272123,27.1879683611571,0.00383484955392667,33.8980207533878,NaN,NaN
0.00458513840960788,28.4165081071752,0.0058597925539604,23.7728095527936,0.00445331407145432,28.7276930860288,0.00555900221380581,27.1457974572367,0.00383903628027399,33.9490515846473,NaN,NaN
0.00459066190722913,28.3815236588487,0.00586240078259322,23.7288408584654,0.00446238060540889,28.7531473359657,0.00556465707698921,27.182280399406,0.0038410541988213,33.8908006707118,NaN,NaN
0.00459415425233108,28.4237723938977,0.00586476006951673,23.6706180853865,0.00447150658226715,28.7914617470206,0.00557263011815343,27.2200964576107,0.00384406389918771,33.9476699638883,NaN,NaN
0.00459692466619678,28.3501045046193,0.00586683484195821,23.6115910069236,0.0044810651132093,28.8133240209211,0.00557989471375314,27.2667999560516,0.00384699714655184,33.8741766531924,NaN,NaN
0.00460139640173362,28.4000631881529,0.00587132495550929,23.5546193755532,0.00449053427473054,28.8174924869387,0.00558464656464055,27.3296341585211,0.00385123071357822,33.9172297387789,NaN,NaN
0.00460337630279595,28.3201114680286,0.00587668210984136,23.4912579847429,0.00449926545615916,28.7728810314743,0.00558943034694867,27.3837142323579,0.00385382442679126,33.8479704271831,NaN,NaN
0.00460850672710869,28.3714517030248,0.00587954425392699,23.4496575229345,0.00450919992954359,28.7866281002556,0.00559743955260935,27.4147758359832,0.00386359825370143,33.84957489,NaN,NaN
0.00460936136598836,28.2913217181957,0.00588166699965004,23.401667301686,0.00451831823287706,28.7549654966755,0.0056080041485097,27.3846474135827,0.00387320986932074,33.8816641463378,NaN,NaN
0.0046155326293392,28.327331188575,0.00588661374804686,23.3298607043431,0.00452199168373306,28.8026367835783,0.00561732081276414,27.3294119725151,0.00388394554013533,33.9025221629574,NaN,NaN
0.00461571661219875,28.2801356079665,0.00589179545021373,23.2714591967345,0.00452469718424116,28.7542116251617,0.00562780654670537,27.333544632225,0.0038917344404903,33.93389832471,NaN,NaN
0.00462789687323043,28.2187234171463,0.00589507822027959,23.2198942848903,0.00452897549376583,28.806051378082,0.00563360235836256,27.2893740542514,0.00389555230558733,33.8684273280985,NaN,NaN
0.00463242645668282,28.2664092256932,0.00589666772785768,23.161135308222,0.00453726915988868,28.8597536370952,0.00563989835653888,27.2550240977387,0.00390698073015331,33.8495303215885,NaN,NaN
0.00463364907712104,28.1893097408464,0.00589902493674642,23.1168985120991,0.00454055237528172,28.810618952548,0.00565202894237094,27.2523134284667,0.00391396447860365,33.7929284388815,NaN,NaN
0.00463924851826667,28.2394021229087,0.00590277362841175,23.0685955054236,0.0045414116137845,28.8882677184706,0.00565472689949983,27.2002774658842,0.00392188720044122,33.7517917949929,NaN,NaN
0.00463934148152309,28.1816889247142,0.00590516963285153,23.0194435097315,0.00454791495901886,28.8271154350855,0.00566725968367448,27.1779255536903,0.00392560751479806,33.7137303715033,NaN,NaN
0.00465170695900697,28.146125116097,0.00590856162876903,22.9768600080092,0.00454926897724271,28.9011278795885,0.00567168705033867,27.1239343542558,0.00393583565583933,33.6834238516287,NaN,NaN
0.004660395987546,28.1228170059381,0.0059109019540098,22.9296740921448,0.0045527837063568,28.8440553714547,0.00567676584430381,27.1631279656972,0.00394328023555394,33.6217411700016,NaN,NaN
0.00467124561761707,28.0722789621137,0.00591438050071351,22.8889226193528,0.00456489414062386,28.8241886397966,0.00567886740306377,27.1006936980383,0.0039454435442466,33.6627441086554,NaN,NaN
0.00468310090297396,28.0167940727298,0.00591518132177503,22.8417367034885,0.00457233236535327,28.8787778064732,0.00569063404614629,27.0746979353476,0.00394973521343906,33.5899193241332,NaN,NaN
0.00468956678460789,28.0608254548272,0.00592023494543073,22.7875354573298,0.00458329549315904,28.883567107855,0.00569378635726585,27.0290609297351,0.00395361250590371,33.6467886173097,NaN,NaN
0.00468811678079742,28.0032459551613,0.00592261390268774,22.73221712036,0.00459130749895381,28.8599753640111,0.00570506253484926,26.9641826160114,0.0039570705324647,33.5941533232334,NaN,NaN
0.00469509363303038,27.9709800435838,0.00592461092049237,22.6798032194993,0.00459529763458724,28.9068484340168,0.00571585174659902,26.9574281614319,0.00396661850555915,33.5878691772005,NaN,NaN
0.00470228733735211,27.9225811762176,0.00592790265024238,22.6399007357238,0.00459980260669471,28.8371818370641,0.00571995196139164,26.913657518269,0.00397484734216165,33.6175963077246,NaN,NaN
0.00470837367778555,27.8748953676708,0.00593219802287595,22.5924914016972,0.00460283730776773,28.9067153978674,0.00572460509385046,26.8716643631533,0.00397763660531683,33.5629108667156,NaN,NaN
0.00471565705505415,27.8199898385776,0.00593692598590582,22.5510249907861,0.00460579996196789,28.866937589168,0.00573392766363684,26.8122073879735,0.00397923747920153,33.6261088743364,NaN,NaN
0.00472565356645712,27.8069319489475,0.0059407196461208,22.5095138962425,0.004604947038763,28.9346973346447,0.00574528322358484,26.8318041936942,0.00398301524454153,33.5571169732101,NaN,NaN
0.00473576137869204,27.8088928607008,0.00594318848596553,22.466706976358,0.00460936745293474,29.0044526223638,0.00574572540191197,26.7805681007329,0.00398355564432065,33.6139862663866,NaN,NaN
0.00475252419215912,27.8416935663928,0.00594088554556836,22.426357656258,0.00461392987469636,29.0496405678093,0.00575337881831023,26.7438185353565,0.00398833683999338,33.5656741082336,NaN,NaN
0.00475670605944234,27.7934283975552,0.00594405958038696,22.3754629989005,0.00462278035206311,29.0275565669929,0.00576249093408407,26.7041361147022,0.00399771329474271,33.58898338749,NaN,NaN
0.00476625133132344,27.7898185372821,0.00594814278333907,22.3239427706887,0.00463122139712846,28.9716370388214,0.00577514360311882,26.7398191872503,0.00399989537989762,33.5375068721148,NaN,NaN
0.00477647709342084,27.749441581634,0.00595127813162983,22.2801081272579,0.00463983780293257,28.9341651900467,0.00577536362129282,26.6951153628625,0.00400348572197021,33.5905432818954,NaN,NaN
0.00478173773729864,27.7058558612987,0.00595352398212057,22.2398034907904,0.00464580645320521,28.8847200878173,0.00578568389752187,26.7255548456713,0.00400675206797112,33.5118800354561,NaN,NaN
0.00479277197098545,27.6689996335713,0.00595593692471991,22.1946730220186,0.00465452732396132,28.8339002787098,0.00578609482379782,26.6840949369697,0.00400883772309822,33.5882702929048,NaN,NaN
0.00479863371352974,27.7118722950873,0.00595808999691421,22.1397568377408,0.00466179122422981,28.7754974090811,0.00579508402141083,26.7041361147022,0.00401375797432059,33.4880805036723,NaN,NaN
0.00479694498777871,27.6635179938973,0.00595715235570374,22.1837702157014,0.00466778884404795,28.7383359779885,0.00579525366026349,26.66227627119,0.00401595464184825,33.5441029970287,NaN,NaN
0.00480655403070579,27.644131707245,0.00596301209463994,22.1316691002679,0.00468142773108344,28.710043623529,0.00580806974890183,26.6685863537577,0.00402183861067292,33.4745317065519,NaN,NaN
0.00481536750042195,27.6782248320472,0.00596505654061017,22.0795679848343,0.0046862882580556,28.6612637020471,0.00581780559468441,26.676051803556,0.00402871906530312,33.4454285337899,NaN,NaN
0.00482445854493,27.7169974053517,0.005967807162763,22.0386824611449,0.00469046164396894,28.7084028443519,0.00581791957611804,26.6247268361924,0.00403856628937017,33.4096400992909,NaN,NaN
0.00482642000327289,27.6690441997475,0.00596960037094276,21.9820236152017,0.00469315779077625,28.6463193079204,0.0058241368162058,26.6597433507227,0.00404664684410363,33.3701970550424,NaN,NaN
0.00483185952495046,27.7391022287528,0.00596741036318582,22.0235793933777,0.004697242265928,28.6938132132905,0.00583293427054149,26.6228604737428,0.00404955663120279,33.4337961783675,NaN,NaN
0.004842302026073,27.7386120008145,0.00596827270937538,21.9797000663145,0.00469953865608378,28.630665387663,0.00584202025550328,26.609396001785,0.00405344956354942,33.350586953947,NaN,NaN
0.00485467880539267,27.7089309274573,0.00596931792790141,22.0219707826096,0.00470433245485621,28.6689797987179,0.00585293034625253,26.5966425250462,0.00405447948980882,33.4319688734927,NaN,NaN
0.00486459609088143,27.7107135745058,0.00596855416461391,21.9751870194373,0.00470524108125959,28.6215745841141,0.00586221779656438,26.5542494351199,0.00405867570574785,33.3595897730863,NaN,NaN
0.00487490291740243,27.6919957804967,0.00597441936789797,21.9208517223813,0.00471535040819486,28.6144793228077,0.00587254246378049,26.5257651891631,0.00405974544654024,33.4268880745725,NaN,NaN
0.00488176066251139,27.7227910082592,0.00597835542163297,21.8824237984766,0.00472772360127404,28.5596240838321,0.00588167307939024,26.5095456107321,0.00406523224680923,33.3707318759813,NaN,NaN
0.00489021934358613,27.7438708096075,0.00597998454243605,21.8348357299202,0.00473256347612366,28.6067632261369,0.00588326488746961,26.4622199914747,0.00407545154944171,33.3788878953005,NaN,NaN
0.0049012765518143,27.7455643243035,0.00597996258261548,21.7868901923042,0.00473504922886733,28.5395356252582,0.00589095906603974,26.4867937637276,0.00407885691062482,33.3084252365921,NaN,NaN
0.0049078679634755,27.7812172652731,0.00598556911474963,21.7463621376745,0.00474711199506284,28.5448570712381,0.00590144119433948,26.4723961105451,0.00408080929364967,33.3765257694868,NaN,NaN
0.00491701519886473,27.770253985925,0.00598899979719497,21.6967186220255,0.00474853989894777,28.4976735835502,0.0059125251559644,26.4765732074561,0.00408650127650652,33.2933611134779,NaN,NaN
0.00492822475431588,27.7667332580042,0.00599125400774229,21.6562799346606,0.0047616690385658,28.4382064247254,0.00591942852734544,26.447289091878,0.00409809989598408,33.2987538912792,NaN,NaN
0.00493844802833491,27.8274769561812,0.00599178899025836,21.7013657198,0.00476518245798156,28.4778068518921,0.00592988238285398,26.4209378315779,0.00410814476748003,33.2505754383609,NaN,NaN
0.00494144287445418,27.7716355373876,0.00599134028597053,21.6527499276973,0.00476714213738448,28.4200248176276,0.00594137246218012,26.4157386790398,0.00412018379185058,33.293673092359,NaN,NaN
0.0049425110909525,27.8240007944367,0.00599314261736924,21.6109707313591,0.00477114814915741,28.4730175505102,0.00594744499234678,26.4602203174216,0.00412918262855969,33.2648373300666,NaN,NaN
0.00494942552671547,27.8732464191509,0.00599648723963272,21.5691468513883,0.00477696781074213,28.4376299347443,0.00595468941565438,26.4896821818044,0.00413681117025397,33.2220516549495,NaN,NaN
0.00494971854845587,27.8301509267539,0.00599869353141007,21.5187437139877,0.00478483845284519,28.4768312534624,0.00596632645180406,26.4915041070528,0.00414935980081688,33.1733383810922,NaN,NaN
0.00495232625231678,27.8958414704904,0.00600055590293553,21.5607910121207,0.00479176610102014,28.441842746145,0.00596854423784735,26.4510218167772,0.00415676764114361,33.1174050245589,NaN,NaN
0.00496294242608902,27.9299345952926,0.00599917049072847,21.5196820702691,0.00479585043946165,28.490400940711,0.00597580773754258,26.4130724469689,0.00416438072549336,33.0903965671413,NaN,NaN
0.00496987645391324,27.8777476029483,0.00600038028723555,21.5625336737861,0.00479713920667185,28.4454347221814,0.005982724121868,26.3815220341307,0.00417272299757462,33.030318348331,NaN,NaN
0.00497276264786086,27.942012029046,0.00599994272968984,21.5137391471536,0.00480668893075419,28.4493814612831,0.00599454626551098,26.3691240550013,0.00417798107248791,32.9663181093017,NaN,NaN
0.00497676479838059,27.8799759117589,0.006003658090152,21.4681171584249,0.00481496027760495,28.4174084400209,0.00600402995395776,26.3598366799545,0.00419131947834579,32.9012036599829,NaN,NaN
0.00498976197388935,27.9023035660411,0.00600477976163065,21.4232994750802,0.00481945056431208,28.3755907436959,0.00601533915991908,26.3140663627384,0.00419704504471051,32.9407804094662,NaN,NaN
0.00499025944911288,27.8542612280846,0.00600699452248778,21.3749071011398,0.00483032117836129,28.3871648887021,0.00602161064780426,26.2821604522907,0.00419754235032233,32.8823066534729,NaN,NaN
0.00499533135218193,27.8993621984112,0.00600454234824463,21.4163735120509,0.00483127651586451,28.3220215208322,0.00602561574665156,26.3224649937616,0.00420543081728539,32.8334151059693,NaN,NaN
0.00499682886201922,27.8416044340404,0.0060064256025469,21.3754433047291,0.00484103243564595,28.3205581231877,0.00602774505569175,26.2668296178834,0.0042108828949184,32.8762007810864,NaN,NaN
0.00500237478975677,27.8780595661818,0.00601197334172694,21.3304915704871,0.00484545370085668,28.2755919046581,0.00603800011139307,26.2559425035941,0.0042136040555349,32.7894260837395,NaN,NaN
0.0050092726580422,27.8460164854854,0.00601521206994029,21.2903656685494,0.00485533826140151,28.245525734872,0.0060492028089856,26.2727397656404,0.00422504889492006,32.8034205649758,NaN,NaN
0.00501391609089658,27.8039460151413,0.00601346612639135,21.3441200783836,0.00486620252937532,28.2200271395519,0.00605808753739115,26.3016239464079,0.00422751330721549,32.7102725847729,NaN,NaN
0.00502066515215501,27.7600037653962,0.00601211371831787,21.2938956755128,0.00487721081593963,28.197544030287,0.00605850504856858,26.2569645592213,0.0042375912321387,32.6895482733881,NaN,NaN
0.00502785098969302,27.7933392652028,0.0060133209461858,21.3410815913772,0.00489176030072606,28.192976455821,0.00607233870433005,26.2650965670374,0.00424848316755904,32.6883003578638,NaN,NaN
0.00502805225801048,27.7348684420127,0.00601208874717129,21.2964426425623,0.00489501039673766,28.1422453374799,0.00607478251794982,26.2107943071946,0.00425279630221629,32.6472528507984,NaN,NaN
0.00504054503561962,27.6823694864349,0.00601646782939395,21.2498376139197,0.00490428289262389,28.1208708627942,0.00608590724279935,26.219503998626,0.00425629355356251,32.721414687668,NaN,NaN
0.00504525633206074,27.6232301706016,0.00601750557323711,21.199925996476,0.00491871755325722,28.1022014564815,0.00609499516199918,26.174000304617,0.0042586848741088,32.6532250179502,NaN,NaN
0.00504984779547777,27.6710051115009,0.00602084194446721,21.1603809817601,0.00492758969712235,28.0627784108475,0.00610064218751807,26.133162516732,0.00426418151151267,32.6932474515493,NaN,NaN
0.0050518286723266,27.5812933987861,0.00601686698615798,21.2015792908766,0.00493847887298737,28.0379449962749,0.00611189327931136,26.1048115823787,0.00427277676433552,32.6468517350942,NaN,NaN
0.00505738480513009,27.6407001116767,0.00602100887304102,21.1523379279196,0.00494827552827092,28.0220250037186,0.00611829588972702,26.0429994355365,0.00427985240206497,32.5888236632166,NaN,NaN
0.00505861169958411,27.5513449283717,0.00602314538865693,21.1009070669727,0.00495497052051428,27.9822471950193,0.00613059956319467,26.0210918953544,0.00428310123448602,32.6388739894213,NaN,NaN
0.00506521606219575,27.5916327516673,0.00602243144545121,21.1563594548399,0.00496265384180759,27.9447753462445,0.00613613898444031,25.9581688184826,0.00428544878949838,32.5703277724108,NaN,NaN
0.00506620228313619,27.531022752019,0.0060252629905076,21.1163229201671,0.00496955014783429,27.8943546455855,0.00614756608908841,25.9849200135933,0.00429503696415244,32.5634196686159,NaN,NaN
0.00507927739839457,27.5178311638602,0.00602575137572019,21.0677071280643,0.00497969428320254,27.8973257862576,0.00615129410377383,25.927284963662,0.00430246726778604,32.5278540761748,NaN,NaN
0.00508848847324117,27.5361478622834,0.00602688325405563,21.1139546876473,0.00498540413926017,27.8520048046626,0.00616035636168456,25.9523919823291,0.00430702091936662,32.4820377490702,NaN,NaN
0.0050931892016663,27.4759835243972,0.00602569017766173,21.0708349823357,0.00498864261490093,27.8917382679788,0.00616378920785441,25.9137760545031,0.00431703055832969,32.4074747964964,NaN,NaN
0.0050970307147376,27.5264770020454,0.00602753715054051,21.029413255057,0.00499084900061317,27.8374595189844,0.00617667375806231,25.9138649289055,0.00432357054240187,32.4499484927324,NaN,NaN
0.00509849608916548,27.442514326062,0.00602723006342216,21.0783418325868,0.00499426853916992,27.894487681735,0.00618794852391864,25.8861805525699,0.00432398269965662,32.3814022757219,NaN,NaN
0.0051028374078228,27.5009405830759,0.00603105700032871,21.0330773129177,0.00499572759996428,27.8425592380484,0.00619378953961729,25.9187530210354,0.00433526901371154,32.3926780838517,NaN,NaN
0.00510397395600182,27.4095799218413,0.00603518222161016,20.9851764589341,0.00500799113310215,27.8414949488524,0.00619526057362046,25.8557410697612,0.00434494357853737,32.3160649843452,NaN,NaN
0.00510855796815712,27.464797414168,0.00603808310673523,20.9375883903777,0.00501756115658042,27.8387455350962,0.00620497405214378,25.8470313783298,0.00435367788779385,32.3638423215593,NaN,NaN
0.0051080470342906,27.3913077895944,0.00603831757649501,20.8866043657553,0.00502373477215996,27.7934688988844,0.00621459863502359,25.8531192748915,0.00435311294740481,32.2835300438916,NaN,NaN
0.00511338447649594,27.4303477599561,0.00603757855311952,20.9424589063145,0.00503155057097906,27.7623827852854,0.00622414132580177,25.8408546073657,0.00436213139606454,32.2450675046978,NaN,NaN
0.00511293518062736,27.3715649735325,0.00603729448132434,20.8954964086123,0.0050364934862741,27.7207868158763,0.00623380965011342,25.8865360501794,0.00436868504540223,32.2862932854096,NaN,NaN
0.00512358231670804,27.3551646206864,0.00604162553575383,20.8367821155765,0.00504866309002437,27.7159088237282,0.00623976882838618,25.8522305308679,0.00436647850037226,32.1941703786731,NaN,NaN
0.00513786534719566,27.366217032387,0.00604152755907342,20.8845042350303,0.00505503847804657,27.6780378665049,0.0062435204630939,25.8912908307057,0.00437496848387451,32.168053289487,NaN,NaN
0.00513902309981805,27.3219628194085,0.00604189578973864,20.8313753960504,0.00506437201770639,27.700299248854,0.00624399833534179,25.8456982622944,0.0043821580266122,32.2056244604492,NaN,NaN
0.00514319564059764,27.3944274219292,0.00604397678969034,20.7851278364674,0.00507309198001937,27.6781709026544,0.00625453784545202,25.8520972192644,0.0043832415335887,32.1214792993856,NaN,NaN
0.00514657520138857,27.3145202679811,0.00604365270990082,20.8289624798982,0.00508381524590361,27.6910310637724,0.00626483058124743,25.8323671019402,0.00439564654678556,32.1350726649176,NaN,NaN
0.00515018422602784,27.3911740910657,0.00604404104699231,20.7873173344573,0.00508607491368298,27.63271688491,0.0062771489390629,25.8587627994415,0.00440013111816907,32.0385374854347,NaN,NaN
0.0051539190673133,27.3437556795762,0.00604557804363811,20.7379866042355,0.00509391977022923,27.5916087147157,0.00628615606206557,25.879559409594,0.00440983641514651,32.0546712504268,NaN,NaN
0.00515826209557694,27.3972796572068,0.00604771226317286,20.6962520915296,0.0051004330734095,27.6258876959025,0.00629139216025578,25.9369722735194,0.00441295539638561,32.0155847534709,NaN,NaN
0.00516373215612122,27.4424251937095,0.00605184912180081,20.6578241676249,0.00510257568114325,27.5492588737928,0.00629958145709393,25.9156868541539,0.00442140914951288,31.9744926779938,NaN,NaN
0.00517612635772159,27.4915816860714,NaN,NaN,0.00510894177286878,27.5837595818954,0.00631008177256519,25.8762266195055,0.00443055384412881,31.9382139909675,NaN,NaN
0.00517776815068367,27.4238856644053,NaN,NaN,0.00511276953523673,27.5110774988874,0.00631957147041446,25.8978230992793,0.00443610591664795,32.0001640830641,NaN,NaN
0.00518180721832115,27.4926958404767,NaN,NaN,0.00511855540276432,27.5442035001119,0.00632580522627029,25.8572074974002,0.0044441073513283,31.9681639635494,NaN,NaN
0.00518500358264429,27.4124767232951,NaN,NaN,0.00512394715841348,27.4890821888374,0.00633568149696294,25.8356554548275,0.00445375106290021,31.979038655975,NaN,NaN
0.00518711630727976,27.4737997817628,NaN,NaN,0.00513567799871471,27.4625193043213,0.00634516382667065,25.8243239685265,0.00446469996047453,31.9375454647938,NaN,NaN
0.00519141222127942,27.4222367158855,NaN,NaN,0.00514679704777783,27.4425195365138,0.00634741929280803,25.7749986752159,0.00447379966792556,31.9506485777984,NaN,NaN
0.00520265738392456,27.3827510837617,NaN,NaN,0.0051527608646633,27.4090831176071,0.00635683488533764,25.7812198833812,0.00448131404045529,31.9106707126108,NaN,NaN
0.00521286665487554,27.354852657453,NaN,NaN,0.00516105853503631,27.3883738236689,0.00635979053968187,25.7324278364849,0.00448715118966861,31.9650887431504,NaN,NaN
0.00522500324461504,27.3246813561574,NaN,NaN,0.00516993629289703,27.3701035258047,0.00636985113252227,25.7741099311923,0.0044944288128545,31.9225704785028,NaN,NaN
0.00523491027246589,27.3558776795058,NaN,NaN,0.0051794048590487,27.35728771007,0.00637336743937938,25.7125199703559,0.00450186679470108,31.9542140507248,NaN,NaN
0.00523979407637547,27.3033341577519,NaN,NaN,0.00519026470376607,27.3446049304847,0.00638120925414257,25.7451368760225,0.00450343675301271,31.9029158089959,NaN,NaN
0.005243310795247,27.3487916574881,NaN,NaN,0.00519907900559739,27.3230974196495,0.0063850843825101,25.690390244168,0.00451551225173083,31.8926205059208,NaN,NaN
0.00524781116272978,27.2922817460513,NaN,NaN,0.00520855600813119,27.287842840033,0.00639241806816637,25.6575511524955,0.00452652686913305,31.8925759375092,NaN,NaN
0.00525197367991845,27.3308314884747,NaN,NaN,0.00521348826002712,27.3292614279095,0.00640294477412605,25.6796364414823,0.00453772713879139,31.9010439357095,NaN,NaN
0.00525641430840435,27.2924600107562,NaN,NaN,0.00521816384766784,27.271745465944,0.00640622742348327,25.6247564980242,0.00453688060494761,31.9494006622741,NaN,NaN
0.00526800986469177,27.2855522534433,NaN,NaN,0.00522366993803325,27.3210131866407,0.00641534241254106,25.6418203832775,0.00453990284986716,31.9045648402243,NaN,NaN
0.0052775249606562,27.2849283269763,NaN,NaN,0.00522711747141273,27.2681978352908,0.00642309444455011,25.6180020434447,0.00454165104814623,31.9882643171721,NaN,NaN
0.00528675050666481,27.2652300770906,NaN,NaN,0.00523960467725907,27.2986187681422,0.00643354730697199,25.598894046937,0.0045430273302136,31.9337571498094,NaN,NaN
0.00529656993412517,27.2761042240864,NaN,NaN,0.00524857868858155,27.2660692568988,0.00644322921972701,25.608225859185,0.0045470060226168,31.981801897493,NaN,NaN
0.0053071429126189,27.2634919962184,NaN,NaN,0.00525209434388983,27.3098824954662,0.00644806463727772,25.569609931359,0.00455923214466331,31.9453449368203,NaN,NaN
0.00531318191266112,27.2227585111606,NaN,NaN,0.00526437065736015,27.3606579591905,0.00645332132640044,25.6143137557467,0.00456820642057878,31.9231052994417,NaN,NaN
0.00532120113206347,27.181222834931,NaN,NaN,0.00527092739059437,27.4027417278144,0.00645855575423993,25.5643663416197,0.00457945076117879,31.9194952581037,NaN,NaN
0.00532859581016401,27.1413361072213,NaN,NaN,0.00528173869845013,27.4003914225067,0.00646396985251101,25.6056040643153,0.00458747720511453,31.9502920305057,NaN,NaN
0.00533635443777401,27.1021178721547,NaN,NaN,0.00529025688832045,27.3708573973186,0.00646753517995039,25.539126011349,0.0045989743632184,31.9085759972666,NaN,NaN
0.0053450779162455,27.0635681297313,NaN,NaN,0.0052962265440934,27.3352037092536,0.00647953417372902,25.5219288144921,0.00460164909125015,31.9592502812334,NaN,NaN
0.00535336799299782,27.0390121666385,NaN,NaN,0.00530600586795335,27.3461126735123,0.00648895530613818,25.5146411134985,0.00460653802057313,31.9071943765076,NaN,NaN
0.00536087482673348,27.0116931006206,NaN,NaN,0.00531429547242191,27.3881964421362,0.00649624415235264,25.4711370935426,0.00461682495709883,31.9080857447392,NaN,NaN
0.00537035461004257,26.9800511155101,NaN,NaN,0.00532320406524296,27.3460683281291,0.00650905036416514,25.4538510222834,0.00462536642471542,31.8894561486986,NaN,NaN
0.00538184620369614,27.0067016888848,NaN,NaN,0.00533550017092129,27.350857629511,0.00651473695102815,25.4113690579547,0.00462519637285785,31.9469939680488,NaN,NaN
0.00538243518245619,26.9399415569193,NaN,NaN,0.00533775792475723,27.3074434993921,0.00652438876167722,25.4191011309601,0.00462781621515467,31.894938063323,NaN,NaN
0.00538569888970017,27.0216759240921,NaN,NaN,0.00534987073162706,27.2907252899388,0.00653058091808034,25.3770635386432,0.00462887715790571,31.9406206851928,NaN,NaN
0.00538691668377781,26.9410111451483,NaN,NaN,0.00535581785211156,27.2575549433311,0.00654163796565313,25.3713311396909,0.00463163096473914,31.8978795784873,NaN,NaN
0.00538994014094994,27.0259097108322,NaN,NaN,0.00536484442229689,27.2698386144679,0.00655174146580276,25.3421358985152,0.00464214713563343,31.8858906757722,NaN,NaN
0.00539226847616181,26.9493450201,NaN,NaN,0.00536795049971798,27.2160920100715,0.00656313951441958,25.3208060419485,0.00464444174092789,31.927963256304,NaN,NaN
0.00539529132049748,27.022077019678,NaN,NaN,0.00537854325054846,27.2289078258063,0.00657240574636467,25.307652630399,0.00464875125017567,31.8300018876505,NaN,NaN
0.00539937215250636,26.9780902037567,NaN,NaN,0.00538055749093931,27.1787531974463,0.00657658178981567,25.3473794882545,0.0046525128868045,31.8917737061008,NaN,NaN
0.00541029265777453,27.0236814020216,NaN,NaN,0.00539094317728062,27.1821234465668,0.00658557407161195,25.3240055204335,0.00465619857944395,31.8024586092939,NaN,NaN
0.00542286895115312,27.0415078725064,NaN,NaN,0.00540077797057163,27.1719683538219,0.00659586236448502,25.3456464374085,0.00466076642637065,31.8506816306238,NaN,NaN
0.0054306120634032,27.0050081741888,NaN,NaN,0.0054130452434147,27.163409694871,0.00659784826830242,25.3975490883875,0.00466228846454226,31.7928764008041,NaN,NaN
0.00543128957368802,27.0498863136343,NaN,NaN,0.00542297127154146,27.1348069227294,0.00660665084282449,25.4338987189533,0.00467205369701623,31.7645754594506,NaN,NaN
0.00543400354678612,26.9918611522062,NaN,NaN,0.0054300341799757,27.1061598052046,0.00661371386920357,25.47442544643,0.00467761633858803,31.717600353645,NaN,NaN
0.00543461019771328,27.0380317107619,NaN,NaN,0.00543431868111445,27.0665593780379,0.00661640874109645,25.5225953725098,0.00468471128286036,31.662380091697,NaN,NaN
0.00543836208248995,26.9939557624882,NaN,NaN,0.00544191838369268,27.0314821799541,0.0066205660229297,25.5646774020279,0.0046952593461021,31.6374663496236,NaN,NaN
0.00545008782160992,27.0419089680923,NaN,NaN,0.00544969454069163,27.0063383476994,0.00662689462979077,25.6361768587276,0.00470351229503648,31.5912043384033,NaN,NaN
0.00545070814146789,27.0001504609817,NaN,NaN,0.00546101408327661,26.9820814231079,0.00663502471550369,25.6044486970846,0.00470753342865606,31.5474381582314,NaN,NaN
0.00545442131813575,27.0809935046302,NaN,NaN,0.00546865037152101,26.9432348674551,0.00664627209673219,25.5792528040152,0.00471787246011158,31.5309478459467,NaN,NaN
0.00545564870444287,27.0111137403298,NaN,NaN,0.00547706464328031,26.9227916458158,0.00665593561457459,25.5434364198636,0.00472584648264204,31.4755493103524,NaN,NaN
0.00545909536618795,27.1077777765336,NaN,NaN,0.00548785770239381,26.9111731554265,0.00666774108664368,25.5540124737446,0.00472990930449252,31.4290644570742,NaN,NaN
0.00546048059940678,27.0447612033699,NaN,NaN,0.00549928769440406,26.9350753169526,0.00667554198237644,25.5294387014917,0.00473527157014945,31.4763515417609,NaN,NaN
0.00546205161726203,27.1208356661638,NaN,NaN,0.005509913017775,26.9537447232653,0.00668437068876331,25.482779640252,0.00473678132792425,31.4218443743982,NaN,NaN
0.00546753218533063,27.1706606511688,NaN,NaN,0.00551795856195749,26.9933451504319,0.00669462124960703,25.4957108657955,0.00474696896199817,31.4045963991166,NaN,NaN
0.00546831554141092,27.1174040705954,NaN,NaN,0.00552673189451927,26.9448756466322,0.00669588130708669,25.4473187537098,0.00475339019402168,31.3442953382484,NaN,NaN
0.00547186030315109,27.1903589010545,NaN,NaN,0.00553655026482979,26.9328580477944,0.00670728050564873,25.4146129736409,0.00476420459786278,31.3442507698369,NaN,NaN
0.0054736355087636,27.1299717322872,NaN,NaN,0.0055422888566655,26.8584021494597,0.00671853436685542,25.4079029562626,0.00477096664710349,31.2859107190783,NaN,NaN
0.00547688223300805,27.2047092097947,NaN,NaN,0.00555548145231292,26.8021722036061,0.00672974051428362,25.3905724478021,0.00478059294601412,31.2753034371221,NaN,NaN
0.00548136372640996,27.1570679674241,NaN,NaN,0.0055651546618224,26.7744119937446,0.00673908738451456,25.3720421349098,0.00478691960063999,31.2382225186873,NaN,NaN
0.00548288226713531,27.2060907612573,NaN,NaN,0.00557355570346545,26.7488690530413,0.00675204839292058,25.3255163852736,0.00479396967973372,31.1982000850882,NaN,NaN
0.00549222570251473,27.1477090704196,NaN,NaN,0.00557988930195664,26.6904218380294,0.00676126100555524,25.3059640167542,0.00480092063979711,31.1617876928271,NaN,NaN
0.00549553919357606,27.2224465479271,NaN,NaN,0.00559098020173573,26.6517526639092,0.00677204932914162,25.284767471791,0.00481212290513963,31.1474366642983,NaN,NaN
0.00549836531438955,27.1282782175912,NaN,NaN,0.00560030835229186,26.6294912815602,0.00678441357247357,25.2753467851407,0.00481433908281532,31.1979772430303,NaN,NaN
0.00550146072768919,27.1948155186757,NaN,NaN,0.00560947387391309,26.6193805341985,0.0067936513747689,25.2543724261834,0.00481959318654397,31.1495759480541,NaN,NaN
0.00550398374267968,27.1134822470888,NaN,NaN,0.00562130480443847,26.6135269436207,0.00680457677835298,25.2166008051799,0.00483264765660376,31.1624116505893,NaN,NaN
0.00551356126303382,27.0800576149298,NaN,NaN,0.00563089499060243,26.6051456662024,0.00680840163021697,25.2565942862425,0.0048375614319444,31.1213641435238,NaN,NaN
0.00552363461741656,27.0485493283479,NaN,NaN,0.00563440470109051,26.5439046920511,0.0068089403860463,25.2152232519433,0.00484836001159808,31.0935980231093,NaN,NaN
0.00553272375500382,27.0057657991844,NaN,NaN,0.00564640492857527,26.5820860669564,0.00681981112424528,25.2175339864047,0.00485895096451795,31.046266370011,NaN,NaN
0.00554068818275322,26.9786249978713,NaN,NaN,0.00564790189360966,26.4945039352049,0.00682960356859826,25.2096686017957,0.00487012402563156,31.0230462275777,NaN,NaN
0.00554615915859234,27.017664968233,NaN,NaN,0.00565932048126543,26.5207120566556,0.0068403856210003,25.1834062158979,0.00488054916291882,31.0652970817558,NaN,NaN
0.0055478667425848,26.9597289391574,NaN,NaN,0.0056595861109927,26.4633734762228,0.00684819681219932,25.1524779238762,0.00488315049290969,31.0073135782898,NaN,NaN
0.00554973628186917,27.0047853433077,NaN,NaN,0.00567136517508199,26.4721538620895,0.00685809058964122,25.1616319873194,0.00488526278613347,31.0801829312236,NaN,NaN
0.00555384435451549,26.9383817407518,NaN,NaN,0.00567567398874238,26.416234333918,0.00686996828577993,25.1803844862176,0.00488839673588792,31.016004418548,NaN,NaN
0.00556408489815299,26.8904285351477,NaN,NaN,0.00568608184877,26.4415555477054,0.00687935607609404,25.1622541081359,0.00488923516500867,31.0931077705819,NaN,NaN
0.00557759513265658,26.9070517188748,NaN,NaN,0.00568857335221949,26.3944164054007,0.00689055757285881,25.1160838561092,0.00489283915127906,31.0288846894947,NaN,NaN
0.00557785394643122,26.8645801529448,NaN,NaN,0.00569819747802637,26.3812458266006,0.00689767009144861,25.0825337692178,0.00489306091192384,31.0865562140796,NaN,NaN
0.00558178085843359,26.9208226673243,NaN,NaN,0.00570741691673737,26.3405367648548,0.0069048419780222,25.0552937648941,0.00489695382408676,31.0333860990643,NaN,NaN
0.00558185000026521,26.8757216969978,NaN,NaN,0.00571379149337363,26.3738401476119,0.00691128049115247,25.0125451773583,0.00490812598916086,31.0174306077185,NaN,NaN
0.00558485812355245,26.9523755200824,NaN,NaN,0.00571861598152061,26.3245724269152,0.00692043843840202,25.0330751643038,0.00491480712626944,30.981062783869,NaN,NaN
0.00558670009598185,26.8919883513151,NaN,NaN,0.00572541402308492,26.2608481113066,0.00692335150020688,24.9901043907621,0.00492863803195014,30.9362715302308,NaN,NaN
0.00558813513677719,26.9681073802852,NaN,NaN,0.00573186916228229,26.293929767148,0.00693084060778544,25.0250764680913,0.00493566346863137,30.8769509744175,NaN,NaN
0.00559092876715095,26.9183715276327,NaN,NaN,0.00573463770868905,26.2519346892904,0.00693844907876587,25.0561380717165,0.00493959185818376,30.9278481004422,NaN,NaN
0.00559145472452427,26.9696671964527,NaN,NaN,0.00574366983546584,26.1993410648563,0.00694966029549792,25.0376966332266,0.00494224707518347,30.8379536142847,NaN,NaN
0.00559935221190147,27.0022005050874,NaN,NaN,0.00575682143106619,26.224484897111,0.00696124815525949,24.9917485672058,0.00494788500867775,30.8809621314597,NaN,NaN
0.00560716912670818,27.0325500710878,NaN,NaN,0.00575605124003526,26.1454170789272,0.00697069123734022,24.9737959379288,0.00494981232101206,30.8303324159045,NaN,NaN
0.00561450303745337,27.0729270267359,NaN,NaN,0.00576915128227307,26.1395191429662,0.00697897836654909,24.929314299547,0.0049594454626473,30.8040816214837,NaN,NaN
0.00561750068994881,26.9951144830697,NaN,NaN,0.0057756157177671,26.1002291334817,0.00698700445363024,24.8940311618095,0.00496565517837124,30.765708219113,NaN,NaN
0.00561994865581668,27.069807394401,NaN,NaN,0.00578414741117416,26.0736662489657,0.00699537514739692,24.86168087935,0.00497357105748419,30.7402150876891,NaN,NaN
0.0056230535166033,27.0083060712285,NaN,NaN,0.00579244033634166,26.046659910618,0.00700306070400972,24.8295972200976,0.00498306697601625,30.6912344033624,NaN,NaN
0.00563165054975268,26.984240336074,NaN,NaN,0.00580247270371079,26.0333562956684,0.0070097016225887,24.7899147994432,0.00498954881578693,30.6175628190201,NaN,NaN
0.00563980880247753,26.9547820935979,NaN,NaN,0.0058111500562313,25.997037426856,0.0070192785436253,24.8029348993892,0.00499170053651711,30.6628888935973,NaN,NaN
0.00564278949573259,27.0161051520656,NaN,NaN,0.00582244117611176,25.9562396743438,0.00702166910358705,24.7515210576232,0.00499364648314367,30.5840028051002,NaN,NaN
0.00564642470097195,26.9376241157562,NaN,NaN,0.00582877889366137,25.995440993062,0.00702554349854428,24.7917811618928,0.00499841641732938,30.643590771383,NaN,NaN
0.00564829619974905,27.0118713653254,NaN,NaN,0.00583288634500983,25.928922918314,0.00702799410585937,24.7476994583216,0.00499929366225706,30.5719693339735,NaN,NaN
0.00565369295750955,27.0583538871145,NaN,NaN,0.00584038085943177,25.9560622928112,0.00703814976165708,24.7445444170378,0.00500945545247124,30.5551224743961,NaN,NaN
0.00565793532136862,27.1429404895649,NaN,NaN,0.00584500873047234,25.9024930699474,0.00704646416951774,24.7760503926749,0.00502024183334695,30.5565486635667,NaN,NaN
0.00566315570524715,27.0720802693878,NaN,NaN,0.00585224221478676,25.9295437536783,0.00704934592733615,24.7253031089266,0.00503260389543053,30.5366265835903,NaN,NaN
0.00566351740864495,27.1592517100585,NaN,NaN,0.00585720570289823,25.8791230530193,0.00706147233202773,24.7381454600678,0.00503970050979558,30.5010609911492,NaN,NaN
0.00566782474546376,27.1062625265424,NaN,NaN,0.00586506384696486,25.9291446452298,0.00706975663883519,24.7112609533535,0.00504263811625495,30.5714790814461,NaN,NaN
0.00567009328118707,27.0514906959779,NaN,NaN,0.00587454910951749,25.916062757196,0.00708002606621995,24.7001516530583,0.0050465332075235,30.5172393245529,NaN,NaN
0.00567237038870113,27.1183399602959,NaN,NaN,0.00588283519917273,25.9422708786467,0.00708954100671791,24.6810880937518,0.00504859501447504,30.5712116709766,NaN,NaN
0.00567663514307789,27.0308119902155,NaN,NaN,0.00589142670596117,25.9689224539291,0.00708997372370139,24.7466774026945,0.00506025281646362,30.6212619971813,NaN,NaN
0.00568827253214811,26.9561636450604,NaN,NaN,0.00590112788839137,26.0044431058446,0.00709402789506624,24.7996465465018,0.00506382155001741,30.5606935258437,NaN,NaN
0.00569157838255298,27.0005961227438,NaN,NaN,0.00590887859953367,26.0476798544308,0.00709796474113781,24.8595923308945,0.00506466069175624,30.6087828419388,NaN,NaN
0.00569574962132853,26.9549603583027,NaN,NaN,0.00591729045903715,26.0676352768552,0.00710306924727458,24.902518667235,0.00507007501109157,30.5527157801708,NaN,NaN
0.0057037291330764,26.9019711747866,NaN,NaN,0.00591931820296474,26.0204517891673,0.00710744304656362,24.8596812052969,0.00508201129102232,30.5425096139189,NaN,NaN
0.00571378855280247,26.8268771678694,NaN,NaN,0.00592784323722286,26.0024919089853,0.00711552562729188,24.8307525873283,0.0050915752304742,30.4997239388018,NaN,NaN
0.00572354169737933,26.8085159032701,NaN,NaN,0.00593864404916727,25.9737561006941,0.00711955492481867,24.763296915936,0.00509982866823776,30.4627767256018,NaN,NaN
0.00573156970677996,26.7278511243264,NaN,NaN,0.00594872363482416,25.9820043419629,0.00713491203201323,24.7086391584838,0.00511008312178426,30.4714229974483,NaN,NaN
0.00573560901638413,26.7820435946002,NaN,NaN,0.00595870715225813,26.0247089459511,0.00714295191633159,24.6504264249372,0.00511735628495632,30.4351888788336,NaN,NaN
0.00573898478709267,26.6851567275153,NaN,NaN,0.00596876292370577,26.0237776929047,0.00715391118452168,24.6286521963587,0.00512812482577672,30.4617516521354,NaN,NaN
0.00574233443769279,26.739750293375,NaN,NaN,0.0059802780382438,26.0335780225842,0.00716417146743815,24.5557307492212,0.00514082004793223,30.492592992949,NaN,NaN
0.00574712337142516,26.6633638673476,NaN,NaN,0.00598638519904408,26.0732671405172,0.00717117251433133,24.5073830743367,0.00514809192803818,30.4501638651245,NaN,NaN
0.00575493636724641,26.6353317425103,NaN,NaN,0.00599655191822937,26.0949963782682,0.0071802420375658,24.473521927037,0.00515029611054108,30.5216070288878,NaN,NaN
0.00576035041046481,26.6705390217177,NaN,NaN,0.00600276272372018,26.1277232710442,0.00718290079900298,24.4324175159449,0.00515491315978992,30.4364813627694,NaN,NaN
0.00576216006600979,26.594910220686,NaN,NaN,0.00601280458150035,26.1270137449136,0.00718938744455215,24.3703387458955,0.00515694268736741,30.4899188882542,NaN,NaN
0.00576657725186037,26.6446460733386,NaN,NaN,0.00602106717001989,26.0983666273888,0.00719863042107461,24.3265681027326,0.0051616440907364,30.4179854719636,NaN,NaN
0.00576932677166078,26.5543104341568,NaN,NaN,0.00603225802331289,26.0814710364028,0.00720413216222616,24.2724880288957,0.00516797337292965,30.4492279284814,NaN,NaN
0.00577221149796879,26.6088594338403,NaN,NaN,0.00603966653754146,26.0430679345816,0.00721032823798791,24.2407154300516,0.00517423636484695,30.403812717081,NaN,NaN
0.00577646403521492,26.521554294641,NaN,NaN,0.00605026868172578,26.0259949620629,0.0072162173871582,24.1971669728945,0.00517492834542912,30.4831890581055,NaN,NaN
0.00577928535342699,26.5699531620073,NaN,NaN,0.00605603323548159,25.9872370971764,0.00722858220493639,24.2104536960475,0.00518098690862805,30.5217407341225,NaN,NaN
0.00578452834097712,26.5108584123501,NaN,NaN,0.00606662141746985,25.9491444130374,0.00722957359036493,24.1641501324173,0.00517964290593472,30.5767827224242,NaN,NaN
0.00579418832498309,26.4637519640941,NaN,NaN,0.00607662946344182,25.887371294288,0.00724008284151064,24.1730820098546,0.00518473058321527,30.6428331083862,NaN,NaN
0.00579916420061341,26.5057333020858,NaN,NaN,0.00608717978084311,25.8413851319456,0.00724103247062791,24.1294891154964,0.00520035469452365,30.6023204222597,NaN,NaN
0.00580167903052236,26.4269848687192,NaN,NaN,0.00609649534518116,25.8522497508211,0.00725124498677788,24.0851852259193,0.00520939692992381,30.5303424375575,NaN,NaN
0.00580521982070511,26.4939232653896,NaN,NaN,0.00609854046906094,25.7994787448543,0.00726154530056142,24.0550123663176,0.00521874047341589,30.4619744941933,NaN,NaN
0.00580946417286971,26.4092029644106,NaN,NaN,0.00610824990263444,25.7923834835478,0.00727174480271427,24.0697655171096,0.00522635901562155,30.4172723773783,NaN,NaN
0.00581204591433806,26.4692781699443,NaN,NaN,0.00611588646429933,25.7514083495031,0.00727678513439798,24.0248839439171,0.00523629148984826,30.3874115416195,NaN,NaN
0.00581622234242423,26.4052811409039,NaN,NaN,0.00612293892535081,25.7176171675311,0.00728830291206907,24.0089309886933,0.00524210236692379,30.3427985616276,NaN,NaN
0.00582738669053219,26.3782294719432,NaN,NaN,0.00613248047759597,25.6770854873179,0.00729036438697396,23.9429861821412,0.00524719873955913,30.2885588047344,NaN,NaN
0.00583852251183812,26.3529158838548,NaN,NaN,0.00613900280365241,25.6411213815708,0.00730477698629037,23.9483630834841,0.00525713606082628,30.26587348324,NaN,NaN
0.0058502100030235,26.350420177987,NaN,NaN,0.00614841526535038,25.6759325073556,0.00730366430638015,23.8602441135428,0.00526403453893324,30.233383111198,NaN,NaN
0.00585921905989339,26.3249283251937,NaN,NaN,0.00614833542599356,25.6272856220232,0.00731844126708652,23.8589554347086,0.0052683403622204,30.1686252091718,NaN,NaN
0.00587108858236532,26.2947570238982,NaN,NaN,0.00615859274499197,25.6571300648935,0.00731980495754554,23.8048309236706,0.00527904387564725,30.1547644331703,NaN,NaN
0.00588141354914738,26.2623128476158,NaN,NaN,0.00615885659748605,25.6136272440083,0.00733109190011816,23.7779908541574,0.00528770845263975,30.0907196257295,NaN,NaN
0.00588774484502991,26.2223369875537,NaN,NaN,0.00617191923379623,25.6178844007922,0.00734272836182159,23.7571053696025,0.00529323199229661,30.0288141020444,NaN,NaN
0.00590066528270281,26.1583845246895,NaN,NaN,0.00618276685389767,25.6138933163073,0.00734920978120835,23.7002701892925,0.00529752050560907,30.0844800481082,NaN,NaN
0.00591335476799469,26.1753642378262,NaN,NaN,0.00619136852577284,25.5830289296242,0.00736020051024345,23.6821398112108,0.00530000461147399,30.0075995381322,NaN,NaN
0.00591435070214796,26.1182303999224,NaN,NaN,0.00620075434199947,25.5874634679408,0.00736426722608247,23.6316591506695,0.00530551263323516,30.051588560362,NaN,NaN
0.00591923213896253,26.1594986790947,NaN,NaN,0.0062111883403105,25.6038712597119,0.00737660899723187,23.6277486769657,0.00530659799372582,30.0088474536565,NaN,NaN
0.00593141100076598,26.1334274660107,NaN,NaN,0.00622413045029035,25.5951795646115,0.00738356546541237,23.5997088030207,0.00531913821327398,29.95197816048,NaN,NaN
0.00594299446090612,26.1194336866802,NaN,NaN,0.0062350953553293,25.5861331064458,0.00739290251075274,23.5751350307678,0.00532144548599186,30.0042123388521,NaN,NaN
0.00595246911539626,26.1024985397196,NaN,NaN,0.00624633078088681,25.5897694278654,0.00740128569495284,23.5353637357111,0.00532214944067911,29.9466745195019,NaN,NaN
0.00596326334097791,26.0541888047058,NaN,NaN,0.00625673712822619,25.5620092180038,0.00741208279840785,23.5099012194346,0.00532647915339327,29.990306994439,NaN,NaN
0.00597519345724988,26.0034279300003,NaN,NaN,0.00626804526645671,25.540058253337,0.00741689882585381,23.5469618452192,0.00534043400393825,29.9829532065283,NaN,NaN
0.00598868529368627,25.9509735405988,NaN,NaN,0.00627815094186842,25.5181516340533,0.00741936835164521,23.4963923102757,0.00534194555467606,30.059967421739,NaN,NaN
0.00599794370100438,25.9136270849332,NaN,NaN,0.0062871342583631,25.4780190622887,0.00742903636329248,23.4935483294001,0.00535342892552811,30.0536832757062,NaN,NaN
0.00600481554640559,25.8796230924834,NaN,NaN,0.00629733860836793,25.4662231903667,0.00743887077275058,23.4963923102757,0.00536211714709103,30.0203461038442,NaN,NaN
0.00601559395416895,25.8523040264654,NaN,NaN,0.00630739282747428,25.4557576799397,0.00744869311041567,23.4767066301526,0.00537452572426221,30.0349199744309,NaN,NaN
0.0060246487628071,25.8174532766677,NaN,NaN,0.00631047650631717,25.4034301278045,0.00745812720383393,23.4495999374324,0.00538236739179764,30.0799786385386,NaN,NaN
0.00603709482078119,25.8327840412846,NaN,NaN,0.00632107289979567,25.366268696712,0.00746886112381707,23.4426677340482,0.00539269212698845,30.1196445248451,NaN,NaN
0.00604274134451191,25.7931201444559,NaN,NaN,0.00633082110639926,25.338375450701,0.00747846887931716,23.4190715802213,0.00540102295416125,30.1457170456195,NaN,NaN
0.00604515607820052,25.8586769896638,NaN,NaN,0.0063399176065241,25.3251161811345,0.00748929070185715,23.4045850526364,0.00541384596949539,30.0865301950409,NaN,NaN
0.00604818128171148,25.7888863577158,NaN,NaN,0.00635041040384066,25.3161584137351,0.00749908230998204,23.3998302721101,0.005424491176267,30.0507863289535,NaN,NaN
0.00605098525397397,25.852214894113,NaN,NaN,0.00635440163315605,25.3545171701732,0.0075084439694841,23.407917842725,0.0054334543732329,30.0121455161134,NaN,NaN
0.00605472027673445,25.7938332032753,NaN,NaN,0.00635773654749741,25.4001485694503,0.00751952082264384,23.4669304458929,0.00544166314942303,29.9821064067083,NaN,NaN
0.0060556892885481,25.8382656809587,NaN,NaN,0.00636521719678047,25.4487511093995,0.00752691706433773,23.4320916801672,0.00544565253286519,29.8870419848075,NaN,NaN
0.00606500714032445,25.8497637544214,NaN,NaN,0.0063724548220553,25.400325950983,0.00753099323730943,23.4919485901576,0.00545666611117389,29.8124344638221,NaN,NaN
0.00606970438904527,25.8030584017512,NaN,NaN,0.00638370351738212,25.3655148251982,0.00754276176058924,23.529942397167,0.00546036359626496,29.8565571912866,NaN,NaN
0.0060732660732933,25.8866645483249,NaN,NaN,0.00639328909505081,25.3497722141745,0.00754436726098253,23.4813725362766,0.00546588082239383,29.7595317592763,NaN,NaN
0.00607509857447658,25.8081835120156,NaN,NaN,0.00640117418878678,25.3197060443884,0.00754874842736037,23.5282537835222,0.00547500869498025,29.7069410336115,NaN,NaN
0.00607758086929356,25.8749436439811,NaN,NaN,0.00640491273619513,25.3578430739106,0.00755680952899276,23.4975921147075,0.005483663354103,29.6668740316008,NaN,NaN
0.0060791981675027,25.8113477105266,NaN,NaN,0.00641579356385967,25.3331426954875,0.00756575697134723,23.4635532186031,0.0054920506546006,29.643386478698,NaN,NaN
0.00608128352259766,25.853685577928,NaN,NaN,0.00642803633894227,25.3207259882012,0.00756885576597417,23.5034133880622,0.0054942099710409,29.5839767860615,NaN,NaN
0.00608480175376105,25.8077824164297,NaN,NaN,0.00643071177622291,25.2685314722155,0.0075706753260215,23.4535992855387,0.00550201506154218,29.5405225847707,NaN,NaN
0.00609473986490369,25.7811764092311,NaN,NaN,0.00644177535585497,25.2695957614115,0.0075748016695207,23.4971921798969,0.00550603969858493,29.587854237869,NaN,NaN
0.00610071032803102,25.748999630006,NaN,NaN,0.00645173614388612,25.2298179527122,0.00758466963092041,23.4675081295082,0.0055099690649117,29.5113302751856,NaN,NaN
0.00611100615517459,25.7061269684901,NaN,NaN,0.00646280829661056,25.2073791888305,0.00758713554896484,23.5119897678901,0.00551275617002897,29.573726051398,NaN,NaN
0.00612075165909498,25.6574607040666,NaN,NaN,0.00646704541197379,25.2556269657144,0.00758923715966008,23.4671081946976,0.00551707962976629,29.4921212897945,NaN,NaN
0.00612623222716358,25.7072856890716,NaN,NaN,0.0064731719945044,25.2089756226245,0.00759214070818602,23.5234101285935,0.00551982555566558,29.5365114277285,NaN,NaN
0.00612744421909414,25.6328156086214,NaN,NaN,0.006479664588158,25.2531436242572,0.00760208470809069,23.5338528708709,0.00552574487900943,29.4591406652251,NaN,NaN
0.00613193086507416,25.7166000198999,NaN,NaN,0.00648810778093421,25.2237426352185,0.00761157242081938,23.5131451351208,0.0055332146917683,29.4219260415555,NaN,NaN
0.00613438240787052,25.6243926013173,NaN,NaN,0.0064979520249832,25.269728797561,0.00761902870881387,23.5424292506988,0.00554098829713246,29.3748172305152,NaN,NaN
0.00613799625887036,25.7046117184989,NaN,NaN,0.00650733451163536,25.2784648380446,0.00762041560276024,23.5013692768079,0.00554868991039217,29.3371123543182,NaN,NaN
0.00614200848555297,25.62412520426,NaN,NaN,0.00651398686330871,25.3328322778053,0.00762425618504675,23.5431846831189,0.00555773102596393,29.3107278546627,NaN,NaN
0.0061438324545441,25.6675772260667,NaN,NaN,0.00652628452132833,25.3471558365677,0.00763484471573925,23.544695547959,0.00556050454655056,29.2542151087789,NaN,NaN
0.00614922015658046,25.6216740645684,NaN,NaN,0.00653573785523866,25.3664460782446,0.0076455968228939,23.5127007631089,0.0055644587799627,29.3047111190994,NaN,NaN
0.00615596029893755,25.5754589398365,NaN,NaN,0.00654258161127804,25.3359808000101,0.00765610560346392,23.5340306196757,0.00556824815344889,29.2013569726446,NaN,NaN
0.00616046385950571,25.62118383663,NaN,NaN,0.00655111393970773,25.282855030978,0.00766145437733671,23.4988363563406,0.00557171461209234,29.272889273231,NaN,NaN
0.00616416980311938,25.5487192341093,NaN,NaN,0.00656302556950446,25.2757154242883,0.00767220554333998,23.4916375297493,0.0055772579874887,29.1630281386856,NaN,NaN
0.00616586909688639,25.5980985573522,NaN,NaN,0.00657335468385722,25.2438754391756,0.00768039128647192,23.4693744919578,0.00558052138121477,29.2045658982784,NaN,NaN
0.00617087397533243,25.5603955722769,NaN,NaN,0.00658314632051477,25.2237869806017,0.0076919009106559,23.497947612317,0.00558537862179547,29.157145108357,NaN,NaN
0.00618129284442491,25.6102651234581,NaN,NaN,0.00659645013732033,25.1880889471536,0.00770097043389037,23.4640864650173,0.00559483146722795,29.108832950204,NaN,NaN
0.00618353895795165,25.5327645430254,NaN,NaN,0.00660186088266711,25.2229444183216,0.00770535280214871,23.517144483227,0.00560278398392619,29.0817353559631,NaN,NaN
0.00618624226580957,25.6271557042424,NaN,NaN,0.00660495331984122,25.1672909624491,0.00770604389782255,23.4734182772652,0.00561187281603281,29.0701475689523,NaN,NaN
0.00618848160140272,25.5656098148937,NaN,NaN,0.00661662088935188,25.1576680143022,0.0077175997731754,23.4754623885196,0.00561997328812464,29.0086431609715,NaN,NaN
0.0061910640161992,25.6341971600839,NaN,NaN,0.00661887946344929,25.1078681490075,0.00772694335042923,23.4869271864242,0.00562315102448072,29.060832770932,NaN,NaN
0.00619451053320177,25.5920375573874,NaN,NaN,0.00662953041791573,25.0783341238194,0.0077366340960409,23.4527549787162,0.00562923325154978,28.954002288374,NaN,NaN
0.00620221780421089,25.6548312996701,NaN,NaN,0.00663538611832564,25.0434343072682,0.00773963788069855,23.4982142355241,0.00563838951394446,28.9434395748295,NaN,NaN
0.00620583242576306,25.5901212118103,NaN,NaN,0.0066451676780781,25.0585560829276,0.00774928357702184,23.4967478078851,0.00564925320172656,28.8359405660978,NaN,NaN
0.00621003111041022,25.6572378731855,NaN,NaN,0.00665408860144782,25.1150077556971,0.00775907628210393,23.519855152499,0.00565283244466586,28.9026149098219,NaN,NaN
0.00621070499624823,25.5767513589467,NaN,NaN,0.00666368723286945,25.1489763192018,0.00776888717435754,23.5178999156471,0.00565773131204231,28.7965420902608,NaN,NaN
0.00621450802733797,25.6401244615201,NaN,NaN,0.00667438197899198,25.1028127753266,0.00777177765800383,23.5589154523368,0.00565986034567674,28.8598292347048,NaN,NaN
0.00621534146969399,25.5615988590346,NaN,NaN,0.00668377550839647,25.1336771620097,0.0077734927488437,23.5179443528483,0.00566551638338265,28.7792941149792,NaN,NaN
0.00621966464809024,25.6337514983218,NaN,NaN,0.00669296480457389,25.1762930752316,0.00777619660939905,23.5752683423713,0.00567966262926368,28.7803637568572,NaN,NaN
0.00621966824085818,25.5642728296073,NaN,NaN,0.00669804983339154,25.2174012454259,0.00777717142817698,23.5302534575753,0.00568232308033043,28.7111044452614,NaN,NaN
0.0062251276728948,25.6120477705066,NaN,NaN,0.00670002033953042,25.2699061790937,0.00778116252099324,23.5800675600988,0.00568627354616309,28.768909675081,NaN,NaN
0.0062235904395636,25.5609303663914,NaN,NaN,0.00670700839645632,25.305116413327,0.00778254873557008,23.5379855305807,0.00569072504393563,28.6749594634698,NaN,NaN
0.00623446433034062,25.5696207707527,NaN,NaN,0.00671645251337611,25.309683987793,0.00779160268418787,23.5549605414318,0.00569396129055212,28.7407424389623,NaN,NaN
0.00624511641376523,25.5494768591049,NaN,NaN,0.00672557971175104,25.2736311912796,0.00780333086393623,23.5016803372161,0.00569777520464822,28.6608312769988,NaN,NaN
0.00625505080323687,25.5509475429199,NaN,NaN,0.00673333178112025,25.2414364431015,0.00781526181373297,23.5175444180376,0.0057002668465561,28.7153830127731,NaN,NaN
0.00625955331168741,25.5126651975538,NaN,NaN,0.00674058628803489,25.2129223617262,0.00782457095088181,23.5470951568228,0.00570381250598753,28.6593159510051,NaN,NaN
0.00626824661424222,25.4771013889366,NaN,NaN,0.00674784366586467,25.1620582072355,0.00782840040147396,23.5983756869852,0.00571381666691096,28.6324857672338,NaN,NaN
0.00627480930178693,25.4280340289272,NaN,NaN,0.00675513402636565,25.1138547757348,0.00783873473672208,23.5800675600988,0.00572645787918734,28.5833713776723,NaN,NaN
0.00627996513614744,25.4691686095709,NaN,NaN,0.00676365221623598,25.0843207505467,0.00784785082378981,23.5682028273836,0.0057291687559752,28.6231264008019,NaN,NaN
0.0062805535625627,25.3865874850501,NaN,NaN,0.00677150989276775,25.0515051670043,0.00785805910581129,23.5786900068622,0.00573310950665927,28.5505690267492,NaN,NaN
0.00628728009648065,25.4246469995351,NaN,NaN,0.00677596897403685,24.9931909881419,0.0078604065507227,23.5279427231139,0.00573731346224642,28.6013324475391,NaN,NaN
0.00628747745373237,25.356505316107,NaN,NaN,0.00678507194807181,24.9511515649011,0.0078643183120569,23.5676251437682,0.0057400081883714,28.5097889301532,NaN,NaN
0.0062950403732053,25.3841809115346,NaN,NaN,0.0067936941927634,24.9114624469681,0.00787183799336984,23.5350082381016,0.00574508063209629,28.5532876998556,NaN,NaN
0.0063037068585644,25.3454529044064,NaN,NaN,0.00680127815591237,24.8692012968116,0.00788067464339725,23.4871938096313,0.00574610263528612,28.4897777133536,NaN,NaN
0.00630810759792079,25.3065911987495,NaN,NaN,0.00680877476064105,24.8368291671008,0.00789134088610363,23.4658195158634,0.00576036129862011,28.442490628667,NaN,NaN
0.00631133110565718,25.3573966396312,NaN,NaN,0.00682097547277214,24.8059647804178,0.00789818034270799,23.4364909630841,0.00576721890291683,28.3795600315156,NaN,NaN
0.00631350391640013,25.2812330444849,NaN,NaN,0.00682778597271983,24.7749673575852,0.00790759849585716,23.4509330534678,0.00577406274014546,28.3220222121654,NaN,NaN
0.00631776442052027,25.352093264662,NaN,NaN,0.00683854094235447,24.7788254059206,0.00791925533969927,23.4039184946187,0.00577808914908351,28.3848636724936,NaN,NaN
0.00631901324531774,25.2659914122204,NaN,NaN,0.00684115862578294,24.7222406970016,0.00792963305072683,23.4159165389375,0.00578117153310475,28.2873034195444,NaN,NaN
0.00632297491763066,25.3374309926882,NaN,NaN,0.00684813540618909,24.6939039971589,0.00793346323472926,23.3721903329757,0.00578535656917563,28.348718690702,NaN,NaN
0.00632320593050336,25.2528443902379,NaN,NaN,0.00686104590060018,24.6719086871089,0.00794356694367274,23.3564151265566,0.00578743529907526,28.2688075287385,NaN,NaN
0.00632871258194787,25.3009758605468,NaN,NaN,0.00686665849769574,24.6270755047287,0.00795388371918359,23.3466389422969,0.00579852329345065,28.2614091724162,NaN,NaN
0.00632747741816148,25.2504378167224,NaN,NaN,0.00687589226020495,24.5829518484792,0.0079631135259031,23.3092672561039,0.00581029730065539,28.225754443152,NaN,NaN
0.00633782339999218,25.2273525374446,NaN,NaN,0.00688689147536449,24.6094703876121,0.00797302089073563,23.3388624320902,0.00582024005959474,28.2154145716653,NaN,NaN
0.00634403570181433,25.1944181332239,NaN,NaN,0.00689720485916353,24.6352350552312,0.00798489843001578,23.3617475906983,0.00583338258991901,28.1781999479958,NaN,NaN
0.00634788204124621,25.2484769049691,NaN,NaN,0.00689959604749697,24.5907566359163,0.00799354558261555,23.3302860522624,0.00584654363254924,28.1469129230664,NaN,NaN
0.00635037182405743,25.1580075672587,NaN,NaN,0.00690171180261856,24.6366984528756,0.00800448535788308,23.2922922452529,0.00585927781356568,28.110857078098,NaN,NaN
0.00635566565546226,25.2246340006957,NaN,NaN,0.00690532757892852,24.5928852143082,0.00801343415897662,23.2602974604028,0.00586745995165912,28.0843388732077,NaN,NaN
0.00635635579047999,25.146286662915,NaN,NaN,0.00691421933863836,24.5520874617961,0.00802126693419481,23.209416865051,0.00587940060998484,28.0419543137948,NaN,NaN
0.00636250237760287,25.1973595008539,NaN,NaN,0.00692100493069484,24.5204248582161,0.00802721576506604,23.163913171042,0.0058869372624,28.0005948278483,NaN,NaN
0.00636129397052052,25.15364008199,NaN,NaN,0.00693208215057389,24.5233959988881,0.00803808493678485,23.0939690163837,0.00588844229600465,28.0507788592877,NaN,NaN
0.00637530235357577,25.130733067417,NaN,NaN,0.00693559884216,24.472664880547,0.00805064338119587,23.0577971346226,0.00589330965806027,27.9710905393822,NaN,NaN
0.00637609299528221,25.1784188759638,NaN,NaN,0.00694678540890681,24.4675208160998,0.00806133141671527,23.0298905722812,0.00589604220391807,28.0343331154146,NaN,NaN
0.00637717780807086,25.1135750895754,NaN,NaN,0.00695757632030945,24.4293837865776,0.00807216024279716,22.9822538926155,0.0059002242657624,27.9538871325122,NaN,NaN
0.0063822379858624,25.1783743097876,NaN,NaN,0.00696777980152421,24.4027322112952,0.00808315609307138,22.9805652789706,0.0059024961839611,28.0139207829108,NaN,NaN
0.00638092469293165,25.1256079571526,NaN,NaN,0.00697791253253799,24.4080093118919,0.00809548756875453,22.9830093250356,0.00590565658839078,27.9244719808692,NaN,NaN
0.00638827509482327,25.1535063834613,NaN,NaN,0.00698645028972443,24.3558591412894,0.00810540867888898,22.9721222107463,0.0059092302918553,27.9829457368625,NaN,NaN
0.0063956868769067,25.1133076925181,NaN,NaN,0.00699356579667457,24.3284980398764,0.0081081913505209,22.9208416805838,0.00591177687916525,27.9040596483654,NaN,NaN
0.00640214634355708,25.1513672070031,NaN,NaN,0.00699998278898895,24.2910261911017,0.00811823778152444,22.9193752529449,0.0059166404947091,27.9476921233025,NaN,NaN
0.00640125399324818,25.0994476117162,NaN,NaN,0.00701051171331235,24.2602504951849,0.00812361644870934,22.8723606940958,0.00591807836218201,27.8984440285063,NaN,NaN
0.0064079168771035,25.1459746996815,NaN,NaN,0.00702032921483281,24.2333771929867,0.00813256713105291,22.8475647358369,0.00593068823237528,27.9275026328566,NaN,NaN
0.00641682098763331,25.1150903395666,NaN,NaN,0.00702582703630387,24.1956836172962,0.0081380004106349,22.7997058701654,0.0059341540187681,27.9679707505715,NaN,NaN
0.00642011022590841,25.1793101994881,NaN,NaN,0.00703558806289297,24.1760829579371,0.0081482677479758,22.7679777085224,0.00593616114358987,27.9109231837488,NaN,NaN
0.00642111715151939,25.0976203984915,NaN,NaN,0.00704610307354889,24.1455289889362,0.00815953033711584,22.7394490253644,0.00593798618101385,27.9923942401175,NaN,NaN
0.00642700449350619,25.1680349569064,NaN,NaN,0.00705696159081688,24.0999419350422,0.0081678534739626,22.6923455921129,0.00594098913957424,27.9147114987331,NaN,NaN
0.00642572723913087,25.1024335455224,NaN,NaN,0.0070672266626462,24.1126690600106,0.00817850273243071,22.6454199076662,0.00594224145747761,27.9988566597967,NaN,NaN
0.00643339339533756,25.140403927655,NaN,NaN,0.00707441004888218,24.0757293558339,0.00819061931328447,22.5954280563379,0.00594705434189262,27.9459093868393,NaN,NaN
0.0064461880610165,25.0994476117162,NaN,NaN,0.00707840414023717,24.026949434352,0.00820227228970323,22.5557011984824,0.00595622771154084,27.9692632345074,NaN,NaN
0.00644752352625741,25.1408495894171,NaN,NaN,0.00708933884533841,24.0151979078132,0.00820846909571704,22.5992940928406,0.00596004844817784,27.9037476694843,NaN,NaN
0.00645012340798682,25.1871984126776,NaN,NaN,0.00709952448794166,23.9760852798614,0.00821195127618629,22.5475247534652,0.00597265774792306,27.8975972286862,NaN,NaN
0.00645997050744605,25.1987856184927,NaN,NaN,0.0071094850510809,23.9596774880902,0.00821737316123933,22.5917397686399,0.005982770843944,27.8473240604237,NaN,NaN
0.00645841789557771,25.2404995594271,NaN,NaN,0.00712095194183087,23.9341345473869,0.00822042993987863,22.5465471350392,0.00598856577484582,27.8091735001109,NaN,NaN
0.00646835723239328,25.2382266844403,NaN,NaN,0.00712989744226717,23.9073499359551,0.00822517160022308,22.5940505031013,0.00599002683931138,27.8672907088117,NaN,NaN
0.00647797054933615,25.2065846993298,NaN,NaN,0.00713890220036834,23.8732483363009,0.00823107966786969,22.5440142145719,0.00599462505066281,27.8187111401891,NaN,NaN
0.00648887553132468,25.2061836037439,NaN,NaN,0.00714982673150732,23.854224166923,0.00824331435620407,22.5799639103271,0.00600537927415078,27.7854185367386,NaN,NaN
0.00649875689132163,25.164781626043,NaN,NaN,0.00715306223030022,23.8090362214775,0.0082428543584633,22.5519684735833,0.00600717105454234,27.8477251761279,NaN,NaN
0.00650090730362717,25.2120217728277,NaN,NaN,0.00716403580548873,23.8189695873065,NaN,NaN,0.00601057334058032,27.785596810385,NaN,NaN
0.00650425724084622,25.150921545241,NaN,NaN,0.00717226764722959,23.7918745581925,NaN,NaN,0.00602035588391299,27.7829227056902,NaN,NaN
0.00650862837247017,25.2282884271451,NaN,NaN,0.00718191964890001,23.7995019640969,NaN,NaN,0.00603070890622548,27.7227107816452,NaN,NaN
0.00651778905066295,25.2414354491276,NaN,NaN,0.00719363790298315,23.8060650808054,NaN,NaN,0.00603727632263127,27.7585437845557,NaN,NaN
0.00652295551353112,25.2799406253748,NaN,NaN,0.00720399731433081,23.8194130411382,NaN,NaN,0.00604003353020129,27.6649946886487,NaN,NaN
0.00652485118084363,25.2222274271802,NaN,NaN,0.00721534140320486,23.8202556034183,NaN,NaN,0.00604682313464591,27.7118806576312,NaN,NaN
0.00652574805505474,25.2959844488111,NaN,NaN,0.00722649357164942,23.8018522694047,NaN,NaN,0.00605111659591739,27.6245265709338,NaN,NaN
0.00652947226783254,25.251195441718,NaN,NaN,0.00723709220102043,23.7689036497128,NaN,NaN,0.00606111094077365,27.6175293303157,NaN,NaN
0.006534500249723,25.293444176767,NaN,NaN,0.00724828287795013,23.7966195141912,NaN,NaN,0.00606839292217079,27.5728717819122,NaN,NaN
0.00653575390088106,25.2109076184224,NaN,NaN,0.00725437593096857,23.7515646048952,NaN,NaN,0.00607769585689294,27.521707245418,NaN,NaN
0.00653859501638855,25.2930430811811,NaN,NaN,0.00726493222396759,23.7022968841985,NaN,NaN,0.00608330721284169,27.4781193388925,NaN,NaN
0.00654151118101866,25.2191523610216,NaN,NaN,0.0072750877636903,23.702962064946,NaN,NaN,0.00609172789235799,27.4396122312871,NaN,NaN
0.00654394808701743,25.2733448312954,NaN,NaN,0.00728125221080788,23.6642042000594,NaN,NaN,0.0060999847922933,27.4077903854188,NaN,NaN
0.00655365957236679,25.2630500445904,NaN,NaN,0.00728457132831587,23.616621603923,NaN,NaN,0.00610956109376087,27.3876008949729,NaN,NaN
0.00656463449841815,25.2674620960354,NaN,NaN,0.00729383752665529,23.5794158274473,NaN,NaN,0.00611482937176793,27.3172273730876,NaN,NaN
0.00656860441630429,25.3326624118336,NaN,NaN,0.00730518987554818,23.6024310813101,NaN,NaN,0.00612695820811455,27.3558236175162,NaN,NaN
0.00657196235712985,25.2799406253748,NaN,NaN,0.00730453491880107,23.534272227385,NaN,NaN,0.0061252647525164,27.2930267255995,NaN,NaN
0.0065760501723065,25.3551683308206,NaN,NaN,0.00731750786374126,23.5017227161416,NaN,NaN,0.00613196144877209,27.2367368217736,NaN,NaN
0.00657845077402398,25.2906810738418,NaN,NaN,0.0073237658301157,23.4699714217952,NaN,NaN,0.00613943942857312,27.2760461607875,NaN,NaN
0.00657849513448374,25.3653739851732,NaN,NaN,0.00733459542636677,23.4333421353006,NaN,NaN,0.00613680025866572,27.2092826802402,NaN,NaN
0.00658336281019694,25.3033824340623,NaN,NaN,0.00734438031569371,23.444162408793,NaN,NaN,0.00615099629838464,27.2282242551618,NaN,NaN
0.00658543271834338,25.3934952423629,NaN,NaN,0.00735400297734095,23.3991518448801,NaN,NaN,0.00615408697143434,27.1730039932138,NaN,NaN
0.00658917793825009,25.3093543016747,NaN,NaN,0.00736165751432761,23.3695734743088,NaN,NaN,0.00616614693118906,27.15259166071,NaN,NaN
0.00659539770717341,25.366399007226,NaN,NaN,0.00737408701485038,23.4168456527631,NaN,NaN,0.00616628077373937,27.1960904304124,NaN,NaN
0.00659910309844229,25.2781134121501,NaN,NaN,0.00737161698378489,23.3616799961054,NaN,NaN,0.00616720624421481,27.1185413942627,NaN,NaN
0.00659967132787956,25.3335091691816,NaN,NaN,0.0073829685124163,23.391080985144,NaN,NaN,0.00617857552752119,27.1409593052876,NaN,NaN
0.00660662031871891,25.2627826475331,NaN,NaN,0.00738840844332495,23.3500615057161,NaN,NaN,0.00618884356471433,27.1224634144817,NaN,NaN
0.00660918379894285,25.343893088239,NaN,NaN,0.00739921956594187,23.3275340510681,NaN,NaN,0.00620158355024587,27.1422517892234,NaN,NaN
0.00661464413043486,25.2881408017978,NaN,NaN,0.0074098295114857,23.3145851991838,NaN,NaN,0.00621188655493159,27.1024967660938,NaN,NaN
0.00661990802788971,25.3431354632434,NaN,NaN,0.0074216387269841,23.3048292148874,NaN,NaN,0.0062143519659531,27.143989957275,NaN,NaN
0.00662420674826555,25.2696012724936,NaN,NaN,0.0074320538811833,23.2949845398247,NaN,NaN,0.00622542688569475,27.1430094522203,NaN,NaN
0.00663311966463307,25.297009470864,NaN,NaN,0.00744184109458441,23.2877118969856,NaN,NaN,0.0062284986804796,27.1844135065784,NaN,NaN
0.0066394394167131,25.2657685813393,NaN,NaN,0.00745261522140443,23.2721466674946,NaN,NaN,0.0062401889856311,27.1966698197629,NaN,NaN
0.00664927862562944,25.2129576625281,NaN,NaN,0.00746119367443992,23.2490870682486,NaN,NaN,0.00625379481154929,27.1709092778695,NaN,NaN
0.00666124082473887,25.2407669564844,NaN,NaN,0.00747267603119864,23.2328566580101,NaN,NaN,0.00626491213213989,27.1381960637696,NaN,NaN
0.00666392651300163,25.1698621701311,NaN,NaN,0.00748241762718188,23.2348078548693,NaN,NaN,0.00627583404584235,27.1727365827443,NaN,NaN
0.00666655657064772,25.2132250595854,NaN,NaN,0.00749215383406142,23.1922362870306,NaN,NaN,0.0062802827747615,27.2207367620163,NaN,NaN
0.00667409608421785,25.1792210671356,NaN,NaN,0.00749882867249462,23.2228789467979,NaN,NaN,0.00628368874764409,27.2714556143947,NaN,NaN
0.00668192936126791,25.1556901260957,NaN,NaN,0.00750738472695192,23.2012383998132,NaN,NaN,0.00629242028716318,27.3151326577434,NaN,NaN
0.00669186093644365,25.1304211041835,NaN,NaN,0.00751170532431998,23.2481558152021,NaN,NaN,0.00630307471937019,27.2543859127594,NaN,NaN
0.00670295754194821,25.1131294278133,NaN,NaN,0.00752073942244433,23.2666921853652,NaN,NaN,0.00630999519213856,27.2029093973842,NaN,NaN
0.00671237605812912,25.0935648764562,NaN,NaN,0.00753120918616005,23.2857163547432,NaN,NaN,0.00631221662406501,27.2440460412728,NaN,NaN
0.00672150802012513,25.0707024280594,NaN,NaN,0.00754055540909514,23.3173346129401,NaN,NaN,0.00631637996999823,27.1659621841841,NaN,NaN
0.00673080368375188,24.9961432152568,NaN,NaN,0.00755143861823796,23.3605713615263,NaN,NaN,0.00631952848194169,27.2393217896453,NaN,NaN
0.00673379262258015,25.0512270090548,NaN,NaN,0.00756148522122365,23.3661588798051,NaN,NaN,0.0063216818718806,27.1582518489807,NaN,NaN
0.00673927421108749,24.9902159138206,NaN,NaN,0.00756215439583625,23.3236316573495,NaN,NaN,0.0063255827272968,27.2199345306079,NaN,NaN
0.00674703363300898,24.9522009655117,NaN,NaN,0.00757156945502888,23.3382212884109,NaN,NaN,0.0063269241638579,27.1525025238869,NaN,NaN
0.00675075444241358,25.0146381783847,NaN,NaN,0.00757536848161875,23.2946741221426,NaN,NaN,0.00633258378660584,27.1889594845595,NaN,NaN
0.00675371006481176,24.9181078407095,NaN,NaN,0.00758368312181323,23.2715701775134,NaN,NaN,0.00634345700611508,27.1900736948491,NaN,NaN
0.00675651330325444,24.9765786638997,NaN,NaN,0.00759329935807895,23.2765812058111,NaN,NaN,0.00634884234589437,27.2328593699661,NaN,NaN
0.00676175610932954,24.9284471935907,NaN,NaN,0.00760311011226881,23.2806166356791,NaN,NaN,0.00636130776323323,27.241371936578,NaN,NaN
0.00677260740435469,24.9740829580318,NaN,NaN,0.0076110713056564,23.3066917209804,NaN,NaN,0.00636845665594956,27.2101740484718,NaN,NaN
0.00677347175644719,24.8974291349472,NaN,NaN,0.00761999198638315,23.2569362010689,NaN,NaN,0.00637375882287224,27.2501073452477,NaN,NaN
0.00677725426434142,24.9709187595208,NaN,NaN,0.00762494516382211,23.2003071467667,NaN,NaN,0.00637635709790169,27.1704190253421,NaN,NaN
0.00677952505409612,24.8783548115284,NaN,NaN,0.00762856673049096,23.1330352005049,NaN,NaN,0.00638026943947778,27.231923433323,NaN,NaN
0.0067836715114998,24.9525129287452,NaN,NaN,0.00763218360048288,23.0807076483697,NaN,NaN,0.00638506265050702,27.1326695807336,NaN,NaN
0.00678665523725829,24.8798254953434,NaN,NaN,0.007635974689003,23.034100650663,NaN,NaN,0.00638687076409891,27.201973460741,NaN,NaN
0.00679670800795384,24.8620881572111,NaN,NaN,0.00763899354471405,22.9891787775165,NaN,NaN,0.00639354697254819,27.1325358754989,NaN,NaN
0.00680377062206791,24.8136447236686,NaN,NaN,0.00764501191371192,22.8985811597096,NaN,NaN,0.00640276765152094,27.1872658849195,NaN,NaN
0.00681208048819594,24.7741145253686,NaN,NaN,0.00764795672930056,22.8463422983409,NaN,NaN,0.00640715715667762,27.1046360498496,NaN,NaN
0.0068192236748805,24.7278548344605,NaN,NaN,0.00765127502654708,22.8051454373802,NaN,NaN,0.00641511617032531,27.1344077487853,NaN,NaN
0.00682591892027249,24.6885474670416,NaN,NaN,0.00765627678937625,22.7594253473368,NaN,NaN,0.00642306155907491,27.1053491444349,NaN,NaN
0.00683279320909982,24.6544989084156,NaN,NaN,0.00765987271607407,22.6755682277711,NaN,NaN,0.00642591986205972,27.1614607746145,NaN,NaN
0.00683853986864949,24.714083886011,NaN,NaN,0.00766132206156549,22.6344157121936,NaN,NaN,0.00643147134306309,27.0721902462192,NaN,NaN
0.00683944252124852,24.6355137173493,NaN,NaN,0.00766534398025544,22.5851923368801,NaN,NaN,0.00643104631477976,27.1388645899433,NaN,NaN
0.00684311684506506,24.7024521140197,NaN,NaN,0.00766569573801079,22.5275433387651,NaN,NaN,0.00643901200791433,27.1012042821579,NaN,NaN
0.00684497231286997,24.613809989534,NaN,NaN,0.0076710735314639,22.4514023158702,NaN,NaN,0.00643816930308518,27.1981851457567,NaN,NaN
0.00684792350353649,24.6866311214644,NaN,NaN,0.00767440460016733,22.3972566030253,NaN,NaN,0.00644181000855972,27.1582518489807,NaN,NaN
0.00685052880070379,24.6025793131286,NaN,NaN,0.00768005779605475,22.3390311149292,NaN,NaN,0.00645380213081606,27.1533938921185,NaN,NaN
0.00685247708196898,24.6620305921954,NaN,NaN,0.00768321213691698,22.2770806146472,NaN,NaN,0.00646072011907107,27.1154216054521,NaN,NaN
0.0068577469472065,24.6024456146,NaN,NaN,0.00768715851167183,22.2322474322671,NaN,NaN,0.00646351555358423,27.1600791538555,NaN,NaN
0.00686987744026026,24.6454519746446,NaN,NaN,0.00769070024785939,22.1811172054774,NaN,NaN,0.00646957566400559,27.1064187863128,NaN,NaN
0.00687219874765213,24.550748850194,NaN,NaN,0.00769466692201018,22.1295878702393,NaN,NaN,0.00648208334002339,27.1474217249667,NaN,NaN
0.0068764069640371,24.632304952662,NaN,NaN,0.00769785748693642,22.0883023185123,NaN,NaN,0.00648450417020633,27.0756665823224,NaN,NaN
0.0068799088171177,24.5428606370045,NaN,NaN,0.00769975790867448,22.0378372724702,NaN,NaN,0.00648791835049852,27.1428311785739,NaN,NaN
0.00688225446154664,24.6011531954898,NaN,NaN,0.007701389772366,21.9810308366353,NaN,NaN,0.00649282414221845,27.0470090936763,NaN,NaN
0.00688692519553012,24.5330115120617,NaN,NaN,0.00770484747970774,21.9354881281245,NaN,NaN,0.00649411924799738,27.112881205992,NaN,NaN
0.00689427167843628,24.5025282475327,NaN,NaN,0.00770949930166781,21.89003411038,NaN,NaN,0.00649908542367559,27.0420174315793,NaN,NaN
0.00690115947847856,24.5376463943877,NaN,NaN,0.00771309418321226,21.8359327429183,NaN,NaN,0.00650774702732554,26.982162054827,NaN,NaN
0.00690314273826185,24.4515445419461,NaN,NaN,0.00771560219782389,21.7683503789743,NaN,NaN,0.00651138480070896,27.032390654678,NaN,NaN
0.00690792112773739,24.520265585665,NaN,NaN,0.00771818397913742,21.7102135816445,NaN,NaN,0.00651578907077583,26.9329585284423,NaN,NaN
0.00690966493176031,24.4385312184922,NaN,NaN,0.00772236022709037,21.6702140460294,NaN,NaN,0.00651837209294991,27.0068083864309,NaN,NaN
0.00691371395457731,24.4961998505106,NaN,NaN,0.00772330169945471,21.6265338436115,NaN,NaN,0.00652320768464438,26.9058609342015,NaN,NaN
0.00691697983952157,24.4463748655056,NaN,NaN,0.00772768040340155,21.5886185410051,NaN,NaN,0.00652513017100597,26.9640672797254,NaN,NaN
0.00692588713521703,24.4690144830212,NaN,NaN,0.00772750608781616,21.5404151095044,NaN,NaN,0.00653093442914577,26.8967689782391,NaN,NaN
0.00693431318902926,24.4444139537522,NaN,NaN,0.00773211475314276,21.4850277259309,NaN,NaN,0.00654477977414519,26.8776491296712,NaN,NaN
0.00694427933512081,24.3965944466768,NaN,NaN,0.0077352471540861,21.4425448488585,NaN,NaN,0.00655303826255435,26.8395877061816,NaN,NaN
0.00695142404993667,24.3563957557335,NaN,NaN,0.00773788491201862,21.4026340040097,NaN,NaN,0.00656117653331128,26.8168578162757,NaN,NaN
0.00696040231805343,24.3217232706406,NaN,NaN,0.00774079368878207,21.3499073434261,NaN,NaN,0.00657331176392077,26.770417531409,NaN,NaN
0.00696918432568832,24.3381236234866,NaN,NaN,0.00774327629719011,21.3071583940547,NaN,NaN,0.00657967356946066,26.7338268655016,NaN,NaN
0.00697037084707943,24.2775136238383,NaN,NaN,0.00774732494953304,21.2660058784772,NaN,NaN,0.00659121854590196,26.7027626826301,NaN,NaN
0.00697581934815002,24.346190101381,NaN,NaN,0.00775013286433946,21.2201970976674,NaN,NaN,0.00659790839943304,26.6621162912689,NaN,NaN
0.00697965668442972,24.2554979327896,NaN,NaN,0.0077520748903697,21.1701311600737,NaN,NaN,0.00660499075790082,26.6226286786087,NaN,NaN
0.00698445847188834,24.3371877337862,NaN,NaN,0.00775793528745654,21.1202869493959,NaN,NaN,0.00661692942054235,26.603063145925,NaN,NaN
0.00698978624553308,24.2716754547545,NaN,NaN,0.00775988383592548,21.0626822966641,NaN,NaN,0.00662283100563346,26.5466841052759,NaN,NaN
0.00699310999423232,24.3169992559621,NaN,NaN,0.00776372182078428,21.0185142950314,NaN,NaN,0.00662593457077946,26.6093472919578,NaN,NaN
0.00700232900427404,24.2986379913628,NaN,NaN,0.0077667334219768,20.9652111444666,NaN,NaN,0.00662788210587987,26.5242216258394,NaN,NaN
0.00700691246408455,24.3380344911342,NaN,NaN,0.00777006143452625,20.9132383553968,NaN,NaN,0.00663366954287415,26.5866619704634,NaN,NaN
0.00700909975390924,24.2725667782788,NaN,NaN,0.00777370905129685,20.8593587148509,NaN,NaN,0.0066342097179804,26.5358094128503,NaN,NaN
0.00700933299200052,24.3486858072489,NaN,NaN,0.00777788985921649,20.805479074305,NaN,NaN,0.00664660684935913,26.4904833382732,NaN,NaN
0.00701602011280265,24.3083088516008,NaN,NaN,0.00778048391367455,20.759892020411,NaN,NaN,0.00664855984319946,26.533714697506,NaN,NaN
0.00702011500837126,24.3493097337158,NaN,NaN,0.00778032935064412,20.7092495928362,NaN,NaN,0.00665248990196058,26.458215808289,NaN,NaN
0.00703024310183501,24.3557718292666,NaN,NaN,0.00778441125907874,20.6686292218568,NaN,NaN,0.00665566951201455,26.5217703632025,NaN,NaN
0.00703943291174656,24.330636505883,NaN,NaN,0.00779015884301309,20.6322660076612,NaN,NaN,0.00665654357999451,26.4626280810355,NaN,NaN
0.0070499281319657,24.3425802411078,NaN,NaN,0.00778917584566269,20.5884527690938,NaN,NaN,0.00666901891520312,26.4471628422171,NaN,NaN
0.00705894532134517,24.3668688071433,NaN,NaN,0.00779203717924649,20.53754426922,NaN,NaN,0.00668114817894379,26.4391405281326,NaN,NaN
0.00707001982295096,24.4059979098575,NaN,NaN,0.00779477315311279,20.4896956007846,NaN,NaN,0.00669160317164287,26.4053131037432,NaN,NaN
0.00707082675848936,24.3547468072137,NaN,NaN,0.00779706179043766,20.4436650930589,NaN,NaN,0.00670119134629693,26.3984049999483,NaN,NaN
0.00707477285495069,24.4325593508798,NaN,NaN,0.00779963080029428,20.3984771476134,NaN,NaN,0.00670868453858591,26.3442543798782,NaN,NaN
0.00707656638229929,24.3474825204911,NaN,NaN,0.00780379286115927,20.360827917306,NaN,NaN,0.00671382520683579,26.3856584342363,NaN,NaN
0.00708000033506062,24.4248939685714,NaN,NaN,0.00780695336285805,20.31577300801,NaN,NaN,0.00671662231055768,26.303919967398,NaN,NaN
0.00708333310780511,24.3677601306676,NaN,NaN,0.00780805053158785,20.2706737533309,NaN,NaN,0.00672176513772947,26.3742934892833,NaN,NaN
0.00709324415978534,24.3526076307555,NaN,NaN,0.00781042985690749,20.2104527229923,NaN,NaN,0.00672380107975354,26.3126553760678,NaN,NaN
0.00710387601455309,24.2755972782612,NaN,NaN,0.00781573927276238,20.1693888981812,NaN,NaN,0.00673558437382884,26.3079311244403,NaN,NaN
0.00710692457139489,24.3198514912397,NaN,NaN,0.00781974604739264,20.1299658525472,NaN,NaN,0.00673704148729347,26.3516081677889,NaN,NaN
0.00710860020145298,24.2247472712033,NaN,NaN,0.00782275641819295,20.0862413047462,NaN,NaN,0.00674180447606799,26.2849338240648,NaN,NaN
0.00711416934569858,24.2851344399705,NaN,NaN,0.00782112892035374,20.0442018815054,NaN,NaN,0.00674494596186539,26.3521875571395,NaN,NaN
0.00711471232280395,24.1936400802073,NaN,NaN,0.00782626261386772,20.0091246834216,NaN,NaN,0.00674809834230692,26.2680423960759,NaN,NaN
0.00712099091542932,24.2386519181814,NaN,NaN,0.0078297045817802,19.956398022838,NaN,NaN,0.00675117447511931,26.3373462760833,NaN,NaN
0.00712114594012541,24.1700645729912,NaN,NaN,0.00783113513168839,19.9102344789629,NaN,NaN,0.00675113708366452,26.2819923089005,NaN,NaN
0.00712799714926747,24.20219678604,NaN,NaN,0.00783382338895454,19.8663325496292,NaN,NaN,0.00676049245997566,26.2869839709975,NaN,NaN
0.00713452892707569,24.1512576466297,NaN,NaN,0.00783935765938151,19.8259339055656,NaN,NaN,0.00676791103347679,26.3199645955669,NaN,NaN
0.00713849662766296,24.1044631616071,NaN,NaN,0.00783826441559576,19.88371593983,NaN,NaN,0.00676938574214014,26.2608223133999,NaN,NaN
0.007142802762568,24.1732733376784,NaN,NaN,0.00783806696935235,19.8210115680342,NaN,NaN,0.00677314104505727,26.31751333293,NaN,NaN
0.00714335221514859,24.0840964190782,NaN,NaN,0.0078402227190207,19.7717881927207,NaN,NaN,0.00677337486142599,26.2641649442684,NaN,NaN
0.0071489472008034,24.157407778947,NaN,NaN,0.00784347185806058,19.7285070987513,NaN,NaN,0.00678296580581745,26.2613571343388,NaN,NaN
0.00714714302118798,24.098981521933,NaN,NaN,0.00784434952166892,19.770812594291,NaN,NaN,0.00679347374911843,26.2629615971557,NaN,NaN
0.00715331178062102,24.1386899849379,NaN,NaN,0.00784492449347342,19.7266002472752,NaN,NaN,0.006805088436756,26.2277079835957,NaN,NaN
0.00716468852532694,24.1187243379949,NaN,NaN,0.00784657793548167,19.6747604943549,NaN,NaN,0.0068164736662361,26.2436634749415,NaN,NaN
0.00716685207005794,24.1596360877576,NaN,NaN,0.00784818284062831,19.6332532157121,NaN,NaN,0.00681908866149248,26.1844320559513,NaN,NaN
0.0071748002486276,24.1303561099863,NaN,NaN,0.0078494435644872,19.6768890727468,NaN,NaN,0.00682193309560662,26.250081326209,NaN,NaN
0.0071831237390342,24.1039729336688,NaN,NaN,0.00784934173668292,19.6264683720878,NaN,NaN,0.00682650163408368,26.1532787362566,NaN,NaN
0.00719035538091243,24.0755842794217,NaN,NaN,0.00785074404912543,19.5839411496322,NaN,NaN,0.00682861956858482,26.2302038146442,NaN,NaN
0.00719810894019516,24.0474184560557,NaN,NaN,0.00785227150526907,19.626512717471,NaN,NaN,0.00683403054773471,26.1348274138624,NaN,NaN
0.00721142057593467,24.0104285297998,NaN,NaN,0.00785078843615109,19.5842959126976,NaN,NaN,0.00683568400537842,26.1899585389872,NaN,NaN
0.00721909124020413,23.9728146770769,NaN,NaN,0.00785600670535187,19.5393740395511,NaN,NaN,0.00684161679038262,26.1196295855135,NaN,NaN
0.00723147047086965,23.9917998681432,NaN,NaN,0.0078560010428277,19.496979853245,NaN,NaN,0.00684977298281373,26.0976573586044,NaN,NaN
0.00724304000427284,23.982931199077,NaN,NaN,0.00785913344377105,19.4544969761726,NaN,NaN,0.00685517931941234,26.1328664037529,NaN,NaN
0.00725096625249905,23.9503978904422,NaN,NaN,0.00786051368845996,19.4972902709271,NaN,NaN,0.00685724536170483,26.0728327533542,NaN,NaN
0.00726035000836941,23.9156362729969,NaN,NaN,0.00786130151511252,19.439064782831,NaN,NaN,0.00686178300656054,26.1235961741442,NaN,NaN
0.0072695216780199,23.9042273318866,NaN,NaN,0.00786502554460828,19.3956506527122,NaN,NaN,0.00686432077564541,26.0531335154357,NaN,NaN
0.00728279129950159,23.945941272821,NaN,NaN,0.00786711368841129,19.3538773017704,NaN,NaN,0.00686794032194691,26.1150390391207,NaN,NaN
0.00728218880160687,23.8948238687059,NaN,NaN,0.00786695754226203,19.402036387888,NaN,NaN,0.00687270925740654,26.0399858340195,NaN,NaN
0.0072859750995835,23.9852932064162,NaN,NaN,0.00786571141562185,19.3528573579576,NaN,NaN,0.00687442578712705,26.0982813163665,NaN,NaN
0.00728803984723211,23.895269530468,NaN,NaN,0.00786938074741943,19.3028801111302,NaN,NaN,0.00687971496015085,26.0244760267896,NaN,NaN
0.00729081810698846,23.9870758534647,NaN,NaN,0.00787130525678723,19.2594659810114,NaN,NaN,0.00688037270604223,26.066058354794,NaN,NaN
0.00729440731849285,23.9325714199574,NaN,NaN,0.00787457685180944,19.3007958781215,NaN,NaN,0.0068864693522463,26.0149383867114,NaN,NaN
0.00729794767731416,23.9763799711738,NaN,NaN,0.00787249129662555,19.2575591295353,NaN,NaN,0.00689811462898147,25.9906040339886,NaN,NaN
0.00730928887531776,23.9887248019845,NaN,NaN,0.00787400762183522,19.3003080789067,NaN,NaN,0.00690615404574838,26.0191278173999,NaN,NaN
0.00731834253461411,24.0233081547251,NaN,NaN,0.00787229841922435,19.2457632576133,NaN,NaN,0.00691627317007329,25.9863700348884,NaN,NaN
0.00732714317436317,24.0454575443024,NaN,NaN,0.00787346731287792,19.2908625122924,NaN,NaN,0.00691789414473779,26.0492560636282,NaN,NaN
0.00733562035072931,23.9821735740814,NaN,NaN,0.00787224344810568,19.2413287192967,NaN,NaN,0.0069201559607613,25.9654674498573,NaN,NaN
0.00733873983534017,24.0701917721001,NaN,NaN,0.00787362939497184,19.282969034089,NaN,NaN,0.00692415701466879,26.03802482391,NaN,NaN
0.00734249049444392,24.0017826916147,NaN,NaN,0.00787172193473162,19.2368941809802,NaN,NaN,0.00692430914485217,25.979729341563,NaN,NaN
0.00735247680078095,23.9657732212354,NaN,NaN,0.00787738339063788,19.2008413844668,NaN,NaN,0.00693608125817532,25.9627487767509,NaN,NaN
0.00735979664796641,23.9211624788472,NaN,NaN,0.00787884561351894,19.254011498882,NaN,NaN,0.00694723529797007,25.9543253469622,NaN,NaN
0.00736718240716561,23.8790028761506,NaN,NaN,0.00787818719048712,19.1912184363199,NaN,NaN,0.00695343533979685,25.8715618066576,NaN,NaN
0.00737794358996274,23.8593046262649,NaN,NaN,0.00788297855925265,19.1403542818292,NaN,NaN,0.00695813002331152,25.9271386158982,NaN,NaN
0.00738767969104839,23.8376008984497,NaN,NaN,0.00788368751239564,19.0908204888335,NaN,NaN,0.00695829840507637,25.8499461270411,NaN,NaN
0.00739826592295094,23.8113514206608,NaN,NaN,0.00788533735140893,19.0454108164722,NaN,NaN,0.00696703375254237,25.8262357320804,NaN,NaN
0.00740536141421395,23.8426814425378,NaN,NaN,0.00788905636227869,18.9978282203358,NaN,NaN,0.00696990093430342,25.783806604256,NaN,NaN
0.00741126791690055,23.7885335384402,NaN,NaN,0.00788980351083326,19.0400893704924,NaN,NaN,0.00697913817026537,25.8072050203356,NaN,NaN
0.00741380665248514,23.8396509425554,NaN,NaN,0.00788797314686942,18.9991585818307,NaN,NaN,0.00697973559274963,25.7337117096397,NaN,NaN
0.00741879485039001,23.7766789355679,NaN,NaN,0.00788998607756195,19.0456768887712,NaN,NaN,0.00698758172029888,25.7724862277146,NaN,NaN
0.00742232531452347,23.8279746043879,NaN,NaN,0.00788910686161232,18.9938371358509,NaN,NaN,0.00698957648310496,25.6928424762206,NaN,NaN
0.00742631542938759,23.7551980386337,NaN,NaN,0.00789132634073056,18.9457223951165,NaN,NaN,0.00699596486619038,25.7428482340137,NaN,NaN
0.00743067739222377,23.7961989207487,NaN,NaN,0.0078961031122774,18.9004014135215,NaN,NaN,0.00699930021076949,25.6890095928247,NaN,NaN
0.00743283224418068,23.7227984285276,NaN,NaN,0.00789707762471706,18.9454119774343,NaN,NaN,0.00700455979342177,25.7389262137946,NaN,NaN
0.00743880235227768,23.7612590385985,NaN,NaN,0.00789515442504759,18.8921531722528,NaN,NaN,0.00700768244043777,25.6966753596165,NaN,NaN
0.00744111145045864,23.7154895756288,NaN,NaN,0.00789507496504398,18.9486491904054,NaN,NaN,0.0070172607174058,25.6837059518466,NaN,NaN
0.00745212131829558,23.7241354138139,NaN,NaN,0.00789314788895906,18.9039490441747,NaN,NaN,0.0070266141384002,25.6514384218625,NaN,NaN
0.00745642677987249,23.7844334502287,NaN,NaN,0.00789542517933359,18.9462545397145,NaN,NaN,0.00703792928984114,25.6280845741944,NaN,NaN
0.00745950380302465,23.8306040087844,NaN,NaN,0.00789509110572844,18.8878516700857,NaN,NaN,0.0070483724909726,25.6068700102822,NaN,NaN
0.00746004867913108,23.7719549208894,NaN,NaN,0.00789651281799929,18.9321083624847,NaN,NaN,0.00705890855904154,25.60285885324,NaN,NaN
0.00746108067559894,23.8481185160357,NaN,NaN,0.00789505561374423,18.883106714087,NaN,NaN,0.00706401462575774,25.5629701248756,NaN,NaN
0.00746288367419367,23.7811355531891,NaN,NaN,0.00789686914459686,18.9253678642436,NaN,NaN,0.00707333764107598,25.5415327189055,NaN,NaN
0.0074631326091199,23.8435727660621,NaN,NaN,0.00789603112280868,18.8771200873597,NaN,NaN,0.00708406384159858,25.5097108730372,NaN,NaN
0.00746725118929053,23.7818486120084,NaN,NaN,0.00789814185930426,18.9188934383015,NaN,NaN,0.00708717017648196,25.5764743535844,NaN,NaN
0.00748137612298003,23.7519447077702,NaN,NaN,0.00789632636597961,18.8702908983522,NaN,NaN,0.00708811890450121,25.5161732927163,NaN,NaN
0.00748878246586642,23.6960141566241,NaN,NaN,0.00789955867190827,18.8283401658778,NaN,NaN,0.00709472919040142,25.5596274940071,NaN,NaN
0.0074926446310363,23.7777930899732,NaN,NaN,0.00790177223283292,18.8695370268384,NaN,NaN,0.00710305649396734,25.5246412909166,NaN,NaN
0.00749461835908178,23.6772517964389,NaN,NaN,0.00790158929562655,18.8235952098791,NaN,NaN,0.00710890598412863,25.4856439307838,NaN,NaN
0.00749812451785705,23.770395104722,NaN,NaN,0.00790275289723361,18.8666545769327,NaN,NaN,0.00710924468367534,25.5446079393045,NaN,NaN
0.00750066158056783,23.6766278699719,NaN,NaN,0.00790096427427219,18.8250586075236,NaN,NaN,0.00711253172108782,25.4708026497276,NaN,NaN
0.00750423297802869,23.7637101782902,NaN,NaN,0.00790253306128753,18.8701578622027,NaN,NaN,0.00711572656469745,25.5569088209007,NaN,NaN
0.00750841197052434,23.6923597301748,NaN,NaN,0.00790323549199182,18.8281627843451,NaN,NaN,0.00711819700529685,25.4812762264489,NaN,NaN
0.00750867501366253,23.7387085534352,NaN,NaN,0.00790462722034132,18.7815557866384,NaN,NaN,0.00712228222990304,25.5452764654782,NaN,NaN
0.00751464150523244,23.7005153404216,NaN,NaN,0.00790376840972035,18.8302913627371,NaN,NaN,0.00712388902940513,25.4840840363785,NaN,NaN
0.00751846897058345,23.7634427812329,NaN,NaN,0.00790372456066013,18.7608908380833,NaN,NaN,0.00713201330930508,25.5050757582328,NaN,NaN
0.00752155323976315,23.6670015759101,NaN,NaN,0.00790490215524078,18.7166341456843,NaN,NaN,0.00714056891083265,25.5245521540934,NaN,NaN
0.00752454908542808,23.7475326563252,NaN,NaN,0.00790683160392847,18.7644828141197,NaN,NaN,0.0071536335638025,25.5610536831777,NaN,NaN
0.00752916502775861,23.6937858478135,NaN,NaN,0.00790700389963771,18.720314812487,NaN,NaN,0.00716004844193059,25.5257109327945,NaN,NaN
0.00753178207396258,23.7361682813912,NaN,NaN,0.00790753454182068,18.7617777457466,NaN,NaN,0.0071634163923592,25.5759841010571,NaN,NaN
0.00754324054850051,23.697663105144,NaN,NaN,0.0079070955931328,18.7199157040385,NaN,NaN,0.00716635458856633,25.5055214423486,NaN,NaN
0.00755135714199787,23.6762713405622,NaN,NaN,0.00790801576060089,18.6691402403142,NaN,NaN,0.00717116077331073,25.5500452855173,NaN,NaN
0.00755164278880766,23.7343856343427,NaN,NaN,0.00790986519356846,18.7129534788816,NaN,NaN,0.00717254754369591,25.5067693578729,NaN,NaN
0.00755913013562598,23.703768671285,NaN,NaN,0.00790839603811795,18.6705149471923,NaN,NaN,0.00718048947027377,25.4725853861908,NaN,NaN
0.00756834743606138,23.690309686069,NaN,NaN,0.00790789455959487,18.7263014392143,NaN,NaN,0.00719248130730608,25.4501229067543,NaN,NaN
0.00756807793328741,23.7390650828449,NaN,NaN,0.0079080749300841,18.6841289798241,NaN,NaN,0.00720246567285746,25.4111701150331,NaN,NaN
0.00757680111722025,23.7674983032682,NaN,NaN,0.00791010490990421,18.6411583035369,NaN,NaN,0.00721142251592794,25.397487612678,NaN,NaN
0.00758026576656416,23.6629014876986,NaN,NaN,0.00791101555618374,18.6861245220665,NaN,NaN,0.00722181649366954,25.3936101608705,NaN,NaN
0.00758335446242189,23.7417390534177,NaN,NaN,0.00791007443654601,18.6405818135557,NaN,NaN,0.00723053799244859,25.3493982965828,NaN,NaN
0.00758808811264819,23.6602720833021,NaN,NaN,0.00791173567991377,18.5928661812698,NaN,NaN,0.00724269350725932,25.3243954176863,NaN,NaN
0.00758877698526048,23.7073785315582,NaN,NaN,0.00791323781803547,18.637965435949,NaN,NaN,0.00725285560288124,25.295113971278,NaN,NaN
0.00759439504268085,23.6657982891524,NaN,NaN,0.00791209729855784,18.5881655706543,NaN,NaN,0.00726394677420434,25.2752364597132,NaN,NaN
0.00760015672573731,23.7031893109943,NaN,NaN,0.00791392209705469,18.6291850500822,NaN,NaN,0.00727419807098684,25.2663227773972,NaN,NaN
0.00760274088687263,23.6170874585527,NaN,NaN,0.0079121447417375,18.5863474099445,NaN,NaN,0.0072807191960939,25.2293309957855,NaN,NaN
0.00760680469122974,23.667179840615,NaN,NaN,0.00791668321257962,18.6234201502707,NaN,NaN,0.00728731300573978,25.1839603527968,NaN,NaN
0.00761217376115193,23.6155276423853,NaN,NaN,0.00791526455646276,18.5769905340966,NaN,NaN,0.00729005041882174,25.2243393336885,NaN,NaN
0.00762257240158754,23.60853075272,NaN,NaN,0.00791884137450379,18.5337981308935,NaN,NaN,0.00729029195377086,25.1781218908798,NaN,NaN
0.00763238968808014,23.601177333645,NaN,NaN,0.00791990174155106,18.5806268555162,NaN,NaN,0.00730491281816797,25.1386788466312,NaN,NaN
0.00764223227155688,23.639637943716,NaN,NaN,0.00791776345114102,18.5371683800141,NaN,NaN,0.00730821478372836,25.0998597601448,NaN,NaN
0.00764599783318409,23.5563437603757,NaN,NaN,0.0079192623963985,18.5855048476643,NaN,NaN,0.00731177302984835,25.1741107338375,NaN,NaN
0.00764791978910668,23.6321062599361,NaN,NaN,0.00791782704388067,18.5393413037892,NaN,NaN,0.00731326735046233,25.1053416747691,NaN,NaN
0.00765262302144961,23.5682429294243,NaN,NaN,0.00791974631860609,18.5799173293855,NaN,NaN,0.00731824621463167,25.1606510735403,NaN,NaN
0.00765493818750351,23.6477935539628,NaN,NaN,0.00791821927259318,18.5341528939589,NaN,NaN,0.0073257706884526,25.1184447877737,NaN,NaN
0.00765688674746792,23.5428402089835,NaN,NaN,NaN,NaN,NaN,NaN,0.00732884303261779,25.0790463119368,NaN,NaN
0.00765963843199525,23.6168646276716,NaN,NaN,NaN,NaN,NaN,NaN,0.00733215086412843,25.1520048016937,NaN,NaN
0.00766398388784557,23.5729223779266,NaN,NaN,NaN,NaN,NaN,NaN,0.00733447654646567,25.0682607563343,NaN,NaN
0.00767384284148538,23.606213311557,NaN,NaN,NaN,NaN,NaN,NaN,0.00733933608902229,25.1316370376015,NaN,NaN
0.00768422358362663,23.5983250983674,NaN,NaN,NaN,NaN,NaN,NaN,0.00734008529591475,25.0723610501997,NaN,NaN
0.00769458154062126,23.5896346940061,NaN,NaN,NaN,NaN,NaN,NaN,0.00735387005335073,25.0365726157007,NaN,NaN
0.00770553948367309,23.5870498557858,NaN,NaN,NaN,NaN,NaN,NaN,0.00735926386469594,24.9973969819217,NaN,NaN
0.00771871123128695,23.5404336354681,NaN,NaN,NaN,NaN,NaN,NaN,0.00736231504968808,25.0598373265456,NaN,NaN
0.00772827691329994,23.5827269366932,NaN,NaN,NaN,NaN,NaN,NaN,0.00736451646156959,24.9811295116948,NaN,NaN
0.007731198206749,23.4941293783838,NaN,NaN,NaN,NaN,NaN,NaN,0.00737017429223851,25.0321157745427,NaN,NaN
0.00773250673381084,23.5396760104725,NaN,NaN,NaN,NaN,NaN,NaN,0.00737718378274603,24.9792576384085,NaN,NaN
0.00774251326088502,23.51182215034,NaN,NaN,NaN,NaN,NaN,NaN,0.00738131185577893,24.9348675004745,NaN,NaN
0.00775338830892358,23.4997892827627,NaN,NaN,NaN,NaN,NaN,NaN,0.00738569602594998,24.9817980378686,NaN,NaN
0.00776470287120648,23.4980066357142,NaN,NaN,NaN,NaN,NaN,NaN,0.00739453861823706,24.9450290983148,NaN,NaN
0.00777412725002615,23.4685929594143,NaN,NaN,NaN,NaN,NaN,NaN,0.00740541959669414,24.8931960356469,NaN,NaN
0.00778517816425412,23.4570057535992,NaN,NaN,NaN,NaN,NaN,NaN,0.00741611716343587,24.8877141210225,NaN,NaN
0.00779194959513718,23.4881575107714,NaN,NaN,NaN,NaN,NaN,NaN,0.00742354005389682,24.8325829958977,NaN,NaN
0.00779435465234547,23.4004512759862,NaN,NaN,NaN,NaN,NaN,NaN,0.00742498924517588,24.8774188179475,NaN,NaN
0.00779660464020544,23.48240847404,NaN,NaN,NaN,NaN,NaN,NaN,0.00742611313713343,24.814399083973,NaN,NaN
0.0078024683184833,23.4083394891757,NaN,NaN,NaN,NaN,NaN,NaN,0.00743026678986978,24.8680148831041,NaN,NaN
0.00780322713515842,23.4602590844627,NaN,NaN,NaN,NaN,NaN,NaN,0.0074299457065895,24.8222431244111,NaN,NaN
0.00781350641858362,23.4822302093352,NaN,NaN,NaN,NaN,NaN,NaN,0.00744113518252229,24.831914469724,NaN,NaN
0.00781560922477207,23.4049078936074,NaN,NaN,NaN,NaN,NaN,NaN,0.00744691469733101,24.8955135930491,NaN,NaN
0.00781884367139421,23.4835226284453,NaN,NaN,NaN,NaN,NaN,NaN,0.00745646118375418,24.8913241623605,NaN,NaN
0.0078211340690496,23.3869477245939,NaN,NaN,NaN,NaN,NaN,NaN,0.00746473853112846,24.9327282167186,NaN,NaN
0.00782390108746182,23.4692168858813,NaN,NaN,NaN,NaN,NaN,NaN,0.00747157878419905,24.9042490017188,NaN,NaN
0.00782778069580547,23.3826248055014,NaN,NaN,NaN,NaN,NaN,NaN,0.0074719558116075,24.9512241075245,NaN,NaN
0.00784082942522958,23.3893988642856,NaN,NaN,NaN,NaN,NaN,NaN,0.00747613259901735,24.9102211688706,NaN,NaN
0.00784264909644576,23.2989740927515,NaN,NaN,NaN,NaN,NaN,NaN,0.00748524008648394,24.9863885842613,NaN,NaN
0.00784658621351407,23.3781681878802,NaN,NaN,NaN,NaN,NaN,NaN,0.00748750693296933,24.931524869606,NaN,NaN
0.00785016008321386,23.266708181174,NaN,NaN,NaN,NaN,NaN,NaN,0.00748946406123203,25.0109457790421,NaN,NaN
0.00785383587467001,23.3433620042586,NaN,NaN,NaN,NaN,NaN,NaN,0.00749210895315167,24.9616085474227,NaN,NaN
0.00785800704503417,23.2526698356672,NaN,NaN,NaN,NaN,NaN,NaN,0.00749374300244991,25.0180767248949,NaN,NaN
0.00785924312411539,23.2971023133506,NaN,NaN,NaN,NaN,NaN,NaN,0.00750212877590879,25.0567621061466,NaN,NaN
0.00786452667412315,23.2470099312883,NaN,NaN,NaN,NaN,NaN,NaN,0.00751008624145006,25.0326951638932,NaN,NaN
0.00787019226924921,23.2849357472447,NaN,NaN,NaN,NaN,NaN,NaN,0.00752037971529263,25.0303776064911,NaN,NaN
0.00787342051909535,23.1968284168736,NaN,NaN,NaN,NaN,NaN,NaN,0.00752499597030454,24.9483717291833,NaN,NaN
0.00787720583336574,23.2483469165746,NaN,NaN,NaN,NaN,NaN,NaN,0.0075275525579871,25.0174527671328,NaN,NaN
0.00788634029927955,23.2217854755523,NaN,NaN,NaN,NaN,NaN,NaN,0.00753295858829397,24.9190457143635,NaN,NaN
0.00789861274509561,23.1988784609793,NaN,NaN,NaN,NaN,NaN,NaN,0.00753409081053142,24.9843384373286,NaN,NaN
0.00790523445365683,23.2242366152439,NaN,NaN,NaN,NaN,NaN,NaN,0.00753973236855116,24.938210131343,NaN,NaN
NaN,NaN,NaN,NaN,NaN,NaN,NaN,NaN,0.0075486071384097,24.9061208750052,NaN,NaN
NaN,NaN,NaN,NaN,NaN,NaN,NaN,NaN,0.00755613863837668,24.8700204616252,NaN,NaN
NaN,NaN,NaN,NaN,NaN,NaN,NaN,NaN,0.00755934073192124,24.9239036712257,NaN,NaN
NaN,NaN,NaN,NaN,NaN,NaN,NaN,NaN,0.00756217714116324,24.8488058977129,NaN,NaN
NaN,NaN,NaN,NaN,NaN,NaN,NaN,NaN,0.00756536239249457,24.9164161780803,NaN,NaN
NaN,NaN,NaN,NaN,NaN,NaN,NaN,NaN,0.00756868973326925,24.8378420684642,NaN,NaN
NaN,NaN,NaN,NaN,NaN,NaN,NaN,NaN,0.00757142881644392,24.8978757188629,NaN,NaN
NaN,NaN,NaN,NaN,NaN,NaN,NaN,NaN,0.00757478951605359,24.8343211639494,NaN,NaN
NaN,NaN,NaN,NaN,NaN,NaN,NaN,NaN,0.0075753904217773,24.8819647959287,NaN,NaN
NaN,NaN,NaN,NaN,NaN,NaN,NaN,NaN,0.00757911411668701,24.8231344926427,NaN,NaN
NaN,NaN,NaN,NaN,NaN,NaN,NaN,NaN,0.0075917167974965,24.7942987303502,NaN,NaN
NaN,NaN,NaN,NaN,NaN,NaN,NaN,NaN,0.00759887707457013,24.7670674308747,NaN,NaN
NaN,NaN,NaN,NaN,NaN,NaN,NaN,NaN,0.00760767687898164,24.7485715400689,NaN,NaN
NaN,NaN,NaN,NaN,NaN,NaN,NaN,NaN,0.00760915771775155,24.7027997813759,NaN,NaN
NaN,NaN,NaN,NaN,NaN,NaN,NaN,NaN,0.00761397380018198,24.7533849285195,NaN,NaN
NaN,NaN,NaN,NaN,NaN,NaN,NaN,NaN,0.00761688130548894,24.6761478712509,NaN,NaN
NaN,NaN,NaN,NaN,NaN,NaN,NaN,NaN,0.00761924747549382,24.7554350754522,NaN,NaN
NaN,NaN,NaN,NaN,NaN,NaN,NaN,NaN,0.00762328934089241,24.6564486333324,NaN,NaN
NaN,NaN,NaN,NaN,NaN,NaN,NaN,NaN,0.00762500961800869,24.7374740055854,NaN,NaN
NaN,NaN,NaN,NaN,NaN,NaN,NaN,NaN,0.00763056851218472,24.6677690098738,NaN,NaN
NaN,NaN,NaN,NaN,NaN,NaN,NaN,NaN,0.00763091761843037,24.7120700109846,NaN,NaN
NaN,NaN,NaN,NaN,NaN,NaN,NaN,NaN,0.00764381806354118,24.6558246755703,NaN,NaN
NaN,NaN,NaN,NaN,NaN,NaN,NaN,NaN,0.00765519557444087,24.6646492210632,NaN,NaN
NaN,NaN,NaN,NaN,NaN,NaN,NaN,NaN,0.00766682751150199,24.5990890876285,NaN,NaN
NaN,NaN,NaN,NaN,NaN,NaN,NaN,NaN,0.00767810095452833,24.608493022472,NaN,NaN
NaN,NaN,NaN,NaN,NaN,NaN,NaN,NaN,0.00768929957427766,24.5672672417602,NaN,NaN
NaN,NaN,NaN,NaN,NaN,NaN,NaN,NaN,0.00769855807209924,24.6307326598506,NaN,NaN
NaN,NaN,NaN,NaN,NaN,NaN,NaN,NaN,0.0077013557664529,24.5541641287556,NaN,NaN
NaN,NaN,NaN,NaN,NaN,NaN,NaN,NaN,0.00770359807321237,24.6219081143577,NaN,NaN
NaN,NaN,NaN,NaN,NaN,NaN,NaN,NaN,0.0077067210256361,24.5672226733486,NaN,NaN
NaN,NaN,NaN,NaN,NaN,NaN,NaN,NaN,0.00771715451250297,24.5616961903127,NaN,NaN
NaN,NaN,NaN,NaN,NaN,NaN,NaN,NaN,0.0077256459826765,24.5334843857824,NaN,NaN
NaN,NaN,NaN,NaN,NaN,NaN,NaN,NaN,0.00773668874503039,24.4977850881065,NaN,NaN
NaN,NaN,NaN,NaN,NaN,NaN,NaN,NaN,0.00775104917514581,24.4851722276293,NaN,NaN
NaN,NaN,NaN,NaN,NaN,NaN,NaN,NaN,0.00775935440243145,24.4432779207438,NaN,NaN
NaN,NaN,NaN,NaN,NaN,NaN,NaN,NaN,0.00776314129228828,24.4994786877466,NaN,NaN
NaN,NaN,NaN,NaN,NaN,NaN,NaN,NaN,0.00776596195896171,24.422553609359,NaN,NaN
NaN,NaN,NaN,NaN,NaN,NaN,NaN,NaN,0.00776789067723243,24.48998561608,NaN,NaN
NaN,NaN,NaN,NaN,NaN,NaN,NaN,NaN,0.00777308698331875,24.398976919633,NaN,NaN
NaN,NaN,NaN,NaN,NaN,NaN,NaN,NaN,0.00777383344154153,24.4516122137093,NaN,NaN
NaN,NaN,NaN,NaN,NaN,NaN,NaN,NaN,0.00777991473220364,24.4121246010492,NaN,NaN
NaN,NaN,NaN,NaN,NaN,NaN,NaN,NaN,0.00778971888317111,24.3770046927239,NaN,NaN
NaN,NaN,NaN,NaN,NaN,NaN,NaN,NaN,0.00779982462745453,24.3630993483109,NaN,NaN
NaN,NaN,NaN,NaN,NaN,NaN,NaN,NaN,0.00780601988367603,24.3290936502751,NaN,NaN
NaN,NaN,NaN,NaN,NaN,NaN,NaN,NaN,0.00781725365433937,24.2883581220907,NaN,NaN
NaN,NaN,NaN,NaN,NaN,NaN,NaN,NaN,0.00782758539460853,24.2181183054402,NaN,NaN
NaN,NaN,NaN,NaN,NaN,NaN,NaN,NaN,0.00782944827106505,24.2782856610736,NaN,NaN
NaN,NaN,NaN,NaN,NaN,NaN,NaN,NaN,0.00783446126723861,24.2294832503932,NaN,NaN
NaN,NaN,NaN,NaN,NaN,NaN,NaN,NaN,0.00784430745309614,24.265182548069,NaN,NaN
NaN,NaN,NaN,NaN,NaN,NaN,NaN,NaN,0.00784871237522992,24.2268537141099,NaN,NaN
NaN,NaN,NaN,NaN,NaN,NaN,NaN,NaN,0.0078583204268749,24.257962465393,NaN,NaN
NaN,NaN,NaN,NaN,NaN,NaN,NaN,NaN,0.0078680901193627,24.2233773780067,NaN,NaN
NaN,NaN,NaN,NaN,NaN,NaN,NaN,NaN,0.00787823830574651,24.2637117904868,NaN,NaN
NaN,NaN,NaN,NaN,NaN,NaN,NaN,NaN,0.00788059586024747,24.1970820151743,NaN,NaN
NaN,NaN,NaN,NaN,NaN,NaN,NaN,NaN,0.00788426293966238,24.2520348666528,NaN,NaN
NaN,NaN,NaN,NaN,NaN,NaN,NaN,NaN,0.00788670287278304,24.191377258492,NaN,NaN
NaN,NaN,NaN,NaN,NaN,NaN,NaN,NaN,0.00789775671408651,24.1720791362777,NaN,NaN
NaN,NaN,NaN,NaN,NaN,NaN,NaN,NaN,0.00790531623701887,24.1345079653155,NaN,NaN
NaN,NaN,NaN,NaN,NaN,NaN,NaN,NaN,0.00791481185014318,24.0979618678197,NaN,NaN
NaN,NaN,NaN,NaN,NaN,NaN,NaN,NaN,0.00792193133502544,24.066184590363,NaN,NaN
NaN,NaN,NaN,NaN,NaN,NaN,NaN,NaN,0.00793491739713879,24.0593656233912,NaN,NaN
NaN,NaN,NaN,NaN,NaN,NaN,NaN,NaN,0.00793579759522531,24.0135938646982,NaN,NaN
NaN,NaN,NaN,NaN,NaN,NaN,NaN,NaN,0.00794014017896806,24.0590982129217,NaN,NaN
NaN,NaN,NaN,NaN,NaN,NaN,NaN,NaN,0.00794242584316714,23.9977275101756,NaN,NaN
NaN,NaN,NaN,NaN,NaN,NaN,NaN,NaN,0.00794672842895543,24.0355660916073,NaN,NaN
NaN,NaN,NaN,NaN,NaN,NaN,NaN,NaN,0.00795152388052544,23.9911759536733,NaN,NaN
NaN,NaN,NaN,NaN,NaN,NaN,NaN,NaN,0.00796193339723045,23.9974155312946,NaN,NaN
NaN,NaN,NaN,NaN,NaN,NaN,NaN,NaN,0.007968463239644,24.1021958669198,NaN,NaN
NaN,NaN,NaN,NaN,NaN,NaN,NaN,NaN,0.00797406946332829,24.0338279235557,NaN,NaN
NaN,NaN,NaN,NaN,NaN,NaN,NaN,NaN,0.00797575063852962,24.0999228779292,NaN,NaN
NaN,NaN,NaN,NaN,NaN,NaN,NaN,NaN,0.00798258376365158,24.0694826528199,NaN,NaN
NaN,NaN,NaN,NaN,NaN,NaN,NaN,NaN,0.00798763759326794,24.111198686059,NaN,NaN
NaN,NaN,NaN,NaN,NaN,NaN,NaN,NaN,0.00799534405356808,24.0806693241265,NaN,NaN
NaN,NaN,NaN,NaN,NaN,NaN,NaN,NaN,0.00799561898860364,24.1354439019587,NaN,NaN
NaN,NaN,NaN,NaN,NaN,NaN,NaN,NaN,0.00800262432450506,24.0764353250264,NaN,NaN
NaN,NaN,NaN,NaN,NaN,NaN,NaN,NaN,0.00800532744146108,24.0230869363648,NaN,NaN
NaN,NaN,NaN,NaN,NaN,NaN,NaN,NaN,0.00800656627752038,24.1302293978038,NaN,NaN
NaN,NaN,NaN,NaN,NaN,NaN,NaN,NaN,0.00801257728653818,24.0597221706838,NaN,NaN
NaN,NaN,NaN,NaN,NaN,NaN,NaN,NaN,0.00801714588645038,24.0188529372647,NaN,NaN
NaN,NaN,NaN,NaN,NaN,NaN,NaN,NaN,0.00803045213492051,23.9190196953248,NaN,NaN
NaN,NaN,NaN,NaN,NaN,NaN,NaN,NaN,0.00804477256708148,23.8987410680558,NaN,NaN
NaN,NaN,NaN,NaN,NaN,NaN,NaN,NaN,0.00804589061415651,23.8399553331814,NaN,NaN
NaN,NaN,NaN,NaN,NaN,NaN,NaN,NaN,0.00805475002847309,23.819498432266,NaN,NaN
NaN,NaN,NaN,NaN,NaN,NaN,NaN,NaN,0.00806404561145772,23.8047017196214,NaN,NaN
NaN,NaN,NaN,NaN,NaN,NaN,NaN,NaN,0.00807233222463483,23.7610246762727,NaN,NaN
NaN,NaN,NaN,NaN,NaN,NaN,NaN,NaN,0.00807893931251962,23.7009464574624,NaN,NaN
NaN,NaN,NaN,NaN,NaN,NaN,NaN,NaN,0.00808526478588196,23.653525667541,NaN,NaN
NaN,NaN,NaN,NaN,NaN,NaN,NaN,NaN,0.00808840519221841,23.7062946668521,NaN,NaN
NaN,NaN,NaN,NaN,NaN,NaN,NaN,NaN,0.00809129487765376,23.6241550843096,NaN,NaN
NaN,NaN,NaN,NaN,NaN,NaN,NaN,NaN,0.00809636345199659,23.6791079357881,NaN,NaN
NaN,NaN,NaN,NaN,NaN,NaN,NaN,NaN,0.00809806829106806,23.5998207315867,NaN,NaN
NaN,NaN,NaN,NaN,NaN,NaN,NaN,NaN,0.0081048834541484,23.6287010622908,NaN,NaN
NaN,NaN,NaN,NaN,NaN,NaN,NaN,NaN,0.00810472020376402,23.5846229032379,NaN,NaN
NaN,NaN,NaN,NaN,NaN,NaN,NaN,NaN,0.0081181321700165,23.5339040508595,NaN,NaN
NaN,NaN,NaN,NaN,NaN,NaN,NaN,NaN,0.00812737119805748,23.542773164764,NaN,NaN
NaN,NaN,NaN,NaN,NaN,NaN,NaN,NaN,0.00813173948260596,23.5060487936218,NaN,NaN
NaN,NaN,NaN,NaN,NaN,NaN,NaN,NaN,0.00813825853040998,23.4659817916111,NaN,NaN
NaN,NaN,NaN,NaN,NaN,NaN,NaN,NaN,0.008145198900353,23.4224830219087,NaN,NaN
NaN,NaN,NaN,NaN,NaN,NaN,NaN,NaN,0.00815209554601351,23.4646001708521,NaN,NaN
NaN,NaN,NaN,NaN,NaN,NaN,NaN,NaN,0.00816202755159475,23.3953854276679,NaN,NaN
NaN,NaN,NaN,NaN,NaN,NaN,NaN,NaN,0.00816734126522847,23.3450231225822,NaN,NaN
NaN,NaN,NaN,NaN,NaN,NaN,NaN,NaN,0.00817543192125312,23.3033516577546,NaN,NaN
NaN,NaN,NaN,NaN,NaN,NaN,NaN,NaN,0.00818343447576186,23.2257580531933,NaN,NaN
NaN,NaN,NaN,NaN,NaN,NaN,NaN,NaN,0.00819041231877853,23.2635074978018,NaN,NaN
NaN,NaN,NaN,NaN,NaN,NaN,NaN,NaN,0.00819225014472823,23.1749054955802,NaN,NaN
NaN,NaN,NaN,NaN,NaN,NaN,NaN,NaN,0.00819862535137732,23.2354739669178,NaN,NaN
NaN,NaN,NaN,NaN,NaN,NaN,NaN,NaN,0.00819562108868311,23.1909501237491,NaN,NaN
NaN,NaN,NaN,NaN,NaN,NaN,NaN,NaN,0.00820366125843551,23.1303816524115,NaN,NaN
NaN,NaN,NaN,NaN,NaN,NaN,NaN,NaN,0.00820936531896801,23.1982593432483,NaN,NaN
NaN,NaN,NaN,NaN,NaN,NaN,NaN,NaN,0.0082065412708577,23.1499026166836,NaN,NaN
NaN,NaN,NaN,NaN,NaN,NaN,NaN,NaN,0.00821359452689915,23.0974010278421,NaN,NaN
NaN,NaN,NaN,NaN,NaN,NaN,NaN,NaN,0.00821872914666135,23.1513288058542,NaN,NaN
NaN,NaN,NaN,NaN,NaN,NaN,NaN,NaN,0.00822257485130231,23.0626376668094,NaN,NaN
NaN,NaN,NaN,NaN,NaN,NaN,NaN,NaN,0.00823014398669668,23.0135232772479,NaN,NaN
NaN,NaN,NaN,NaN,NaN,NaN,NaN,NaN,0.00823372671199144,23.0552838788987,NaN,NaN
NaN,NaN,NaN,NaN,NaN,NaN,NaN,NaN,0.00824095663882619,22.9679297922013,NaN,NaN
NaN,NaN,NaN,NaN,NaN,NaN,NaN,NaN,0.00824507514064851,23.021055338805,NaN,NaN
NaN,NaN,NaN,NaN,NaN,NaN,NaN,NaN,0.00824370555825174,22.9780913900416,NaN,NaN
NaN,NaN,NaN,NaN,NaN,NaN,NaN,NaN,0.00825345128057768,22.9552723633125,NaN,NaN
NaN,NaN,NaN,NaN,NaN,NaN,NaN,NaN,0.00825731836994856,23.0185149393449,NaN,NaN
NaN,NaN,NaN,NaN,NaN,NaN,NaN,NaN,0.00825855455737277,22.9413224504879,NaN,NaN
NaN,NaN,NaN,NaN,NaN,NaN,NaN,NaN,0.00826909209192927,22.9652556875065,NaN,NaN
NaN,NaN,NaN,NaN,NaN,NaN,NaN,NaN,0.00828108629148866,22.9634729510433,NaN,NaN
NaN,NaN,NaN,NaN,NaN,NaN,NaN,NaN,0.00828841511356486,22.9108376569669,NaN,NaN
NaN,NaN,NaN,NaN,NaN,NaN,NaN,NaN,0.00829080790059871,22.8705923813099,NaN,NaN
NaN,NaN,NaN,NaN,NaN,NaN,NaN,NaN,0.0082944141686613,22.9472054808165,NaN,NaN
NaN,NaN,NaN,NaN,NaN,NaN,NaN,NaN,0.00829621723072359,22.8715728863647,NaN,NaN
NaN,NaN,NaN,NaN,NaN,NaN,NaN,NaN,0.00830211735021114,22.9333001364034,NaN,NaN
NaN,NaN,NaN,NaN,NaN,NaN,NaN,NaN,0.00831015890483224,22.8747818119985,NaN,NaN
NaN,NaN,NaN,NaN,NaN,NaN,NaN,NaN,0.00831007589521335,22.9237179279136,NaN,NaN
NaN,NaN,NaN,NaN,NaN,NaN,NaN,NaN,0.00831269614472049,22.85508257408,NaN,NaN
NaN,NaN,NaN,NaN,NaN,NaN,NaN,NaN,0.00831950346723412,22.9110159306133,NaN,NaN
NaN,NaN,NaN,NaN,NaN,NaN,NaN,NaN,0.00832479815954899,22.8754503381722,NaN,NaN
NaN,NaN,NaN,NaN,NaN,NaN,NaN,NaN,0.00833562160540404,22.8286535060129,NaN,NaN
NaN,NaN,NaN,NaN,NaN,NaN,NaN,NaN,0.00834560863889023,22.797945870434,NaN,NaN
NaN,NaN,NaN,NaN,NaN,NaN,NaN,NaN,0.00834730606567302,22.8451438182976,NaN,NaN
NaN,NaN,NaN,NaN,NaN,NaN,NaN,NaN,0.00834720798485221,22.7772661274608,NaN,NaN
NaN,NaN,NaN,NaN,NaN,NaN,NaN,NaN,0.00835749502318049,22.7740126334154,NaN,NaN
NaN,NaN,NaN,NaN,NaN,NaN,NaN,NaN,0.00837061276892226,22.7817229686188,NaN,NaN
NaN,NaN,NaN,NaN,NaN,NaN,NaN,NaN,0.00837681716984428,22.842870829307,NaN,NaN
NaN,NaN,NaN,NaN,NaN,NaN,NaN,NaN,0.00837706446805708,22.7665251402699,NaN,NaN
NaN,NaN,NaN,NaN,NaN,NaN,NaN,NaN,0.00838134890838231,22.8419348926638,NaN,NaN
NaN,NaN,NaN,NaN,NaN,NaN,NaN,NaN,0.00838108605013841,22.7921519769286,NaN,NaN
NaN,NaN,NaN,NaN,NaN,NaN,NaN,NaN,0.00838686914910516,22.8266924959033,NaN,NaN
NaN,NaN,NaN,NaN,NaN,NaN,NaN,NaN,0.00838910681242936,22.878971242687,NaN,NaN
NaN,NaN,NaN,NaN,NaN,NaN,NaN,NaN,0.00840068981132465,22.8483527439314,NaN,NaN
NaN,NaN,NaN,NaN,NaN,NaN,NaN,NaN,0.00840287153052067,22.8994281436024,NaN,NaN
NaN,NaN,NaN,NaN,NaN,NaN,NaN,NaN,0.00840812424938062,22.8489767016935,NaN,NaN
NaN,NaN,NaN,NaN,NaN,NaN,NaN,NaN,0.0084125170341716,22.8957735338528,NaN,NaN
NaN,NaN,NaN,NaN,NaN,NaN,NaN,NaN,0.0084168601874784,22.8304362424761,NaN,NaN
NaN,NaN,NaN,NaN,NaN,NaN,NaN,NaN,0.00842170775504595,22.8846759993693,NaN,NaN
NaN,NaN,NaN,NaN,NaN,NaN,NaN,NaN,0.00842417224896024,22.8174222662946,NaN,NaN
NaN,NaN,NaN,NaN,NaN,NaN,NaN,NaN,0.00842942926548029,22.8549488688453,NaN,NaN
NaN,NaN,NaN,NaN,NaN,NaN,NaN,NaN,0.00843085228642415,22.7966088180866,NaN,NaN
NaN,NaN,NaN,NaN,NaN,NaN,NaN,NaN,0.00843593839541456,22.8388596722648,NaN,NaN
NaN,NaN,NaN,NaN,NaN,NaN,NaN,NaN,0.00843620944000035,22.7890767565296,NaN,NaN
NaN,NaN,NaN,NaN,NaN,NaN,NaN,NaN,0.00844587445379931,22.7799402321556,NaN,NaN
NaN,NaN,NaN,NaN,NaN,NaN,NaN,NaN,0.008458109028112,22.8376117567405,NaN,NaN
NaN,NaN,NaN,NaN,NaN,NaN,NaN,NaN,0.00845994070377143,22.7656783404499,NaN,NaN
NaN,NaN,NaN,NaN,NaN,NaN,NaN,NaN,0.00846236964044538,22.8605644887044,NaN,NaN
NaN,NaN,NaN,NaN,NaN,NaN,NaN,NaN,0.00846519853471213,22.7700460447848,NaN,NaN
NaN,NaN,NaN,NaN,NaN,NaN,NaN,NaN,0.00846678987775368,22.8706815181331,NaN,NaN
NaN,NaN,NaN,NaN,NaN,NaN,NaN,NaN,0.00847109284968459,22.7759290751134,NaN,NaN
NaN,NaN,NaN,NaN,NaN,NaN,NaN,NaN,0.00847208911170124,22.8547260267873,NaN,NaN
NaN,NaN,NaN,NaN,NaN,NaN,NaN,NaN,0.00847682764148471,22.7905029457001,NaN,NaN
NaN,NaN,NaN,NaN,NaN,NaN,NaN,NaN,0.00848089050458661,22.8299905583603,NaN,NaN
NaN,NaN,NaN,NaN,NaN,NaN,NaN,NaN,0.00848238441799027,22.7778009483998,NaN,NaN
NaN,NaN,NaN,NaN,NaN,NaN,NaN,NaN,0.00848602088812386,22.8518736484462,NaN,NaN
NaN,NaN,NaN,NaN,NaN,NaN,NaN,NaN,0.00848926397658096,22.7559624267254,NaN,NaN
NaN,NaN,NaN,NaN,NaN,NaN,NaN,NaN,0.00849140150284902,22.8532998376168,NaN,NaN
NaN,NaN,NaN,NaN,NaN,NaN,NaN,NaN,0.00849555307739832,22.7577897316002,NaN,NaN
NaN,NaN,NaN,NaN,NaN,NaN,NaN,NaN,0.00849673350499981,22.8471939652303,NaN,NaN
NaN,NaN,NaN,NaN,NaN,NaN,NaN,NaN,0.00850231665456174,22.7833274314357,NaN,NaN
NaN,NaN,NaN,NaN,NaN,NaN,NaN,NaN,0.00850236632641334,22.8353833361615,NaN,NaN
NaN,NaN,NaN,NaN,NaN,NaN,NaN,NaN,0.00850828829750828,22.7962968392056,NaN,NaN
NaN,NaN,NaN,NaN,NaN,NaN,NaN,NaN,0.00851254255594624,22.8442078816544,NaN,NaN
NaN,NaN,NaN,NaN,NaN,NaN,NaN,NaN,0.00851442007444265,22.7757062330555,NaN,NaN
NaN,NaN,NaN,NaN,NaN,NaN,NaN,NaN,0.00851738896243397,22.8580686576559,NaN,NaN
NaN,NaN,NaN,NaN,NaN,NaN,NaN,NaN,0.00852020180872442,22.7781574956924,NaN,NaN
NaN,NaN,NaN,NaN,NaN,NaN,NaN,NaN,0.0085223712273399,22.8625700672255,NaN,NaN
NaN,NaN,NaN,NaN,NaN,NaN,NaN,NaN,0.00852476264968877,22.7902355352307,NaN,NaN
NaN,NaN,NaN,NaN,NaN,NaN,NaN,NaN,0.00852405700472509,22.858157794479,NaN,NaN
NaN,NaN,NaN,NaN,NaN,NaN,NaN,NaN,0.00852811459250852,22.7910377666391,NaN,NaN
NaN,NaN,NaN,NaN,NaN,NaN,NaN,NaN,0.00852734479600706,22.8413109349017,NaN,NaN
NaN,NaN,NaN,NaN,NaN,NaN,NaN,NaN,0.00853353371851685,22.8022244379458,NaN,NaN
NaN,NaN,NaN,NaN,NaN,NaN,NaN,NaN,0.00854334791022436,22.8549934372568,NaN,NaN
NaN,NaN,NaN,NaN,NaN,NaN,NaN,NaN,0.0085462756181137,22.7732995388301,NaN,NaN
NaN,NaN,NaN,NaN,NaN,NaN,NaN,NaN,0.00854922430352263,22.8601188045886,NaN,NaN
NaN,NaN,NaN,NaN,NaN,NaN,NaN,NaN,0.0085537246174747,22.7654109299804,NaN,NaN
